mtllib Materials.mtl
# Ultimate Food Pack - Burger
o Burger
v -0.227397 0.442523 0.664946
v -0.131780 0.545077 0.361605
v -0.540800 0.445845 0.373851
v -0.131780 0.545077 0.361605
v -0.411762 0.567393 -0.012846
v -0.012579 0.645209 -0.013079
v 0.574527 0.474714 -0.440502
v 0.307883 0.559306 -0.246628
v 0.681659 0.508834 -0.016037
v -0.224061 0.438279 -0.674693
v -0.138915 0.607489 -0.401450
v 0.193707 0.469616 -0.642263
v -0.411762 0.567393 -0.012846
v -0.012579 0.645209 -0.013079
v -0.138915 0.607489 -0.401450
v -0.542671 0.453139 -0.401135
v -0.138915 0.607489 -0.401450
v -0.224061 0.438279 -0.674693
v -0.138915 0.607489 -0.401450
v -0.012579 0.645209 -0.013079
v 0.307883 0.559306 -0.246628
v -0.138915 0.607489 -0.401450
v 0.307883 0.559306 -0.246628
v 0.193707 0.469616 -0.642263
v 0.193707 0.469616 -0.642263
v 0.307883 0.559306 -0.246628
v 0.574527 0.474714 -0.440502
v 0.307883 0.559306 -0.246628
v -0.012579 0.645209 -0.013079
v 0.309003 0.554939 0.217265
v 0.307883 0.559306 -0.246628
v 0.309003 0.554939 0.217265
v 0.681659 0.508834 -0.016037
v 0.309003 0.554939 0.217265
v -0.012579 0.645209 -0.013079
v -0.131780 0.545077 0.361605
v 0.309003 0.554939 0.217265
v -0.131780 0.545077 0.361605
v 0.202233 0.479229 0.629932
v 0.202233 0.479229 0.629932
v -0.131780 0.545077 0.361605
v -0.227397 0.442523 0.664946
v -0.540800 0.445845 0.373851
v -0.411762 0.567393 -0.012846
v -0.720052 0.437442 -0.013325
v -0.714777 0.323127 -0.244340
v -0.720052 0.437442 -0.013325
v -0.542671 0.453139 -0.401135
v -0.714777 0.323127 -0.244340
v -0.542671 0.453139 -0.401135
v -0.445439 0.331843 -0.616945
v -0.445439 0.331843 -0.616945
v -0.542671 0.453139 -0.401135
v -0.224061 0.438279 -0.674693
v -0.008262 0.365534 -0.840429
v -0.224061 0.438279 -0.674693
v 0.193707 0.469616 -0.642263
v 0.709573 0.353465 -0.250442
v 0.574527 0.474714 -0.440502
v 0.681659 0.508834 -0.016037
v 0.709573 0.353465 -0.250442
v 0.681659 0.508834 -0.016037
v 0.701303 0.346106 0.212310
v 0.701303 0.346106 0.212310
v 0.681659 0.508834 -0.016037
v 0.553691 0.442421 0.391117
v 0.449620 0.346279 0.610018
v 0.553691 0.442421 0.391117
v 0.202233 0.479229 0.629932
v 0.449620 0.346279 0.610018
v 0.202233 0.479229 0.629932
v -0.004858 0.330415 0.738094
v -0.004858 0.330415 0.738094
v 0.202233 0.479229 0.629932
v -0.227397 0.442523 0.664946
v -0.482015 0.338202 0.639877
v -0.227397 0.442523 0.664946
v -0.540800 0.445845 0.373851
v -0.482015 0.338202 0.639877
v -0.540800 0.445845 0.373851
v -0.724929 0.321963 0.219309
v -0.724929 0.321963 0.219309
v -0.540800 0.445845 0.373851
v -0.720052 0.437442 -0.013325
v -0.445439 0.331843 -0.616945
v -0.224061 0.438279 -0.674693
v -0.008262 0.365534 -0.840429
v 0.701303 0.346106 0.212310
v 0.553691 0.442421 0.391117
v 0.449620 0.346279 0.610018
v -0.004858 0.330415 0.738094
v -0.227397 0.442523 0.664946
v -0.482015 0.338202 0.639877
v -0.724929 0.321963 0.219309
v -0.720052 0.437442 -0.013325
v -0.714777 0.323127 -0.244340
v 0.206132 -0.262166 0.643794
v 0.115255 -0.390449 0.362450
v 0.525289 -0.286520 0.372029
v -0.579486 -0.273083 0.399664
v -0.326809 -0.377730 0.216476
v -0.211807 -0.286520 0.611524
v -0.600458 -0.294693 -0.445860
v -0.327859 -0.383750 -0.248203
v -0.667351 -0.286520 -0.015482
v 0.218009 -0.294458 -0.711343
v 0.115460 -0.393520 -0.394044
v -0.211807 -0.286520 -0.642487
v 0.685128 -0.262165 -0.015482
v 0.387094 -0.377730 -0.015482
v 0.527263 -0.289293 -0.404427
v 0.387094 -0.377730 -0.015482
v -0.007543 -0.420013 -0.015482
v 0.115460 -0.393520 -0.394044
v 0.387094 -0.377730 -0.015482
v 0.115460 -0.393520 -0.394044
v 0.527263 -0.289293 -0.404427
v 0.527263 -0.289293 -0.404427
v 0.115460 -0.393520 -0.394044
v 0.218009 -0.294458 -0.711343
v 0.115460 -0.393520 -0.394044
v -0.007543 -0.420013 -0.015482
v -0.327859 -0.383750 -0.248203
v -0.327859 -0.383750 -0.248203
v -0.007543 -0.420013 -0.015482
v -0.326809 -0.377730 0.216476
v -0.327859 -0.383750 -0.248203
v -0.326809 -0.377730 0.216476
v -0.667351 -0.286520 -0.015482
v -0.667351 -0.286520 -0.015482
v -0.326809 -0.377730 0.216476
v -0.579486 -0.273083 0.399664
v -0.326809 -0.377730 0.216476
v -0.007543 -0.420013 -0.015482
v 0.115255 -0.390449 0.362450
v -0.326809 -0.377730 0.216476
v 0.115255 -0.390449 0.362450
v -0.211807 -0.286520 0.611524
v -0.211807 -0.286520 0.611524
v 0.115255 -0.390449 0.362450
v 0.206132 -0.262166 0.643794
v 0.115255 -0.390449 0.362450
v -0.007543 -0.420013 -0.015482
v 0.387094 -0.377730 -0.015482
v 0.115255 -0.390449 0.362450
v 0.387094 -0.377730 -0.015482
v 0.525289 -0.286520 0.372029
v 0.525289 -0.286520 0.372029
v 0.387094 -0.377730 -0.015482
v 0.685128 -0.262165 -0.015482
v 0.718409 -0.166881 -0.251535
v 0.685128 -0.262165 -0.015482
v 0.527263 -0.289293 -0.404427
v 0.718409 -0.166881 -0.251535
v 0.527263 -0.289293 -0.404427
v 0.429934 -0.161337 -0.617417
v 0.429934 -0.161337 -0.617417
v 0.527263 -0.289293 -0.404427
v 0.218009 -0.294458 -0.711343
v -0.007831 -0.172329 -0.797812
v 0.218009 -0.294458 -0.711343
v -0.211807 -0.286520 -0.642487
v -0.007831 -0.172329 -0.797812
v -0.211807 -0.286520 -0.642487
v -0.444730 -0.161337 -0.617417
v -0.444730 -0.161337 -0.617417
v -0.211807 -0.286520 -0.642487
v -0.600458 -0.294693 -0.445860
v -0.715016 -0.161337 -0.245397
v -0.600458 -0.294693 -0.445860
v -0.667351 -0.286520 -0.015482
v -0.715016 -0.161337 -0.245397
v -0.667351 -0.286520 -0.015482
v -0.715016 -0.161337 0.214434
v -0.715016 -0.161337 0.214434
v -0.667351 -0.286520 -0.015482
v -0.579486 -0.273083 0.399664
v -0.444730 -0.161337 0.586453
v -0.579486 -0.273083 0.399664
v -0.211807 -0.286520 0.611524
v -0.444730 -0.161337 0.586453
v -0.211807 -0.286520 0.611524
v -0.007466 -0.163076 0.734607
v -0.007466 -0.163076 0.734607
v -0.211807 -0.286520 0.611524
v 0.206132 -0.262166 0.643794
v 0.452105 -0.172039 0.616245
v 0.206132 -0.262166 0.643794
v 0.525289 -0.286520 0.372029
v 0.452105 -0.172039 0.616245
v 0.525289 -0.286520 0.372029
v 0.722379 -0.168091 0.221911
v 0.722379 -0.168091 0.221911
v 0.525289 -0.286520 0.372029
v 0.685128 -0.262165 -0.015482
v 0.429934 -0.161337 -0.617417
v 0.218009 -0.294458 -0.711343
v -0.007831 -0.172329 -0.797812
v -0.444730 -0.161337 -0.617417
v -0.600458 -0.294693 -0.445860
v -0.715016 -0.161337 -0.245397
v -0.007466 -0.163076 0.734607
v 0.206132 -0.262166 0.643794
v 0.452105 -0.172039 0.616245
v 0.722379 -0.168091 0.221911
v 0.685128 -0.262165 -0.015482
v 0.718409 -0.166881 -0.251535
v 0.553691 0.442421 0.391117
v 0.309003 0.554939 0.217265
v 0.202233 0.479229 0.629932
v 0.681659 0.508834 -0.016037
v -0.720052 0.437442 -0.013325
v -0.411762 0.567393 -0.012846
v -0.542671 0.453139 -0.401135
v -0.138915 0.607489 -0.401450
v -0.008262 0.365534 -0.840429
v 0.193707 0.469616 -0.642263
v 0.429059 0.348720 -0.618897
v 0.574527 0.474714 -0.440502
v 0.429059 0.348720 -0.618897
v 0.574527 0.474714 -0.440502
v 0.709573 0.353465 -0.250442
v 0.429912 0.304476 -0.619316
v 0.701694 0.305640 -0.248132
v -0.008262 0.365534 -0.840429
v -0.007375 0.278915 -0.782807
v -0.444586 0.287600 -0.617364
v -0.445439 0.331843 -0.616945
v -0.445439 0.331843 -0.616945
v -0.444586 0.287600 -0.617364
v -0.713924 0.278883 -0.244758
v -0.714777 0.323127 -0.244340
v 0.429059 0.348720 -0.618897
v 0.429912 0.304476 -0.619316
v -0.007375 0.278915 -0.782807
v -0.008262 0.365534 -0.840429
v 0.449620 0.346279 0.610018
v 0.470893 0.240527 0.634757
v 0.734651 0.274145 0.221928
v 0.701303 0.346106 0.212310
v -0.482015 0.338202 0.639877
v -0.441680 0.276269 0.586449
v -0.004085 0.283233 0.727724
v -0.004858 0.330415 0.738094
v 0.701303 0.346106 0.212310
v 0.734651 0.274145 0.221928
v 0.701694 0.305640 -0.248132
v 0.709573 0.353465 -0.250442
v -0.004858 0.330415 0.738094
v -0.004085 0.283233 0.727724
v 0.470893 0.240527 0.634757
v 0.449620 0.346279 0.610018
v -0.714777 0.323127 -0.244340
v -0.713924 0.278883 -0.244758
v -0.742777 0.246892 0.224778
v -0.724929 0.321963 0.219309
v -0.724929 0.321963 0.219309
v -0.742777 0.246892 0.224778
v -0.441680 0.276269 0.586449
v -0.482015 0.338202 0.639877
v -0.441680 0.276269 0.586449
v -0.742777 0.246892 0.224778
v -0.713924 0.278883 -0.244758
v -0.444586 0.287600 -0.617364
v -0.007375 0.278915 -0.782807
v -0.004085 0.283233 0.727724
v 0.429912 0.304476 -0.619316
v 0.470893 0.240527 0.634757
v 0.701694 0.305640 -0.248132
v 0.734651 0.274145 0.221928
v 0.115460 -0.393520 -0.394044
v -0.327859 -0.383750 -0.248203
v -0.211807 -0.286520 -0.642487
v -0.600458 -0.294693 -0.445860
v -0.715016 -0.161337 0.214434
v -0.579486 -0.273083 0.399664
v -0.444730 -0.161337 0.586453
v -0.715016 -0.117083 0.214434
v -0.444730 -0.117083 0.586453
v -0.007831 -0.172329 -0.797812
v -0.007398 -0.077686 -0.806351
v 0.446644 -0.093168 -0.640417
v 0.429934 -0.161337 -0.617417
v -0.715016 -0.161337 -0.245397
v -0.715016 -0.117083 -0.245397
v -0.444730 -0.117083 -0.617417
v -0.444730 -0.161337 -0.617417
v 0.429934 -0.161337 -0.617417
v 0.446644 -0.093168 -0.640417
v 0.700220 -0.117083 -0.245397
v 0.718409 -0.166881 -0.251535
v -0.444730 -0.161337 -0.617417
v -0.444730 -0.117083 -0.617417
v -0.007398 -0.077686 -0.806351
v -0.007831 -0.172329 -0.797812
v 0.452105 -0.172039 0.616245
v 0.429934 -0.117083 0.586453
v -0.007398 -0.112780 0.733667
v -0.007466 -0.163076 0.734607
v -0.715016 -0.161337 0.214434
v -0.715016 -0.117083 0.214434
v -0.715016 -0.117083 -0.245397
v -0.715016 -0.161337 -0.245397
v -0.007466 -0.163076 0.734607
v -0.007398 -0.112780 0.733667
v -0.444730 -0.117083 0.586453
v -0.444730 -0.161337 0.586453
v 0.718409 -0.166881 -0.251535
v 0.700220 -0.117083 -0.245397
v 0.725476 -0.094746 0.222639
v 0.722379 -0.168091 0.221911
v 0.722379 -0.168091 0.221911
v 0.725476 -0.094746 0.222639
v 0.429934 -0.117083 0.586453
v 0.452105 -0.172039 0.616245
v -0.444730 -0.117083 -0.617417
v -0.715016 -0.117083 -0.245397
v -0.715016 -0.117083 0.214434
v -0.444730 -0.117083 0.586453
v -0.007398 -0.077686 -0.806351
v -0.007398 -0.112780 0.733667
v 0.446644 -0.093168 -0.640417
v 0.429934 -0.117083 0.586453
v 0.725476 -0.094746 0.222639
v 0.700220 -0.117083 -0.245397
v -0.212088 0.576524 -0.226201
v -0.191276 0.580493 -0.208335
v -0.193133 0.607485 -0.224212
v -0.204190 0.605377 -0.233704
v -0.191276 0.580493 -0.208335
v -0.149406 0.591601 -0.259576
v -0.170889 0.613387 -0.251435
v -0.193133 0.607485 -0.224212
v -0.149406 0.591601 -0.259576
v -0.170218 0.587632 -0.277442
v -0.181946 0.611278 -0.260927
v -0.170889 0.613387 -0.251435
v -0.170218 0.587632 -0.277442
v -0.212088 0.576524 -0.226201
v -0.204190 0.605377 -0.233704
v -0.181946 0.611278 -0.260927
v -0.170889 0.613387 -0.251435
v -0.181946 0.611278 -0.260927
v -0.204190 0.605377 -0.233704
v -0.193133 0.607485 -0.224212
v -0.310396 0.540728 -0.324335
v -0.305499 0.543622 -0.297210
v -0.300873 0.572307 -0.309039
v -0.303475 0.570769 -0.323450
v -0.305499 0.543622 -0.297210
v -0.243037 0.564102 -0.310674
v -0.267689 0.583188 -0.316192
v -0.300873 0.572307 -0.309039
v -0.243037 0.564102 -0.310674
v -0.247935 0.561208 -0.337798
v -0.270291 0.581650 -0.330602
v -0.267689 0.583188 -0.316192
v -0.247935 0.561208 -0.337798
v -0.310396 0.540728 -0.324335
v -0.303475 0.570769 -0.323450
v -0.270291 0.581650 -0.330602
v -0.267689 0.583188 -0.316192
v -0.270291 0.581650 -0.330602
v -0.303475 0.570769 -0.323450
v -0.300873 0.572307 -0.309039
v 0.133735 0.509767 -0.462101
v 0.157205 0.511074 -0.447419
v 0.161825 0.530969 -0.471231
v 0.149355 0.530275 -0.479031
v 0.157205 0.511074 -0.447419
v 0.191932 0.490785 -0.501127
v 0.180274 0.520190 -0.499765
v 0.161825 0.530969 -0.471231
v 0.191932 0.490785 -0.501127
v 0.168462 0.489478 -0.515809
v 0.167805 0.519495 -0.507565
v 0.180274 0.520190 -0.499765
v 0.168462 0.489478 -0.515809
v 0.133735 0.509767 -0.462101
v 0.149355 0.530275 -0.479031
v 0.167805 0.519495 -0.507565
v 0.180274 0.520190 -0.499765
v 0.167805 0.519495 -0.507565
v 0.149355 0.530275 -0.479031
v 0.161825 0.530969 -0.471231
v 0.418344 0.516255 -0.049818
v 0.392115 0.523396 -0.055221
v 0.403483 0.547518 -0.038696
v 0.417417 0.543724 -0.035826
v 0.392115 0.523396 -0.055221
v 0.379583 0.527153 0.010590
v 0.396825 0.549513 -0.003732
v 0.403483 0.547518 -0.038696
v 0.379583 0.527153 0.010590
v 0.405811 0.520012 0.015992
v 0.410759 0.545720 -0.000862
v 0.396825 0.549513 -0.003732
v 0.405811 0.520012 0.015992
v 0.418344 0.516255 -0.049818
v 0.417417 0.543724 -0.035826
v 0.410759 0.545720 -0.000862
v 0.396825 0.549513 -0.003732
v 0.410759 0.545720 -0.000862
v 0.417417 0.543724 -0.035826
v 0.403483 0.547518 -0.038696
v 0.218092 0.527529 0.324992
v 0.202974 0.531323 0.302919
v 0.197241 0.543144 0.323977
v 0.205272 0.541128 0.335704
v 0.202974 0.531323 0.302919
v 0.147216 0.529752 0.340124
v 0.167618 0.542309 0.343744
v 0.197241 0.543144 0.323977
v 0.147216 0.529752 0.340124
v 0.162334 0.525958 0.362198
v 0.175649 0.540293 0.355471
v 0.167618 0.542309 0.343744
v 0.162334 0.525958 0.362198
v 0.218092 0.527529 0.324992
v 0.205272 0.541128 0.335704
v 0.175649 0.540293 0.355471
v 0.167618 0.542309 0.343744
v 0.175649 0.540293 0.355471
v 0.205272 0.541128 0.335704
v 0.197241 0.543144 0.323977
v -0.349975 0.502117 0.224284
v -0.326148 0.513570 0.215964
v -0.347617 0.535925 0.211116
v -0.360276 0.529840 0.215536
v -0.326148 0.513570 0.215964
v -0.351684 0.522043 0.154496
v -0.361183 0.540426 0.178459
v -0.347617 0.535925 0.211116
v -0.351684 0.522043 0.154496
v -0.375510 0.510590 0.162816
v -0.373842 0.534341 0.182879
v -0.361183 0.540426 0.178459
v -0.375510 0.510590 0.162816
v -0.349975 0.502117 0.224284
v -0.360276 0.529840 0.215536
v -0.373842 0.534341 0.182879
v -0.361183 0.540426 0.178459
v -0.373842 0.534341 0.182879
v -0.360276 0.529840 0.215536
v -0.347617 0.535925 0.211116
v 0.199533 0.568570 -0.163692
v 0.194054 0.571107 -0.136643
v 0.216618 0.592231 -0.142009
v 0.219529 0.590883 -0.156380
v 0.194054 0.571107 -0.136643
v 0.257769 0.555722 -0.122294
v 0.250468 0.584057 -0.134386
v 0.216618 0.592231 -0.142009
v 0.257769 0.555722 -0.122294
v 0.263248 0.553185 -0.149343
v 0.253379 0.582709 -0.148756
v 0.250468 0.584057 -0.134386
v 0.263248 0.553185 -0.149343
v 0.199533 0.568570 -0.163692
v 0.219529 0.590883 -0.156380
v 0.253379 0.582709 -0.148756
v 0.250468 0.584057 -0.134386
v 0.253379 0.582709 -0.148756
v 0.219529 0.590883 -0.156380
v 0.216618 0.592231 -0.142009
v 0.248047 0.563582 0.082612
v 0.220881 0.568143 0.085083
v 0.233990 0.582655 0.104589
v 0.248423 0.580231 0.103276
v 0.220881 0.568143 0.085083
v 0.224623 0.559189 0.150586
v 0.235978 0.577897 0.139389
v 0.233990 0.582655 0.104589
v 0.224623 0.559189 0.150586
v 0.251789 0.554628 0.148115
v 0.250411 0.575474 0.138077
v 0.235978 0.577897 0.139389
v 0.251789 0.554628 0.148115
v 0.248047 0.563582 0.082612
v 0.248423 0.580231 0.103276
v 0.250411 0.575474 0.138077
v 0.235978 0.577897 0.139389
v 0.250411 0.575474 0.138077
v 0.248423 0.580231 0.103276
v 0.233990 0.582655 0.104589
v -0.136230 0.546502 0.255146
v -0.130288 0.556901 0.230153
v -0.149227 0.578268 0.243149
v -0.152384 0.572743 0.256427
v -0.130288 0.556901 0.230153
v -0.195569 0.556938 0.214645
v -0.183910 0.578287 0.234910
v -0.149227 0.578268 0.243149
v -0.195569 0.556938 0.214645
v -0.201512 0.546539 0.239638
v -0.187067 0.572762 0.248189
v -0.183910 0.578287 0.234910
v -0.201512 0.546539 0.239638
v -0.136230 0.546502 0.255146
v -0.152384 0.572743 0.256427
v -0.187067 0.572762 0.248189
v -0.183910 0.578287 0.234910
v -0.187067 0.572762 0.248189
v -0.152384 0.572743 0.256427
v -0.149227 0.578268 0.243149
v -0.285221 0.447045 0.502576
v -0.278952 0.457715 0.477778
v -0.297838 0.479071 0.490870
v -0.301168 0.473402 0.504045
v -0.278952 0.457715 0.477778
v -0.344078 0.458503 0.461651
v -0.332438 0.479489 0.482302
v -0.297838 0.479071 0.490870
v -0.344078 0.458503 0.461651
v -0.350348 0.447832 0.486449
v -0.335769 0.473820 0.495477
v -0.332438 0.479489 0.482302
v -0.350348 0.447832 0.486449
v -0.285221 0.447045 0.502576
v -0.301168 0.473402 0.504045
v -0.335769 0.473820 0.495477
v -0.332438 0.479489 0.482302
v -0.335769 0.473820 0.495477
v -0.301168 0.473402 0.504045
v -0.297838 0.479071 0.490870
v -0.523528 0.460743 0.175993
v -0.506451 0.475681 0.160076
v -0.532268 0.493342 0.162471
v -0.541340 0.485406 0.170927
v -0.506451 0.475681 0.160076
v -0.551773 0.474780 0.110606
v -0.556346 0.492863 0.136188
v -0.532268 0.493342 0.162471
v -0.551773 0.474780 0.110606
v -0.568849 0.459842 0.126522
v -0.565419 0.484927 0.144644
v -0.556346 0.492863 0.136188
v -0.568849 0.459842 0.126522
v -0.523528 0.460743 0.175993
v -0.541340 0.485406 0.170927
v -0.565419 0.484927 0.144644
v -0.556346 0.492863 0.136188
v -0.565419 0.484927 0.144644
v -0.541340 0.485406 0.170927
v -0.532268 0.493342 0.162471
v -0.526612 0.475826 -0.183638
v -0.500734 0.485003 -0.187404
v -0.518281 0.503558 -0.205623
v -0.532030 0.498682 -0.203622
v -0.500734 0.485003 -0.187404
v -0.505600 0.471799 -0.253010
v -0.520867 0.496543 -0.240478
v -0.518281 0.503558 -0.205623
v -0.505600 0.471799 -0.253010
v -0.531478 0.462621 -0.249243
v -0.534615 0.491667 -0.238477
v -0.520867 0.496543 -0.240478
v -0.531478 0.462621 -0.249243
v -0.526612 0.475826 -0.183638
v -0.532030 0.498682 -0.203622
v -0.534615 0.491667 -0.238477
v -0.520867 0.496543 -0.240478
v -0.534615 0.491667 -0.238477
v -0.532030 0.498682 -0.203622
v -0.518281 0.503558 -0.205623
v -0.049899 0.470236 -0.626066
v -0.036049 0.475385 -0.602660
v -0.022733 0.490468 -0.623744
v -0.030091 0.487733 -0.636178
v -0.036049 0.475385 -0.602660
v 0.021140 0.458622 -0.632310
v 0.007651 0.481563 -0.639496
v -0.022733 0.490468 -0.623744
v 0.021140 0.458622 -0.632310
v 0.007290 0.453473 -0.655716
v 0.000292 0.478827 -0.651931
v 0.007651 0.481563 -0.639496
v 0.007290 0.453473 -0.655716
v -0.049899 0.470236 -0.626066
v -0.030091 0.487733 -0.636178
v 0.000292 0.478827 -0.651931
v 0.007651 0.481563 -0.639496
v 0.000292 0.478827 -0.651931
v -0.030091 0.487733 -0.636178
v -0.022733 0.490468 -0.623744
v 0.491096 0.477701 -0.288253
v 0.476112 0.479647 -0.265019
v 0.499234 0.500485 -0.261113
v 0.507195 0.499451 -0.273456
v 0.476112 0.479647 -0.265019
v 0.530025 0.462738 -0.228831
v 0.527877 0.491502 -0.241886
v 0.499234 0.500485 -0.261113
v 0.530025 0.462738 -0.228831
v 0.545010 0.460793 -0.252064
v 0.535838 0.490468 -0.254229
v 0.527877 0.491502 -0.241886
v 0.545010 0.460793 -0.252064
v 0.491096 0.477701 -0.288253
v 0.507195 0.499451 -0.273456
v 0.535838 0.490468 -0.254229
v 0.527877 0.491502 -0.241886
v 0.535838 0.490468 -0.254229
v 0.507195 0.499451 -0.273456
v 0.499234 0.500485 -0.261113
v 0.596096 0.427612 0.278417
v 0.577946 0.448550 0.278951
v 0.596800 0.453992 0.303427
v 0.606443 0.442868 0.303143
v 0.577946 0.448550 0.278951
v 0.558417 0.430053 0.340422
v 0.586425 0.444165 0.336085
v 0.596800 0.453992 0.303427
v 0.558417 0.430053 0.340422
v 0.576567 0.409115 0.339888
v 0.596068 0.433041 0.335801
v 0.586425 0.444165 0.336085
v 0.576567 0.409115 0.339888
v 0.596096 0.427612 0.278417
v 0.606443 0.442868 0.303143
v 0.596068 0.433041 0.335801
v 0.586425 0.444165 0.336085
v 0.596068 0.433041 0.335801
v 0.606443 0.442868 0.303143
v 0.596800 0.453992 0.303427
v -0.435775 0.090965 0.591234
v -0.601625 0.090964 0.425384
v -0.535153 0.012042 0.533684
v 0.420127 0.090965 0.591234
v 0.519505 0.012042 0.533684
v 0.585977 0.090964 0.425384
v -0.435775 0.090964 -0.622198
v -0.535153 0.012041 -0.564648
v -0.601625 0.090964 -0.456348
v 0.420127 0.090964 -0.622198
v 0.585977 0.090964 -0.456348
v 0.519505 0.012041 -0.564648
v -0.422729 0.073803 0.578188
v -0.518173 0.006648 0.516703
v -0.588690 0.072943 0.412449
v 0.407081 0.073803 0.578188
v 0.573042 0.072943 0.412449
v 0.502525 0.006648 0.516703
v -0.422729 0.073803 -0.609151
v -0.588690 0.072943 -0.443413
v -0.518173 0.006648 -0.547667
v 0.407081 0.073803 -0.609151
v 0.502525 0.006648 -0.547667
v 0.573042 0.072943 -0.443413
v -0.626120 0.146677 -0.015482
v -0.622433 0.129374 0.171820
v -0.343421 0.192178 0.182221
v -0.334206 0.179910 -0.015482
v -0.343421 0.192178 -0.213185
v -0.622433 0.129374 -0.202783
v -0.362288 0.115075 0.583708
v -0.619386 0.115075 0.326611
v -0.601625 0.090964 0.425384
v -0.435775 0.090965 0.591234
v -0.007824 0.194753 0.194732
v -0.343421 0.192178 0.182221
v -0.362288 0.115075 0.583708
v -0.007824 0.146677 0.647661
v -0.334206 0.179910 -0.015482
v -0.343421 0.192178 0.182221
v -0.007824 0.194753 0.194732
v -0.007824 0.217066 -0.015482
v -0.007824 0.194753 -0.225696
v -0.343421 0.192178 -0.213185
v -0.362288 0.115075 0.583708
v -0.343421 0.192178 0.182221
v -0.622433 0.129374 0.171820
v -0.619386 0.115075 0.326611
v 0.610472 0.146677 -0.015482
v 0.327773 0.192178 0.182221
v 0.606785 0.129374 0.171820
v 0.318558 0.179910 -0.015482
v 0.327773 0.192178 -0.213185
v 0.606785 0.129374 -0.202783
v 0.346640 0.115075 0.583708
v 0.420127 0.090965 0.591234
v 0.585977 0.090964 0.425384
v 0.603738 0.115075 0.326611
v -0.007824 0.194753 0.194732
v -0.007824 0.146677 0.647661
v 0.346640 0.115075 0.583708
v 0.327773 0.192178 0.182221
v 0.318558 0.179910 -0.015482
v -0.007824 0.194753 0.194732
v 0.327773 0.192178 0.182221
v -0.007824 0.217066 -0.015482
v -0.007824 0.194753 -0.225696
v 0.327773 0.192178 -0.213185
v 0.346640 0.115075 0.583708
v 0.603738 0.115075 0.326611
v 0.606785 0.129374 0.171820
v 0.327773 0.192178 0.182221
v -0.362288 0.115075 -0.614672
v -0.435775 0.090964 -0.622198
v -0.601625 0.090964 -0.456348
v -0.619386 0.115075 -0.357575
v -0.007824 0.194753 -0.225696
v -0.007824 0.146677 -0.678625
v -0.362288 0.115075 -0.614672
v -0.343421 0.192178 -0.213185
v -0.362288 0.115075 -0.614672
v -0.619386 0.115075 -0.357575
v -0.622433 0.129374 -0.202783
v -0.343421 0.192178 -0.213185
v 0.346640 0.115075 -0.614672
v 0.603738 0.115075 -0.357575
v 0.585977 0.090964 -0.456348
v 0.420127 0.090964 -0.622198
v -0.007824 0.194753 -0.225696
v 0.327773 0.192178 -0.213185
v 0.346640 0.115075 -0.614672
v -0.007824 0.146677 -0.678625
v 0.346640 0.115075 -0.614672
v 0.327773 0.192178 -0.213185
v 0.606785 0.129374 -0.202783
v 0.603738 0.115075 -0.357575
v -0.620805 0.127760 -0.015482
v -0.339562 0.173035 0.179567
v -0.616717 0.110550 0.169223
v -0.330594 0.160704 -0.015482
v -0.339562 0.173035 -0.210530
v -0.616717 0.110550 -0.200187
v -0.357407 0.096435 0.577887
v -0.422729 0.073803 0.578188
v -0.588690 0.072943 0.412449
v -0.612750 0.096771 0.320886
v -0.007824 0.175390 0.191986
v -0.007824 0.127584 0.643041
v -0.357407 0.096435 0.577887
v -0.339562 0.173035 0.179567
v -0.330594 0.160704 -0.015482
v -0.007824 0.175390 0.191986
v -0.339562 0.173035 0.179567
v -0.007824 0.197641 -0.015482
v -0.007824 0.175390 -0.222950
v -0.339562 0.173035 -0.210530
v -0.357407 0.096435 0.577887
v -0.612750 0.096771 0.320886
v -0.616717 0.110550 0.169223
v -0.339562 0.173035 0.179567
v 0.605157 0.127760 -0.015482
v 0.601069 0.110550 0.169223
v 0.323914 0.173035 0.179567
v 0.314946 0.160704 -0.015482
v 0.323914 0.173035 -0.210530
v 0.601069 0.110550 -0.200187
v 0.341759 0.096435 0.577887
v 0.597102 0.096771 0.320886
v 0.573042 0.072943 0.412449
v 0.407081 0.073803 0.578188
v -0.007824 0.175390 0.191986
v 0.323914 0.173035 0.179567
v 0.341759 0.096435 0.577887
v -0.007824 0.127584 0.643041
v 0.314946 0.160704 -0.015482
v 0.323914 0.173035 0.179567
v -0.007824 0.175390 0.191986
v -0.007824 0.197641 -0.015482
v -0.007824 0.175390 -0.222950
v 0.323914 0.173035 -0.210530
v 0.341759 0.096435 0.577887
v 0.323914 0.173035 0.179567
v 0.601069 0.110550 0.169223
v 0.597102 0.096771 0.320886
v -0.357407 0.096435 -0.608851
v -0.612750 0.096771 -0.351849
v -0.588690 0.072943 -0.443413
v -0.422729 0.073803 -0.609151
v -0.007824 0.175390 -0.222950
v -0.339562 0.173035 -0.210530
v -0.357407 0.096435 -0.608851
v -0.007824 0.127584 -0.674004
v -0.357407 0.096435 -0.608851
v -0.339562 0.173035 -0.210530
v -0.616717 0.110550 -0.200187
v -0.612750 0.096771 -0.351849
v 0.341759 0.096435 -0.608851
v 0.407081 0.073803 -0.609151
v 0.573042 0.072943 -0.443413
v 0.597102 0.096771 -0.351849
v -0.007824 0.175390 -0.222950
v -0.007824 0.127584 -0.674004
v 0.341759 0.096435 -0.608851
v 0.323914 0.173035 -0.210530
v 0.341759 0.096435 -0.608851
v 0.597102 0.096771 -0.351849
v 0.601069 0.110550 -0.200187
v 0.323914 0.173035 -0.210530
v -0.362288 0.115075 0.583708
v -0.357407 0.096435 0.577887
v -0.007824 0.127584 0.643041
v -0.007824 0.146677 0.647661
v -0.435775 0.090965 0.591234
v -0.422729 0.073803 0.578188
v -0.357407 0.096435 0.577887
v -0.362288 0.115075 0.583708
v -0.619386 0.115075 0.326611
v -0.612750 0.096771 0.320886
v -0.588690 0.072943 0.412449
v -0.601625 0.090964 0.425384
v -0.601625 0.090964 0.425384
v -0.588690 0.072943 0.412449
v -0.518173 0.006648 0.516703
v -0.535153 0.012042 0.533684
v -0.535153 0.012042 0.533684
v -0.518173 0.006648 0.516703
v -0.422729 0.073803 0.578188
v -0.435775 0.090965 0.591234
v -0.622433 0.129374 0.171820
v -0.612750 0.096771 0.320886
v -0.619386 0.115075 0.326611
v -0.616717 0.110550 0.169223
v -0.626120 0.146677 -0.015482
v -0.620805 0.127760 -0.015482
v -0.622433 0.129374 -0.202783
v -0.616717 0.110550 -0.200187
v -0.619386 0.115075 -0.357575
v -0.612750 0.096771 -0.351849
v -0.007824 0.146677 0.647661
v -0.007824 0.127584 0.643041
v 0.341759 0.096435 0.577887
v 0.346640 0.115075 0.583708
v 0.346640 0.115075 0.583708
v 0.341759 0.096435 0.577887
v 0.407081 0.073803 0.578188
v 0.420127 0.090965 0.591234
v 0.585977 0.090964 0.425384
v 0.573042 0.072943 0.412449
v 0.597102 0.096771 0.320886
v 0.603738 0.115075 0.326611
v 0.519505 0.012042 0.533684
v 0.502525 0.006648 0.516703
v 0.573042 0.072943 0.412449
v 0.585977 0.090964 0.425384
v 0.420127 0.090965 0.591234
v 0.407081 0.073803 0.578188
v 0.502525 0.006648 0.516703
v 0.519505 0.012042 0.533684
v 0.603738 0.115075 0.326611
v 0.597102 0.096771 0.320886
v 0.601069 0.110550 0.169223
v 0.606785 0.129374 0.171820
v 0.605157 0.127760 -0.015482
v 0.610472 0.146677 -0.015482
v 0.601069 0.110550 -0.200187
v 0.606785 0.129374 -0.202783
v 0.597102 0.096771 -0.351849
v 0.603738 0.115075 -0.357575
v -0.007824 0.146677 -0.678625
v -0.007824 0.127584 -0.674004
v -0.357407 0.096435 -0.608851
v -0.362288 0.115075 -0.614672
v -0.362288 0.115075 -0.614672
v -0.357407 0.096435 -0.608851
v -0.422729 0.073803 -0.609151
v -0.435775 0.090964 -0.622198
v -0.601625 0.090964 -0.456348
v -0.588690 0.072943 -0.443413
v -0.612750 0.096771 -0.351849
v -0.619386 0.115075 -0.357575
v -0.535153 0.012041 -0.564648
v -0.518173 0.006648 -0.547667
v -0.588690 0.072943 -0.443413
v -0.601625 0.090964 -0.456348
v -0.435775 0.090964 -0.622198
v -0.422729 0.073803 -0.609151
v -0.518173 0.006648 -0.547667
v -0.535153 0.012041 -0.564648
v 0.346640 0.115075 -0.614672
v 0.341759 0.096435 -0.608851
v -0.007824 0.127584 -0.674004
v -0.007824 0.146677 -0.678625
v 0.420127 0.090964 -0.622198
v 0.407081 0.073803 -0.609151
v 0.341759 0.096435 -0.608851
v 0.346640 0.115075 -0.614672
v 0.603738 0.115075 -0.357575
v 0.597102 0.096771 -0.351849
v 0.573042 0.072943 -0.443413
v 0.585977 0.090964 -0.456348
v 0.585977 0.090964 -0.456348
v 0.573042 0.072943 -0.443413
v 0.502525 0.006648 -0.547667
v 0.519505 0.012041 -0.564648
v 0.519505 0.012041 -0.564648
v 0.502525 0.006648 -0.547667
v 0.407081 0.073803 -0.609151
v 0.420127 0.090964 -0.622198
v 0.659938 -0.002281 -0.304391
v 0.704909 -0.002281 -0.015482
v 0.615818 -0.123987 -0.015482
v 0.576468 -0.117654 -0.315634
v 0.659938 -0.002281 -0.304391
v 0.576468 0.113091 -0.315634
v 0.615818 0.119424 -0.015482
v 0.704909 -0.002281 -0.015482
v 0.659938 -0.002281 -0.304391
v 0.520253 -0.002282 -0.543559
v 0.476568 0.082429 -0.499874
v 0.576468 0.113091 -0.315634
v 0.659938 -0.002281 -0.304391
v 0.576468 -0.117654 -0.315634
v 0.476568 -0.086992 -0.499874
v 0.520253 -0.002282 -0.543559
v -0.296733 -0.002282 -0.683244
v -0.007824 -0.002282 -0.728215
v -0.007824 -0.123987 -0.639124
v -0.307976 -0.117654 -0.599773
v -0.296733 -0.002282 -0.683244
v -0.307976 0.113091 -0.599773
v -0.007824 0.119424 -0.639124
v -0.007824 -0.002282 -0.728215
v -0.296733 -0.002282 -0.683244
v -0.535901 -0.002282 -0.543559
v -0.492216 0.082429 -0.499874
v -0.307976 0.113091 -0.599773
v -0.296733 -0.002282 -0.683244
v -0.307976 -0.117654 -0.599773
v -0.492216 -0.086992 -0.499874
v -0.535901 -0.002282 -0.543559
v -0.675586 -0.002281 0.273427
v -0.720557 -0.002281 -0.015482
v -0.631466 -0.123987 -0.015482
v -0.592115 -0.117654 0.284670
v -0.675586 -0.002281 0.273427
v -0.592115 0.113091 0.284670
v -0.631466 0.119424 -0.015482
v -0.720557 -0.002281 -0.015482
v -0.675586 -0.002281 0.273427
v -0.535901 -0.002281 0.512595
v -0.492216 0.082429 0.468910
v -0.592115 0.113091 0.284670
v -0.675586 -0.002281 0.273427
v -0.592115 -0.117654 0.284670
v -0.492216 -0.086992 0.468910
v -0.535901 -0.002281 0.512595
v 0.281085 -0.002281 0.652280
v -0.007824 -0.002281 0.697252
v -0.007824 -0.123987 0.608160
v 0.292328 -0.117654 0.568810
v 0.281085 -0.002281 0.652280
v 0.292328 0.113091 0.568810
v -0.007824 0.119424 0.608160
v -0.007824 -0.002281 0.697252
v 0.281085 -0.002281 0.652280
v 0.520253 -0.002281 0.512595
v 0.476568 0.082429 0.468910
v 0.292328 0.113091 0.568810
v 0.281085 -0.002281 0.652280
v 0.292328 -0.117654 0.568810
v 0.476568 -0.086992 0.468910
v 0.520253 -0.002281 0.512595
v -0.341705 -0.162866 0.318399
v -0.592115 -0.117654 0.284670
v -0.631466 -0.123987 -0.015482
v -0.364191 -0.167933 -0.015482
v -0.341705 -0.162866 0.318399
v -0.307976 -0.117654 0.568810
v -0.492216 -0.086992 0.468910
v -0.592115 -0.117654 0.284670
v -0.341705 -0.162866 0.318399
v -0.007824 -0.167933 0.340885
v -0.007824 -0.123987 0.608160
v -0.307976 -0.117654 0.568810
v 0.326057 0.158304 0.318399
v 0.576467 0.113091 0.284670
v 0.615818 0.119424 -0.015482
v 0.348543 0.163370 -0.015482
v 0.326057 0.158304 0.318399
v 0.292328 0.113091 0.568810
v 0.476568 0.082429 0.468910
v 0.576467 0.113091 0.284670
v 0.326057 0.158304 0.318399
v -0.007824 0.163370 0.340885
v -0.007824 0.119424 0.608160
v 0.292328 0.113091 0.568810
v -0.341705 0.158304 0.318399
v -0.364191 0.163370 -0.015482
v -0.631466 0.119424 -0.015482
v -0.592115 0.113091 0.284670
v -0.341705 0.158304 0.318399
v -0.307976 0.113091 0.568810
v -0.007824 0.119424 0.608160
v -0.007824 0.163370 0.340885
v -0.341705 0.158304 0.318399
v -0.592115 0.113091 0.284670
v -0.492216 0.082429 0.468910
v -0.307976 0.113091 0.568810
v 0.326057 -0.162866 0.318399
v 0.348543 -0.167933 -0.015482
v 0.615818 -0.123987 -0.015482
v 0.576467 -0.117654 0.284670
v 0.326057 -0.162866 0.318399
v 0.292328 -0.117654 0.568810
v -0.007824 -0.123987 0.608160
v -0.007824 -0.167933 0.340885
v 0.326057 -0.162866 0.318399
v 0.576467 -0.117654 0.284670
v 0.476568 -0.086992 0.468910
v 0.292328 -0.117654 0.568810
v -0.296733 -0.002281 0.652280
v -0.535901 -0.002281 0.512595
v -0.492216 -0.086992 0.468910
v -0.307976 -0.117654 0.568810
v -0.296733 -0.002281 0.652280
v -0.307976 0.113091 0.568810
v -0.492216 0.082429 0.468910
v -0.535901 -0.002281 0.512595
v -0.296733 -0.002281 0.652280
v -0.007824 -0.002281 0.697252
v -0.007824 0.119424 0.608160
v -0.307976 0.113091 0.568810
v -0.296733 -0.002281 0.652280
v -0.307976 -0.117654 0.568810
v -0.007824 -0.123987 0.608160
v -0.007824 -0.002281 0.697252
v 0.281085 -0.002282 -0.683244
v 0.520253 -0.002282 -0.543559
v 0.476568 -0.086992 -0.499874
v 0.292328 -0.117654 -0.599773
v 0.281085 -0.002282 -0.683244
v 0.292328 0.113091 -0.599773
v 0.476568 0.082429 -0.499874
v 0.520253 -0.002282 -0.543559
v 0.281085 -0.002282 -0.683244
v -0.007824 -0.002282 -0.728215
v -0.007824 0.119424 -0.639124
v 0.292328 0.113091 -0.599773
v 0.281085 -0.002282 -0.683244
v 0.292328 -0.117654 -0.599773
v -0.007824 -0.123987 -0.639124
v -0.007824 -0.002282 -0.728215
v 0.326057 -0.162867 -0.349363
v 0.292328 -0.117654 -0.599773
v 0.476568 -0.086992 -0.499874
v 0.576468 -0.117654 -0.315634
v 0.326057 -0.162867 -0.349363
v -0.007824 -0.167933 -0.371849
v -0.007824 -0.123987 -0.639124
v 0.292328 -0.117654 -0.599773
v 0.326057 -0.162867 -0.349363
v 0.576468 -0.117654 -0.315634
v 0.615818 -0.123987 -0.015482
v 0.348543 -0.167933 -0.015482
v -0.341705 0.158304 -0.349363
v -0.307976 0.113091 -0.599773
v -0.492216 0.082429 -0.499874
v -0.592115 0.113091 -0.315634
v -0.341705 0.158304 -0.349363
v -0.007824 0.163370 -0.371849
v -0.007824 0.119424 -0.639124
v -0.307976 0.113091 -0.599773
v -0.341705 0.158304 -0.349363
v -0.592115 0.113091 -0.315634
v -0.631466 0.119424 -0.015482
v -0.364191 0.163370 -0.015482
v 0.326057 0.158304 -0.349363
v 0.292328 0.113091 -0.599773
v -0.007824 0.119424 -0.639124
v -0.007824 0.163370 -0.371849
v 0.326057 0.158304 -0.349363
v 0.576468 0.113091 -0.315634
v 0.476568 0.082429 -0.499874
v 0.292328 0.113091 -0.599773
v 0.326057 0.158304 -0.349363
v 0.348543 0.163370 -0.015482
v 0.615818 0.119424 -0.015482
v 0.576468 0.113091 -0.315634
v -0.341705 -0.162867 -0.349363
v -0.307976 -0.117654 -0.599773
v -0.007824 -0.123987 -0.639124
v -0.007824 -0.167933 -0.371849
v -0.341705 -0.162867 -0.349363
v -0.592115 -0.117654 -0.315634
v -0.492216 -0.086992 -0.499874
v -0.307976 -0.117654 -0.599773
v -0.341705 -0.162867 -0.349363
v -0.364191 -0.167933 -0.015482
v -0.631466 -0.123987 -0.015482
v -0.592115 -0.117654 -0.315634
v -0.675586 -0.002281 -0.304391
v -0.535901 -0.002282 -0.543559
v -0.492216 -0.086992 -0.499874
v -0.592115 -0.117654 -0.315634
v -0.675586 -0.002281 -0.304391
v -0.592115 0.113091 -0.315634
v -0.492216 0.082429 -0.499874
v -0.535901 -0.002282 -0.543559
v -0.675586 -0.002281 -0.304391
v -0.720557 -0.002281 -0.015482
v -0.631466 0.119424 -0.015482
v -0.592115 0.113091 -0.315634
v -0.675586 -0.002281 -0.304391
v -0.592115 -0.117654 -0.315634
v -0.631466 -0.123987 -0.015482
v -0.720557 -0.002281 -0.015482
v 0.659938 -0.002281 0.273427
v 0.520253 -0.002281 0.512595
v 0.476568 -0.086992 0.468910
v 0.576467 -0.117654 0.284670
v 0.659938 -0.002281 0.273427
v 0.576467 0.113091 0.284670
v 0.476568 0.082429 0.468910
v 0.520253 -0.002281 0.512595
v 0.659938 -0.002281 0.273427
v 0.704909 -0.002281 -0.015482
v 0.615818 0.119424 -0.015482
v 0.576467 0.113091 0.284670
v 0.659938 -0.002281 0.273427
v 0.576467 -0.117654 0.284670
v 0.615818 -0.123987 -0.015482
v 0.704909 -0.002281 -0.015482
v -0.341705 -0.162867 -0.349363
v -0.007824 -0.167933 -0.371849
v -0.007824 -0.170466 -0.015482
v -0.364191 -0.167933 -0.015482
v 0.326057 -0.162867 -0.349363
v -0.341705 -0.162866 0.318399
v 0.348543 -0.167933 -0.015482
v -0.007824 -0.167933 0.340885
v 0.326057 -0.162866 0.318399
v 0.326057 0.158304 -0.349363
v -0.007824 0.163370 -0.371849
v -0.007824 0.165903 -0.015482
v 0.348543 0.163370 -0.015482
v -0.341705 0.158304 -0.349363
v 0.326057 0.158304 0.318399
v -0.364191 0.163370 -0.015482
v -0.007824 0.163370 0.340885
v -0.341705 0.158304 0.318399
v -0.409919 0.155196 0.014193
v -0.607230 0.139004 0.094963
v -0.611086 0.198757 0.097524
v -0.413775 0.214950 0.016753
v -0.607230 0.139004 0.094963
v -0.689318 0.125267 0.291917
v -0.693174 0.185021 0.294478
v -0.611086 0.198757 0.097524
v -0.689318 0.125267 0.291917
v -0.608096 0.122034 0.489680
v -0.611952 0.181788 0.492241
v -0.693174 0.185021 0.294478
v -0.608096 0.122034 0.489680
v -0.411144 0.131197 0.572407
v -0.415000 0.190951 0.574967
v -0.611952 0.181788 0.492241
v -0.411144 0.131197 0.572407
v -0.213833 0.147390 0.491636
v -0.217689 0.207144 0.494196
v -0.415000 0.190951 0.574967
v -0.213833 0.147390 0.491636
v -0.131746 0.161127 0.294682
v -0.135601 0.220881 0.297243
v -0.217689 0.207144 0.494196
v -0.611086 0.198757 0.097524
v -0.693174 0.185021 0.294478
v -0.611952 0.181788 0.492241
v -0.415000 0.190951 0.574967
v -0.413775 0.214950 0.016753
v -0.217689 0.207144 0.494196
v -0.216823 0.224114 0.099479
v -0.135601 0.220881 0.297243
v -0.131746 0.161127 0.294682
v -0.212967 0.164360 0.096919
v -0.216823 0.224114 0.099479
v -0.135601 0.220881 0.297243
v -0.212967 0.164360 0.096919
v -0.409919 0.155196 0.014193
v -0.413775 0.214950 0.016753
v -0.216823 0.224114 0.099479
v -0.608096 0.122034 0.489680
v -0.689318 0.125267 0.291917
v -0.607230 0.139004 0.094963
v -0.411144 0.131197 0.572407
v -0.409919 0.155196 0.014193
v -0.213833 0.147390 0.491636
v -0.212967 0.164360 0.096919
v -0.131746 0.161127 0.294682
v -0.514311 0.142294 -0.389090
v -0.711165 0.139918 -0.305660
v -0.712352 0.199829 -0.306754
v -0.515498 0.202205 -0.390185
v -0.711165 0.139918 -0.305660
v -0.791419 0.141949 -0.107486
v -0.792606 0.201860 -0.108581
v -0.712352 0.199829 -0.306754
v -0.791419 0.141949 -0.107486
v -0.708062 0.147197 0.089343
v -0.709250 0.207108 0.088249
v -0.792606 0.201860 -0.108581
v -0.708062 0.147197 0.089343
v -0.509924 0.152588 0.169529
v -0.511111 0.212499 0.168434
v -0.709250 0.207108 0.088249
v -0.509924 0.152588 0.169529
v -0.313070 0.154964 0.086098
v -0.314257 0.214875 0.085003
v -0.511111 0.212499 0.168434
v -0.313070 0.154964 0.086098
v -0.232815 0.152933 -0.112076
v -0.234002 0.212844 -0.113171
v -0.314257 0.214875 0.085003
v -0.712352 0.199829 -0.306754
v -0.792606 0.201860 -0.108581
v -0.709250 0.207108 0.088249
v -0.515498 0.202205 -0.390185
v -0.511111 0.212499 0.168434
v -0.317359 0.207596 -0.310000
v -0.314257 0.214875 0.085003
v -0.234002 0.212844 -0.113171
v -0.232815 0.152933 -0.112076
v -0.316172 0.147685 -0.308905
v -0.317359 0.207596 -0.310000
v -0.234002 0.212844 -0.113171
v -0.316172 0.147685 -0.308905
v -0.514311 0.142294 -0.389090
v -0.515498 0.202205 -0.390185
v -0.317359 0.207596 -0.310000
v -0.708062 0.147197 0.089343
v -0.791419 0.141949 -0.107486
v -0.711165 0.139918 -0.305660
v -0.514311 0.142294 -0.389090
v -0.509924 0.152588 0.169529
v -0.316172 0.147685 -0.308905
v -0.313070 0.154964 0.086098
v -0.232815 0.152933 -0.112076
v 0.259879 0.206317 -0.682537
v 0.058252 0.244330 -0.567356
v 0.070829 0.309070 -0.566706
v 0.272456 0.271057 -0.681887
v 0.058252 0.244330 -0.567356
v -0.004639 0.254273 -0.340837
v 0.007938 0.319014 -0.340187
v 0.070829 0.309070 -0.566706
v -0.004639 0.254273 -0.340837
v 0.108048 0.230322 -0.135671
v 0.120625 0.295062 -0.135021
v 0.007938 0.319014 -0.340187
v 0.108048 0.230322 -0.135671
v 0.330302 0.186507 -0.072041
v 0.342879 0.251247 -0.071391
v 0.120625 0.295062 -0.135021
v 0.330302 0.186507 -0.072041
v 0.531929 0.148494 -0.187222
v 0.544506 0.213234 -0.186572
v 0.342879 0.251247 -0.071391
v 0.531929 0.148494 -0.187222
v 0.594820 0.138550 -0.413741
v 0.607397 0.203291 -0.413091
v 0.544506 0.213234 -0.186572
v 0.070829 0.309070 -0.566706
v 0.007938 0.319014 -0.340187
v 0.120625 0.295062 -0.135021
v 0.272456 0.271057 -0.681887
v 0.342879 0.251247 -0.071391
v 0.494710 0.227242 -0.618257
v 0.544506 0.213234 -0.186572
v 0.607397 0.203291 -0.413091
v 0.594820 0.138550 -0.413741
v 0.482133 0.162502 -0.618908
v 0.494710 0.227242 -0.618257
v 0.607397 0.203291 -0.413091
v 0.482133 0.162502 -0.618908
v 0.259879 0.206317 -0.682537
v 0.272456 0.271057 -0.681887
v 0.494710 0.227242 -0.618257
v 0.108048 0.230322 -0.135671
v -0.004639 0.254273 -0.340837
v 0.058252 0.244330 -0.567356
v 0.259879 0.206317 -0.682537
v 0.330302 0.186507 -0.072041
v 0.482133 0.162502 -0.618908
v 0.531929 0.148494 -0.187222
v 0.594820 0.138550 -0.413741
v 0.453248 0.163642 -0.102540
v 0.247059 0.162538 -0.016245
v 0.247552 0.225158 -0.014267
v 0.453740 0.226262 -0.100562
v 0.247059 0.162538 -0.016245
v 0.162273 0.156676 0.190489
v 0.162766 0.219296 0.192467
v 0.247552 0.225158 -0.014267
v 0.162273 0.156676 0.190489
v 0.248557 0.149488 0.396559
v 0.249050 0.212108 0.398537
v 0.162766 0.219296 0.192467
v 0.248557 0.149488 0.396559
v 0.455367 0.145186 0.481254
v 0.455859 0.207806 0.483232
v 0.249050 0.212108 0.398537
v 0.455367 0.145186 0.481254
v 0.661555 0.146290 0.394959
v 0.662048 0.208910 0.396937
v 0.455859 0.207806 0.483232
v 0.661555 0.146290 0.394959
v 0.746341 0.152153 0.188226
v 0.746833 0.214773 0.190204
v 0.662048 0.208910 0.396937
v 0.247552 0.225158 -0.014267
v 0.162766 0.219296 0.192467
v 0.249050 0.212108 0.398537
v 0.453740 0.226262 -0.100562
v 0.455859 0.207806 0.483232
v 0.660549 0.221960 -0.015867
v 0.662048 0.208910 0.396937
v 0.746833 0.214773 0.190204
v 0.746341 0.152153 0.188226
v 0.660057 0.159340 -0.017845
v 0.660549 0.221960 -0.015867
v 0.746833 0.214773 0.190204
v 0.660057 0.159340 -0.017845
v 0.453248 0.163642 -0.102540
v 0.453740 0.226262 -0.100562
v 0.660549 0.221960 -0.015867
v 0.248557 0.149488 0.396559
v 0.162273 0.156676 0.190489
v 0.247059 0.162538 -0.016245
v 0.453248 0.163642 -0.102540
v 0.455367 0.145186 0.481254
v 0.660057 0.159340 -0.017845
v 0.661555 0.146290 0.394959
v 0.746341 0.152153 0.188226
v 0.005040 0.175813 0.198216
v -0.197309 0.157788 0.291447
v -0.198201 0.219628 0.301467
v 0.004148 0.237653 0.208236
v -0.197309 0.157788 0.291447
v -0.273284 0.123098 0.498778
v -0.274176 0.184939 0.508798
v -0.198201 0.219628 0.301467
v -0.273284 0.123098 0.498778
v -0.178380 0.092065 0.698758
v -0.179272 0.153905 0.708778
v -0.274176 0.184939 0.508798
v -0.178380 0.092065 0.698758
v 0.031809 0.082866 0.774241
v 0.030917 0.144706 0.784261
v -0.179272 0.153905 0.708778
v 0.031809 0.082866 0.774241
v 0.234158 0.100891 0.681010
v 0.233266 0.162731 0.691030
v 0.030917 0.144706 0.784261
v 0.234158 0.100891 0.681010
v 0.310133 0.135581 0.473679
v 0.309241 0.197421 0.483699
v 0.233266 0.162731 0.691030
v -0.198201 0.219628 0.301467
v -0.274176 0.184939 0.508798
v -0.179272 0.153905 0.708778
v 0.004148 0.237653 0.208236
v 0.030917 0.144706 0.784261
v 0.214337 0.228455 0.283720
v 0.233266 0.162731 0.691030
v 0.309241 0.197421 0.483699
v 0.310133 0.135581 0.473679
v 0.215229 0.166615 0.273700
v 0.214337 0.228455 0.283720
v 0.309241 0.197421 0.483699
v 0.215229 0.166615 0.273700
v 0.005040 0.175813 0.198216
v 0.004148 0.237653 0.208236
v 0.214337 0.228455 0.283720
v -0.178380 0.092065 0.698758
v -0.273284 0.123098 0.498778
v -0.197309 0.157788 0.291447
v 0.005040 0.175813 0.198216
v 0.031809 0.082866 0.774241
v 0.215229 0.166615 0.273700
v 0.234158 0.100891 0.681010
v 0.310133 0.135581 0.473679
v -0.739390 0.268119 0.078074
v -0.737465 0.254679 0.103116
v -0.188550 0.248963 -0.217084
v -0.490788 0.243255 0.526961
v 0.017352 0.252952 0.033932
v -0.012779 0.200531 0.009783
v -0.731754 0.259941 0.253415
v -0.703093 0.244519 0.350143
v -0.098427 0.256631 -0.108761
v -0.451316 0.268867 0.559736
v -0.450487 0.249197 0.580001
v 0.041266 0.245841 0.065128
v -0.579304 0.235658 0.457306
v -0.571646 0.222811 0.491323
v -0.012779 0.200531 0.009783
v -0.635625 0.261111 0.408640
v -0.048390 0.242557 -0.046210
v -0.088949 0.218382 -0.085307
v -0.731754 0.259941 0.253415
v -0.139002 0.274888 -0.162032
v -0.147767 0.238377 -0.160518
v -0.737465 0.254679 0.103116
v -0.717522 0.276709 0.170309
v -0.147767 0.238377 -0.160518
v -0.315455 0.298490 0.599086
v 0.087023 0.275834 0.116014
v 0.068509 0.214344 0.103012
v 0.239462 0.244279 -0.627826
v 0.226519 0.221639 -0.638679
v 0.069597 0.268168 -0.138377
v -0.217207 0.150076 -0.763727
v -0.286825 0.172865 -0.758854
v -0.218117 0.239893 -0.167936
v 0.000614 0.237319 -0.773227
v -0.081188 0.140816 -0.793387
v -0.156499 0.237223 -0.164248
v 0.011531 0.171744 -0.765712
v -0.075063 0.245213 -0.151398
v -0.063191 0.246246 -0.160877
v 0.124520 0.192580 -0.689781
v 0.080749 0.191787 -0.713319
v -0.039009 0.238531 -0.149216
v -0.286825 0.172865 -0.758854
v -0.292337 0.119479 -0.773587
v -0.254914 0.227975 -0.175937
v -0.212620 0.180367 -0.759522
v -0.218117 0.239893 -0.167936
v -0.156499 0.237223 -0.164248
v -0.212620 0.180367 -0.759522
v -0.217207 0.150076 -0.763727
v -0.218117 0.239893 -0.167936
v 0.124520 0.192580 -0.689781
v 0.013033 0.272725 -0.143777
v 0.021764 0.234104 -0.144501
v 0.073248 0.134596 -0.749745
v -0.063191 0.246246 -0.160877
v -0.039009 0.238531 -0.149216
v 0.226519 0.221639 -0.638679
v 0.182536 0.215965 -0.664835
v 0.021764 0.234104 -0.144501
v 0.182536 0.215965 -0.664835
v 0.160579 0.153046 -0.708164
v 0.021764 0.234104 -0.144501
v -0.344071 0.174070 -0.762887
v -0.281651 0.244919 -0.175804
v -0.254914 0.227975 -0.175937
v -0.765774 0.275197 -0.236045
v -0.775710 0.237244 -0.217913
v -0.304921 0.260694 -0.069814
v -0.767334 0.209297 -0.400274
v -0.284833 0.222338 -0.112506
v -0.245107 0.273966 -0.169296
v -0.717868 0.239587 -0.509541
v -0.245107 0.273966 -0.169296
v -0.235878 0.211650 -0.192711
v -0.646818 0.242109 -0.571788
v -0.691483 0.265826 -0.538328
v -0.222366 0.253658 -0.205842
v -0.600913 0.275094 -0.563654
v -0.618805 0.241501 -0.564168
v -0.192097 0.236161 -0.260920
v -0.775710 0.237244 -0.217913
v -0.805109 0.236481 -0.186710
v -0.332452 0.231397 -0.030783
v -0.757884 0.310466 -0.261437
v -0.304921 0.260694 -0.069814
v -0.284833 0.222338 -0.112506
v -0.646818 0.242109 -0.571788
v -0.222366 0.253658 -0.205842
v -0.210530 0.198836 -0.237841
v -0.691483 0.265826 -0.538328
v -0.717868 0.239587 -0.509541
v -0.235878 0.211650 -0.192711
v -0.600913 0.275094 -0.563654
v -0.192097 0.236161 -0.260920
v -0.181306 0.246826 -0.284156
v -0.618805 0.241501 -0.564168
v -0.630007 0.216268 -0.597391
v -0.210530 0.198836 -0.237841
v -0.805708 0.267248 -0.159000
v -0.334776 0.281695 -0.024482
v -0.332452 0.231397 -0.030783
v 0.775294 0.241264 -0.052835
v 0.300410 0.333690 0.031804
v 0.294950 0.277006 0.015525
v 0.762029 0.247687 0.040529
v 0.763736 0.284947 -0.022442
v 0.291908 0.308956 0.024847
v 0.804686 0.207647 0.099981
v 0.284772 0.261489 0.097741
v 0.281568 0.244815 0.118490
v 0.846228 0.260294 0.148365
v 0.281568 0.244815 0.118490
v 0.274942 0.267870 0.162666
v 0.767184 0.202785 0.394606
v 0.827333 0.252334 0.324369
v 0.270550 0.301616 0.208925
v 0.763736 0.284947 -0.022442
v 0.775294 0.241264 -0.052835
v 0.294950 0.277006 0.015525
v 0.762029 0.247687 0.040529
v 0.287005 0.298054 0.059192
v 0.284772 0.261489 0.097741
v 0.846228 0.260294 0.148365
v 0.839052 0.196582 0.156844
v 0.281568 0.244815 0.118490
v 0.827333 0.252334 0.324369
v 0.837636 0.199376 0.302918
v 0.273939 0.250549 0.194603
v 0.709787 0.205319 0.435960
v 0.740959 0.199891 0.393728
v 0.261654 0.253272 0.279770
v 0.740959 0.199891 0.393728
v 0.767184 0.202785 0.394606
v 0.263189 0.232886 0.261083
v 0.670787 0.242455 -0.366631
v 0.653508 0.201217 -0.420749
v 0.235850 0.307467 -0.157115
v 0.671805 0.234392 -0.245291
v 0.669060 0.236973 -0.284314
v 0.259405 0.302981 -0.116587
v 0.670787 0.242455 -0.366631
v 0.235850 0.307467 -0.157115
v 0.508978 0.283539 -0.530522
v 0.505522 0.212675 -0.521413
v 0.181889 0.280252 -0.257663
v 0.563501 0.236036 -0.490338
v 0.200456 0.337390 -0.230155
v 0.219231 0.277368 -0.188868
v 0.563501 0.236036 -0.490338
v 0.194217 0.306728 -0.237479
v 0.200456 0.337390 -0.230155
v 0.671805 0.234392 -0.245291
v 0.259405 0.302981 -0.116587
v 0.277365 0.258151 -0.080130
v 0.669060 0.236973 -0.284314
v 0.690482 0.205836 -0.308341
v 0.259405 0.302981 -0.116587
v 0.683143 0.265973 -0.155928
v 0.673849 0.283411 -0.227973
v 0.284664 0.292887 -0.071452
v 0.673849 0.283411 -0.227973
v 0.698069 0.200264 -0.233138
v 0.277365 0.258151 -0.080130
v -0.004431 0.217026 0.846954
v 0.012677 0.192814 0.846499
v -0.211512 0.210362 0.419732
v 0.392110 0.224509 0.587198
v 0.023880 0.235787 0.235997
v -0.008381 0.297598 0.256145
v 0.358022 0.191833 0.708898
v -0.067112 0.264477 0.312280
v -0.057552 0.221759 0.303288
v 0.312641 0.178672 0.744849
v 0.358022 0.191833 0.708898
v -0.057552 0.221759 0.303288
v 0.235921 0.260353 0.798495
v 0.296410 0.204369 0.753648
v -0.049142 0.251152 0.291539
v 0.196855 0.185219 0.833459
v -0.096597 0.242293 0.327225
v -0.125137 0.197042 0.353079
v 0.125750 0.213942 0.850396
v 0.170644 0.229720 0.843323
v -0.147763 0.239633 0.365555
v 0.392110 0.224509 0.587198
v 0.415372 0.245280 0.566591
v 0.023880 0.235787 0.235997
v 0.377368 0.255315 0.649598
v -0.008381 0.297598 0.256145
v -0.067112 0.264477 0.312280
v 0.377368 0.255315 0.649598
v 0.395718 0.246337 0.627772
v -0.008381 0.297598 0.256145
v 0.296410 0.204369 0.753648
v 0.312641 0.178672 0.744849
v -0.057552 0.221759 0.303288
v 0.125750 0.213942 0.850396
v -0.147763 0.239633 0.365555
v -0.164658 0.182672 0.385548
v 0.071851 0.225007 0.831571
v -0.190858 0.215261 0.401561
v -0.211512 0.210362 0.419732
v 0.071851 0.225007 0.831571
v 0.112496 0.170062 0.859638
v -0.164658 0.182672 0.385548
v 0.407527 0.260125 0.530228
v 0.035557 0.261725 0.223200
v 0.023880 0.235787 0.235997
v -0.321937 0.252338 0.607577
v 0.068509 0.214344 0.103012
v -0.358178 0.258593 0.614758
v -0.376165 0.275816 0.593891
v 0.041266 0.245841 0.065128
v -0.450487 0.249197 0.580001
v -0.490788 0.243255 0.526961
v -0.012779 0.200531 0.009783
v -0.523235 0.208021 0.529656
v -0.523235 0.208021 0.529656
v -0.012779 0.200531 0.009783
v -0.571646 0.222811 0.491323
v -0.579304 0.235658 0.457306
v -0.048390 0.242557 -0.046210
v -0.635625 0.261111 0.408640
v -0.656349 0.235793 0.401758
v -0.088949 0.218382 -0.085307
v -0.703093 0.244519 0.350143
v -0.731754 0.259941 0.253415
v -0.098427 0.256631 -0.108761
v -0.139002 0.274888 -0.162032
v -0.451316 0.268867 0.559736
v 0.017352 0.252952 0.033932
v -0.490788 0.243255 0.526961
v -0.451316 0.268867 0.559736
v 0.041266 0.245841 0.065128
v 0.017352 0.252952 0.033932
v -0.579304 0.235658 0.457306
v -0.012779 0.200531 0.009783
v -0.048390 0.242557 -0.046210
v -0.635625 0.261111 0.408640
v -0.088949 0.218382 -0.085307
v -0.656349 0.235793 0.401758
v -0.731754 0.259941 0.253415
v -0.147767 0.238377 -0.160518
v -0.745019 0.206120 0.232209
v -0.703093 0.244519 0.350143
v -0.088949 0.218382 -0.085307
v -0.098427 0.256631 -0.108761
v -0.737465 0.254679 0.103116
v -0.147767 0.238377 -0.160518
v -0.188550 0.248963 -0.217084
v -0.745019 0.206120 0.232209
v -0.147767 0.238377 -0.160518
v -0.717522 0.276709 0.170309
v -0.315455 0.298490 0.599086
v 0.068509 0.214344 0.103012
v -0.321937 0.252338 0.607577
v -0.125884 0.190935 -0.782778
v -0.156499 0.237223 -0.164248
v -0.134370 0.131583 -0.792347
v -0.134370 0.131583 -0.792347
v -0.156499 0.237223 -0.164248
v -0.081188 0.140816 -0.793387
v 0.000614 0.237319 -0.773227
v -0.156499 0.237223 -0.164248
v -0.075063 0.245213 -0.151398
v 0.011531 0.171744 -0.765712
v -0.063191 0.246246 -0.160877
v 0.073248 0.134596 -0.749745
v 0.124520 0.192580 -0.689781
v -0.039009 0.238531 -0.149216
v 0.013033 0.272725 -0.143777
v -0.286825 0.172865 -0.758854
v -0.254914 0.227975 -0.175937
v -0.218117 0.239893 -0.167936
v -0.212620 0.180367 -0.759522
v -0.156499 0.237223 -0.164248
v -0.125884 0.190935 -0.782778
v 0.000614 0.237319 -0.773227
v -0.075063 0.245213 -0.151398
v 0.011531 0.171744 -0.765712
v 0.124520 0.192580 -0.689781
v 0.021764 0.234104 -0.144501
v 0.160579 0.153046 -0.708164
v 0.073248 0.134596 -0.749745
v -0.039009 0.238531 -0.149216
v 0.080749 0.191787 -0.713319
v 0.226519 0.221639 -0.638679
v 0.021764 0.234104 -0.144501
v 0.069597 0.268168 -0.138377
v -0.344071 0.174070 -0.762887
v -0.254914 0.227975 -0.175937
v -0.292337 0.119479 -0.773587
v -0.758347 0.246934 -0.300427
v -0.284833 0.222338 -0.112506
v -0.767334 0.209297 -0.400274
v -0.767334 0.209297 -0.400274
v -0.245107 0.273966 -0.169296
v -0.717868 0.239587 -0.509541
v -0.775710 0.237244 -0.217913
v -0.332452 0.231397 -0.030783
v -0.304921 0.260694 -0.069814
v -0.757884 0.310466 -0.261437
v -0.284833 0.222338 -0.112506
v -0.758347 0.246934 -0.300427
v -0.765774 0.275197 -0.236045
v -0.304921 0.260694 -0.069814
v -0.757884 0.310466 -0.261437
v -0.646818 0.242109 -0.571788
v -0.210530 0.198836 -0.237841
v -0.630007 0.216268 -0.597391
v -0.691483 0.265826 -0.538328
v -0.235878 0.211650 -0.192711
v -0.222366 0.253658 -0.205842
v -0.600913 0.275094 -0.563654
v -0.181306 0.246826 -0.284156
v -0.531555 0.245696 -0.618665
v -0.618805 0.241501 -0.564168
v -0.210530 0.198836 -0.237841
v -0.192097 0.236161 -0.260920
v -0.805708 0.267248 -0.159000
v -0.332452 0.231397 -0.030783
v -0.805109 0.236481 -0.186710
v 0.762029 0.247687 0.040529
v 0.291908 0.308956 0.024847
v 0.287005 0.298054 0.059192
v 0.787935 0.244903 0.100960
v 0.284772 0.261489 0.097741
v 0.804686 0.207647 0.099981
v 0.804686 0.207647 0.099981
v 0.281568 0.244815 0.118490
v 0.839052 0.196582 0.156844
v 0.846228 0.260294 0.148365
v 0.274942 0.267870 0.162666
v 0.845104 0.229289 0.248225
v 0.767184 0.202785 0.394606
v 0.270550 0.301616 0.208925
v 0.263189 0.232886 0.261083
v 0.763736 0.284947 -0.022442
v 0.294950 0.277006 0.015525
v 0.291908 0.308956 0.024847
v 0.762029 0.247687 0.040529
v 0.284772 0.261489 0.097741
v 0.787935 0.244903 0.100960
v 0.827333 0.252334 0.324369
v 0.273939 0.250549 0.194603
v 0.270550 0.301616 0.208925
v 0.709787 0.205319 0.435960
v 0.261654 0.253272 0.279770
v 0.261116 0.243626 0.305302
v 0.740959 0.199891 0.393728
v 0.263189 0.232886 0.261083
v 0.261654 0.253272 0.279770
v 0.766692 0.280559 -0.069553
v 0.300410 0.333690 0.031804
v 0.775294 0.241264 -0.052835
v 0.508978 0.283539 -0.530522
v 0.194217 0.306728 -0.237479
v 0.563501 0.236036 -0.490338
v 0.619016 0.201800 -0.467375
v 0.219231 0.277368 -0.188868
v 0.653508 0.201217 -0.420749
v 0.692035 0.252672 -0.326084
v 0.259405 0.302981 -0.116587
v 0.690482 0.205836 -0.308341
v 0.508978 0.283539 -0.530522
v 0.181889 0.280252 -0.257663
v 0.194217 0.306728 -0.237479
v 0.563501 0.236036 -0.490338
v 0.219231 0.277368 -0.188868
v 0.619016 0.201800 -0.467375
v 0.653508 0.201217 -0.420749
v 0.219231 0.277368 -0.188868
v 0.235850 0.307467 -0.157115
v 0.670787 0.242455 -0.366631
v 0.259405 0.302981 -0.116587
v 0.692035 0.252672 -0.326084
v 0.671805 0.234392 -0.245291
v 0.277365 0.258151 -0.080130
v 0.698069 0.200264 -0.233138
v 0.683143 0.265973 -0.155928
v 0.284664 0.292887 -0.071452
v 0.303216 0.312642 -0.034276
v 0.673849 0.283411 -0.227973
v 0.277365 0.258151 -0.080130
v 0.284664 0.292887 -0.071452
v 0.467043 0.255915 -0.542512
v 0.171325 0.318422 -0.281007
v 0.484816 0.239833 -0.527016
v -0.004431 0.217026 0.846954
v -0.211512 0.210362 0.419732
v -0.199766 0.242714 0.413140
v 0.404273 0.233871 0.545438
v 0.023880 0.235787 0.235997
v 0.415372 0.245280 0.566591
v 0.392110 0.224509 0.587198
v -0.008381 0.297598 0.256145
v 0.395718 0.246337 0.627772
v 0.235921 0.260353 0.798495
v -0.049142 0.251152 0.291539
v -0.096597 0.242293 0.327225
v 0.377368 0.255315 0.649598
v -0.067112 0.264477 0.312280
v 0.358022 0.191833 0.708898
v 0.296410 0.204369 0.753648
v -0.057552 0.221759 0.303288
v -0.049142 0.251152 0.291539
v 0.235921 0.260353 0.798495
v -0.096597 0.242293 0.327225
v 0.196855 0.185219 0.833459
v 0.125750 0.213942 0.850396
v -0.164658 0.182672 0.385548
v 0.112496 0.170062 0.859638
v 0.071851 0.225007 0.831571
v -0.211512 0.210362 0.419732
v 0.012677 0.192814 0.846499
v 0.071851 0.225007 0.831571
v -0.164658 0.182672 0.385548
v -0.190858 0.215261 0.401561
v 0.407527 0.260125 0.530228
v 0.023880 0.235787 0.235997
v 0.404273 0.233871 0.545438
v -0.376165 0.275816 0.593891
v -0.358178 0.258593 0.614758
v 0.068509 0.214344 0.103012
v 0.041266 0.245841 0.065128
v 0.845104 0.229289 0.248225
v 0.274942 0.267870 0.162666
v 0.273939 0.250549 0.194603
v 0.837636 0.199376 0.302918
v 0.484816 0.239833 -0.527016
v 0.171325 0.318422 -0.281007
v 0.181889 0.280252 -0.257663
v 0.505522 0.212675 -0.521413
v 0.170644 0.229720 0.843323
v 0.196855 0.185219 0.833459
v -0.125137 0.197042 0.353079
v -0.147763 0.239633 0.365555
vn -0.221296 0.942879 0.249013
vn -0.221296 0.942879 0.249013
vn -0.221296 0.942879 0.249013
vn -0.187455 0.962212 0.197508
vn -0.187455 0.962212 0.197508
vn -0.187455 0.962212 0.197508
vn 0.211774 0.968459 -0.131299
vn 0.211774 0.968459 -0.131299
vn 0.211774 0.968459 -0.131299
vn -0.023553 0.853216 -0.521026
vn -0.023553 0.853216 -0.521026
vn -0.023553 0.853216 -0.521026
vn -0.191249 0.980985 -0.033064
vn -0.191249 0.980985 -0.033064
vn -0.191249 0.980985 -0.033064
vn -0.323830 0.846225 -0.423128
vn -0.323830 0.846225 -0.423128
vn -0.323830 0.846225 -0.423128
vn 0.155804 0.977003 -0.145572
vn 0.155804 0.977003 -0.145572
vn 0.155804 0.977003 -0.145572
vn 0.195265 0.942827 -0.270089
vn 0.195265 0.942827 -0.270089
vn 0.195265 0.942827 -0.270089
vn 0.120942 0.960000 -0.252533
vn 0.120942 0.960000 -0.252533
vn 0.120942 0.960000 -0.252533
vn 0.264642 0.964310 0.008437
vn 0.264642 0.964310 0.008437
vn 0.264642 0.964310 0.008437
vn 0.128343 0.991689 0.009024
vn 0.128343 0.991689 0.009024
vn 0.128343 0.991689 0.009024
vn 0.069658 0.958000 0.278180
vn 0.069658 0.958000 0.278180
vn 0.069658 0.958000 0.278180
vn 0.040406 0.980873 0.190412
vn 0.040406 0.980873 0.190412
vn 0.040406 0.980873 0.190412
vn -0.056502 0.951081 0.303731
vn -0.056502 0.951081 0.303731
vn -0.056502 0.951081 0.303731
vn -0.383761 0.909828 0.157924
vn -0.383761 0.909828 0.157924
vn -0.383761 0.909828 0.157924
vn -0.737368 0.598579 -0.313036
vn -0.737368 0.598579 -0.313036
vn -0.737368 0.598579 -0.313036
vn -0.761775 0.354324 -0.542359
vn -0.761775 0.354324 -0.542359
vn -0.761775 0.354324 -0.542359
vn -0.470429 0.661681 -0.583845
vn -0.470429 0.661681 -0.583845
vn -0.470429 0.661681 -0.583845
vn -0.033403 0.898434 -0.437837
vn -0.033403 0.898434 -0.437837
vn -0.033403 0.898434 -0.437837
vn 0.816770 0.520933 -0.248022
vn 0.816770 0.520933 -0.248022
vn 0.816770 0.520933 -0.248022
vn 0.988865 0.147463 0.020017
vn 0.988865 0.147463 0.020017
vn 0.988865 0.147463 0.020017
vn 0.762867 0.555750 0.330418
vn 0.762867 0.555750 0.330418
vn 0.762867 0.555750 0.330418
vn 0.434765 0.730007 0.527322
vn 0.434765 0.730007 0.527322
vn 0.434765 0.730007 0.527322
vn 0.246421 0.321586 0.914253
vn 0.246421 0.321586 0.914253
vn 0.246421 0.321586 0.914253
vn 0.018069 0.571267 0.820566
vn 0.018069 0.571267 0.820566
vn 0.018069 0.571267 0.820566
vn -0.379369 0.825513 0.417861
vn -0.379369 0.825513 0.417861
vn -0.379369 0.825513 0.417861
vn -0.716855 0.576741 0.391776
vn -0.716855 0.576741 0.391776
vn -0.716855 0.576741 0.391776
vn -0.695308 0.649461 0.307811
vn -0.695308 0.649461 0.307811
vn -0.695308 0.649461 0.307811
vn -0.429105 0.476004 -0.767652
vn -0.429105 0.476004 -0.767652
vn -0.429105 0.476004 -0.767652
vn 0.808856 0.289601 0.511746
vn 0.808856 0.289601 0.511746
vn 0.808856 0.289601 0.511746
vn -0.191969 0.239857 0.951639
vn -0.191969 0.239857 0.951639
vn -0.191969 0.239857 0.951639
vn -0.999759 -0.001881 -0.021897
vn -0.999759 -0.001881 -0.021897
vn -0.999759 -0.001881 -0.021897
vn 0.223163 -0.912134 0.343817
vn 0.223163 -0.912134 0.343817
vn 0.223163 -0.912134 0.343817
vn -0.192048 -0.942501 0.273515
vn -0.192048 -0.942501 0.273515
vn -0.192048 -0.942501 0.273515
vn -0.292481 -0.955881 -0.027308
vn -0.292481 -0.955881 -0.027308
vn -0.292481 -0.955881 -0.027308
vn -0.068310 -0.945838 -0.317372
vn -0.068310 -0.945838 -0.317372
vn -0.068310 -0.945838 -0.317372
vn 0.360328 -0.929264 -0.081435
vn 0.360328 -0.929264 -0.081435
vn 0.360328 -0.929264 -0.081435
vn 0.106471 -0.993701 -0.034949
vn 0.106471 -0.993701 -0.034949
vn 0.106471 -0.993701 -0.034949
vn 0.240077 -0.961717 -0.132150
vn 0.240077 -0.961717 -0.132150
vn 0.240077 -0.961717 -0.132150
vn 0.234135 -0.946989 -0.219983
vn 0.234135 -0.946989 -0.219983
vn 0.234135 -0.946989 -0.219983
vn -0.050205 -0.995034 -0.085949
vn -0.050205 -0.995034 -0.085949
vn -0.050205 -0.995034 -0.085949
vn -0.121898 -0.992456 0.013131
vn -0.121898 -0.992456 0.013131
vn -0.121898 -0.992456 0.013131
vn -0.267005 -0.963606 0.013085
vn -0.267005 -0.963606 0.013085
vn -0.267005 -0.963606 0.013085
vn -0.319266 -0.942576 0.098081
vn -0.319266 -0.942576 0.098081
vn -0.319266 -0.942576 0.098081
vn -0.060761 -0.993384 0.097450
vn -0.060761 -0.993384 0.097450
vn -0.060761 -0.993384 0.097450
vn -0.111611 -0.960666 0.254293
vn -0.111611 -0.960666 0.254293
vn -0.111611 -0.960666 0.254293
vn 0.021580 -0.912280 0.408997
vn 0.021580 -0.912280 0.408997
vn 0.021580 -0.912280 0.408997
vn 0.106437 -0.993384 0.043124
vn 0.106437 -0.993384 0.043124
vn 0.106437 -0.993384 0.043124
vn 0.240178 -0.960518 0.140428
vn 0.240178 -0.960518 0.140428
vn 0.240178 -0.960518 0.140428
vn 0.360057 -0.928564 0.090155
vn 0.360057 -0.928564 0.090155
vn 0.360057 -0.928564 0.090155
vn 0.640149 -0.739488 -0.208246
vn 0.640149 -0.739488 -0.208246
vn 0.640149 -0.739488 -0.208246
vn 0.715086 -0.404758 -0.569933
vn 0.715086 -0.404758 -0.569933
vn 0.715086 -0.404758 -0.569933
vn 0.599732 -0.534730 -0.595302
vn 0.599732 -0.534730 -0.595302
vn 0.599732 -0.534730 -0.595302
vn -0.123408 -0.715245 -0.687892
vn -0.123408 -0.715245 -0.687892
vn -0.123408 -0.715245 -0.687892
vn -0.345010 -0.480466 -0.806301
vn -0.345010 -0.480466 -0.806301
vn -0.345010 -0.480466 -0.806301
vn -0.371144 -0.539166 -0.756011
vn -0.371144 -0.539166 -0.756011
vn -0.371144 -0.539166 -0.756011
vn -0.834797 -0.537422 -0.119545
vn -0.834797 -0.537422 -0.119545
vn -0.834797 -0.537422 -0.119545
vn -0.934546 -0.355842 0.000000
vn -0.934546 -0.355842 0.000000
vn -0.934546 -0.355842 0.000000
vn -0.761159 -0.622723 0.181255
vn -0.761159 -0.622723 0.181255
vn -0.761159 -0.622723 0.181255
vn -0.407141 -0.623967 0.667010
vn -0.407141 -0.623967 0.667010
vn -0.407141 -0.623967 0.667010
vn -0.298244 -0.379536 0.875787
vn -0.298244 -0.379536 0.875787
vn -0.298244 -0.379536 0.875787
vn -0.015241 -0.693224 0.720561
vn -0.015241 -0.693224 0.720561
vn -0.015241 -0.693224 0.720561
vn 0.348583 -0.804183 0.481435
vn 0.348583 -0.804183 0.481435
vn 0.348583 -0.804183 0.481435
vn 0.688784 -0.554911 0.466531
vn 0.688784 -0.554911 0.466531
vn 0.688784 -0.554911 0.466531
vn 0.614307 -0.761836 0.205506
vn 0.614307 -0.761836 0.205506
vn 0.614307 -0.761836 0.205506
vn 0.379545 0.047681 -0.923944
vn 0.379545 0.047681 -0.923944
vn 0.379545 0.047681 -0.923944
vn -0.795004 0.185323 -0.577602
vn -0.795004 0.185323 -0.577602
vn -0.795004 0.185323 -0.577602
vn 0.227935 -0.343600 0.911035
vn 0.227935 -0.343600 0.911035
vn 0.227935 -0.343600 0.911035
vn 0.937089 -0.348981 -0.008750
vn 0.937089 -0.348981 -0.008750
vn 0.937089 -0.348981 -0.008750
vn 0.260364 0.935465 0.238991
vn 0.260364 0.935465 0.238991
vn 0.260364 0.935465 0.238991
vn 0.263069 0.935644 0.235299
vn -0.384477 0.912623 -0.138916
vn -0.384477 0.912623 -0.138916
vn -0.384477 0.912623 -0.138916
vn -0.353003 0.923092 -0.152608
vn 0.379080 0.602171 -0.702630
vn 0.379080 0.602171 -0.702630
vn 0.379080 0.602171 -0.702630
vn 0.372871 0.586992 -0.718615
vn 0.794510 -0.061986 -0.604080
vn 0.794510 -0.061986 -0.604080
vn 0.794510 -0.061986 -0.604080
vn 0.799392 -0.073253 -0.596328
vn 0.799392 -0.073253 -0.596328
vn -0.367474 -0.376608 -0.850370
vn -0.367474 -0.376608 -0.850370
vn -0.367474 -0.376608 -0.850370
vn -0.367474 -0.376608 -0.850370
vn -0.810285 -0.010078 -0.585950
vn -0.810285 -0.010078 -0.585950
vn -0.810285 -0.010078 -0.585950
vn -0.810285 -0.010078 -0.585950
vn 0.377927 -0.366605 -0.850160
vn 0.377927 -0.366605 -0.850160
vn 0.377927 -0.366605 -0.850160
vn 0.377927 -0.366605 -0.850160
vn 0.786736 0.341252 0.514387
vn 0.786736 0.341252 0.514387
vn 0.786736 0.341252 0.514387
vn 0.786736 0.341252 0.514387
vn -0.211737 -0.551518 0.806843
vn -0.211737 -0.551518 0.806843
vn -0.211737 -0.551518 0.806843
vn -0.211737 -0.551518 0.806843
vn 0.978337 0.206294 -0.017299
vn 0.978337 0.206294 -0.017299
vn 0.978337 0.206294 -0.017299
vn 0.978337 0.206294 -0.017299
vn 0.232970 0.124212 0.964519
vn 0.232970 0.124212 0.964519
vn 0.232970 0.124212 0.964519
vn 0.232970 0.124212 0.964519
vn -0.989565 0.139409 -0.036410
vn -0.989565 0.139409 -0.036410
vn -0.989565 0.139409 -0.036410
vn -0.989565 0.139409 -0.036410
vn -0.768978 -0.319953 0.553447
vn -0.768978 -0.319953 0.553447
vn -0.768978 -0.319953 0.553447
vn -0.768978 -0.319953 0.553447
vn 0.010512 -0.999740 -0.020244
vn 0.010512 -0.999740 -0.020244
vn 0.010512 -0.999740 -0.020244
vn 0.010512 -0.999740 -0.020244
vn 0.010512 -0.999740 -0.020244
vn 0.010512 -0.999740 -0.020244
vn 0.010512 -0.999740 -0.020244
vn 0.010512 -0.999740 -0.020244
vn 0.010512 -0.999740 -0.020244
vn 0.010512 -0.999740 -0.020244
vn -0.109328 -0.957138 -0.268206
vn -0.109328 -0.957138 -0.268206
vn -0.109328 -0.957138 -0.268206
vn -0.116492 -0.955792 -0.269983
vn -0.808999 -0.006903 0.587769
vn -0.808999 -0.006903 0.587769
vn -0.808999 -0.006903 0.587769
vn -0.809019 0.000000 0.587783
vn -0.809019 0.000000 0.587783
vn 0.352716 -0.213620 -0.911020
vn 0.352716 -0.213620 -0.911020
vn 0.352716 -0.213620 -0.911020
vn 0.352716 -0.213620 -0.911020
vn -0.809019 0.000001 -0.587783
vn -0.809019 0.000001 -0.587783
vn -0.809019 0.000001 -0.587783
vn -0.809019 0.000001 -0.587783
vn 0.810970 -0.072828 -0.580538
vn 0.810970 -0.072828 -0.580538
vn 0.810970 -0.072828 -0.580538
vn 0.810970 -0.072828 -0.580538
vn -0.387036 -0.055377 -0.920400
vn -0.387036 -0.055377 -0.920400
vn -0.387036 -0.055377 -0.920400
vn -0.387036 -0.055377 -0.920400
vn 0.273170 0.322040 0.906459
vn 0.273170 0.322040 0.906459
vn 0.273170 0.322040 0.906459
vn 0.273170 0.322040 0.906459
vn -1.000000 0.000000 0.000000
vn -1.000000 0.000000 0.000000
vn -1.000000 0.000000 0.000000
vn -1.000000 0.000000 0.000000
vn -0.319977 0.009652 0.947376
vn -0.319977 0.009652 0.947376
vn -0.319977 0.009652 0.947376
vn -0.319977 0.009652 0.947376
vn 0.991788 0.123413 -0.033557
vn 0.991788 0.123413 -0.033557
vn 0.991788 0.123413 -0.033557
vn 0.991788 0.123413 -0.033557
vn 0.772383 0.247351 0.585015
vn 0.772383 0.247351 0.585015
vn 0.772383 0.247351 0.585015
vn 0.772383 0.247351 0.585015
vn -0.009285 0.999877 0.012614
vn -0.009285 0.999877 0.012614
vn -0.009285 0.999877 0.012614
vn -0.009285 0.999877 0.012614
vn -0.009285 0.999877 0.012614
vn -0.009285 0.999877 0.012614
vn -0.009285 0.999877 0.012614
vn -0.009285 0.999877 0.012614
vn -0.009285 0.999877 0.012614
vn -0.009285 0.999877 0.012614
vn -0.647303 0.352877 0.675631
vn -0.647303 0.352877 0.675631
vn -0.647303 0.352877 0.675631
vn -0.647303 0.352877 0.675631
vn 0.658526 0.414691 0.627993
vn 0.658526 0.414691 0.627993
vn 0.658526 0.414691 0.627993
vn 0.658526 0.414691 0.627993
vn 0.419581 0.650354 -0.633240
vn 0.419581 0.650354 -0.633240
vn 0.419581 0.650354 -0.633240
vn 0.419581 0.650354 -0.633240
vn -0.778712 0.050548 -0.625342
vn -0.778712 0.050548 -0.625342
vn -0.778712 0.050548 -0.625342
vn -0.778712 0.050548 -0.625342
vn -0.216099 0.975746 0.034953
vn -0.216099 0.975746 0.034953
vn -0.216099 0.975746 0.034953
vn -0.216099 0.975746 0.034953
vn -0.964280 0.217713 0.150885
vn -0.964280 0.217713 0.150885
vn -0.964280 0.217713 0.150885
vn -0.964280 0.217713 0.150885
vn 0.078546 0.369193 0.926028
vn 0.078546 0.369193 0.926028
vn 0.078546 0.369193 0.926028
vn 0.078546 0.369193 0.926028
vn 0.627326 0.754271 -0.193746
vn 0.627326 0.754271 -0.193746
vn 0.627326 0.754271 -0.193746
vn 0.627326 0.754271 -0.193746
vn -0.235876 0.082878 -0.968243
vn -0.235876 0.082878 -0.968243
vn -0.235876 0.082878 -0.968243
vn -0.235876 0.082878 -0.968243
vn -0.319688 0.946535 -0.043261
vn -0.319688 0.946535 -0.043261
vn -0.319688 0.946535 -0.043261
vn -0.319688 0.946535 -0.043261
vn -0.383679 0.743938 0.547126
vn -0.383679 0.743938 0.547126
vn -0.383679 0.743938 0.547126
vn -0.383679 0.743938 0.547126
vn 0.846714 0.315848 0.428153
vn 0.846714 0.315848 0.428153
vn 0.846714 0.315848 0.428153
vn 0.846714 0.315848 0.428153
vn 0.505398 0.238791 -0.829187
vn 0.505398 0.238791 -0.829187
vn 0.505398 0.238791 -0.829187
vn 0.505398 0.238791 -0.829187
vn -0.806498 0.140111 -0.574395
vn -0.806498 0.140111 -0.574395
vn -0.806498 0.140111 -0.574395
vn -0.806498 0.140111 -0.574395
vn 0.122437 0.952021 -0.280474
vn 0.122437 0.952021 -0.280474
vn 0.122437 0.952021 -0.280474
vn 0.122437 0.952021 -0.280474
vn 0.294772 0.441615 -0.847399
vn 0.294772 0.441615 -0.847399
vn 0.294772 0.441615 -0.847399
vn 0.294772 0.441615 -0.847399
vn -0.832382 0.521245 -0.188264
vn -0.832382 0.521245 -0.188264
vn -0.832382 0.521245 -0.188264
vn -0.832382 0.521245 -0.188264
vn -0.021784 0.551073 0.834172
vn -0.021784 0.551073 0.834172
vn -0.021784 0.551073 0.834172
vn -0.021784 0.551073 0.834172
vn 0.979666 -0.063855 0.190203
vn 0.979666 -0.063855 0.190203
vn 0.979666 -0.063855 0.190203
vn 0.979666 -0.063855 0.190203
vn 0.263619 0.964615 -0.004858
vn 0.263619 0.964615 -0.004858
vn 0.263619 0.964615 -0.004858
vn 0.263619 0.964615 -0.004858
vn 0.585602 0.764425 -0.269674
vn 0.585602 0.764425 -0.269674
vn 0.585602 0.764425 -0.269674
vn 0.585602 0.764425 -0.269674
vn -0.374646 0.761231 -0.529309
vn -0.374646 0.761231 -0.529309
vn -0.374646 0.761231 -0.529309
vn -0.374646 0.761231 -0.529309
vn -0.520355 0.707627 0.478012
vn -0.520355 0.707627 0.478012
vn -0.520355 0.707627 0.478012
vn -0.520355 0.707627 0.478012
vn 0.553015 -0.127285 0.823391
vn 0.553015 -0.127285 0.823391
vn 0.553015 -0.127285 0.823391
vn 0.553015 -0.127285 0.823391
vn 0.058774 0.989786 0.129881
vn 0.058774 0.989786 0.129881
vn 0.058774 0.989786 0.129881
vn 0.058774 0.989786 0.129881
vn 0.154850 0.349174 0.924175
vn 0.154850 0.349174 0.924175
vn 0.154850 0.349174 0.924175
vn 0.154850 0.349174 0.924175
vn 0.727408 0.652561 -0.212231
vn 0.727408 0.652561 -0.212231
vn 0.727408 0.652561 -0.212231
vn 0.727408 0.652561 -0.212231
vn -0.502403 0.578276 -0.642797
vn -0.502403 0.578276 -0.642797
vn -0.502403 0.578276 -0.642797
vn -0.502403 0.578276 -0.642797
vn -0.909771 -0.228725 0.346413
vn -0.909771 -0.228725 0.346413
vn -0.909771 -0.228725 0.346413
vn -0.909771 -0.228725 0.346413
vn -0.340666 0.901821 0.265831
vn -0.340666 0.901821 0.265831
vn -0.340666 0.901821 0.265831
vn -0.340666 0.901821 0.265831
vn -0.694444 0.689621 -0.205355
vn -0.694444 0.689621 -0.205355
vn -0.694444 0.689621 -0.205355
vn -0.694444 0.689621 -0.205355
vn -0.120358 0.363250 0.923885
vn -0.120358 0.363250 0.923885
vn -0.120358 0.363250 0.923885
vn -0.120358 0.363250 0.923885
vn 0.937045 0.310019 0.160731
vn 0.937045 0.310019 0.160731
vn 0.937045 0.310019 0.160731
vn 0.937045 0.310019 0.160731
vn 0.241511 0.099906 -0.965242
vn 0.241511 0.099906 -0.965242
vn 0.241511 0.099906 -0.965242
vn 0.241511 0.099906 -0.965242
vn 0.243364 0.969042 -0.041601
vn 0.243364 0.969042 -0.041601
vn 0.243364 0.969042 -0.041601
vn 0.243364 0.969042 -0.041601
vn 0.073290 0.775947 -0.626527
vn 0.073290 0.775947 -0.626527
vn 0.073290 0.775947 -0.626527
vn 0.073290 0.775947 -0.626527
vn -0.813556 0.568083 0.124131
vn -0.813556 0.568083 0.124131
vn -0.813556 0.568083 0.124131
vn -0.813556 0.568083 0.124131
vn 0.153957 0.436942 0.886216
vn 0.153957 0.436942 0.886216
vn 0.153957 0.436942 0.886216
vn 0.153957 0.436942 0.886216
vn 0.997829 0.041229 -0.051362
vn 0.997829 0.041229 -0.051362
vn 0.997829 0.041229 -0.051362
vn 0.997829 0.041229 -0.051362
vn 0.175214 0.976751 0.123518
vn 0.175214 0.976751 0.123518
vn 0.175214 0.976751 0.123518
vn 0.175214 0.976751 0.123518
vn 0.794361 0.470230 0.384545
vn 0.794361 0.470230 0.384545
vn 0.794361 0.470230 0.384545
vn 0.794361 0.470230 0.384545
vn 0.181073 0.623249 -0.760772
vn 0.181073 0.623249 -0.760772
vn 0.181073 0.623249 -0.760772
vn 0.181073 0.623249 -0.760772
vn -0.874974 0.484125 -0.006615
vn -0.874974 0.484125 -0.006615
vn -0.874974 0.484125 -0.006615
vn -0.874974 0.484125 -0.006615
vn -0.227160 -0.186526 0.955828
vn -0.227160 -0.186526 0.955828
vn -0.227160 -0.186526 0.955828
vn -0.227160 -0.186526 0.955828
vn -0.086224 0.926933 0.365185
vn -0.086224 0.926933 0.365185
vn -0.086224 0.926933 0.365185
vn -0.086224 0.926933 0.365185
vn 0.794493 0.458518 0.398174
vn 0.794493 0.458518 0.398174
vn 0.794493 0.458518 0.398174
vn 0.794493 0.458518 0.398174
vn 0.193559 0.631484 -0.750842
vn 0.193559 0.631484 -0.750842
vn 0.193559 0.631484 -0.750842
vn 0.193559 0.631484 -0.750842
vn -0.870823 0.491520 -0.008650
vn -0.870823 0.491520 -0.008650
vn -0.870823 0.491520 -0.008650
vn -0.870823 0.491520 -0.008650
vn -0.237898 -0.196944 0.951114
vn -0.237898 -0.196944 0.951114
vn -0.237898 -0.196944 0.951114
vn -0.237898 -0.196944 0.951114
vn -0.082044 0.922830 0.376369
vn -0.082044 0.922830 0.376369
vn -0.082044 0.922830 0.376369
vn -0.082044 0.922830 0.376369
vn 0.376163 0.439255 0.815817
vn 0.376163 0.439255 0.815817
vn 0.376163 0.439255 0.815817
vn 0.376163 0.439255 0.815817
vn 0.475584 0.756169 -0.449475
vn 0.475584 0.756169 -0.449475
vn 0.475584 0.756169 -0.449475
vn 0.475584 0.756169 -0.449475
vn -0.787590 0.427983 -0.443320
vn -0.787590 0.427983 -0.443320
vn -0.787590 0.427983 -0.443320
vn -0.787590 0.427983 -0.443320
vn -0.683543 -0.363705 0.632841
vn -0.683543 -0.363705 0.632841
vn -0.683543 -0.363705 0.632841
vn -0.683543 -0.363705 0.632841
vn -0.405102 0.842206 0.355784
vn -0.405102 0.842206 0.355784
vn -0.405102 0.842206 0.355784
vn -0.405102 0.842206 0.355784
vn -0.115537 0.638156 0.761189
vn -0.115537 0.638156 0.761189
vn -0.115537 0.638156 0.761189
vn -0.115537 0.638156 0.761189
vn 0.795564 0.579831 -0.175712
vn 0.795564 0.579831 -0.175712
vn 0.795564 0.579831 -0.175712
vn 0.795564 0.579831 -0.175712
vn -0.244768 0.313625 -0.917457
vn -0.244768 0.313625 -0.917457
vn -0.244768 0.313625 -0.917457
vn -0.244768 0.313625 -0.917457
vn -0.984289 -0.144112 0.102010
vn -0.984289 -0.144112 0.102010
vn -0.984289 -0.144112 0.102010
vn -0.984289 -0.144112 0.102010
vn -0.350540 0.922824 -0.159740
vn -0.350540 0.922824 -0.159740
vn -0.350540 0.922824 -0.159740
vn -0.350540 0.922824 -0.159740
vn -0.597317 0.781174 0.181601
vn -0.597317 0.781174 0.181601
vn -0.597317 0.781174 0.181601
vn -0.597317 0.781174 0.181601
vn 0.508645 0.515174 0.689838
vn 0.508645 0.515174 0.689838
vn 0.508645 0.515174 0.689838
vn 0.508645 0.515174 0.689838
vn 0.791313 0.298081 -0.533828
vn 0.791313 0.298081 -0.533828
vn 0.791313 0.298081 -0.533828
vn 0.791313 0.298081 -0.533828
vn -0.458877 0.005985 -0.888480
vn -0.458877 0.005985 -0.888480
vn -0.458877 0.005985 -0.888480
vn -0.458877 0.005985 -0.888480
vn 0.130082 0.949407 -0.285842
vn 0.130082 0.949407 -0.285842
vn 0.130082 0.949407 -0.285842
vn 0.130082 0.949407 -0.285842
vn -0.565692 0.707213 -0.424078
vn -0.565692 0.707213 -0.424078
vn -0.565692 0.707213 -0.424078
vn -0.565692 0.707213 -0.424078
vn -0.447557 0.341681 0.826406
vn -0.447557 0.341681 0.826406
vn -0.447557 0.341681 0.826406
vn -0.447557 0.341681 0.826406
vn 0.815430 0.288638 0.501759
vn 0.815430 0.288638 0.501759
vn 0.815430 0.288638 0.501759
vn 0.815430 0.288638 0.501759
vn 0.578981 0.120088 -0.806449
vn 0.578981 0.120088 -0.806449
vn 0.578981 0.120088 -0.806449
vn 0.578981 0.120088 -0.806449
vn 0.249107 0.965179 0.079844
vn 0.249107 0.965179 0.079844
vn 0.249107 0.965179 0.079844
vn 0.249107 0.965179 0.079844
vn 0.604897 0.539297 -0.585883
vn 0.604897 0.539297 -0.585883
vn 0.604897 0.539297 -0.585883
vn 0.604897 0.539297 -0.585883
vn -0.429592 0.893277 0.132317
vn -0.429592 0.893277 0.132317
vn -0.429592 0.893277 0.132317
vn -0.429592 0.893277 0.132317
vn 0.115626 0.074946 0.990461
vn 0.115626 0.074946 0.990461
vn 0.115626 0.074946 0.990461
vn 0.115626 0.074946 0.990461
vn 0.778731 -0.624534 0.059467
vn 0.778731 -0.624534 0.059467
vn 0.778731 -0.624534 0.059467
vn 0.778731 -0.624534 0.059467
vn 0.697445 0.594342 0.400410
vn 0.697445 0.594342 0.400410
vn 0.697445 0.594342 0.400410
vn 0.697445 0.594342 0.400410
vn -0.662138 0.350922 0.662138
vn -0.662138 0.350922 0.662138
vn -0.662138 0.350922 0.662138
vn 0.662138 0.350922 0.662138
vn 0.662138 0.350922 0.662138
vn 0.662138 0.350922 0.662138
vn -0.662138 0.350922 -0.662138
vn -0.662138 0.350922 -0.662138
vn -0.662138 0.350922 -0.662138
vn 0.662138 0.350922 -0.662138
vn 0.662138 0.350922 -0.662138
vn 0.662138 0.350922 -0.662138
vn 0.666024 -0.337590 -0.665166
vn 0.666024 -0.337590 -0.665166
vn 0.666024 -0.337590 -0.665166
vn -0.666024 -0.337590 -0.665166
vn -0.666024 -0.337590 -0.665166
vn -0.666024 -0.337590 -0.665166
vn 0.666024 -0.337590 0.665166
vn 0.666024 -0.337590 0.665166
vn 0.666024 -0.337590 0.665166
vn -0.666024 -0.337590 0.665166
vn -0.666024 -0.337590 0.665166
vn -0.666024 -0.337590 0.665166
vn -0.166059 0.986060 0.010508
vn -0.166059 0.986060 0.010508
vn -0.166059 0.986060 0.010508
vn -0.166059 0.986060 0.010508
vn -0.166059 0.986060 -0.010509
vn -0.166059 0.986060 -0.010509
vn -0.274306 0.921690 0.274306
vn -0.274306 0.921690 0.274306
vn -0.274306 0.921690 0.274306
vn -0.274306 0.921690 0.274306
vn -0.064785 0.987563 0.143256
vn -0.064785 0.987563 0.143256
vn -0.064785 0.987563 0.143256
vn -0.064785 0.987563 0.143256
vn -0.060332 0.997909 0.023209
vn -0.060332 0.997909 0.023209
vn -0.060332 0.997909 0.023209
vn -0.060332 0.997909 0.023209
vn -0.060332 0.997909 -0.023209
vn -0.060332 0.997909 -0.023209
vn -0.190374 0.969574 0.153898
vn -0.190374 0.969574 0.153898
vn -0.190374 0.969574 0.153898
vn -0.190374 0.969574 0.153898
vn 0.166059 0.986060 0.010508
vn 0.166059 0.986060 0.010508
vn 0.166059 0.986060 0.010508
vn 0.166059 0.986060 0.010508
vn 0.166059 0.986060 -0.010509
vn 0.166059 0.986060 -0.010509
vn 0.274306 0.921690 0.274306
vn 0.274306 0.921690 0.274306
vn 0.274306 0.921690 0.274306
vn 0.274306 0.921690 0.274306
vn 0.064785 0.987563 0.143256
vn 0.064785 0.987563 0.143256
vn 0.064785 0.987563 0.143256
vn 0.064785 0.987563 0.143256
vn 0.060332 0.997909 0.023209
vn 0.060332 0.997909 0.023209
vn 0.060332 0.997909 0.023209
vn 0.060332 0.997909 0.023209
vn 0.060332 0.997909 -0.023209
vn 0.060332 0.997909 -0.023209
vn 0.190374 0.969574 0.153898
vn 0.190374 0.969574 0.153898
vn 0.190374 0.969574 0.153898
vn 0.190374 0.969574 0.153898
vn -0.274306 0.921690 -0.274306
vn -0.274306 0.921690 -0.274306
vn -0.274306 0.921690 -0.274306
vn -0.274306 0.921690 -0.274306
vn -0.064785 0.987563 -0.143257
vn -0.064785 0.987563 -0.143257
vn -0.064785 0.987563 -0.143257
vn -0.064785 0.987563 -0.143257
vn -0.190374 0.969574 -0.153899
vn -0.190374 0.969574 -0.153899
vn -0.190374 0.969574 -0.153899
vn -0.190374 0.969574 -0.153899
vn 0.274306 0.921690 -0.274306
vn 0.274306 0.921690 -0.274306
vn 0.274306 0.921690 -0.274306
vn 0.274306 0.921690 -0.274306
vn 0.064785 0.987563 -0.143256
vn 0.064785 0.987563 -0.143256
vn 0.064785 0.987563 -0.143256
vn 0.064785 0.987563 -0.143256
vn 0.190374 0.969574 -0.153899
vn 0.190374 0.969574 -0.153899
vn 0.190374 0.969574 -0.153899
vn 0.190374 0.969574 -0.153899
vn 0.166046 -0.986062 -0.010534
vn 0.166046 -0.986062 -0.010534
vn 0.166046 -0.986062 -0.010534
vn 0.166046 -0.986062 -0.010534
vn 0.166046 -0.986062 0.010534
vn 0.166046 -0.986062 0.010534
vn 0.314378 -0.896492 -0.312200
vn 0.314378 -0.896492 -0.312200
vn 0.314378 -0.896492 -0.312200
vn 0.314378 -0.896492 -0.312200
vn 0.064877 -0.987553 -0.143282
vn 0.064877 -0.987553 -0.143282
vn 0.064877 -0.987553 -0.143282
vn 0.064877 -0.987553 -0.143282
vn 0.060347 -0.997907 -0.023247
vn 0.060347 -0.997907 -0.023247
vn 0.060347 -0.997907 -0.023247
vn 0.060347 -0.997907 -0.023247
vn 0.060347 -0.997907 0.023247
vn 0.060347 -0.997907 0.023247
vn 0.190706 -0.969414 -0.154491
vn 0.190706 -0.969414 -0.154491
vn 0.190706 -0.969414 -0.154491
vn 0.190706 -0.969414 -0.154491
vn -0.166046 -0.986062 -0.010534
vn -0.166046 -0.986062 -0.010534
vn -0.166046 -0.986062 -0.010534
vn -0.166046 -0.986062 -0.010534
vn -0.166046 -0.986062 0.010534
vn -0.166046 -0.986062 0.010534
vn -0.314379 -0.896492 -0.312200
vn -0.314379 -0.896492 -0.312200
vn -0.314379 -0.896492 -0.312200
vn -0.314379 -0.896492 -0.312200
vn -0.064877 -0.987553 -0.143282
vn -0.064877 -0.987553 -0.143282
vn -0.064877 -0.987553 -0.143282
vn -0.064877 -0.987553 -0.143282
vn -0.060347 -0.997907 -0.023247
vn -0.060347 -0.997907 -0.023247
vn -0.060347 -0.997907 -0.023247
vn -0.060347 -0.997907 -0.023247
vn -0.060347 -0.997907 0.023247
vn -0.060347 -0.997907 0.023247
vn -0.190706 -0.969414 -0.154491
vn -0.190706 -0.969414 -0.154491
vn -0.190706 -0.969414 -0.154491
vn -0.190706 -0.969414 -0.154491
vn 0.314378 -0.896492 0.312200
vn 0.314378 -0.896492 0.312200
vn 0.314378 -0.896492 0.312200
vn 0.314378 -0.896492 0.312200
vn 0.064877 -0.987553 0.143282
vn 0.064877 -0.987553 0.143282
vn 0.064877 -0.987553 0.143282
vn 0.064877 -0.987553 0.143282
vn 0.190706 -0.969414 0.154492
vn 0.190706 -0.969414 0.154492
vn 0.190706 -0.969414 0.154492
vn 0.190706 -0.969414 0.154492
vn -0.314378 -0.896492 0.312200
vn -0.314378 -0.896492 0.312200
vn -0.314378 -0.896492 0.312200
vn -0.314378 -0.896492 0.312200
vn -0.064877 -0.987553 0.143282
vn -0.064877 -0.987553 0.143282
vn -0.064877 -0.987553 0.143282
vn -0.064877 -0.987553 0.143282
vn -0.190706 -0.969414 0.154492
vn -0.190706 -0.969414 0.154492
vn -0.190706 -0.969414 0.154492
vn -0.190706 -0.969414 0.154492
vn -0.148736 -0.281564 0.947945
vn -0.148736 -0.281564 0.947945
vn -0.148736 -0.281564 0.947945
vn -0.148736 -0.281564 0.947945
vn 0.181001 -0.386059 0.904542
vn 0.181001 -0.386059 0.904542
vn 0.181001 -0.386059 0.904542
vn 0.181001 -0.386059 0.904542
vn -0.864363 -0.498740 0.064303
vn -0.864363 -0.498740 0.064303
vn -0.864363 -0.498740 0.064303
vn -0.864363 -0.498740 0.064303
vn -0.663239 -0.744026 -0.080872
vn -0.663239 -0.744026 -0.080872
vn -0.663239 -0.744026 -0.080872
vn -0.663239 -0.744026 -0.080872
vn 0.130950 -0.725346 0.675814
vn 0.130950 -0.725346 0.675814
vn 0.130950 -0.725346 0.675814
vn 0.130950 -0.725346 0.675814
vn -0.959939 -0.280146 -0.005928
vn -0.949315 -0.314246 -0.007063
vn -0.949315 -0.314246 -0.007063
vn -0.959939 -0.280146 -0.005928
vn -0.959939 -0.280146 -0.005928
vn -0.959939 -0.280146 -0.005928
vn -0.959939 -0.280146 0.005928
vn -0.959939 -0.280146 0.005928
vn -0.949315 -0.314246 0.007063
vn -0.949315 -0.314246 0.007063
vn 0.148736 -0.281564 0.947945
vn 0.148736 -0.281564 0.947945
vn 0.148736 -0.281564 0.947945
vn 0.148736 -0.281564 0.947945
vn -0.181001 -0.386060 0.904542
vn -0.181001 -0.386060 0.904542
vn -0.181001 -0.386060 0.904542
vn -0.181001 -0.386060 0.904542
vn 0.864363 -0.498741 0.064303
vn 0.864363 -0.498741 0.064303
vn 0.864363 -0.498741 0.064303
vn 0.864363 -0.498741 0.064303
vn 0.663239 -0.744025 -0.080871
vn 0.663239 -0.744025 -0.080871
vn 0.663239 -0.744025 -0.080871
vn 0.663239 -0.744025 -0.080871
vn -0.130951 -0.725347 0.675814
vn -0.130951 -0.725347 0.675814
vn -0.130951 -0.725347 0.675814
vn -0.130951 -0.725347 0.675814
vn 0.949315 -0.314248 -0.007064
vn 0.949315 -0.314248 -0.007064
vn 0.959939 -0.280146 -0.005928
vn 0.959939 -0.280146 -0.005928
vn 0.959939 -0.280146 -0.005928
vn 0.959939 -0.280146 -0.005928
vn 0.959939 -0.280146 0.005928
vn 0.959939 -0.280146 0.005928
vn 0.949315 -0.314248 0.007064
vn 0.949315 -0.314248 0.007064
vn -0.148736 -0.281565 -0.947945
vn -0.148736 -0.281565 -0.947945
vn -0.148736 -0.281565 -0.947945
vn -0.148736 -0.281565 -0.947945
vn 0.181001 -0.386064 -0.904541
vn 0.181001 -0.386064 -0.904541
vn 0.181001 -0.386064 -0.904541
vn 0.181001 -0.386064 -0.904541
vn -0.864363 -0.498740 -0.064303
vn -0.864363 -0.498740 -0.064303
vn -0.864363 -0.498740 -0.064303
vn -0.864363 -0.498740 -0.064303
vn -0.663238 -0.744026 0.080871
vn -0.663238 -0.744026 0.080871
vn -0.663238 -0.744026 0.080871
vn -0.663238 -0.744026 0.080871
vn 0.130949 -0.725346 -0.675815
vn 0.130949 -0.725346 -0.675815
vn 0.130949 -0.725346 -0.675815
vn 0.130949 -0.725346 -0.675815
vn 0.148736 -0.281565 -0.947945
vn 0.148736 -0.281565 -0.947945
vn 0.148736 -0.281565 -0.947945
vn 0.148736 -0.281565 -0.947945
vn -0.181001 -0.386064 -0.904541
vn -0.181001 -0.386064 -0.904541
vn -0.181001 -0.386064 -0.904541
vn -0.181001 -0.386064 -0.904541
vn 0.864362 -0.498741 -0.064302
vn 0.864362 -0.498741 -0.064302
vn 0.864362 -0.498741 -0.064302
vn 0.864362 -0.498741 -0.064302
vn 0.663239 -0.744026 0.080871
vn 0.663239 -0.744026 0.080871
vn 0.663239 -0.744026 0.080871
vn 0.663239 -0.744026 0.080871
vn -0.130949 -0.725345 -0.675815
vn -0.130949 -0.725345 -0.675815
vn -0.130949 -0.725345 -0.675815
vn -0.130949 -0.725345 -0.675815
vn 0.805248 -0.580354 -0.121508
vn 0.805248 -0.580354 -0.121508
vn 0.805248 -0.580354 -0.121508
vn 0.805248 -0.580354 -0.121508
vn 0.805248 0.580354 -0.121508
vn 0.805248 0.580354 -0.121508
vn 0.805248 0.580354 -0.121508
vn 0.805248 0.580354 -0.121508
vn 0.720773 0.530415 -0.446259
vn 0.720773 0.530415 -0.446259
vn 0.720773 0.530415 -0.446259
vn 0.720773 0.530415 -0.446259
vn 0.720773 -0.530415 -0.446259
vn 0.720773 -0.530415 -0.446259
vn 0.720773 -0.530415 -0.446259
vn 0.720773 -0.530415 -0.446259
vn -0.121508 -0.580354 -0.805248
vn -0.121508 -0.580354 -0.805248
vn -0.121508 -0.580354 -0.805248
vn -0.121508 -0.580354 -0.805248
vn -0.121508 0.580354 -0.805249
vn -0.121508 0.580354 -0.805249
vn -0.121508 0.580354 -0.805249
vn -0.121508 0.580354 -0.805249
vn -0.446258 0.530415 -0.720773
vn -0.446258 0.530415 -0.720773
vn -0.446258 0.530415 -0.720773
vn -0.446258 0.530415 -0.720773
vn -0.446259 -0.530415 -0.720773
vn -0.446259 -0.530415 -0.720773
vn -0.446259 -0.530415 -0.720773
vn -0.446259 -0.530415 -0.720773
vn -0.805248 -0.580354 0.121508
vn -0.805248 -0.580354 0.121508
vn -0.805248 -0.580354 0.121508
vn -0.805248 -0.580354 0.121508
vn -0.805248 0.580354 0.121508
vn -0.805248 0.580354 0.121508
vn -0.805248 0.580354 0.121508
vn -0.805248 0.580354 0.121508
vn -0.720773 0.530415 0.446258
vn -0.720773 0.530415 0.446258
vn -0.720773 0.530415 0.446258
vn -0.720773 0.530415 0.446258
vn -0.720773 -0.530415 0.446258
vn -0.720773 -0.530415 0.446258
vn -0.720773 -0.530415 0.446258
vn -0.720773 -0.530415 0.446258
vn 0.121508 -0.580354 0.805248
vn 0.121508 -0.580354 0.805248
vn 0.121508 -0.580354 0.805248
vn 0.121508 -0.580354 0.805248
vn 0.121508 0.580354 0.805248
vn 0.121508 0.580354 0.805248
vn 0.121508 0.580354 0.805248
vn 0.121508 0.580354 0.805248
vn 0.446259 0.530415 0.720773
vn 0.446259 0.530415 0.720773
vn 0.446259 0.530415 0.720773
vn 0.446259 0.530415 0.720773
vn 0.446259 -0.530415 0.720773
vn 0.446259 -0.530415 0.720773
vn 0.446259 -0.530415 0.720773
vn 0.446259 -0.530415 0.720773
vn -0.171805 -0.984528 0.034456
vn -0.171805 -0.984528 0.034456
vn -0.171805 -0.984528 0.034456
vn -0.171805 -0.984528 0.034456
vn -0.237423 -0.941945 0.237423
vn -0.237423 -0.941945 0.237423
vn -0.237423 -0.941945 0.237423
vn -0.237423 -0.941945 0.237423
vn -0.034456 -0.984528 0.171806
vn -0.034456 -0.984528 0.171806
vn -0.034456 -0.984528 0.171806
vn -0.034456 -0.984528 0.171806
vn 0.171806 0.984528 0.034456
vn 0.171806 0.984528 0.034456
vn 0.171806 0.984528 0.034456
vn 0.171806 0.984528 0.034456
vn 0.237423 0.941945 0.237423
vn 0.237423 0.941945 0.237423
vn 0.237423 0.941945 0.237423
vn 0.237423 0.941945 0.237423
vn 0.034456 0.984528 0.171805
vn 0.034456 0.984528 0.171805
vn 0.034456 0.984528 0.171805
vn 0.034456 0.984528 0.171805
vn -0.171805 0.984528 0.034456
vn -0.171805 0.984528 0.034456
vn -0.171805 0.984528 0.034456
vn -0.171805 0.984528 0.034456
vn -0.034456 0.984528 0.171805
vn -0.034456 0.984528 0.171805
vn -0.034456 0.984528 0.171805
vn -0.034456 0.984528 0.171805
vn -0.237423 0.941945 0.237423
vn -0.237423 0.941945 0.237423
vn -0.237423 0.941945 0.237423
vn -0.237423 0.941945 0.237423
vn 0.171805 -0.984528 0.034457
vn 0.171805 -0.984528 0.034457
vn 0.171805 -0.984528 0.034457
vn 0.171805 -0.984528 0.034457
vn 0.034456 -0.984528 0.171806
vn 0.034456 -0.984528 0.171806
vn 0.034456 -0.984528 0.171806
vn 0.034456 -0.984528 0.171806
vn 0.237423 -0.941945 0.237423
vn 0.237423 -0.941945 0.237423
vn 0.237423 -0.941945 0.237423
vn 0.237423 -0.941945 0.237423
vn -0.446258 -0.530415 0.720773
vn -0.446258 -0.530415 0.720773
vn -0.446258 -0.530415 0.720773
vn -0.446258 -0.530415 0.720773
vn -0.446258 0.530415 0.720773
vn -0.446258 0.530415 0.720773
vn -0.446258 0.530415 0.720773
vn -0.446258 0.530415 0.720773
vn -0.121508 0.580354 0.805248
vn -0.121508 0.580354 0.805248
vn -0.121508 0.580354 0.805248
vn -0.121508 0.580354 0.805248
vn -0.121508 -0.580354 0.805248
vn -0.121508 -0.580354 0.805248
vn -0.121508 -0.580354 0.805248
vn -0.121508 -0.580354 0.805248
vn 0.446259 -0.530415 -0.720773
vn 0.446259 -0.530415 -0.720773
vn 0.446259 -0.530415 -0.720773
vn 0.446259 -0.530415 -0.720773
vn 0.446259 0.530415 -0.720773
vn 0.446259 0.530415 -0.720773
vn 0.446259 0.530415 -0.720773
vn 0.446259 0.530415 -0.720773
vn 0.121508 0.580354 -0.805249
vn 0.121508 0.580354 -0.805249
vn 0.121508 0.580354 -0.805249
vn 0.121508 0.580354 -0.805249
vn 0.121508 -0.580354 -0.805249
vn 0.121508 -0.580354 -0.805249
vn 0.121508 -0.580354 -0.805249
vn 0.121508 -0.580354 -0.805249
vn 0.237423 -0.941945 -0.237423
vn 0.237423 -0.941945 -0.237423
vn 0.237423 -0.941945 -0.237423
vn 0.237423 -0.941945 -0.237423
vn 0.034456 -0.984528 -0.171805
vn 0.034456 -0.984528 -0.171805
vn 0.034456 -0.984528 -0.171805
vn 0.034456 -0.984528 -0.171805
vn 0.171805 -0.984528 -0.034456
vn 0.171805 -0.984528 -0.034456
vn 0.171805 -0.984528 -0.034456
vn 0.171805 -0.984528 -0.034456
vn -0.237423 0.941945 -0.237423
vn -0.237423 0.941945 -0.237423
vn -0.237423 0.941945 -0.237423
vn -0.237423 0.941945 -0.237423
vn -0.034456 0.984528 -0.171805
vn -0.034456 0.984528 -0.171805
vn -0.034456 0.984528 -0.171805
vn -0.034456 0.984528 -0.171805
vn -0.171805 0.984528 -0.034457
vn -0.171805 0.984528 -0.034457
vn -0.171805 0.984528 -0.034457
vn -0.171805 0.984528 -0.034457
vn 0.034456 0.984528 -0.171805
vn 0.034456 0.984528 -0.171805
vn 0.034456 0.984528 -0.171805
vn 0.034456 0.984528 -0.171805
vn 0.237423 0.941945 -0.237423
vn 0.237423 0.941945 -0.237423
vn 0.237423 0.941945 -0.237423
vn 0.237423 0.941945 -0.237423
vn 0.171805 0.984528 -0.034457
vn 0.171805 0.984528 -0.034457
vn 0.171805 0.984528 -0.034457
vn 0.171805 0.984528 -0.034457
vn -0.034456 -0.984528 -0.171805
vn -0.034456 -0.984528 -0.171805
vn -0.034456 -0.984528 -0.171805
vn -0.034456 -0.984528 -0.171805
vn -0.237423 -0.941945 -0.237422
vn -0.237423 -0.941945 -0.237422
vn -0.237423 -0.941945 -0.237422
vn -0.237423 -0.941945 -0.237422
vn -0.171805 -0.984528 -0.034456
vn -0.171805 -0.984528 -0.034456
vn -0.171805 -0.984528 -0.034456
vn -0.171805 -0.984528 -0.034456
vn -0.720773 -0.530415 -0.446258
vn -0.720773 -0.530415 -0.446258
vn -0.720773 -0.530415 -0.446258
vn -0.720773 -0.530415 -0.446258
vn -0.720773 0.530415 -0.446258
vn -0.720773 0.530415 -0.446258
vn -0.720773 0.530415 -0.446258
vn -0.720773 0.530415 -0.446258
vn -0.805248 0.580354 -0.121508
vn -0.805248 0.580354 -0.121508
vn -0.805248 0.580354 -0.121508
vn -0.805248 0.580354 -0.121508
vn -0.805248 -0.580354 -0.121508
vn -0.805248 -0.580354 -0.121508
vn -0.805248 -0.580354 -0.121508
vn -0.805248 -0.580354 -0.121508
vn 0.720773 -0.530415 0.446259
vn 0.720773 -0.530415 0.446259
vn 0.720773 -0.530415 0.446259
vn 0.720773 -0.530415 0.446259
vn 0.720773 0.530415 0.446259
vn 0.720773 0.530415 0.446259
vn 0.720773 0.530415 0.446259
vn 0.720773 0.530415 0.446259
vn 0.805248 0.580354 0.121508
vn 0.805248 0.580354 0.121508
vn 0.805248 0.580354 0.121508
vn 0.805248 0.580354 0.121508
vn 0.805248 -0.580354 0.121508
vn 0.805248 -0.580354 0.121508
vn 0.805248 -0.580354 0.121508
vn 0.805248 -0.580354 0.121508
vn -0.011379 -0.999871 -0.011379
vn 0.011379 -0.999871 -0.011379
vn -0.011379 -0.999871 0.011379
vn -0.011379 -0.999871 0.011379
vn 0.011379 -0.999871 -0.011379
vn -0.011379 -0.999871 0.011379
vn 0.011379 -0.999871 0.011379
vn -0.011379 -0.999871 0.011379
vn 0.011379 -0.999871 0.011379
vn 0.011379 0.999871 -0.011379
vn -0.011379 0.999871 -0.011379
vn 0.011379 0.999871 0.011379
vn 0.011379 0.999871 0.011379
vn -0.011379 0.999871 -0.011379
vn 0.011379 0.999871 0.011379
vn -0.011379 0.999871 0.011379
vn 0.011379 0.999871 0.011379
vn -0.011379 0.999871 0.011379
vn -0.379864 0.015122 -0.924919
vn -0.379864 0.015122 -0.924919
vn -0.379864 0.015122 -0.924919
vn -0.379864 0.015122 -0.924919
vn -0.921125 -0.042857 -0.386902
vn -0.921125 -0.042857 -0.386902
vn -0.921125 -0.042857 -0.386902
vn -0.921125 -0.042857 -0.386902
vn -0.922803 -0.075731 0.377757
vn -0.922803 -0.075731 0.377757
vn -0.922803 -0.075731 0.377757
vn -0.922803 -0.075731 0.377757
vn -0.383915 -0.064243 0.921131
vn -0.383915 -0.064243 0.921131
vn -0.383915 -0.064243 0.921131
vn -0.383915 -0.064243 0.921131
vn 0.379865 -0.015122 0.924919
vn 0.379865 -0.015122 0.924919
vn 0.379865 -0.015122 0.924919
vn 0.379865 -0.015122 0.924919
vn 0.921125 0.042857 0.386902
vn 0.921125 0.042857 0.386902
vn 0.921125 0.042857 0.386902
vn 0.921125 0.042857 0.386902
vn -0.064333 0.997014 0.042723
vn -0.064333 0.997014 0.042723
vn -0.064333 0.997014 0.042723
vn -0.064333 0.997014 0.042723
vn -0.064333 0.997014 0.042723
vn -0.064333 0.997014 0.042723
vn -0.064333 0.997014 0.042723
vn -0.064333 0.997014 0.042723
vn 0.922803 0.075732 -0.377757
vn 0.922803 0.075732 -0.377757
vn 0.922803 0.075732 -0.377757
vn 0.922803 0.075732 -0.377757
vn 0.383915 0.064244 -0.921131
vn 0.383915 0.064244 -0.921131
vn 0.383915 0.064244 -0.921131
vn 0.383915 0.064244 -0.921131
vn 0.064333 -0.997014 -0.042723
vn 0.064333 -0.997014 -0.042723
vn 0.064333 -0.997014 -0.042723
vn 0.064333 -0.997014 -0.042723
vn 0.064333 -0.997014 -0.042723
vn 0.064333 -0.997014 -0.042723
vn 0.064333 -0.997014 -0.042723
vn 0.064333 -0.997014 -0.042723
vn -0.389852 -0.024545 -0.920550
vn -0.389852 -0.024545 -0.920550
vn -0.389852 -0.024545 -0.920550
vn -0.389852 -0.024545 -0.920550
vn -0.926675 -0.025212 -0.375017
vn -0.926675 -0.025212 -0.375017
vn -0.926675 -0.025212 -0.375017
vn -0.926675 -0.025212 -0.375017
vn -0.920665 -0.011111 0.390197
vn -0.920665 -0.011111 0.390197
vn -0.920665 -0.011111 0.390197
vn -0.920665 -0.011111 0.390197
vn -0.375341 0.009499 0.926838
vn -0.375341 0.009499 0.926838
vn -0.375341 0.009499 0.926838
vn -0.375341 0.009499 0.926838
vn 0.389852 0.024545 0.920551
vn 0.389852 0.024545 0.920551
vn 0.389852 0.024545 0.920551
vn 0.389852 0.024545 0.920551
vn 0.926675 0.025213 0.375017
vn 0.926675 0.025213 0.375017
vn 0.926675 0.025213 0.375017
vn 0.926675 0.025213 0.375017
vn -0.019806 0.999637 -0.018266
vn -0.019806 0.999637 -0.018266
vn -0.019806 0.999637 -0.018266
vn -0.019806 0.999637 -0.018266
vn -0.019806 0.999637 -0.018266
vn -0.019806 0.999637 -0.018266
vn -0.019806 0.999637 -0.018266
vn -0.019806 0.999637 -0.018266
vn 0.920665 0.011111 -0.390196
vn 0.920665 0.011111 -0.390196
vn 0.920665 0.011111 -0.390196
vn 0.920665 0.011111 -0.390196
vn 0.375341 -0.009499 -0.926838
vn 0.375341 -0.009499 -0.926838
vn 0.375341 -0.009499 -0.926838
vn 0.375341 -0.009499 -0.926838
vn 0.019806 -0.999637 0.018266
vn 0.019806 -0.999637 0.018266
vn 0.019806 -0.999637 0.018266
vn 0.019806 -0.999637 0.018266
vn 0.019806 -0.999637 0.018266
vn 0.019806 -0.999637 0.018266
vn 0.019806 -0.999637 0.018266
vn 0.019806 -0.999637 0.018266
vn -0.478911 0.101790 -0.871942
vn -0.478911 0.101790 -0.871942
vn -0.478911 0.101790 -0.871942
vn -0.478911 0.101790 -0.871942
vn -0.944562 0.186212 -0.270421
vn -0.944562 0.186212 -0.270421
vn -0.944562 0.186212 -0.270421
vn -0.944562 0.186212 -0.270421
vn -0.856902 0.161553 0.489509
vn -0.856902 0.161553 0.489509
vn -0.856902 0.161553 0.489509
vn -0.856902 0.161553 0.489509
vn -0.267280 0.042258 0.962692
vn -0.267280 0.042258 0.962692
vn -0.267280 0.042258 0.962692
vn -0.267280 0.042258 0.962692
vn 0.478911 -0.101791 0.871942
vn 0.478911 -0.101791 0.871942
vn 0.478911 -0.101791 0.871942
vn 0.478911 -0.101791 0.871942
vn 0.944562 -0.186212 0.270421
vn 0.944562 -0.186212 0.270421
vn 0.944562 -0.186212 0.270421
vn 0.944562 -0.186212 0.270421
vn 0.190692 0.981600 0.009856
vn 0.190692 0.981600 0.009856
vn 0.190692 0.981600 0.009856
vn 0.190692 0.981600 0.009856
vn 0.190692 0.981600 0.009856
vn 0.190692 0.981600 0.009856
vn 0.190692 0.981600 0.009856
vn 0.190692 0.981600 0.009856
vn 0.856902 -0.161552 -0.489510
vn 0.856902 -0.161552 -0.489510
vn 0.856902 -0.161552 -0.489510
vn 0.856902 -0.161552 -0.489510
vn 0.267281 -0.042258 -0.962692
vn 0.267281 -0.042258 -0.962692
vn 0.267281 -0.042258 -0.962692
vn 0.267281 -0.042258 -0.962692
vn -0.190692 -0.981600 -0.009856
vn -0.190692 -0.981600 -0.009856
vn -0.190692 -0.981600 -0.009856
vn -0.190692 -0.981600 -0.009856
vn -0.190692 -0.981600 -0.009856
vn -0.190692 -0.981600 -0.009856
vn -0.190692 -0.981600 -0.009856
vn -0.190692 -0.981600 -0.009856
vn -0.386021 0.032156 -0.921929
vn -0.386021 0.032156 -0.921929
vn -0.386021 0.032156 -0.921929
vn -0.386021 0.032156 -0.921929
vn -0.925233 0.019246 -0.378910
vn -0.925233 0.019246 -0.378910
vn -0.925233 0.019246 -0.378910
vn -0.925233 0.019246 -0.378910
vn -0.922457 -0.004938 0.386069
vn -0.922457 -0.004938 0.386069
vn -0.922457 -0.004938 0.386069
vn -0.922457 -0.004938 0.386069
vn -0.379317 -0.026229 0.924895
vn -0.379317 -0.026229 0.924895
vn -0.379317 -0.026229 0.924895
vn -0.379317 -0.026229 0.924895
vn 0.386021 -0.032156 0.921929
vn 0.386021 -0.032156 0.921929
vn 0.386021 -0.032156 0.921929
vn 0.386021 -0.032156 0.921929
vn 0.925233 -0.019246 0.378910
vn 0.925233 -0.019246 0.378910
vn 0.925233 -0.019246 0.378910
vn 0.925233 -0.019246 0.378910
vn 0.007862 0.999471 0.031568
vn 0.007862 0.999471 0.031568
vn 0.007862 0.999471 0.031568
vn 0.007862 0.999471 0.031568
vn 0.007862 0.999471 0.031568
vn 0.007862 0.999471 0.031568
vn 0.007862 0.999471 0.031568
vn 0.007862 0.999471 0.031568
vn 0.922457 0.004938 -0.386069
vn 0.922457 0.004938 -0.386069
vn 0.922457 0.004938 -0.386069
vn 0.922457 0.004938 -0.386069
vn 0.379317 0.026229 -0.924895
vn 0.379317 0.026229 -0.924895
vn 0.379317 0.026229 -0.924895
vn 0.379317 0.026229 -0.924895
vn -0.007862 -0.999471 -0.031568
vn -0.007862 -0.999471 -0.031568
vn -0.007862 -0.999471 -0.031568
vn -0.007862 -0.999471 -0.031568
vn -0.007862 -0.999471 -0.031568
vn -0.007862 -0.999471 -0.031568
vn -0.007862 -0.999471 -0.031568
vn -0.007862 -0.999471 -0.031568
vn -0.424585 0.138840 -0.894679
vn -0.424585 0.138840 -0.894679
vn -0.424585 0.138840 -0.894679
vn -0.424585 0.138840 -0.894679
vn -0.940354 0.041153 -0.337700
vn -0.940354 0.041153 -0.337700
vn -0.940354 0.041153 -0.337700
vn -0.940354 0.041153 -0.337700
vn -0.905276 -0.080641 0.417099
vn -0.905276 -0.080641 0.417099
vn -0.905276 -0.080641 0.417099
vn -0.905276 -0.080641 0.417099
vn -0.339900 -0.155198 0.927568
vn -0.339900 -0.155198 0.927568
vn -0.339900 -0.155198 0.927568
vn -0.339900 -0.155198 0.927568
vn 0.424585 -0.138840 0.894679
vn 0.424585 -0.138840 0.894679
vn 0.424585 -0.138840 0.894679
vn 0.424585 -0.138840 0.894679
vn 0.940354 -0.041153 0.337700
vn 0.940354 -0.041153 0.337700
vn 0.940354 -0.041153 0.337700
vn 0.940354 -0.041153 0.337700
vn -0.014238 0.987026 0.159928
vn -0.014238 0.987026 0.159928
vn -0.014238 0.987026 0.159928
vn -0.014238 0.987026 0.159928
vn -0.014238 0.987026 0.159928
vn -0.014238 0.987026 0.159928
vn -0.014238 0.987026 0.159928
vn -0.014238 0.987026 0.159928
vn 0.905276 0.080641 -0.417100
vn 0.905276 0.080641 -0.417100
vn 0.905276 0.080641 -0.417100
vn 0.905276 0.080641 -0.417100
vn 0.339900 0.155197 -0.927568
vn 0.339900 0.155197 -0.927568
vn 0.339900 0.155197 -0.927568
vn 0.339900 0.155197 -0.927568
vn 0.014238 -0.987026 -0.159928
vn 0.014238 -0.987026 -0.159928
vn 0.014238 -0.987026 -0.159928
vn 0.014238 -0.987026 -0.159928
vn 0.014238 -0.987026 -0.159928
vn 0.014238 -0.987026 -0.159928
vn 0.014238 -0.987026 -0.159928
vn 0.014238 -0.987026 -0.159928
vn 0.265574 0.857852 0.439956
vn 0.265574 0.857852 0.439956
vn 0.265574 0.857852 0.439956
vn -0.567742 0.590538 -0.573528
vn -0.567742 0.590538 -0.573528
vn -0.567742 0.590538 -0.573528
vn 0.081423 0.987718 0.133354
vn 0.081423 0.987718 0.133354
vn 0.081423 0.987718 0.133354
vn 0.583366 0.594600 0.553295
vn 0.583366 0.594600 0.553295
vn 0.583366 0.594600 0.553295
vn 0.280570 0.917106 0.283190
vn 0.280570 0.917106 0.283190
vn 0.280570 0.917106 0.283190
vn -0.227201 0.915982 -0.330691
vn -0.227201 0.915982 -0.330691
vn -0.227201 0.915982 -0.330691
vn -0.572601 0.103740 -0.813244
vn -0.572601 0.103740 -0.813244
vn -0.572601 0.103740 -0.813244
vn -0.100154 0.953874 -0.283009
vn -0.100154 0.953874 -0.283009
vn -0.100154 0.953874 -0.283009
vn -0.713429 0.343903 -0.610532
vn -0.713429 0.343903 -0.610532
vn -0.713429 0.343903 -0.610532
vn -0.762812 0.576492 -0.292873
vn -0.762812 0.576492 -0.292873
vn -0.762812 0.576492 -0.292873
vn 0.298982 0.943664 -0.141804
vn 0.298982 0.943664 -0.141804
vn 0.298982 0.943664 -0.141804
vn -0.729474 0.657637 -0.188096
vn -0.729474 0.657637 -0.188096
vn -0.729474 0.657637 -0.188096
vn -0.199324 0.969293 -0.144018
vn -0.199324 0.969293 -0.144018
vn -0.199324 0.969293 -0.144018
vn 0.023654 0.996706 -0.077570
vn 0.023654 0.996706 -0.077570
vn 0.023654 0.996706 -0.077570
vn -0.994878 0.090036 0.045951
vn -0.994878 0.090036 0.045951
vn -0.994878 0.090036 0.045951
vn 0.049031 0.993824 -0.099544
vn 0.049031 0.993824 -0.099544
vn 0.049031 0.993824 -0.099544
vn -0.987917 0.153021 -0.024577
vn -0.987917 0.153021 -0.024577
vn -0.987917 0.153021 -0.024577
vn 0.962667 0.214531 0.165075
vn 0.962667 0.214531 0.165075
vn 0.962667 0.214531 0.165075
vn 0.344731 0.933661 -0.097150
vn 0.344731 0.933661 -0.097150
vn 0.344731 0.933661 -0.097150
vn -0.090909 0.993881 -0.062737
vn -0.090909 0.993881 -0.062737
vn -0.090909 0.993881 -0.062737
vn -0.833462 0.479718 -0.274246
vn -0.833462 0.479718 -0.274246
vn -0.833462 0.479718 -0.274246
vn 0.528120 0.834555 -0.156866
vn 0.528120 0.834555 -0.156866
vn 0.528120 0.834555 -0.156866
vn -0.285744 0.472979 0.833451
vn -0.285744 0.472979 0.833451
vn -0.285744 0.472979 0.833451
vn -0.322006 0.801700 0.503576
vn -0.322006 0.801700 0.503576
vn -0.322006 0.801700 0.503576
vn 0.525843 0.366320 -0.767658
vn 0.525843 0.366320 -0.767658
vn 0.525843 0.366320 -0.767658
vn 0.248471 0.915271 -0.317083
vn 0.248471 0.915271 -0.317083
vn 0.248471 0.915271 -0.317083
vn -0.553299 0.282708 0.783541
vn -0.553299 0.282708 0.783541
vn -0.553299 0.282708 0.783541
vn 0.002047 0.999650 0.026382
vn 0.002047 0.999650 0.026382
vn 0.002047 0.999650 0.026382
vn 0.316614 0.774830 -0.547169
vn 0.316614 0.774830 -0.547169
vn 0.316614 0.774830 -0.547169
vn 0.555536 0.505352 -0.660302
vn 0.555536 0.505352 -0.660302
vn 0.555536 0.505352 -0.660302
vn -0.277945 0.822997 0.495402
vn -0.277945 0.822997 0.495402
vn -0.277945 0.822997 0.495402
vn -0.168064 0.923178 0.345684
vn -0.168064 0.923178 0.345684
vn -0.168064 0.923178 0.345684
vn -0.550359 -0.565027 0.614695
vn -0.550359 -0.565027 0.614695
vn -0.550359 -0.565027 0.614695
vn 0.268511 0.131943 -0.954198
vn 0.268511 0.131943 -0.954198
vn 0.268511 0.131943 -0.954198
vn 0.114308 -0.284372 0.951875
vn 0.114308 -0.284372 0.951875
vn 0.114308 -0.284372 0.951875
vn 0.094539 0.855650 0.508848
vn 0.094539 0.855650 0.508848
vn 0.094539 0.855650 0.508848
vn 0.077155 0.771310 0.631765
vn 0.077155 0.771310 0.631765
vn 0.077155 0.771310 0.631765
vn 0.000177 0.886538 -0.462656
vn 0.000177 0.886538 -0.462656
vn 0.000177 0.886538 -0.462656
vn -0.040836 0.832593 0.552379
vn -0.040836 0.832593 0.552379
vn -0.040836 0.832593 0.552379
vn -0.076461 0.555750 -0.827826
vn -0.076461 0.555750 -0.827826
vn -0.076461 0.555750 -0.827826
vn 0.103217 0.718666 0.687653
vn 0.103217 0.718666 0.687653
vn 0.103217 0.718666 0.687653
vn 0.056100 -0.137906 -0.988855
vn 0.056100 -0.137906 -0.988855
vn 0.056100 -0.137906 -0.988855
vn 0.207841 0.401704 -0.891872
vn 0.207841 0.401704 -0.891872
vn 0.207841 0.401704 -0.891872
vn 0.119779 0.992031 -0.039091
vn 0.119779 0.992031 -0.039091
vn 0.119779 0.992031 -0.039091
vn -0.108109 0.801114 0.588667
vn -0.108109 0.801114 0.588667
vn -0.108109 0.801114 0.588667
vn -0.152558 0.808965 -0.567716
vn -0.152558 0.808965 -0.567716
vn -0.152558 0.808965 -0.567716
vn 0.179707 0.982328 0.052326
vn 0.179707 0.982328 0.052326
vn 0.179707 0.982328 0.052326
vn 0.156466 0.987512 0.018385
vn 0.156466 0.987512 0.018385
vn -0.638725 -0.067369 -0.766481
vn -0.638725 -0.067369 -0.766481
vn -0.638725 -0.067369 -0.766481
vn 0.575807 0.577920 0.578321
vn 0.575807 0.577920 0.578321
vn 0.575807 0.577920 0.578321
vn -0.500377 0.296178 -0.813573
vn -0.500377 0.296178 -0.813573
vn -0.500377 0.296178 -0.813573
vn 0.320215 0.671614 0.668130
vn 0.320215 0.671614 0.668130
vn 0.320215 0.671614 0.668130
vn -0.270364 0.464665 -0.843202
vn -0.270364 0.464665 -0.843202
vn -0.270364 0.464665 -0.843202
vn 0.112106 0.969018 0.220082
vn 0.112106 0.969018 0.220082
vn 0.112106 0.969018 0.220082
vn -0.346671 -0.042774 -0.937011
vn -0.346671 -0.042774 -0.937011
vn -0.346671 -0.042774 -0.937011
vn 0.754127 0.539860 -0.373957
vn 0.754127 0.539860 -0.373957
vn 0.754127 0.539860 -0.373957
vn 0.600503 0.513280 -0.613139
vn 0.600503 0.513280 -0.613139
vn 0.600503 0.513280 -0.613139
vn -0.678440 -0.293580 0.673446
vn -0.678440 -0.293580 0.673446
vn -0.678440 -0.293580 0.673446
vn -0.124250 0.972087 0.199022
vn -0.124250 0.972087 0.199022
vn -0.124250 0.972087 0.199022
vn 0.515571 0.800937 -0.304444
vn 0.515571 0.800937 -0.304444
vn 0.515571 0.800937 -0.304444
vn -0.627351 0.644984 0.436378
vn -0.627351 0.644984 0.436378
vn -0.627351 0.644984 0.436378
vn -0.293496 0.931486 0.214927
vn -0.293496 0.931486 0.214927
vn -0.293496 0.931486 0.214927
vn -0.371828 0.829623 0.416497
vn -0.371828 0.829623 0.416497
vn -0.371828 0.829623 0.416497
vn -0.219856 0.923350 0.314783
vn -0.219856 0.923350 0.314783
vn -0.219856 0.923350 0.314783
vn 0.270297 0.948873 -0.163032
vn 0.270297 0.948873 -0.163032
vn 0.270297 0.948873 -0.163032
vn 0.651596 0.579275 -0.489758
vn 0.651596 0.579275 -0.489758
vn 0.651596 0.579275 -0.489758
vn -0.789809 0.398049 0.466646
vn -0.789809 0.398049 0.466646
vn -0.789809 0.398049 0.466646
vn -0.164448 0.983283 0.078182
vn -0.164448 0.983283 0.078182
vn -0.164448 0.983283 0.078182
vn 0.808992 0.361761 -0.463315
vn 0.808992 0.361761 -0.463315
vn 0.808992 0.361761 -0.463315
vn -0.528158 0.554890 0.642765
vn -0.528158 0.554890 0.642765
vn -0.528158 0.554890 0.642765
vn 0.182681 0.980852 0.067505
vn 0.182681 0.980852 0.067505
vn 0.182681 0.980852 0.067505
vn -0.278916 0.920874 -0.272393
vn -0.278916 0.920874 -0.272393
vn -0.278916 0.920874 -0.272393
vn -0.608358 0.513989 -0.604744
vn -0.608358 0.513989 -0.604744
vn -0.608358 0.513989 -0.604744
vn 0.173376 0.972386 0.156225
vn 0.173376 0.972386 0.156225
vn 0.173376 0.972386 0.156225
vn 0.217705 0.945408 0.242505
vn 0.217705 0.945408 0.242505
vn 0.217705 0.945408 0.242505
vn 0.098123 0.992046 0.078844
vn 0.098123 0.992046 0.078844
vn 0.098123 0.992046 0.078844
vn 0.135166 0.964340 0.227549
vn 0.135166 0.964340 0.227549
vn 0.135166 0.964340 0.227549
vn -0.320507 0.894129 -0.312744
vn -0.320507 0.894129 -0.312744
vn -0.320507 0.894129 -0.312744
vn 0.153015 0.982452 0.106650
vn 0.153015 0.982452 0.106650
vn 0.153015 0.982452 0.106650
vn 0.366574 0.840944 0.398043
vn 0.366574 0.840944 0.398043
vn 0.366574 0.840944 0.398043
vn -0.515133 0.590541 -0.621208
vn -0.515133 0.590541 -0.621208
vn -0.515133 0.590541 -0.621208
vn -0.514096 0.421117 -0.747239
vn -0.514096 0.421117 -0.747239
vn -0.514096 0.421117 -0.747239
vn 0.502315 0.539052 0.676094
vn 0.502315 0.539052 0.676094
vn 0.502315 0.539052 0.676094
vn 0.083226 0.988657 0.125023
vn 0.083226 0.988657 0.125023
vn 0.083226 0.988657 0.125023
vn 0.465804 0.473876 0.747307
vn 0.465804 0.473876 0.747307
vn 0.465804 0.473876 0.747307
vn -0.790918 -0.001491 -0.611921
vn -0.790918 -0.001491 -0.611921
vn -0.790918 -0.001491 -0.611921
vn 0.986739 -0.150768 0.060123
vn 0.986739 -0.150768 0.060123
vn 0.986739 -0.150768 0.060123
vn -0.171802 0.970479 -0.169278
vn -0.171802 0.970479 -0.169278
vn -0.171802 0.970479 -0.169278
vn -0.093856 0.995295 -0.024057
vn -0.093856 0.995295 -0.024057
vn -0.093856 0.995295 -0.024057
vn 0.522906 0.851439 -0.040278
vn 0.522906 0.851439 -0.040278
vn 0.522906 0.851439 -0.040278
vn -0.518135 0.824668 -0.226845
vn -0.518135 0.824668 -0.226845
vn -0.518135 0.824668 -0.226845
vn -0.292659 0.953341 -0.074109
vn -0.292659 0.953341 -0.074109
vn -0.292659 0.953341 -0.074109
vn -0.141884 0.986576 -0.080853
vn -0.141884 0.986576 -0.080853
vn -0.141884 0.986576 -0.080853
vn 0.977429 0.176094 0.116718
vn 0.977429 0.176094 0.116718
vn 0.977429 0.176094 0.116718
vn 0.756838 0.646900 0.093361
vn 0.756838 0.646900 0.093361
vn 0.756838 0.646900 0.093361
vn -0.938818 0.264005 -0.221185
vn -0.938818 0.264005 -0.221185
vn -0.938818 0.264005 -0.221185
vn -0.541467 0.804342 -0.244639
vn -0.541467 0.804342 -0.244639
vn -0.541467 0.804342 -0.244639
vn 0.698437 0.695202 -0.169939
vn 0.698437 0.695202 -0.169939
vn 0.698437 0.695202 -0.169939
vn 0.190770 0.912754 -0.361230
vn 0.190770 0.912754 -0.361230
vn 0.190770 0.912754 -0.361230
vn -0.197934 0.963988 0.177619
vn -0.197934 0.963988 0.177619
vn -0.197934 0.963988 0.177619
vn -0.197942 0.845872 0.495297
vn -0.197942 0.845872 0.495297
vn -0.197942 0.845872 0.495297
vn 0.343526 0.489399 -0.801547
vn 0.343526 0.489399 -0.801547
vn 0.343526 0.489399 -0.801547
vn -0.254129 0.601907 0.757051
vn -0.254129 0.601907 0.757051
vn -0.254129 0.601907 0.757051
vn 0.440893 0.759984 -0.477533
vn 0.440893 0.759984 -0.477533
vn 0.440893 0.759984 -0.477533
vn -0.522248 0.402923 0.751605
vn -0.522248 0.402923 0.751605
vn -0.522248 0.402923 0.751605
vn 0.218140 0.948036 -0.231607
vn 0.218140 0.948036 -0.231607
vn 0.218140 0.948036 -0.231607
vn -0.449450 0.619759 0.643346
vn -0.449450 0.619759 0.643346
vn -0.449450 0.619759 0.643346
vn 0.243953 0.651618 -0.718248
vn 0.243953 0.651618 -0.718248
vn 0.243953 0.651618 -0.718248
vn 0.112302 0.942371 0.315159
vn 0.112302 0.942371 0.315159
vn 0.112302 0.942371 0.315159
vn -0.007370 -0.029582 0.999535
vn -0.007370 -0.029582 0.999535
vn -0.007370 -0.029582 0.999535
vn 0.075262 0.986352 0.146440
vn 0.075262 0.986352 0.146440
vn 0.075262 0.986352 0.146440
vn 0.020089 0.954770 0.296668
vn 0.020089 0.954770 0.296668
vn 0.020089 0.954770 0.296668
vn -0.169387 0.607231 0.776260
vn -0.169387 0.607231 0.776260
vn -0.169387 0.607231 0.776260
vn -0.082260 0.271892 -0.958806
vn -0.082260 0.271892 -0.958806
vn -0.082260 0.271892 -0.958806
vn 0.032724 0.998953 0.031985
vn 0.032724 0.998953 0.031985
vn 0.032724 0.998953 0.031985
vn 0.218523 0.276944 -0.935708
vn 0.218523 0.276944 -0.935708
vn 0.218523 0.276944 -0.935708
vn -0.022906 0.935381 0.352900
vn -0.022906 0.935381 0.352900
vn -0.022906 0.935381 0.352900
vn 0.241995 0.665485 -0.706094
vn 0.241995 0.665485 -0.706094
vn 0.241995 0.665485 -0.706094
vn 0.238246 0.423918 0.873803
vn 0.238246 0.423918 0.873803
vn 0.238246 0.423918 0.873803
vn 0.423939 0.817086 0.390701
vn 0.423939 0.817086 0.390701
vn 0.423939 0.817086 0.390701
vn 0.128938 0.988170 -0.083038
vn 0.128938 0.988170 -0.083038
vn 0.128938 0.988170 -0.083038
vn 0.443581 0.304602 0.842884
vn 0.443581 0.304602 0.842884
vn 0.443581 0.304602 0.842884
vn -0.484144 0.661791 -0.572396
vn -0.484144 0.661791 -0.572396
vn -0.484144 0.661791 -0.572396
vn 0.392540 0.858264 0.330598
vn 0.392540 0.858264 0.330598
vn 0.392540 0.858264 0.330598
vn -0.196729 0.760903 -0.618324
vn -0.196729 0.760903 -0.618324
vn -0.196729 0.760903 -0.618324
vn -0.004436 0.970228 -0.242152
vn -0.004436 0.970228 -0.242152
vn -0.004436 0.970228 -0.242152
vn 0.352043 0.542526 0.762713
vn 0.352043 0.542526 0.762713
vn 0.352043 0.542526 0.762713
vn -0.036300 0.889883 -0.454743
vn -0.036300 0.889883 -0.454743
vn -0.036300 0.889883 -0.454743
vn -0.350246 0.295640 -0.888777
vn -0.350246 0.295640 -0.888777
vn -0.350246 0.295640 -0.888777
vn 0.462329 0.824732 0.325683
vn 0.462329 0.824732 0.325683
vn 0.462329 0.824732 0.325683
vn 0.833339 -0.383646 -0.397948
vn 0.833339 -0.383646 -0.397948
vn 0.833339 -0.383646 -0.397948
vn 0.490288 0.633300 -0.598790
vn 0.490288 0.633300 -0.598790
vn 0.490288 0.633300 -0.598790
vn 0.502341 0.742039 -0.443882
vn 0.502341 0.742039 -0.443882
vn 0.502341 0.742039 -0.443882
vn -0.139167 0.988430 0.060315
vn -0.139167 0.988430 0.060315
vn -0.139167 0.988430 0.060315
vn -0.433004 0.682257 0.589096
vn -0.433004 0.682257 0.589096
vn -0.433004 0.682257 0.589096
vn 0.702386 -0.428222 -0.568578
vn 0.702386 -0.428222 -0.568578
vn 0.702386 -0.428222 -0.568578
vn -0.682251 0.568604 0.459591
vn -0.682251 0.568604 0.459591
vn -0.682251 0.568604 0.459591
vn -0.806344 0.344778 0.480560
vn -0.806344 0.344778 0.480560
vn -0.806344 0.344778 0.480560
vn -0.412438 0.875250 0.252651
vn -0.412438 0.875250 0.252651
vn -0.412438 0.875250 0.252651
vn 0.614123 0.685699 -0.390731
vn 0.614123 0.685699 -0.390731
vn 0.614123 0.685699 -0.390731
vn -0.556581 0.467035 0.687093
vn -0.556581 0.467035 0.687093
vn -0.556581 0.467035 0.687093
vn 0.451227 0.839155 0.303666
vn 0.451227 0.839155 0.303666
vn 0.451227 0.839155 0.303666
vn 0.478590 0.812959 0.331736
vn -0.012004 0.879131 0.476428
vn -0.012004 0.879131 0.476428
vn -0.012004 0.879131 0.476428
vn -0.012243 0.877991 0.478521
vn 0.601409 0.531350 0.596636
vn 0.601409 0.531350 0.596636
vn 0.601409 0.531350 0.596636
vn 0.588172 0.567344 0.576347
vn 0.713639 0.523515 -0.465458
vn 0.713639 0.523515 -0.465458
vn 0.713639 0.523515 -0.465458
vn 0.716887 0.517648 -0.467026
g Burger_LightYellow
usemtl LightYellow
f 1 2 3
f 4 5 3
f 4 6 5
f 7 8 9
f 10 11 12
f 13 14 15
f 16 17 18
f 19 20 21
f 22 23 24
f 25 26 27
f 28 29 30
f 31 32 33
f 34 35 36
f 37 38 39
f 40 41 42
f 43 44 45
f 46 47 48
f 49 50 51
f 52 53 54
f 55 56 57
f 58 59 60
f 61 62 63
f 64 65 66
f 67 68 69
f 70 71 72
f 73 74 75
f 76 77 78
f 79 80 81
f 82 83 84
f 85 86 87
f 88 89 90
f 91 92 93
f 94 95 96
f 97 98 99
f 100 101 102
f 103 104 105
f 106 107 108
f 109 110 111
f 112 113 114
f 115 116 117
f 118 119 120
f 121 122 123
f 124 125 126
f 127 128 129
f 130 131 132
f 133 134 135
f 136 137 138
f 139 140 141
f 142 143 144
f 145 146 147
f 148 149 150
f 151 152 153
f 154 155 156
f 157 158 159
f 160 161 162
f 163 164 165
f 166 167 168
f 169 170 171
f 172 173 174
f 175 176 177
f 178 179 180
f 181 182 183
f 184 185 186
f 187 188 189
f 190 191 192
f 193 194 195
f 196 197 198
f 199 200 201
f 202 203 204
f 205 206 207
f 208 209 210
f 211 209 208
f 212 213 214
f 213 215 214
f 216 217 218
f 218 217 219
f 220 221 222
f 222 223 220
f 222 224 223
f 225 226 227
f 225 227 228
f 229 230 231
f 229 231 232
f 233 234 235
f 233 235 236
f 237 238 239
f 237 239 240
f 241 242 243
f 241 243 244
f 245 246 247
f 245 247 248
f 249 250 251
f 249 251 252
f 253 254 255
f 253 255 256
f 257 258 259
f 257 259 260
f 261 262 263
f 263 264 261
f 264 265 261
f 265 266 261
f 265 267 266
f 267 268 266
f 267 269 268
f 269 270 268
f 271 272 273
f 273 272 274
f 275 276 277
f 277 278 275
f 277 279 278
f 280 281 282
f 280 282 283
f 284 285 286
f 284 286 287
f 288 289 290
f 288 290 291
f 292 293 294
f 292 294 295
f 296 297 298
f 296 298 299
f 300 301 302
f 300 302 303
f 304 305 306
f 304 306 307
f 308 309 310
f 308 310 311
f 312 313 314
f 312 314 315
f 316 317 318
f 318 319 316
f 319 320 316
f 319 321 320
f 321 322 320
f 321 323 322
f 323 324 322
f 324 325 322
g Burger_White
usemtl White
f 326 327 328
f 326 328 329
f 330 331 332
f 330 332 333
f 334 335 336
f 334 336 337
f 338 339 340
f 338 340 341
f 342 343 344
f 342 344 345
f 346 347 348
f 346 348 349
f 350 351 352
f 350 352 353
f 354 355 356
f 354 356 357
f 358 359 360
f 358 360 361
f 362 363 364
f 362 364 365
f 366 367 368
f 366 368 369
f 370 371 372
f 370 372 373
f 374 375 376
f 374 376 377
f 378 379 380
f 378 380 381
f 382 383 384
f 382 384 385
f 386 387 388
f 386 388 389
f 390 391 392
f 390 392 393
f 394 395 396
f 394 396 397
f 398 399 400
f 398 400 401
f 402 403 404
f 402 404 405
f 406 407 408
f 406 408 409
f 410 411 412
f 410 412 413
f 414 415 416
f 414 416 417
f 418 419 420
f 418 420 421
f 422 423 424
f 422 424 425
f 426 427 428
f 426 428 429
f 430 431 432
f 430 432 433
f 434 435 436
f 434 436 437
f 438 439 440
f 438 440 441
f 442 443 444
f 442 444 445
f 446 447 448
f 446 448 449
f 450 451 452
f 450 452 453
f 454 455 456
f 454 456 457
f 458 459 460
f 458 460 461
f 462 463 464
f 462 464 465
f 466 467 468
f 466 468 469
f 470 471 472
f 470 472 473
f 474 475 476
f 474 476 477
f 478 479 480
f 478 480 481
f 482 483 484
f 482 484 485
f 486 487 488
f 486 488 489
f 490 491 492
f 490 492 493
f 494 495 496
f 494 496 497
f 498 499 500
f 498 500 501
f 502 503 504
f 502 504 505
f 506 507 508
f 506 508 509
f 510 511 512
f 510 512 513
f 514 515 516
f 514 516 517
f 518 519 520
f 518 520 521
f 522 523 524
f 522 524 525
f 526 527 528
f 526 528 529
f 530 531 532
f 530 532 533
f 534 535 536
f 534 536 537
f 538 539 540
f 538 540 541
f 542 543 544
f 542 544 545
f 546 547 548
f 546 548 549
f 550 551 552
f 550 552 553
f 554 555 556
f 554 556 557
f 558 559 560
f 558 560 561
f 562 563 564
f 562 564 565
f 566 567 568
f 566 568 569
f 570 571 572
f 570 572 573
f 574 575 576
f 574 576 577
f 578 579 580
f 578 580 581
f 582 583 584
f 582 584 585
f 586 587 588
f 586 588 589
f 590 591 592
f 590 592 593
f 594 595 596
f 594 596 597
f 598 599 600
f 598 600 601
f 602 603 604
f 602 604 605
f 606 607 608
f 606 608 609
f 610 611 612
f 610 612 613
f 614 615 616
f 614 616 617
f 618 619 620
f 618 620 621
f 622 623 624
f 622 624 625
g Burger_Cheese
usemtl Cheese
f 626 627 628
f 629 630 631
f 632 633 634
f 635 636 637
f 638 639 640
f 641 642 643
f 644 645 646
f 647 648 649
f 650 651 652
f 650 652 653
f 650 653 654
f 650 654 655
f 656 657 658
f 656 658 659
f 660 661 662
f 660 662 663
f 664 665 666
f 664 666 667
f 664 667 668
f 664 668 669
f 670 671 672
f 670 672 673
f 674 675 676
f 674 677 675
f 674 678 677
f 674 679 678
f 680 681 682
f 680 682 683
f 684 685 686
f 684 686 687
f 688 689 690
f 688 691 689
f 688 692 691
f 688 693 692
f 694 695 696
f 694 696 697
f 698 699 700
f 698 700 701
f 702 703 704
f 702 704 705
f 706 707 708
f 706 708 709
f 710 711 712
f 710 712 713
f 714 715 716
f 714 716 717
f 718 719 720
f 718 720 721
f 722 723 724
f 722 725 723
f 722 726 725
f 722 727 726
f 728 729 730
f 728 730 731
f 732 733 734
f 732 734 735
f 736 737 738
f 736 739 737
f 736 740 739
f 736 741 740
f 742 743 744
f 742 744 745
f 746 747 748
f 746 748 749
f 746 749 750
f 746 750 751
f 752 753 754
f 752 754 755
f 756 757 758
f 756 758 759
f 760 761 762
f 760 762 763
f 760 763 764
f 760 764 765
f 766 767 768
f 766 768 769
f 770 771 772
f 770 772 773
f 774 775 776
f 774 776 777
f 778 779 780
f 778 780 781
f 782 783 784
f 782 784 785
f 786 787 788
f 786 788 789
f 790 791 792
f 790 792 793
f 794 795 796
f 794 796 797
f 798 799 800
f 798 800 801
f 802 803 804
f 802 804 805
f 806 807 808
f 806 808 809
f 810 811 812
f 810 812 813
f 814 815 816
f 814 817 815
f 818 817 814
f 818 819 817
f 820 819 818
f 820 821 819
f 822 821 820
f 822 823 821
f 824 825 826
f 824 826 827
f 828 829 830
f 828 830 831
f 832 833 834
f 832 834 835
f 836 837 838
f 836 838 839
f 840 841 842
f 840 842 843
f 844 845 846
f 844 846 847
f 847 846 848
f 847 848 849
f 849 848 850
f 849 850 851
f 851 850 852
f 851 852 853
f 854 855 856
f 854 856 857
f 858 859 860
f 858 860 861
f 862 863 864
f 862 864 865
f 866 867 868
f 866 868 869
f 870 871 872
f 870 872 873
f 874 875 876
f 874 876 877
f 878 879 880
f 878 880 881
f 882 883 884
f 882 884 885
f 886 887 888
f 886 888 889
f 890 891 892
f 890 892 893
g Burger_Brown
usemtl Brown
f 894 895 896
f 894 896 897
f 898 899 900
f 898 900 901
f 902 903 904
f 902 904 905
f 906 907 908
f 906 908 909
f 910 911 912
f 910 912 913
f 914 915 916
f 914 916 917
f 918 919 920
f 918 920 921
f 922 923 924
f 922 924 925
f 926 927 928
f 926 928 929
f 930 931 932
f 930 932 933
f 934 935 936
f 934 936 937
f 938 939 940
f 938 940 941
f 942 943 944
f 942 944 945
f 946 947 948
f 946 948 949
f 950 951 952
f 950 952 953
f 954 955 956
f 954 956 957
f 958 959 960
f 958 960 961
f 962 963 964
f 962 964 965
f 966 967 968
f 966 968 969
f 970 971 972
f 970 972 973
f 974 975 976
f 974 976 977
f 978 979 980
f 978 980 981
f 982 983 984
f 982 984 985
f 986 987 988
f 986 988 989
f 990 991 992
f 990 992 993
f 994 995 996
f 994 996 997
f 998 999 1000
f 998 1000 1001
f 1002 1003 1004
f 1002 1004 1005
f 1006 1007 1008
f 1006 1008 1009
f 1010 1011 1012
f 1010 1012 1013
f 1014 1015 1016
f 1014 1016 1017
f 1018 1019 1020
f 1018 1020 1021
f 1022 1023 1024
f 1022 1024 1025
f 1026 1027 1028
f 1026 1028 1029
f 1030 1031 1032
f 1030 1032 1033
f 1034 1035 1036
f 1034 1036 1037
f 1038 1039 1040
f 1038 1040 1041
f 1042 1043 1044
f 1042 1044 1045
f 1046 1047 1048
f 1046 1048 1049
f 1050 1051 1052
f 1050 1052 1053
f 1054 1055 1056
f 1054 1056 1057
f 1058 1059 1060
f 1058 1060 1061
f 1062 1063 1064
f 1062 1064 1065
f 1066 1067 1068
f 1066 1068 1069
f 1070 1071 1072
f 1070 1072 1073
f 1074 1075 1076
f 1074 1076 1077
f 1078 1079 1080
f 1078 1080 1081
f 1082 1083 1084
f 1082 1084 1085
f 1086 1087 1088
f 1086 1088 1089
f 1090 1091 1092
f 1090 1092 1093
f 1094 1095 1096
f 1094 1096 1097
f 1098 1099 1100
f 1098 1100 1101
f 1102 1103 1104
f 1102 1104 1105
f 1106 1107 1108
f 1106 1108 1109
f 1110 1111 1112
f 1110 1112 1113
f 1114 1115 1116
f 1114 1116 1117
f 1118 1119 1120
f 1118 1120 1121
f 1122 1120 1119
f 1123 1121 1120
f 1122 1124 1120
f 1123 1120 1125
f 1126 1120 1124
f 1126 1125 1120
f 1127 1128 1129
f 1127 1129 1130
f 1131 1129 1128
f 1132 1130 1129
f 1131 1133 1129
f 1132 1129 1134
f 1135 1129 1133
f 1135 1134 1129
g Burger_Red
usemtl Red
f 1136 1137 1138
f 1136 1138 1139
f 1140 1141 1142
f 1140 1142 1143
f 1144 1145 1146
f 1144 1146 1147
f 1148 1149 1150
f 1148 1150 1151
f 1152 1153 1154
f 1152 1154 1155
f 1156 1157 1158
f 1156 1158 1159
f 1160 1161 1162
f 1162 1163 1160
f 1163 1164 1160
f 1163 1165 1164
f 1165 1166 1164
f 1165 1167 1166
f 1168 1169 1170
f 1168 1170 1171
f 1172 1173 1174
f 1172 1174 1175
f 1176 1177 1178
f 1178 1179 1176
f 1178 1180 1179
f 1180 1181 1179
f 1180 1182 1181
f 1182 1183 1181
f 1184 1185 1186
f 1184 1186 1187
f 1188 1189 1190
f 1188 1190 1191
f 1192 1193 1194
f 1192 1194 1195
f 1196 1197 1198
f 1196 1198 1199
f 1200 1201 1202
f 1200 1202 1203
f 1204 1205 1206
f 1204 1206 1207
f 1208 1209 1210
f 1210 1211 1208
f 1210 1212 1211
f 1212 1213 1211
f 1212 1214 1213
f 1214 1215 1213
f 1216 1217 1218
f 1216 1218 1219
f 1220 1221 1222
f 1220 1222 1223
f 1224 1225 1226
f 1226 1227 1224
f 1227 1228 1224
f 1227 1229 1228
f 1229 1230 1228
f 1229 1231 1230
f 1232 1233 1234
f 1232 1234 1235
f 1236 1237 1238
f 1236 1238 1239
f 1240 1241 1242
f 1240 1242 1243
f 1244 1245 1246
f 1244 1246 1247
f 1248 1249 1250
f 1248 1250 1251
f 1252 1253 1254
f 1252 1254 1255
f 1256 1257 1258
f 1258 1259 1256
f 1258 1260 1259
f 1260 1261 1259
f 1260 1262 1261
f 1262 1263 1261
f 1264 1265 1266
f 1264 1266 1267
f 1268 1269 1270
f 1268 1270 1271
f 1272 1273 1274
f 1274 1275 1272
f 1275 1276 1272
f 1275 1277 1276
f 1277 1278 1276
f 1277 1279 1278
f 1280 1281 1282
f 1280 1282 1283
f 1284 1285 1286
f 1284 1286 1287
f 1288 1289 1290
f 1288 1290 1291
f 1292 1293 1294
f 1292 1294 1295
f 1296 1297 1298
f 1296 1298 1299
f 1300 1301 1302
f 1300 1302 1303
f 1304 1305 1306
f 1306 1307 1304
f 1306 1308 1307
f 1308 1309 1307
f 1308 1310 1309
f 1310 1311 1309
f 1312 1313 1314
f 1312 1314 1315
f 1316 1317 1318
f 1316 1318 1319
f 1320 1321 1322
f 1322 1323 1320
f 1323 1324 1320
f 1323 1325 1324
f 1325 1326 1324
f 1325 1327 1326
f 1328 1329 1330
f 1328 1330 1331
f 1332 1333 1334
f 1332 1334 1335
f 1336 1337 1338
f 1336 1338 1339
f 1340 1341 1342
f 1340 1342 1343
f 1344 1345 1346
f 1344 1346 1347
f 1348 1349 1350
f 1348 1350 1351
f 1352 1353 1354
f 1354 1355 1352
f 1354 1356 1355
f 1356 1357 1355
f 1356 1358 1357
f 1358 1359 1357
f 1360 1361 1362
f 1360 1362 1363
f 1364 1365 1366
f 1364 1366 1367
f 1368 1369 1370
f 1370 1371 1368
f 1371 1372 1368
f 1371 1373 1372
f 1373 1374 1372
f 1373 1375 1374
g Burger_LightGreen
usemtl LightGreen
f 1376 1377 1378
f 1379 1380 1381
f 1382 1383 1384
f 1385 1386 1387
f 1388 1389 1390
f 1391 1392 1393
f 1394 1395 1396
f 1397 1398 1399
f 1400 1401 1402
f 1403 1404 1405
f 1406 1407 1408
f 1409 1410 1411
f 1412 1413 1414
f 1415 1416 1417
f 1418 1419 1420
f 1421 1422 1423
f 1424 1425 1426
f 1427 1428 1429
f 1430 1431 1432
f 1433 1434 1435
f 1436 1437 1438
f 1439 1440 1441
f 1442 1443 1444
f 1445 1446 1447
f 1448 1449 1450
f 1451 1452 1453
f 1454 1455 1456
f 1457 1458 1459
f 1460 1461 1462
f 1463 1464 1465
f 1466 1467 1468
f 1469 1470 1471
f 1472 1473 1474
f 1475 1476 1477
f 1478 1479 1480
f 1481 1482 1483
f 1484 1485 1486
f 1487 1488 1489
f 1490 1491 1492
f 1493 1494 1495
f 1496 1497 1498
f 1499 1500 1501
f 1502 1503 1504
f 1505 1506 1507
f 1508 1509 1510
f 1511 1512 1513
f 1514 1515 1516
f 1517 1518 1516
f 1519 1520 1521
f 1522 1523 1524
f 1525 1526 1527
f 1528 1529 1530
f 1531 1532 1533
f 1534 1535 1536
f 1537 1538 1539
f 1540 1541 1542
f 1543 1544 1545
f 1546 1547 1548
f 1549 1550 1551
f 1552 1553 1554
f 1555 1556 1557
f 1558 1559 1560
f 1561 1562 1563
f 1564 1565 1566
f 1567 1568 1569
f 1570 1571 1572
f 1573 1574 1575
f 1576 1577 1578
f 1579 1580 1581
f 1582 1583 1584
f 1585 1586 1587
f 1588 1589 1590
f 1591 1592 1593
f 1594 1595 1596
f 1597 1598 1599
f 1600 1601 1602
f 1603 1604 1605
f 1606 1607 1608
f 1609 1610 1611
f 1612 1613 1614
f 1615 1616 1617
f 1618 1619 1620
f 1621 1622 1623
f 1624 1625 1626
f 1627 1628 1629
f 1630 1631 1632
f 1633 1634 1635
f 1636 1637 1638
f 1639 1640 1641
f 1642 1643 1644
f 1645 1646 1647
f 1648 1649 1650
f 1651 1652 1653
f 1654 1655 1656
f 1657 1658 1659
f 1660 1661 1662
f 1663 1664 1665
f 1666 1667 1668
f 1669 1670 1671
f 1672 1673 1674
f 1675 1676 1677
f 1678 1679 1680
f 1681 1682 1683
f 1684 1685 1686
f 1687 1688 1689
f 1690 1691 1692
f 1693 1694 1695
f 1696 1697 1698
f 1699 1700 1701
f 1702 1703 1704
f 1705 1706 1707
f 1708 1709 1710
f 1711 1712 1713
f 1714 1715 1716
f 1717 1718 1719
f 1720 1721 1722
f 1723 1724 1725
f 1726 1727 1728
f 1729 1730 1731
f 1732 1733 1734
f 1735 1736 1737
f 1738 1739 1740
f 1741 1742 1743
f 1744 1745 1746
f 1747 1748 1749
f 1750 1751 1752
f 1753 1754 1755
f 1756 1757 1758
f 1759 1760 1761
f 1762 1763 1764
f 1765 1766 1767
f 1768 1769 1770
f 1771 1772 1773
f 1774 1775 1776
f 1777 1778 1779
f 1780 1781 1782
f 1783 1784 1785
f 1786 1787 1788
f 1789 1790 1791
f 1792 1793 1794
f 1795 1796 1797
f 1798 1799 1800
f 1798 1800 1801
f 1802 1803 1804
f 1802 1804 1805
f 1806 1807 1808
f 1806 1808 1809
f 1810 1811 1812
f 1810 1812 1813
