mtllib Materials.mtl
# Ultimate Food Pack - BurgerLarge
o BurgerLarge
v -0.737153 -0.080577 0.091938
v -0.735228 -0.094017 0.116981
v -0.186313 -0.099733 -0.203220
v -0.488552 -0.105441 0.540825
v 0.019589 -0.095744 0.047796
v -0.010543 -0.148165 0.023648
v -0.729517 -0.088755 0.267279
v -0.700856 -0.104177 0.364007
v -0.096191 -0.092065 -0.094896
v -0.449079 -0.079828 0.573600
v -0.448250 -0.099499 0.593865
v 0.043503 -0.102855 0.078992
v -0.577067 -0.113038 0.471170
v -0.569410 -0.125885 0.505188
v -0.010543 -0.148165 0.023648
v -0.633388 -0.087585 0.422505
v -0.046154 -0.106139 -0.032346
v -0.086712 -0.130314 -0.071443
v -0.729517 -0.088755 0.267279
v -0.136765 -0.073808 -0.148168
v -0.145530 -0.110319 -0.146654
v -0.735228 -0.094017 0.116981
v -0.715285 -0.071987 0.184173
v -0.145530 -0.110319 -0.146654
v -0.313218 -0.050206 0.612950
v 0.089260 -0.072862 0.129878
v 0.070746 -0.134352 0.116876
v 0.241699 -0.104417 -0.613962
v 0.228756 -0.127057 -0.624815
v 0.071834 -0.080528 -0.124513
v -0.214970 -0.198620 -0.749862
v -0.284589 -0.175830 -0.744989
v -0.215880 -0.108802 -0.154072
v 0.002851 -0.111377 -0.759363
v -0.078951 -0.207880 -0.779522
v -0.154263 -0.111473 -0.150384
v 0.013767 -0.176951 -0.751848
v -0.072826 -0.103483 -0.137534
v -0.060954 -0.102450 -0.147013
v 0.126757 -0.156116 -0.675917
v 0.082985 -0.156909 -0.699455
v -0.036772 -0.110165 -0.135351
v -0.284589 -0.175830 -0.744989
v -0.290101 -0.229216 -0.759723
v -0.252678 -0.120721 -0.162072
v -0.210383 -0.168329 -0.745658
v -0.215880 -0.108802 -0.154072
v -0.154263 -0.111473 -0.150384
v -0.210383 -0.168329 -0.745658
v -0.214970 -0.198620 -0.749862
v -0.215880 -0.108802 -0.154072
v 0.126757 -0.156116 -0.675917
v 0.015269 -0.075971 -0.129913
v 0.024000 -0.114591 -0.130637
v 0.075485 -0.214100 -0.735881
v -0.060954 -0.102450 -0.147013
v -0.036772 -0.110165 -0.135351
v 0.228756 -0.127057 -0.624815
v 0.184773 -0.132731 -0.650971
v 0.024000 -0.114591 -0.130637
v 0.184773 -0.132731 -0.650971
v 0.162815 -0.195650 -0.694300
v 0.024000 -0.114591 -0.130637
v -0.341835 -0.174626 -0.749023
v -0.279414 -0.103777 -0.161940
v -0.252678 -0.120721 -0.162072
v -0.763538 -0.073499 -0.222181
v -0.773473 -0.111452 -0.204049
v -0.302684 -0.088002 -0.055950
v -0.765098 -0.139399 -0.386410
v -0.282596 -0.126358 -0.098642
v -0.242870 -0.074730 -0.155432
v -0.715631 -0.109109 -0.495677
v -0.242870 -0.074730 -0.155432
v -0.233641 -0.137046 -0.178847
v -0.644581 -0.106587 -0.557923
v -0.689246 -0.082870 -0.524464
v -0.220129 -0.095038 -0.191978
v -0.598676 -0.073601 -0.549790
v -0.616569 -0.107195 -0.550304
v -0.189860 -0.112535 -0.247056
v -0.773473 -0.111452 -0.204049
v -0.802873 -0.112215 -0.172846
v -0.330215 -0.117299 -0.016919
v -0.755647 -0.038230 -0.247573
v -0.302684 -0.088002 -0.055950
v -0.282596 -0.126358 -0.098642
v -0.644581 -0.106587 -0.557923
v -0.220129 -0.095038 -0.191978
v -0.208293 -0.149860 -0.223977
v -0.689246 -0.082870 -0.524464
v -0.715631 -0.109109 -0.495677
v -0.233641 -0.137046 -0.178847
v -0.598676 -0.073601 -0.549790
v -0.189860 -0.112535 -0.247056
v -0.179069 -0.101870 -0.270292
v -0.616569 -0.107195 -0.550304
v -0.627770 -0.132428 -0.583527
v -0.208293 -0.149860 -0.223977
v -0.803471 -0.081448 -0.145136
v -0.332539 -0.067001 -0.010618
v -0.330215 -0.117299 -0.016919
v 0.777531 -0.107432 -0.038971
v 0.302647 -0.015006 0.045668
v 0.297187 -0.071690 0.029390
v 0.764266 -0.101009 0.054393
v 0.765973 -0.063749 -0.008578
v 0.294144 -0.039740 0.038711
v 0.806923 -0.141049 0.113845
v 0.287009 -0.087207 0.111605
v 0.283805 -0.103881 0.132354
v 0.848465 -0.088402 0.162230
v 0.283805 -0.103881 0.132354
v 0.277178 -0.080825 0.176530
v 0.769421 -0.135709 0.408471
v 0.829570 -0.096362 0.338233
v 0.272786 -0.047080 0.222790
v 0.765973 -0.063749 -0.008578
v 0.777531 -0.107432 -0.038971
v 0.297187 -0.071690 0.029390
v 0.764266 -0.101009 0.054393
v 0.289242 -0.050642 0.073056
v 0.287009 -0.087207 0.111605
v 0.848465 -0.088402 0.162230
v 0.841289 -0.152113 0.170708
v 0.283805 -0.103881 0.132354
v 0.829570 -0.096362 0.338233
v 0.839873 -0.149320 0.316782
v 0.276176 -0.098146 0.208467
v 0.712024 -0.133175 0.449824
v 0.743196 -0.138603 0.407593
v 0.263891 -0.095424 0.293634
v 0.743196 -0.138603 0.407593
v 0.769421 -0.135709 0.408471
v 0.265426 -0.115809 0.274947
v 0.673024 -0.106241 -0.352767
v 0.655744 -0.147479 -0.406885
v 0.238086 -0.041228 -0.143251
v 0.674041 -0.114304 -0.231426
v 0.671297 -0.111723 -0.270449
v 0.261641 -0.045715 -0.102722
v 0.673024 -0.106241 -0.352767
v 0.238086 -0.041228 -0.143251
v 0.511215 -0.065157 -0.516657
v 0.507758 -0.136021 -0.507549
v 0.184126 -0.068444 -0.243799
v 0.565737 -0.112660 -0.476473
v 0.202693 -0.011306 -0.216290
v 0.221468 -0.071328 -0.175004
v 0.565737 -0.112660 -0.476473
v 0.196453 -0.041968 -0.223615
v 0.202693 -0.011306 -0.216290
v 0.674041 -0.114304 -0.231426
v 0.261641 -0.045715 -0.102722
v 0.279602 -0.090545 -0.066266
v 0.671297 -0.111723 -0.270449
v 0.692719 -0.142860 -0.294477
v 0.261641 -0.045715 -0.102722
v 0.685379 -0.082722 -0.142064
v 0.676086 -0.065285 -0.214109
v 0.286901 -0.055808 -0.057588
v 0.676086 -0.065285 -0.214109
v 0.700306 -0.148432 -0.219274
v 0.279602 -0.090545 -0.066266
v -0.002194 -0.131669 0.860818
v 0.014913 -0.155882 0.860363
v -0.209275 -0.138334 0.433596
v 0.394347 -0.124187 0.601063
v 0.026117 -0.112909 0.249862
v -0.006145 -0.051098 0.270010
v 0.360258 -0.156863 0.722762
v -0.064875 -0.084219 0.326144
v -0.055316 -0.126937 0.317152
v 0.314878 -0.170024 0.758713
v 0.360258 -0.156863 0.722762
v -0.055316 -0.126937 0.317152
v 0.238158 -0.088343 0.812360
v 0.298647 -0.144327 0.767512
v -0.046906 -0.097544 0.305403
v 0.199092 -0.163477 0.847323
v -0.094360 -0.106403 0.341089
v -0.122900 -0.151654 0.366943
v 0.127987 -0.134753 0.864261
v 0.172881 -0.118976 0.857187
v -0.145527 -0.109063 0.379419
v 0.394347 -0.124187 0.601063
v 0.417609 -0.103416 0.580456
v 0.026117 -0.112909 0.249862
v 0.379605 -0.093381 0.663462
v -0.006145 -0.051098 0.270010
v -0.064875 -0.084219 0.326144
v 0.379605 -0.093381 0.663462
v 0.397955 -0.102359 0.641636
v -0.006145 -0.051098 0.270010
v 0.298647 -0.144327 0.767512
v 0.314878 -0.170024 0.758713
v -0.055316 -0.126937 0.317152
v 0.127987 -0.134753 0.864261
v -0.145527 -0.109063 0.379419
v -0.162422 -0.166024 0.399412
v 0.074087 -0.123689 0.845435
v -0.188621 -0.133435 0.415425
v -0.209275 -0.138334 0.433596
v 0.074087 -0.123689 0.845435
v 0.114732 -0.178634 0.873502
v -0.162422 -0.166024 0.399412
v 0.409764 -0.088571 0.544092
v 0.037794 -0.086970 0.237064
v 0.026117 -0.112909 0.249862
v -0.319700 -0.096358 0.621441
v 0.070746 -0.134352 0.116876
v -0.355941 -0.090103 0.628622
v -0.373928 -0.072880 0.607755
v 0.043503 -0.102855 0.078992
v -0.448250 -0.099499 0.593865
v -0.488552 -0.105441 0.540825
v -0.010543 -0.148165 0.023648
v -0.520998 -0.140675 0.543520
v -0.520998 -0.140675 0.543520
v -0.010543 -0.148165 0.023648
v -0.569410 -0.125885 0.505188
v -0.577067 -0.113038 0.471170
v -0.046154 -0.106139 -0.032346
v -0.633388 -0.087585 0.422505
v -0.654112 -0.112903 0.415622
v -0.086712 -0.130314 -0.071443
v -0.700856 -0.104177 0.364007
v -0.729517 -0.088755 0.267279
v -0.096191 -0.092065 -0.094896
v -0.136765 -0.073808 -0.148168
v -0.449079 -0.079828 0.573600
v 0.019589 -0.095744 0.047796
v -0.488552 -0.105441 0.540825
v -0.449079 -0.079828 0.573600
v 0.043503 -0.102855 0.078992
v 0.019589 -0.095744 0.047796
v -0.577067 -0.113038 0.471170
v -0.010543 -0.148165 0.023648
v -0.046154 -0.106139 -0.032346
v -0.633388 -0.087585 0.422505
v -0.086712 -0.130314 -0.071443
v -0.654112 -0.112903 0.415622
v -0.729517 -0.088755 0.267279
v -0.145530 -0.110319 -0.146654
v -0.742782 -0.142576 0.246073
v -0.700856 -0.104177 0.364007
v -0.086712 -0.130314 -0.071443
v -0.096191 -0.092065 -0.094896
v -0.735228 -0.094017 0.116981
v -0.145530 -0.110319 -0.146654
v -0.186313 -0.099733 -0.203220
v -0.742782 -0.142576 0.246073
v -0.145530 -0.110319 -0.146654
v -0.715285 -0.071987 0.184173
v -0.313218 -0.050206 0.612950
v 0.070746 -0.134352 0.116876
v -0.319700 -0.096358 0.621441
v -0.123647 -0.157761 -0.768914
v -0.154263 -0.111473 -0.150384
v -0.132133 -0.217113 -0.778483
v -0.132133 -0.217113 -0.778483
v -0.154263 -0.111473 -0.150384
v -0.078951 -0.207880 -0.779522
v 0.002851 -0.111377 -0.759363
v -0.154263 -0.111473 -0.150384
v -0.072826 -0.103483 -0.137534
v 0.013767 -0.176951 -0.751848
v -0.060954 -0.102450 -0.147013
v 0.075485 -0.214100 -0.735881
v 0.126757 -0.156116 -0.675917
v -0.036772 -0.110165 -0.135351
v 0.015269 -0.075971 -0.129913
v -0.284589 -0.175830 -0.744989
v -0.252678 -0.120721 -0.162072
v -0.215880 -0.108802 -0.154072
v -0.210383 -0.168329 -0.745658
v -0.154263 -0.111473 -0.150384
v -0.123647 -0.157761 -0.768914
v 0.002851 -0.111377 -0.759363
v -0.072826 -0.103483 -0.137534
v 0.013767 -0.176951 -0.751848
v 0.126757 -0.156116 -0.675917
v 0.024000 -0.114591 -0.130637
v 0.162815 -0.195650 -0.694300
v 0.075485 -0.214100 -0.735881
v -0.036772 -0.110165 -0.135351
v 0.082985 -0.156909 -0.699455
v 0.228756 -0.127057 -0.624815
v 0.024000 -0.114591 -0.130637
v 0.071834 -0.080528 -0.124513
v -0.341835 -0.174626 -0.749023
v -0.252678 -0.120721 -0.162072
v -0.290101 -0.229216 -0.759723
v -0.756111 -0.101762 -0.286563
v -0.282596 -0.126358 -0.098642
v -0.765098 -0.139399 -0.386410
v -0.765098 -0.139399 -0.386410
v -0.242870 -0.074730 -0.155432
v -0.715631 -0.109109 -0.495677
v -0.773473 -0.111452 -0.204049
v -0.330215 -0.117299 -0.016919
v -0.302684 -0.088002 -0.055950
v -0.755647 -0.038230 -0.247573
v -0.282596 -0.126358 -0.098642
v -0.756111 -0.101762 -0.286563
v -0.763538 -0.073499 -0.222181
v -0.302684 -0.088002 -0.055950
v -0.755647 -0.038230 -0.247573
v -0.644581 -0.106587 -0.557923
v -0.208293 -0.149860 -0.223977
v -0.627770 -0.132428 -0.583527
v -0.689246 -0.082870 -0.524464
v -0.233641 -0.137046 -0.178847
v -0.220129 -0.095038 -0.191978
v -0.598676 -0.073601 -0.549790
v -0.179069 -0.101870 -0.270292
v -0.529318 -0.103000 -0.604801
v -0.616569 -0.107195 -0.550304
v -0.208293 -0.149860 -0.223977
v -0.189860 -0.112535 -0.247056
v -0.803471 -0.081448 -0.145136
v -0.330215 -0.117299 -0.016919
v -0.802873 -0.112215 -0.172846
v 0.764266 -0.101009 0.054393
v 0.294144 -0.039740 0.038711
v 0.289242 -0.050642 0.073056
v 0.790172 -0.103793 0.114824
v 0.287009 -0.087207 0.111605
v 0.806923 -0.141049 0.113845
v 0.806923 -0.141049 0.113845
v 0.283805 -0.103881 0.132354
v 0.841289 -0.152113 0.170708
v 0.848465 -0.088402 0.162230
v 0.277178 -0.080825 0.176530
v 0.847341 -0.119407 0.262090
v 0.769421 -0.135709 0.408471
v 0.272786 -0.047080 0.222790
v 0.265426 -0.115809 0.274947
v 0.765973 -0.063749 -0.008578
v 0.297187 -0.071690 0.029390
v 0.294144 -0.039740 0.038711
v 0.764266 -0.101009 0.054393
v 0.287009 -0.087207 0.111605
v 0.790172 -0.103793 0.114824
v 0.829570 -0.096362 0.338233
v 0.276176 -0.098146 0.208467
v 0.272786 -0.047080 0.222790
v 0.712024 -0.133175 0.449824
v 0.263891 -0.095424 0.293634
v 0.263352 -0.105070 0.319167
v 0.743196 -0.138603 0.407593
v 0.265426 -0.115809 0.274947
v 0.263891 -0.095424 0.293634
v 0.768929 -0.068137 -0.055689
v 0.302647 -0.015006 0.045668
v 0.777531 -0.107432 -0.038971
v 0.511215 -0.065157 -0.516657
v 0.196453 -0.041968 -0.223615
v 0.565737 -0.112660 -0.476473
v 0.621253 -0.146896 -0.453510
v 0.221468 -0.071328 -0.175004
v 0.655744 -0.147479 -0.406885
v 0.694272 -0.096024 -0.312220
v 0.261641 -0.045715 -0.102722
v 0.692719 -0.142860 -0.294477
v 0.511215 -0.065157 -0.516657
v 0.184126 -0.068444 -0.243799
v 0.196453 -0.041968 -0.223615
v 0.565737 -0.112660 -0.476473
v 0.221468 -0.071328 -0.175004
v 0.621253 -0.146896 -0.453510
v 0.655744 -0.147479 -0.406885
v 0.221468 -0.071328 -0.175004
v 0.238086 -0.041228 -0.143251
v 0.673024 -0.106241 -0.352767
v 0.261641 -0.045715 -0.102722
v 0.694272 -0.096024 -0.312220
v 0.674041 -0.114304 -0.231426
v 0.279602 -0.090545 -0.066266
v 0.700306 -0.148432 -0.219274
v 0.685379 -0.082722 -0.142064
v 0.286901 -0.055808 -0.057588
v 0.305453 -0.036054 -0.020411
v 0.676086 -0.065285 -0.214109
v 0.279602 -0.090545 -0.066266
v 0.286901 -0.055808 -0.057588
v 0.469280 -0.092781 -0.528648
v 0.173561 -0.030274 -0.267143
v 0.487052 -0.108863 -0.513152
v -0.002194 -0.131669 0.860818
v -0.209275 -0.138334 0.433596
v -0.197529 -0.105982 0.427004
v 0.406510 -0.114825 0.559302
v 0.026117 -0.112909 0.249862
v 0.417609 -0.103416 0.580456
v 0.394347 -0.124187 0.601063
v -0.006145 -0.051098 0.270010
v 0.397955 -0.102359 0.641636
v 0.238158 -0.088343 0.812360
v -0.046906 -0.097544 0.305403
v -0.094360 -0.106403 0.341089
v 0.379605 -0.093381 0.663462
v -0.064875 -0.084219 0.326144
v 0.360258 -0.156863 0.722762
v 0.298647 -0.144327 0.767512
v -0.055316 -0.126937 0.317152
v -0.046906 -0.097544 0.305403
v 0.238158 -0.088343 0.812360
v -0.094360 -0.106403 0.341089
v 0.199092 -0.163477 0.847323
v 0.127987 -0.134753 0.864261
v -0.162422 -0.166024 0.399412
v 0.114732 -0.178634 0.873502
v 0.074087 -0.123689 0.845435
v -0.209275 -0.138334 0.433596
v 0.014913 -0.155882 0.860363
v 0.074087 -0.123689 0.845435
v -0.162422 -0.166024 0.399412
v -0.188621 -0.133435 0.415425
v 0.409764 -0.088571 0.544092
v 0.026117 -0.112909 0.249862
v 0.406510 -0.114825 0.559302
v -0.504085 0.296834 0.548813
v -0.486497 0.283395 0.566744
v -0.272356 0.277679 -0.031570
v -0.024943 0.271971 0.732457
v 0.046777 0.281667 0.028085
v 0.008174 0.229246 0.028989
v -0.385414 0.288657 0.678118
v -0.301233 0.273234 0.733719
v -0.133667 0.285346 -0.006642
v 0.026362 0.297583 0.732147
v 0.040036 0.277912 0.747126
v 0.085156 0.274557 0.036577
v -0.137520 0.264374 0.736095
v -0.109769 0.251527 0.757207
v 0.008174 0.229246 0.028989
v -0.211947 0.289826 0.735084
v -0.055116 0.271273 0.009041
v -0.111320 0.247098 0.005212
v -0.385414 0.288657 0.678118
v -0.199004 0.303604 -0.021312
v -0.204739 0.267092 -0.014513
v -0.486497 0.283395 0.566744
v -0.427995 0.305425 0.605346
v -0.204739 0.267092 -0.014513
v 0.155680 0.327206 0.674846
v 0.152926 0.304550 0.046086
v 0.130387 0.243059 0.048046
v -0.209023 0.272994 -0.621394
v -0.225914 0.250355 -0.621373
v -0.024106 0.296884 -0.137431
v -0.646039 0.178792 -0.431571
v -0.696194 0.201581 -0.383043
v -0.263363 0.268609 0.025077
v -0.485416 0.266035 -0.579004
v -0.561005 0.169532 -0.541798
v -0.213824 0.265939 -0.011749
v -0.472224 0.200460 -0.580276
v -0.143218 0.273929 -0.054314
v -0.140229 0.274962 -0.069209
v -0.336874 0.221295 -0.594858
v -0.385526 0.220502 -0.584709
v -0.114215 0.267247 -0.075843
v -0.696194 0.201581 -0.383043
v -0.709894 0.148195 -0.390775
v -0.296679 0.256691 0.042631
v -0.639822 0.209083 -0.431304
v -0.263363 0.268609 0.025077
v -0.213824 0.265939 -0.011749
v -0.639822 0.209083 -0.431304
v -0.646039 0.178792 -0.431571
v -0.263363 0.268609 0.025077
v -0.336874 0.221295 -0.594858
v -0.070879 0.301440 -0.105167
v -0.064662 0.262820 -0.111339
v -0.414706 0.163312 -0.607766
v -0.140229 0.274962 -0.069209
v -0.114215 0.267247 -0.075843
v -0.225914 0.250355 -0.621373
v -0.276413 0.244681 -0.613093
v -0.064662 0.262820 -0.111339
v -0.276413 0.244681 -0.613093
v -0.321101 0.181762 -0.632132
v -0.064662 0.262820 -0.111339
v -0.742610 0.202786 -0.349295
v -0.317060 0.273635 0.059936
v -0.296679 0.256691 0.042631
v -0.726407 0.303913 0.325341
v -0.722345 0.265960 0.345613
v -0.266671 0.289410 0.156042
v -0.833277 0.238012 0.200632
v -0.278766 0.251054 0.110437
v -0.284899 0.302682 0.041403
v -0.865722 0.268302 0.085161
v -0.284899 0.302682 0.041403
v -0.292901 0.240366 0.017541
v -0.851388 0.270825 -0.008206
v -0.864048 0.294541 0.046147
v -0.291007 0.282374 -0.001205
v -0.811015 0.303810 -0.031518
v -0.825042 0.270217 -0.020398
v -0.303278 0.264877 -0.062843
v -0.722345 0.265960 0.345613
v -0.724771 0.265196 0.388417
v -0.262630 0.260113 0.203635
v -0.736706 0.339182 0.300826
v -0.266671 0.289410 0.156042
v -0.278766 0.251054 0.110437
v -0.851388 0.270825 -0.008206
v -0.291007 0.282374 -0.001205
v -0.302538 0.227552 -0.033316
v -0.864048 0.294541 0.046147
v -0.865722 0.268302 0.085161
v -0.292901 0.240366 0.017541
v -0.811015 0.303810 -0.031518
v -0.303278 0.264877 -0.062843
v -0.309969 0.275542 -0.087573
v -0.825042 0.270217 -0.020398
v -0.854994 0.244984 -0.038622
v -0.302538 0.227552 -0.033316
v -0.707399 0.295964 0.410013
v -0.260355 0.310410 0.209953
v -0.262630 0.260113 0.203635
v 0.571130 0.269980 -0.526044
v 0.262082 0.362406 -0.155682
v 0.247427 0.305721 -0.164630
v 0.621053 0.276402 -0.446040
v 0.581840 0.313662 -0.495341
v 0.251096 0.337672 -0.155537
v 0.691961 0.236363 -0.427980
v 0.292539 0.290205 -0.095147
v 0.303437 0.273531 -0.077202
v 0.754894 0.289009 -0.417674
v 0.303437 0.273531 -0.077202
v 0.326791 0.296586 -0.039123
v 0.852836 0.231501 -0.178321
v 0.853683 0.281050 -0.270789
v 0.353196 0.330331 -0.000886
v 0.581840 0.313662 -0.495341
v 0.571130 0.269980 -0.526044
v 0.247427 0.305721 -0.164630
v 0.621053 0.276402 -0.446040
v 0.269443 0.326770 -0.126092
v 0.292539 0.290205 -0.095147
v 0.754894 0.289009 -0.417674
v 0.754857 0.225298 -0.406566
v 0.303437 0.273531 -0.077202
v 0.853683 0.281050 -0.270789
v 0.847766 0.228092 -0.293839
v 0.346574 0.279265 -0.014031
v 0.835510 0.234035 -0.109732
v 0.832197 0.228607 -0.162118
v 0.391973 0.281988 0.059067
v 0.832197 0.228607 -0.162118
v 0.852836 0.231501 -0.178321
v 0.381123 0.261602 0.043775
v 0.289215 0.271171 -0.698999
v 0.241165 0.229933 -0.729307
v 0.091099 0.336183 -0.258752
v 0.368073 0.263108 -0.606771
v 0.340862 0.265688 -0.634876
v 0.135208 0.331697 -0.242886
v 0.289215 0.271171 -0.698999
v 0.091099 0.336183 -0.258752
v 0.059896 0.312255 -0.720334
v 0.063112 0.241390 -0.711138
v -0.014906 0.308968 -0.300997
v 0.127489 0.264751 -0.724658
v 0.017008 0.366105 -0.291888
v 0.057946 0.306084 -0.272365
v 0.127489 0.264751 -0.724658
v 0.007518 0.335444 -0.293480
v 0.017008 0.366105 -0.291888
v 0.368073 0.263108 -0.606771
v 0.135208 0.331697 -0.242886
v 0.172415 0.286866 -0.226537
v 0.340862 0.265688 -0.634876
v 0.341799 0.234551 -0.667053
v 0.135208 0.331697 -0.242886
v 0.434254 0.294689 -0.545662
v 0.380781 0.312127 -0.594830
v 0.183586 0.321603 -0.224590
v 0.380781 0.312127 -0.594830
v 0.395997 0.228980 -0.614369
v 0.172415 0.286866 -0.226537
v 0.553256 0.245742 0.664449
v 0.566059 0.221530 0.653092
v 0.119837 0.239078 0.470671
v 0.689653 0.253225 0.210451
v 0.181797 0.264502 0.178560
v 0.170066 0.326314 0.214742
v 0.741869 0.220549 0.325544
v 0.161230 0.293193 0.295503
v 0.162761 0.250474 0.282468
v 0.730265 0.207388 0.382265
v 0.741869 0.220549 0.325544
v 0.162761 0.250474 0.282468
v 0.706058 0.289069 0.472696
v 0.723502 0.233085 0.399444
v 0.161639 0.279868 0.268064
v 0.698651 0.213935 0.524598
v 0.148277 0.271009 0.325915
v 0.143067 0.225757 0.364070
v 0.655121 0.242658 0.583317
v 0.684935 0.258435 0.549014
v 0.133774 0.268349 0.388180
v 0.689653 0.253225 0.210451
v 0.694200 0.273996 0.179709
v 0.181797 0.264502 0.178560
v 0.718521 0.284030 0.267703
v 0.170066 0.326314 0.214742
v 0.161230 0.293193 0.295503
v 0.718521 0.284030 0.267703
v 0.718523 0.275053 0.239188
v 0.170066 0.326314 0.214742
v 0.723502 0.233085 0.399444
v 0.730265 0.207388 0.382265
v 0.162761 0.250474 0.282468
v 0.655121 0.242658 0.583317
v 0.133774 0.268349 0.388180
v 0.133706 0.211387 0.414355
v 0.601749 0.253723 0.603588
v 0.123955 0.243977 0.443472
v 0.119837 0.239078 0.470671
v 0.601749 0.253723 0.603588
v 0.650922 0.198778 0.598920
v 0.133706 0.211387 0.414355
v 0.664796 0.288841 0.156922
v 0.182500 0.290441 0.161250
v 0.181797 0.264502 0.178560
v 0.156182 0.281053 0.685516
v 0.130387 0.243059 0.048046
v 0.133061 0.287309 0.714333
v 0.105866 0.304532 0.709934
v 0.085156 0.274557 0.036577
v 0.040036 0.277912 0.747126
v -0.024943 0.271971 0.732457
v 0.008174 0.229246 0.028989
v -0.048046 0.236737 0.755399
v -0.048046 0.236737 0.755399
v 0.008174 0.229246 0.028989
v -0.109769 0.251527 0.757207
v -0.137520 0.264374 0.736095
v -0.055116 0.271273 0.009041
v -0.211947 0.289826 0.735084
v -0.232239 0.264509 0.743151
v -0.111320 0.247098 0.005212
v -0.301233 0.273234 0.733719
v -0.385414 0.288657 0.678118
v -0.133667 0.285346 -0.006642
v -0.199004 0.303604 -0.021312
v 0.026362 0.297583 0.732147
v 0.046777 0.281667 0.028085
v -0.024943 0.271971 0.732457
v 0.026362 0.297583 0.732147
v 0.085156 0.274557 0.036577
v 0.046777 0.281667 0.028085
v -0.137520 0.264374 0.736095
v 0.008174 0.229246 0.028989
v -0.055116 0.271273 0.009041
v -0.211947 0.289826 0.735084
v -0.111320 0.247098 0.005212
v -0.232239 0.264509 0.743151
v -0.385414 0.288657 0.678118
v -0.204739 0.267092 -0.014513
v -0.409213 0.234836 0.670422
v -0.301233 0.273234 0.733719
v -0.111320 0.247098 0.005212
v -0.133667 0.285346 -0.006642
v -0.486497 0.283395 0.566744
v -0.204739 0.267092 -0.014513
v -0.272356 0.277679 -0.031570
v -0.409213 0.234836 0.670422
v -0.204739 0.267092 -0.014513
v -0.427995 0.305425 0.605346
v 0.155680 0.327206 0.674846
v 0.130387 0.243059 0.048046
v 0.156182 0.281053 0.685516
v -0.588392 0.219651 -0.504917
v -0.213824 0.265939 -0.011749
v -0.601046 0.160298 -0.506782
v -0.601046 0.160298 -0.506782
v -0.213824 0.265939 -0.011749
v -0.561005 0.169532 -0.541798
v -0.485416 0.266035 -0.579004
v -0.213824 0.265939 -0.011749
v -0.143218 0.273929 -0.054314
v -0.472224 0.200460 -0.580276
v -0.140229 0.274962 -0.069209
v -0.414706 0.163312 -0.607766
v -0.336874 0.221295 -0.594858
v -0.114215 0.267247 -0.075843
v -0.070879 0.301440 -0.105167
v -0.696194 0.201581 -0.383043
v -0.296679 0.256691 0.042631
v -0.263363 0.268609 0.025077
v -0.639822 0.209083 -0.431304
v -0.213824 0.265939 -0.011749
v -0.588392 0.219651 -0.504917
v -0.485416 0.266035 -0.579004
v -0.143218 0.273929 -0.054314
v -0.472224 0.200460 -0.580276
v -0.336874 0.221295 -0.594858
v -0.064662 0.262820 -0.111339
v -0.321101 0.181762 -0.632132
v -0.414706 0.163312 -0.607766
v -0.114215 0.267247 -0.075843
v -0.385526 0.220502 -0.584709
v -0.225914 0.250355 -0.621373
v -0.064662 0.262820 -0.111339
v -0.024106 0.296884 -0.137431
v -0.742610 0.202786 -0.349295
v -0.296679 0.256691 0.042631
v -0.709894 0.148195 -0.390775
v -0.762149 0.275649 0.271279
v -0.278766 0.251054 0.110437
v -0.833277 0.238012 0.200632
v -0.833277 0.238012 0.200632
v -0.284899 0.302682 0.041403
v -0.865722 0.268302 0.085161
v -0.722345 0.265960 0.345613
v -0.262630 0.260113 0.203635
v -0.266671 0.289410 0.156042
v -0.736706 0.339182 0.300826
v -0.278766 0.251054 0.110437
v -0.762149 0.275649 0.271279
v -0.726407 0.303913 0.325341
v -0.266671 0.289410 0.156042
v -0.736706 0.339182 0.300826
v -0.851388 0.270825 -0.008206
v -0.302538 0.227552 -0.033316
v -0.854994 0.244984 -0.038622
v -0.864048 0.294541 0.046147
v -0.292901 0.240366 0.017541
v -0.291007 0.282374 -0.001205
v -0.811015 0.303810 -0.031518
v -0.309969 0.275542 -0.087573
v -0.793321 0.274412 -0.118257
v -0.825042 0.270217 -0.020398
v -0.302538 0.227552 -0.033316
v -0.303278 0.264877 -0.062843
v -0.707399 0.295964 0.410013
v -0.262630 0.260113 0.203635
v -0.724771 0.265196 0.388417
v 0.621053 0.276402 -0.446040
v 0.251096 0.337672 -0.155537
v 0.269443 0.326770 -0.126092
v 0.679769 0.273619 -0.416452
v 0.292539 0.290205 -0.095147
v 0.691961 0.236363 -0.427980
v 0.691961 0.236363 -0.427980
v 0.303437 0.273531 -0.077202
v 0.754857 0.225298 -0.406566
v 0.754894 0.289009 -0.417674
v 0.326791 0.296586 -0.039123
v 0.818290 0.258004 -0.340510
v 0.852836 0.231501 -0.178321
v 0.353196 0.330331 -0.000886
v 0.381123 0.261602 0.043775
v 0.581840 0.313662 -0.495341
v 0.247427 0.305721 -0.164630
v 0.251096 0.337672 -0.155537
v 0.621053 0.276402 -0.446040
v 0.292539 0.290205 -0.095147
v 0.679769 0.273619 -0.416452
v 0.853683 0.281050 -0.270789
v 0.346574 0.279265 -0.014031
v 0.353196 0.330331 -0.000886
v 0.835510 0.234035 -0.109732
v 0.391973 0.281988 0.059067
v 0.407990 0.272342 0.078958
v 0.832197 0.228607 -0.162118
v 0.381123 0.261602 0.043775
v 0.391973 0.281988 0.059067
v 0.553788 0.309274 -0.533306
v 0.262082 0.362406 -0.155682
v 0.571130 0.269980 -0.526044
v 0.059896 0.312255 -0.720334
v 0.007518 0.335444 -0.293480
v 0.127489 0.264751 -0.724658
v 0.184761 0.230516 -0.742803
v 0.057946 0.306084 -0.272365
v 0.241165 0.229933 -0.729307
v 0.331571 0.281388 -0.681634
v 0.135208 0.331697 -0.242886
v 0.341799 0.234551 -0.667053
v 0.059896 0.312255 -0.720334
v -0.014906 0.308968 -0.300997
v 0.007518 0.335444 -0.293480
v 0.127489 0.264751 -0.724658
v 0.057946 0.306084 -0.272365
v 0.184761 0.230516 -0.742803
v 0.241165 0.229933 -0.729307
v 0.057946 0.306084 -0.272365
v 0.091099 0.336183 -0.258752
v 0.289215 0.271171 -0.698999
v 0.135208 0.331697 -0.242886
v 0.331571 0.281388 -0.681634
v 0.368073 0.263108 -0.606771
v 0.172415 0.286866 -0.226537
v 0.395997 0.228980 -0.614369
v 0.434254 0.294689 -0.545662
v 0.183586 0.321603 -0.224590
v 0.221710 0.341358 -0.208070
v 0.380781 0.312127 -0.594830
v 0.172415 0.286866 -0.226537
v 0.183586 0.321603 -0.224590
v 0.020081 0.284631 -0.702529
v -0.038014 0.347138 -0.312069
v 0.043656 0.268549 -0.702103
v 0.553256 0.245742 0.664449
v 0.119837 0.239078 0.470671
v 0.124587 0.271430 0.458067
v 0.672092 0.262587 0.170658
v 0.181797 0.264502 0.178560
v 0.694200 0.273996 0.179709
v 0.689653 0.253225 0.210451
v 0.170066 0.326314 0.214742
v 0.718523 0.275053 0.239188
v 0.706058 0.289069 0.472696
v 0.161639 0.279868 0.268064
v 0.148277 0.271009 0.325915
v 0.718521 0.284030 0.267703
v 0.161230 0.293193 0.295503
v 0.741869 0.220549 0.325544
v 0.723502 0.233085 0.399444
v 0.162761 0.250474 0.282468
v 0.161639 0.279868 0.268064
v 0.706058 0.289069 0.472696
v 0.148277 0.271009 0.325915
v 0.698651 0.213935 0.524598
v 0.655121 0.242658 0.583317
v 0.133706 0.211387 0.414355
v 0.650922 0.198778 0.598920
v 0.601749 0.253723 0.603588
v 0.119837 0.239078 0.470671
v 0.566059 0.221530 0.653092
v 0.601749 0.253723 0.603588
v 0.133706 0.211387 0.414355
v 0.123955 0.243977 0.443472
v 0.664796 0.288841 0.156922
v 0.181797 0.264502 0.178560
v 0.672092 0.262587 0.170658
v -0.373928 -0.072880 0.607755
v -0.355941 -0.090103 0.628622
v 0.070746 -0.134352 0.116876
v 0.043503 -0.102855 0.078992
v 0.847341 -0.119407 0.262090
v 0.277178 -0.080825 0.176530
v 0.276176 -0.098146 0.208467
v 0.839873 -0.149320 0.316782
v 0.487052 -0.108863 -0.513152
v 0.173561 -0.030274 -0.267143
v 0.184126 -0.068444 -0.243799
v 0.507758 -0.136021 -0.507549
v 0.172881 -0.118976 0.857187
v 0.199092 -0.163477 0.847323
v -0.122900 -0.151654 0.366943
v -0.145527 -0.109063 0.379419
v 0.105866 0.304532 0.709934
v 0.133061 0.287309 0.714333
v 0.130387 0.243059 0.048046
v 0.085156 0.274557 0.036577
v 0.818290 0.258004 -0.340510
v 0.326791 0.296586 -0.039123
v 0.346574 0.279265 -0.014031
v 0.847766 0.228092 -0.293839
v 0.043656 0.268549 -0.702103
v -0.038014 0.347138 -0.312069
v -0.014906 0.308968 -0.300997
v 0.063112 0.241390 -0.711138
v 0.684935 0.258435 0.549014
v 0.698651 0.213935 0.524598
v 0.143067 0.225757 0.364070
v 0.133774 0.268349 0.388180
v 0.058526 0.119680 0.746258
v -0.175147 0.119680 0.726023
v -0.054578 0.040757 0.766151
v 0.713696 0.119680 0.195513
v 0.752736 0.040757 0.087513
v 0.733931 0.119680 -0.038159
v -0.722278 0.119680 -0.182592
v -0.761318 0.040757 -0.074593
v -0.742513 0.119680 0.051080
v -0.067107 0.119680 -0.733337
v 0.166565 0.119680 -0.713103
v 0.045996 0.040757 -0.753231
v 0.060117 0.102519 0.727876
v -0.052506 0.035363 0.742227
v -0.173569 0.101658 0.707798
v 0.695315 0.102519 0.193921
v 0.715706 0.101658 -0.039738
v 0.728812 0.035363 0.085442
v -0.703896 0.102519 -0.181001
v -0.724288 0.101658 0.052658
v -0.737393 0.035363 -0.072521
v -0.068699 0.102518 -0.714956
v 0.043924 0.035363 -0.729306
v 0.164987 0.101658 -0.694877
v -0.433539 -0.257731 0.605098
v -0.599389 -0.257731 0.439249
v -0.532917 -0.336654 0.547548
v 0.422363 -0.257731 0.605098
v 0.521741 -0.336654 0.547548
v 0.588213 -0.257731 0.439249
v -0.433539 -0.257731 -0.608334
v -0.532917 -0.336654 -0.550783
v -0.599389 -0.257731 -0.442484
v 0.422363 -0.257731 -0.608334
v 0.588213 -0.257731 -0.442484
v 0.521741 -0.336654 -0.550783
v -0.420492 -0.274893 0.592052
v -0.515937 -0.342048 0.530568
v -0.586453 -0.275753 0.426313
v 0.409317 -0.274893 0.592052
v 0.575278 -0.275753 0.426313
v 0.504761 -0.342048 0.530568
v -0.420493 -0.274893 -0.595287
v -0.586453 -0.275753 -0.429549
v -0.515937 -0.342048 -0.533803
v 0.409317 -0.274893 -0.595287
v 0.504761 -0.342048 -0.533803
v 0.575278 -0.275753 -0.429549
v -0.477580 0.175393 0.404313
v -0.354235 0.158090 0.545315
v -0.133967 0.220894 0.373743
v -0.254128 0.208626 0.216476
v -0.388397 0.220894 0.071070
v -0.595280 0.158090 0.258566
v 0.109935 0.143791 0.693211
v -0.252300 0.143791 0.661843
v -0.175147 0.119680 0.726023
v 0.058526 0.119680 0.746258
v 0.130975 0.223469 0.167373
v -0.133967 0.220894 0.373743
v 0.109935 0.143791 0.693211
v 0.422420 0.175393 0.514079
v -0.254128 0.208626 0.216476
v -0.133967 0.220894 0.373743
v 0.130975 0.223469 0.167373
v -0.004291 0.245782 0.006460
v -0.139557 0.223469 -0.154453
v -0.388397 0.220894 0.071070
v 0.109935 0.143791 0.693211
v -0.133967 0.220894 0.373743
v -0.354235 0.158090 0.545315
v -0.252300 0.143791 0.661843
v 0.468998 0.175393 -0.391392
v 0.379815 0.220894 -0.058149
v 0.586698 0.158090 -0.245646
v 0.245546 0.208625 -0.203556
v 0.125385 0.220894 -0.360822
v 0.345654 0.158090 -0.532395
v 0.652601 0.143791 0.237039
v 0.713696 0.119680 0.195513
v 0.733931 0.119680 -0.038159
v 0.683969 0.143791 -0.125197
v 0.130975 0.223469 0.167373
v 0.422420 0.175393 0.514079
v 0.652601 0.143791 0.237039
v 0.379815 0.220894 -0.058149
v 0.245546 0.208625 -0.203556
v 0.130975 0.223469 0.167373
v 0.379815 0.220894 -0.058149
v -0.004291 0.245782 0.006460
v -0.139557 0.223469 -0.154453
v 0.125385 0.220894 -0.360822
v 0.652601 0.143791 0.237039
v 0.683969 0.143791 -0.125197
v 0.586698 0.158090 -0.245646
v 0.379815 0.220894 -0.058149
v -0.661183 0.143791 -0.224118
v -0.722278 0.119680 -0.182592
v -0.742513 0.119680 0.051080
v -0.692551 0.143791 0.138117
v -0.139557 0.223469 -0.154453
v -0.431002 0.175393 -0.501158
v -0.661183 0.143791 -0.224118
v -0.388397 0.220894 0.071070
v -0.661183 0.143791 -0.224118
v -0.692551 0.143791 0.138117
v -0.595280 0.158090 0.258566
v -0.388397 0.220894 0.071070
v -0.118517 0.143790 -0.680290
v 0.243718 0.143790 -0.648922
v 0.166565 0.119680 -0.713103
v -0.067107 0.119680 -0.733337
v -0.139557 0.223469 -0.154453
v 0.125385 0.220894 -0.360822
v -0.118517 0.143790 -0.680290
v -0.431002 0.175393 -0.501158
v -0.118517 0.143790 -0.680290
v 0.125385 0.220894 -0.360822
v 0.345654 0.158090 -0.532395
v 0.243718 0.143790 -0.648922
v -0.473512 0.156475 0.400893
v -0.132720 0.201751 0.369227
v -0.351531 0.139265 0.539649
v -0.251363 0.189420 0.214152
v -0.383735 0.201751 0.070618
v -0.589234 0.139265 0.256876
v 0.109926 0.125151 0.685614
v 0.060117 0.102519 0.727876
v -0.173569 0.101658 0.707798
v -0.250904 0.125487 0.653190
v 0.129208 0.204106 0.165272
v 0.419447 0.156300 0.510542
v 0.109926 0.125151 0.685614
v -0.132720 0.201751 0.369227
v -0.251363 0.189420 0.214152
v 0.129208 0.204106 0.165272
v -0.132720 0.201751 0.369227
v -0.004291 0.226356 0.006460
v -0.137790 0.204106 -0.152351
v -0.383735 0.201751 0.070618
v 0.109926 0.125151 0.685614
v -0.250904 0.125487 0.653190
v -0.351531 0.139265 0.539649
v -0.132720 0.201751 0.369227
v 0.464930 0.156475 -0.387973
v 0.580652 0.139265 -0.243955
v 0.375153 0.201751 -0.057698
v 0.242781 0.189420 -0.201232
v 0.124139 0.201751 -0.356307
v 0.342949 0.139265 -0.526729
v 0.645119 0.125151 0.235724
v 0.675205 0.125487 -0.125309
v 0.715706 0.101658 -0.039738
v 0.695315 0.102519 0.193921
v 0.129208 0.204106 0.165272
v 0.375153 0.201751 -0.057698
v 0.645119 0.125151 0.235724
v 0.419447 0.156300 0.510542
v 0.242781 0.189420 -0.201232
v 0.375153 0.201751 -0.057698
v 0.129208 0.204106 0.165272
v -0.004291 0.226356 0.006460
v -0.137790 0.204106 -0.152351
v 0.124139 0.201751 -0.356307
v 0.645119 0.125151 0.235724
v 0.375153 0.201751 -0.057698
v 0.580652 0.139265 -0.243955
v 0.675205 0.125487 -0.125309
v -0.653701 0.125151 -0.222803
v -0.683787 0.125487 0.138230
v -0.724288 0.101658 0.052658
v -0.703896 0.102519 -0.181001
v -0.137790 0.204106 -0.152351
v -0.383735 0.201751 0.070618
v -0.653701 0.125151 -0.222803
v -0.428029 0.156300 -0.497622
v -0.653701 0.125151 -0.222803
v -0.383735 0.201751 0.070618
v -0.589234 0.139265 0.256876
v -0.683787 0.125487 0.138230
v -0.118508 0.125150 -0.672693
v -0.068699 0.102518 -0.714956
v 0.164987 0.101658 -0.694877
v 0.242322 0.125487 -0.640270
v -0.137790 0.204106 -0.152351
v -0.428029 0.156300 -0.497622
v -0.118508 0.125150 -0.672693
v 0.124139 0.201751 -0.356307
v -0.118508 0.125150 -0.672693
v 0.242322 0.125487 -0.640270
v 0.342949 0.139265 -0.526729
v 0.124139 0.201751 -0.356307
v 0.109935 0.143791 0.693211
v 0.109926 0.125151 0.685614
v 0.419447 0.156300 0.510542
v 0.422420 0.175393 0.514079
v 0.058526 0.119680 0.746258
v 0.060117 0.102519 0.727876
v 0.109926 0.125151 0.685614
v 0.109935 0.143791 0.693211
v -0.252300 0.143791 0.661843
v -0.250904 0.125487 0.653190
v -0.173569 0.101658 0.707798
v -0.175147 0.119680 0.726023
v -0.175147 0.119680 0.726023
v -0.173569 0.101658 0.707798
v -0.052506 0.035363 0.742227
v -0.054578 0.040757 0.766151
v -0.054578 0.040757 0.766151
v -0.052506 0.035363 0.742227
v 0.060117 0.102519 0.727876
v 0.058526 0.119680 0.746258
v -0.354235 0.158090 0.545315
v -0.250904 0.125487 0.653190
v -0.252300 0.143791 0.661843
v -0.351531 0.139265 0.539649
v -0.477580 0.175393 0.404313
v -0.473512 0.156475 0.400893
v -0.595280 0.158090 0.258566
v -0.589234 0.139265 0.256876
v -0.692551 0.143791 0.138117
v -0.683787 0.125487 0.138230
v 0.422420 0.175393 0.514079
v 0.419447 0.156300 0.510542
v 0.645119 0.125151 0.235724
v 0.652601 0.143791 0.237039
v 0.652601 0.143791 0.237039
v 0.645119 0.125151 0.235724
v 0.695315 0.102519 0.193921
v 0.713696 0.119680 0.195513
v 0.733931 0.119680 -0.038159
v 0.715706 0.101658 -0.039738
v 0.675205 0.125487 -0.125309
v 0.683969 0.143791 -0.125197
v 0.752736 0.040757 0.087513
v 0.728812 0.035363 0.085442
v 0.715706 0.101658 -0.039738
v 0.733931 0.119680 -0.038159
v 0.713696 0.119680 0.195513
v 0.695315 0.102519 0.193921
v 0.728812 0.035363 0.085442
v 0.752736 0.040757 0.087513
v 0.683969 0.143791 -0.125197
v 0.675205 0.125487 -0.125309
v 0.580652 0.139265 -0.243955
v 0.586698 0.158090 -0.245646
v 0.464930 0.156475 -0.387973
v 0.468998 0.175393 -0.391392
v 0.342949 0.139265 -0.526729
v 0.345654 0.158090 -0.532395
v 0.242322 0.125487 -0.640270
v 0.243718 0.143790 -0.648922
v -0.431002 0.175393 -0.501158
v -0.428029 0.156300 -0.497622
v -0.653701 0.125151 -0.222803
v -0.661183 0.143791 -0.224118
v -0.661183 0.143791 -0.224118
v -0.653701 0.125151 -0.222803
v -0.703896 0.102519 -0.181001
v -0.722278 0.119680 -0.182592
v -0.742513 0.119680 0.051080
v -0.724288 0.101658 0.052658
v -0.683787 0.125487 0.138230
v -0.692551 0.143791 0.138117
v -0.761318 0.040757 -0.074593
v -0.737393 0.035363 -0.072521
v -0.724288 0.101658 0.052658
v -0.742513 0.119680 0.051080
v -0.722278 0.119680 -0.182592
v -0.703896 0.102519 -0.181001
v -0.737393 0.035363 -0.072521
v -0.761318 0.040757 -0.074593
v -0.118517 0.143790 -0.680290
v -0.118508 0.125150 -0.672693
v -0.428029 0.156300 -0.497622
v -0.431002 0.175393 -0.501158
v -0.067107 0.119680 -0.733337
v -0.068699 0.102518 -0.714956
v -0.118508 0.125150 -0.672693
v -0.118517 0.143790 -0.680290
v 0.243718 0.143790 -0.648922
v 0.242322 0.125487 -0.640270
v 0.164987 0.101658 -0.694877
v 0.166565 0.119680 -0.713103
v 0.166565 0.119680 -0.713103
v 0.164987 0.101658 -0.694877
v 0.043924 0.035363 -0.729306
v 0.045996 0.040757 -0.753231
v 0.045996 0.040757 -0.753231
v 0.043924 0.035363 -0.729306
v -0.068699 0.102518 -0.714956
v -0.067107 0.119680 -0.733337
v -0.623883 -0.202019 -0.001618
v -0.620197 -0.219322 0.185684
v -0.341185 -0.156517 0.196085
v -0.331970 -0.168786 -0.001618
v -0.341185 -0.156517 -0.199321
v -0.620197 -0.219322 -0.188919
v -0.360052 -0.233621 0.597573
v -0.617150 -0.233621 0.340475
v -0.599389 -0.257731 0.439249
v -0.433539 -0.257731 0.605098
v -0.005588 -0.153943 0.208596
v -0.341185 -0.156517 0.196085
v -0.360052 -0.233621 0.597573
v -0.005588 -0.202019 0.661525
v -0.331970 -0.168786 -0.001618
v -0.341185 -0.156517 0.196085
v -0.005588 -0.153943 0.208596
v -0.005588 -0.131630 -0.001618
v -0.005588 -0.153943 -0.211831
v -0.341185 -0.156517 -0.199321
v -0.360052 -0.233621 0.597573
v -0.341185 -0.156517 0.196085
v -0.620197 -0.219322 0.185684
v -0.617150 -0.233621 0.340475
v 0.612708 -0.202019 -0.001618
v 0.330010 -0.156517 0.196085
v 0.609021 -0.219322 0.185684
v 0.320794 -0.168786 -0.001618
v 0.330010 -0.156517 -0.199321
v 0.609021 -0.219322 -0.188919
v 0.348876 -0.233621 0.597573
v 0.422363 -0.257731 0.605098
v 0.588213 -0.257731 0.439249
v 0.605974 -0.233621 0.340475
v -0.005588 -0.153943 0.208596
v -0.005588 -0.202019 0.661525
v 0.348876 -0.233621 0.597573
v 0.330010 -0.156517 0.196085
v 0.320794 -0.168786 -0.001618
v -0.005588 -0.153943 0.208596
v 0.330010 -0.156517 0.196085
v -0.005588 -0.131630 -0.001618
v -0.005588 -0.153943 -0.211831
v 0.330010 -0.156517 -0.199321
v 0.348876 -0.233621 0.597573
v 0.605974 -0.233621 0.340475
v 0.609021 -0.219322 0.185684
v 0.330010 -0.156517 0.196085
v -0.360052 -0.233621 -0.600808
v -0.433539 -0.257731 -0.608334
v -0.599389 -0.257731 -0.442484
v -0.617150 -0.233621 -0.343710
v -0.005588 -0.153943 -0.211831
v -0.005588 -0.202019 -0.664761
v -0.360052 -0.233621 -0.600808
v -0.341185 -0.156517 -0.199321
v -0.360052 -0.233621 -0.600808
v -0.617150 -0.233621 -0.343710
v -0.620197 -0.219322 -0.188919
v -0.341185 -0.156517 -0.199321
v 0.348876 -0.233621 -0.600808
v 0.605974 -0.233621 -0.343710
v 0.588213 -0.257731 -0.442484
v 0.422363 -0.257731 -0.608334
v -0.005588 -0.153943 -0.211831
v 0.330010 -0.156517 -0.199321
v 0.348876 -0.233621 -0.600808
v -0.005588 -0.202019 -0.664761
v 0.348876 -0.233621 -0.600808
v 0.330010 -0.156517 -0.199321
v 0.609021 -0.219322 -0.188919
v 0.605974 -0.233621 -0.343710
v -0.618569 -0.220936 -0.001618
v -0.337326 -0.175661 0.193431
v -0.614481 -0.238146 0.183087
v -0.328358 -0.187992 -0.001618
v -0.337326 -0.175661 -0.196666
v -0.614481 -0.238146 -0.186323
v -0.355171 -0.252261 0.591751
v -0.420492 -0.274893 0.592052
v -0.586453 -0.275753 0.426313
v -0.610513 -0.251924 0.334750
v -0.005588 -0.173306 0.205850
v -0.005588 -0.221112 0.656905
v -0.355171 -0.252261 0.591751
v -0.337326 -0.175661 0.193431
v -0.328358 -0.187992 -0.001618
v -0.005588 -0.173306 0.205850
v -0.337326 -0.175661 0.193431
v -0.005588 -0.151055 -0.001618
v -0.005588 -0.173306 -0.209086
v -0.337326 -0.175661 -0.196666
v -0.355171 -0.252261 0.591751
v -0.610513 -0.251924 0.334750
v -0.614481 -0.238146 0.183087
v -0.337326 -0.175661 0.193431
v 0.607393 -0.220936 -0.001618
v 0.603305 -0.238146 0.183087
v 0.326150 -0.175661 0.193431
v 0.317182 -0.187992 -0.001618
v 0.326150 -0.175661 -0.196666
v 0.603305 -0.238146 -0.186323
v 0.343995 -0.252261 0.591751
v 0.599338 -0.251925 0.334750
v 0.575278 -0.275753 0.426313
v 0.409317 -0.274893 0.592052
v -0.005588 -0.173306 0.205850
v 0.326150 -0.175661 0.193431
v 0.343995 -0.252261 0.591751
v -0.005588 -0.221112 0.656905
v 0.317182 -0.187992 -0.001618
v 0.326150 -0.175661 0.193431
v -0.005588 -0.173306 0.205850
v -0.005588 -0.151055 -0.001618
v -0.005588 -0.173306 -0.209086
v 0.326150 -0.175661 -0.196666
v 0.343995 -0.252261 0.591751
v 0.326150 -0.175661 0.193431
v 0.603305 -0.238146 0.183087
v 0.599338 -0.251925 0.334750
v -0.355171 -0.252261 -0.594987
v -0.610513 -0.251925 -0.337985
v -0.586453 -0.275753 -0.429549
v -0.420493 -0.274893 -0.595287
v -0.005588 -0.173306 -0.209086
v -0.337326 -0.175661 -0.196666
v -0.355171 -0.252261 -0.594987
v -0.005588 -0.221112 -0.660140
v -0.355171 -0.252261 -0.594987
v -0.337326 -0.175661 -0.196666
v -0.614481 -0.238146 -0.186323
v -0.610513 -0.251925 -0.337985
v 0.343995 -0.252261 -0.594987
v 0.409317 -0.274893 -0.595287
v 0.575278 -0.275753 -0.429549
v 0.599338 -0.251925 -0.337985
v -0.005588 -0.173306 -0.209086
v -0.005588 -0.221112 -0.660140
v 0.343995 -0.252261 -0.594987
v 0.326150 -0.175661 -0.196666
v 0.343995 -0.252261 -0.594987
v 0.599338 -0.251925 -0.337985
v 0.603305 -0.238146 -0.186323
v 0.326150 -0.175661 -0.196666
v -0.360052 -0.233621 0.597573
v -0.355171 -0.252261 0.591751
v -0.005588 -0.221112 0.656905
v -0.005588 -0.202019 0.661525
v -0.433539 -0.257731 0.605098
v -0.420492 -0.274893 0.592052
v -0.355171 -0.252261 0.591751
v -0.360052 -0.233621 0.597573
v -0.617150 -0.233621 0.340475
v -0.610513 -0.251924 0.334750
v -0.586453 -0.275753 0.426313
v -0.599389 -0.257731 0.439249
v -0.599389 -0.257731 0.439249
v -0.586453 -0.275753 0.426313
v -0.515937 -0.342048 0.530568
v -0.532917 -0.336654 0.547548
v -0.532917 -0.336654 0.547548
v -0.515937 -0.342048 0.530568
v -0.420492 -0.274893 0.592052
v -0.433539 -0.257731 0.605098
v -0.620197 -0.219322 0.185684
v -0.610513 -0.251924 0.334750
v -0.617150 -0.233621 0.340475
v -0.614481 -0.238146 0.183087
v -0.623883 -0.202019 -0.001618
v -0.618569 -0.220936 -0.001618
v -0.620197 -0.219322 -0.188919
v -0.614481 -0.238146 -0.186323
v -0.617150 -0.233621 -0.343710
v -0.610513 -0.251925 -0.337985
v -0.005588 -0.202019 0.661525
v -0.005588 -0.221112 0.656905
v 0.343995 -0.252261 0.591751
v 0.348876 -0.233621 0.597573
v 0.348876 -0.233621 0.597573
v 0.343995 -0.252261 0.591751
v 0.409317 -0.274893 0.592052
v 0.422363 -0.257731 0.605098
v 0.588213 -0.257731 0.439249
v 0.575278 -0.275753 0.426313
v 0.599338 -0.251925 0.334750
v 0.605974 -0.233621 0.340475
v 0.521741 -0.336654 0.547548
v 0.504761 -0.342048 0.530568
v 0.575278 -0.275753 0.426313
v 0.588213 -0.257731 0.439249
v 0.422363 -0.257731 0.605098
v 0.409317 -0.274893 0.592052
v 0.504761 -0.342048 0.530568
v 0.521741 -0.336654 0.547548
v 0.605974 -0.233621 0.340475
v 0.599338 -0.251925 0.334750
v 0.603305 -0.238146 0.183087
v 0.609021 -0.219322 0.185684
v 0.607393 -0.220936 -0.001618
v 0.612708 -0.202019 -0.001618
v 0.603305 -0.238146 -0.186323
v 0.609021 -0.219322 -0.188919
v 0.599338 -0.251925 -0.337985
v 0.605974 -0.233621 -0.343710
v -0.005588 -0.202019 -0.664761
v -0.005588 -0.221112 -0.660140
v -0.355171 -0.252261 -0.594987
v -0.360052 -0.233621 -0.600808
v -0.360052 -0.233621 -0.600808
v -0.355171 -0.252261 -0.594987
v -0.420493 -0.274893 -0.595287
v -0.433539 -0.257731 -0.608334
v -0.599389 -0.257731 -0.442484
v -0.586453 -0.275753 -0.429549
v -0.610513 -0.251925 -0.337985
v -0.617150 -0.233621 -0.343710
v -0.532917 -0.336654 -0.550783
v -0.515937 -0.342048 -0.533803
v -0.586453 -0.275753 -0.429549
v -0.599389 -0.257731 -0.442484
v -0.433539 -0.257731 -0.608334
v -0.420493 -0.274893 -0.595287
v -0.515937 -0.342048 -0.533803
v -0.532917 -0.336654 -0.550783
v 0.348876 -0.233621 -0.600808
v 0.343995 -0.252261 -0.594987
v -0.005588 -0.221112 -0.660140
v -0.005588 -0.202019 -0.664761
v 0.422363 -0.257731 -0.608334
v 0.409317 -0.274893 -0.595287
v 0.343995 -0.252261 -0.594987
v 0.348876 -0.233621 -0.600808
v 0.605974 -0.233621 -0.343710
v 0.599338 -0.251925 -0.337985
v 0.575278 -0.275753 -0.429549
v 0.588213 -0.257731 -0.442484
v 0.588213 -0.257731 -0.442484
v 0.575278 -0.275753 -0.429549
v 0.504761 -0.342048 -0.533803
v 0.521741 -0.336654 -0.550783
v 0.521741 -0.336654 -0.550783
v 0.504761 -0.342048 -0.533803
v 0.409317 -0.274893 -0.595287
v 0.422363 -0.257731 -0.608334
v 0.320960 0.026434 -0.644375
v 0.541288 0.026434 -0.452160
v 0.473091 -0.095271 -0.394833
v 0.249831 -0.088938 -0.599270
v 0.320960 0.026434 -0.644375
v 0.249831 0.141807 -0.599271
v 0.473091 0.148140 -0.394833
v 0.541288 0.026434 -0.452160
v 0.320960 0.026434 -0.644375
v 0.060138 0.026434 -0.737568
v 0.054808 0.111145 -0.676019
v 0.249831 0.141807 -0.599271
v 0.320960 0.026434 -0.644375
v 0.249831 -0.088938 -0.599270
v 0.054808 -0.058276 -0.676019
v 0.060138 0.026434 -0.737568
v -0.655126 0.026434 -0.318790
v -0.462911 0.026434 -0.539118
v -0.405584 -0.095271 -0.470921
v -0.610022 -0.088938 -0.247662
v -0.655126 0.026434 -0.318790
v -0.610022 0.141807 -0.247662
v -0.405584 0.148140 -0.470921
v -0.462911 0.026434 -0.539118
v -0.655126 0.026434 -0.318790
v -0.748320 0.026434 -0.057969
v -0.686771 0.111145 -0.052639
v -0.610022 0.141807 -0.247662
v -0.655126 0.026434 -0.318790
v -0.610022 -0.088938 -0.247662
v -0.686771 -0.058276 -0.052639
v -0.748320 0.026434 -0.057969
v -0.329541 0.026434 0.657295
v -0.549870 0.026434 0.465081
v -0.481672 -0.095271 0.407753
v -0.258413 -0.088938 0.612191
v -0.329541 0.026434 0.657295
v -0.258413 0.141807 0.612191
v -0.481672 0.148140 0.407753
v -0.549870 0.026434 0.465081
v -0.329541 0.026434 0.657295
v -0.068720 0.026434 0.750489
v -0.063390 0.111145 0.688940
v -0.258413 0.141807 0.612191
v -0.329541 0.026434 0.657295
v -0.258413 -0.088938 0.612191
v -0.063390 -0.058276 0.688940
v -0.068720 0.026434 0.750489
v 0.646544 0.026434 0.331711
v 0.454330 0.026434 0.552039
v 0.397002 -0.095271 0.483842
v 0.601440 -0.088938 0.260582
v 0.646544 0.026434 0.331711
v 0.601440 0.141807 0.260582
v 0.397002 0.148140 0.483842
v 0.454330 0.026434 0.552039
v 0.646544 0.026434 0.331711
v 0.739738 0.026434 0.070889
v 0.678189 0.111145 0.065559
v 0.601440 0.141807 0.260582
v 0.646544 0.026434 0.331711
v 0.601440 -0.088938 0.260582
v 0.678189 -0.058276 0.065559
v 0.739738 0.026434 0.070889
v -0.045027 -0.134151 0.476879
v -0.258413 -0.088938 0.612191
v -0.481672 -0.095271 0.407753
v -0.277080 -0.139217 0.235771
v -0.045027 -0.134151 0.476879
v 0.141923 -0.088938 0.646858
v -0.063390 -0.058276 0.688940
v -0.258413 -0.088938 0.612191
v -0.045027 -0.134151 0.476879
v 0.225019 -0.139217 0.279250
v 0.397002 -0.095271 0.483842
v 0.141923 -0.088938 0.646858
v 0.466128 0.187019 0.047196
v 0.636107 0.141807 -0.139753
v 0.473091 0.148140 -0.394833
v 0.268499 0.192086 -0.222850
v 0.466128 0.187019 0.047196
v 0.601440 0.141807 0.260582
v 0.678189 0.111145 0.065559
v 0.636107 0.141807 -0.139753
v 0.466128 0.187019 0.047196
v 0.225019 0.192086 0.279250
v 0.397002 0.148140 0.483842
v 0.601440 0.141807 0.260582
v -0.045027 0.187019 0.476879
v -0.277080 0.192086 0.235770
v -0.481672 0.148140 0.407753
v -0.258413 0.141807 0.612191
v -0.045027 0.187019 0.476879
v 0.141923 0.141807 0.646858
v 0.397002 0.148140 0.483842
v 0.225019 0.192086 0.279250
v -0.045027 0.187019 0.476879
v -0.258413 0.141807 0.612191
v -0.063390 0.111145 0.688940
v 0.141923 0.141807 0.646858
v 0.466128 -0.134151 0.047196
v 0.268499 -0.139217 -0.222850
v 0.473091 -0.095271 -0.394833
v 0.636107 -0.088938 -0.139753
v 0.466128 -0.134151 0.047196
v 0.601440 -0.088938 0.260582
v 0.397002 -0.095271 0.483842
v 0.225019 -0.139217 0.279250
v 0.466128 -0.134151 0.047196
v 0.636107 -0.088938 -0.139753
v 0.678189 -0.058276 0.065559
v 0.601440 -0.088938 0.260582
v 0.204240 0.026434 0.703518
v -0.068720 0.026434 0.750489
v -0.063390 -0.058276 0.688940
v 0.141923 -0.088938 0.646858
v 0.204240 0.026434 0.703518
v 0.141923 0.141807 0.646858
v -0.063390 0.111145 0.688940
v -0.068720 0.026434 0.750489
v 0.204240 0.026434 0.703518
v 0.454330 0.026434 0.552039
v 0.397002 0.148140 0.483842
v 0.141923 0.141807 0.646858
v 0.204240 0.026434 0.703518
v 0.141923 -0.088938 0.646858
v 0.397002 -0.095271 0.483842
v 0.454330 0.026434 0.552039
v -0.212821 0.026434 -0.690597
v 0.060138 0.026434 -0.737568
v 0.054808 -0.058276 -0.676019
v -0.150505 -0.088938 -0.633937
v -0.212821 0.026434 -0.690597
v -0.150505 0.141807 -0.633937
v 0.054808 0.111145 -0.676019
v 0.060138 0.026434 -0.737568
v -0.212821 0.026434 -0.690597
v -0.462911 0.026434 -0.539118
v -0.405584 0.148140 -0.470921
v -0.150505 0.141807 -0.633937
v -0.212821 0.026434 -0.690597
v -0.150505 -0.088938 -0.633937
v -0.405584 -0.095271 -0.470921
v -0.462911 0.026434 -0.539118
v 0.036445 -0.134151 -0.463958
v -0.150505 -0.088938 -0.633937
v 0.054808 -0.058276 -0.676019
v 0.249831 -0.088938 -0.599270
v 0.036445 -0.134151 -0.463958
v -0.233601 -0.139217 -0.266329
v -0.405584 -0.095271 -0.470921
v -0.150505 -0.088938 -0.633937
v 0.036445 -0.134151 -0.463958
v 0.249831 -0.088938 -0.599270
v 0.473091 -0.095271 -0.394833
v 0.268499 -0.139217 -0.222850
v -0.474709 0.187019 -0.034275
v -0.610022 0.141807 -0.247662
v -0.686771 0.111145 -0.052639
v -0.644689 0.141807 0.152674
v -0.474709 0.187019 -0.034275
v -0.233601 0.192086 -0.266329
v -0.405584 0.148140 -0.470921
v -0.610022 0.141807 -0.247662
v -0.474709 0.187019 -0.034275
v -0.644689 0.141807 0.152674
v -0.481672 0.148140 0.407753
v -0.277080 0.192086 0.235770
v 0.036445 0.187019 -0.463958
v -0.150505 0.141807 -0.633937
v -0.405584 0.148140 -0.470921
v -0.233601 0.192086 -0.266329
v 0.036445 0.187019 -0.463958
v 0.249831 0.141807 -0.599271
v 0.054808 0.111145 -0.676019
v -0.150505 0.141807 -0.633937
v 0.036445 0.187019 -0.463958
v 0.268499 0.192086 -0.222850
v 0.473091 0.148140 -0.394833
v 0.249831 0.141807 -0.599271
v -0.474709 -0.134151 -0.034275
v -0.610022 -0.088938 -0.247662
v -0.405584 -0.095271 -0.470921
v -0.233601 -0.139217 -0.266329
v -0.474709 -0.134151 -0.034275
v -0.644689 -0.088938 0.152674
v -0.686771 -0.058276 -0.052639
v -0.610022 -0.088938 -0.247662
v -0.474709 -0.134151 -0.034275
v -0.277080 -0.139217 0.235771
v -0.481672 -0.095271 0.407753
v -0.644689 -0.088938 0.152674
v -0.701348 0.026434 0.214991
v -0.748320 0.026434 -0.057969
v -0.686771 -0.058276 -0.052639
v -0.644689 -0.088938 0.152674
v -0.701348 0.026434 0.214991
v -0.644689 0.141807 0.152674
v -0.686771 0.111145 -0.052639
v -0.748320 0.026434 -0.057969
v -0.701348 0.026434 0.214991
v -0.549870 0.026434 0.465081
v -0.481672 0.148140 0.407753
v -0.644689 0.141807 0.152674
v -0.701348 0.026434 0.214991
v -0.644689 -0.088938 0.152674
v -0.481672 -0.095271 0.407753
v -0.549870 0.026434 0.465081
v 0.692767 0.026434 -0.202070
v 0.739738 0.026434 0.070889
v 0.678189 -0.058276 0.065559
v 0.636107 -0.088938 -0.139753
v 0.692767 0.026434 -0.202070
v 0.636107 0.141807 -0.139753
v 0.678189 0.111145 0.065559
v 0.739738 0.026434 0.070889
v 0.692767 0.026434 -0.202070
v 0.541288 0.026434 -0.452160
v 0.473091 0.148140 -0.394833
v 0.636107 0.141807 -0.139753
v 0.692767 0.026434 -0.202070
v 0.636107 -0.088938 -0.139753
v 0.473091 -0.095271 -0.394833
v 0.541288 0.026434 -0.452160
v 0.662174 -0.350977 -0.290527
v 0.707145 -0.350977 -0.001618
v 0.618054 -0.472683 -0.001618
v 0.578703 -0.466350 -0.301770
v 0.662174 -0.350977 -0.290527
v 0.578703 -0.235605 -0.301770
v 0.618054 -0.229272 -0.001618
v 0.707145 -0.350977 -0.001618
v 0.662174 -0.350977 -0.290527
v 0.522489 -0.350977 -0.529694
v 0.478804 -0.266267 -0.486010
v 0.578703 -0.235605 -0.301770
v 0.662174 -0.350977 -0.290527
v 0.578703 -0.466350 -0.301770
v 0.478804 -0.435688 -0.486010
v 0.522489 -0.350977 -0.529694
v -0.294497 -0.350977 -0.669379
v -0.005588 -0.350977 -0.714351
v -0.005588 -0.472683 -0.625259
v -0.305740 -0.466350 -0.585909
v -0.294497 -0.350977 -0.669379
v -0.305740 -0.235605 -0.585909
v -0.005588 -0.229272 -0.625259
v -0.005588 -0.350977 -0.714351
v -0.294497 -0.350977 -0.669379
v -0.533665 -0.350977 -0.529694
v -0.489980 -0.266267 -0.486010
v -0.305740 -0.235605 -0.585909
v -0.294497 -0.350977 -0.669379
v -0.305740 -0.466350 -0.585909
v -0.489980 -0.435688 -0.486010
v -0.533665 -0.350977 -0.529694
v -0.673350 -0.350977 0.287291
v -0.718321 -0.350977 -0.001618
v -0.629230 -0.472683 -0.001618
v -0.589879 -0.466350 0.298534
v -0.673350 -0.350977 0.287291
v -0.589879 -0.235605 0.298534
v -0.629230 -0.229272 -0.001618
v -0.718321 -0.350977 -0.001618
v -0.673350 -0.350977 0.287291
v -0.533665 -0.350977 0.526459
v -0.489980 -0.266267 0.482774
v -0.589879 -0.235605 0.298534
v -0.673350 -0.350977 0.287291
v -0.589879 -0.466350 0.298534
v -0.489980 -0.435688 0.482774
v -0.533665 -0.350977 0.526459
v 0.283321 -0.350977 0.666144
v -0.005588 -0.350977 0.711116
v -0.005588 -0.472682 0.622024
v 0.294564 -0.466350 0.582674
v 0.283321 -0.350977 0.666144
v 0.294564 -0.235605 0.582674
v -0.005588 -0.229272 0.622024
v -0.005588 -0.350977 0.711116
v 0.283321 -0.350977 0.666144
v 0.522489 -0.350977 0.526459
v 0.478804 -0.266267 0.482774
v 0.294564 -0.235605 0.582674
v 0.283321 -0.350977 0.666144
v 0.294564 -0.466350 0.582674
v 0.478804 -0.435688 0.482774
v 0.522489 -0.350977 0.526459
v -0.339469 -0.511562 0.332263
v -0.589879 -0.466350 0.298534
v -0.629230 -0.472683 -0.001618
v -0.361955 -0.516628 -0.001618
v -0.339469 -0.511562 0.332263
v -0.305740 -0.466350 0.582674
v -0.489980 -0.435688 0.482774
v -0.589879 -0.466350 0.298534
v -0.339469 -0.511562 0.332263
v -0.005588 -0.516628 0.354749
v -0.005588 -0.472682 0.622024
v -0.305740 -0.466350 0.582674
v 0.328293 -0.190392 0.332263
v 0.578703 -0.235605 0.298534
v 0.618054 -0.229272 -0.001618
v 0.350779 -0.185326 -0.001618
v 0.328293 -0.190392 0.332263
v 0.294564 -0.235605 0.582674
v 0.478804 -0.266267 0.482774
v 0.578703 -0.235605 0.298534
v 0.328293 -0.190392 0.332263
v -0.005588 -0.185326 0.354749
v -0.005588 -0.229272 0.622024
v 0.294564 -0.235605 0.582674
v -0.339469 -0.190392 0.332263
v -0.361955 -0.185326 -0.001618
v -0.629230 -0.229272 -0.001618
v -0.589879 -0.235605 0.298534
v -0.339469 -0.190392 0.332263
v -0.305740 -0.235605 0.582674
v -0.005588 -0.229272 0.622024
v -0.005588 -0.185326 0.354749
v -0.339469 -0.190392 0.332263
v -0.589879 -0.235605 0.298534
v -0.489980 -0.266267 0.482774
v -0.305740 -0.235605 0.582674
v 0.328293 -0.511562 0.332263
v 0.350779 -0.516628 -0.001618
v 0.618054 -0.472683 -0.001618
v 0.578703 -0.466350 0.298534
v 0.328293 -0.511562 0.332263
v 0.294564 -0.466350 0.582674
v -0.005588 -0.472682 0.622024
v -0.005588 -0.516628 0.354749
v 0.328293 -0.511562 0.332263
v 0.578703 -0.466350 0.298534
v 0.478804 -0.435688 0.482774
v 0.294564 -0.466350 0.582674
v -0.294497 -0.350977 0.666144
v -0.533665 -0.350977 0.526459
v -0.489980 -0.435688 0.482774
v -0.305740 -0.466350 0.582674
v -0.294497 -0.350977 0.666144
v -0.305740 -0.235605 0.582674
v -0.489980 -0.266267 0.482774
v -0.533665 -0.350977 0.526459
v -0.294497 -0.350977 0.666144
v -0.005588 -0.350977 0.711116
v -0.005588 -0.229272 0.622024
v -0.305740 -0.235605 0.582674
v -0.294497 -0.350977 0.666144
v -0.305740 -0.466350 0.582674
v -0.005588 -0.472682 0.622024
v -0.005588 -0.350977 0.711116
v 0.283321 -0.350977 -0.669379
v 0.522489 -0.350977 -0.529694
v 0.478804 -0.435688 -0.486010
v 0.294564 -0.466350 -0.585909
v 0.283321 -0.350977 -0.669379
v 0.294564 -0.235605 -0.585909
v 0.478804 -0.266267 -0.486010
v 0.522489 -0.350977 -0.529694
v 0.283321 -0.350977 -0.669379
v -0.005588 -0.350977 -0.714351
v -0.005588 -0.229272 -0.625259
v 0.294564 -0.235605 -0.585909
v 0.283321 -0.350977 -0.669379
v 0.294564 -0.466350 -0.585909
v -0.005588 -0.472683 -0.625259
v -0.005588 -0.350977 -0.714351
v 0.328293 -0.511562 -0.335499
v 0.294564 -0.466350 -0.585909
v 0.478804 -0.435688 -0.486010
v 0.578703 -0.466350 -0.301770
v 0.328293 -0.511562 -0.335499
v -0.005588 -0.516629 -0.357984
v -0.005588 -0.472683 -0.625259
v 0.294564 -0.466350 -0.585909
v 0.328293 -0.511562 -0.335499
v 0.578703 -0.466350 -0.301770
v 0.618054 -0.472683 -0.001618
v 0.350779 -0.516628 -0.001618
v -0.339469 -0.190392 -0.335499
v -0.305740 -0.235605 -0.585909
v -0.489980 -0.266267 -0.486010
v -0.589880 -0.235605 -0.301770
v -0.339469 -0.190392 -0.335499
v -0.005588 -0.185326 -0.357984
v -0.005588 -0.229272 -0.625259
v -0.305740 -0.235605 -0.585909
v -0.339469 -0.190392 -0.335499
v -0.589880 -0.235605 -0.301770
v -0.629230 -0.229272 -0.001618
v -0.361955 -0.185326 -0.001618
v 0.328293 -0.190392 -0.335499
v 0.294564 -0.235605 -0.585909
v -0.005588 -0.229272 -0.625259
v -0.005588 -0.185326 -0.357984
v 0.328293 -0.190392 -0.335499
v 0.578703 -0.235605 -0.301770
v 0.478804 -0.266267 -0.486010
v 0.294564 -0.235605 -0.585909
v 0.328293 -0.190392 -0.335499
v 0.350779 -0.185326 -0.001618
v 0.618054 -0.229272 -0.001618
v 0.578703 -0.235605 -0.301770
v -0.339469 -0.511562 -0.335499
v -0.305740 -0.466350 -0.585909
v -0.005588 -0.472683 -0.625259
v -0.005588 -0.516629 -0.357984
v -0.339469 -0.511562 -0.335499
v -0.589879 -0.466350 -0.301770
v -0.489980 -0.435688 -0.486010
v -0.305740 -0.466350 -0.585909
v -0.339469 -0.511562 -0.335499
v -0.361955 -0.516628 -0.001618
v -0.629230 -0.472683 -0.001618
v -0.589879 -0.466350 -0.301770
v -0.673350 -0.350977 -0.290527
v -0.533665 -0.350977 -0.529694
v -0.489980 -0.435688 -0.486010
v -0.589879 -0.466350 -0.301770
v -0.673350 -0.350977 -0.290527
v -0.589880 -0.235605 -0.301770
v -0.489980 -0.266267 -0.486010
v -0.533665 -0.350977 -0.529694
v -0.673350 -0.350977 -0.290527
v -0.718321 -0.350977 -0.001618
v -0.629230 -0.229272 -0.001618
v -0.589880 -0.235605 -0.301770
v -0.673350 -0.350977 -0.290527
v -0.589879 -0.466350 -0.301770
v -0.629230 -0.472683 -0.001618
v -0.718321 -0.350977 -0.001618
v 0.662174 -0.350977 0.287291
v 0.522489 -0.350977 0.526459
v 0.478804 -0.435688 0.482774
v 0.578703 -0.466350 0.298534
v 0.662174 -0.350977 0.287291
v 0.578703 -0.235605 0.298534
v 0.478804 -0.266267 0.482774
v 0.522489 -0.350977 0.526459
v 0.662174 -0.350977 0.287291
v 0.707145 -0.350977 -0.001618
v 0.618054 -0.229272 -0.001618
v 0.578703 -0.235605 0.298534
v 0.662174 -0.350977 0.287291
v 0.578703 -0.466350 0.298534
v 0.618054 -0.472683 -0.001618
v 0.707145 -0.350977 -0.001618
v -0.339469 -0.511562 -0.335499
v -0.005588 -0.516629 -0.357984
v -0.005588 -0.519162 -0.001618
v -0.361955 -0.516628 -0.001618
v 0.328293 -0.511562 -0.335499
v -0.339469 -0.511562 0.332263
v 0.350779 -0.516628 -0.001618
v -0.005588 -0.516628 0.354749
v 0.328293 -0.511562 0.332263
v 0.328293 -0.190392 -0.335499
v -0.005588 -0.185326 -0.357984
v -0.005588 -0.182793 -0.001618
v 0.350779 -0.185326 -0.001618
v -0.339469 -0.190392 -0.335499
v 0.328293 -0.190392 0.332263
v -0.361955 -0.185326 -0.001618
v -0.005588 -0.185326 0.354749
v -0.339469 -0.190392 0.332263
v -0.474709 -0.134151 -0.034275
v -0.233601 -0.139217 -0.266329
v -0.004291 -0.141750 0.006460
v -0.277080 -0.139217 0.235771
v 0.036445 -0.134151 -0.463958
v -0.045027 -0.134151 0.476879
v 0.268499 -0.139217 -0.222850
v 0.225019 -0.139217 0.279250
v 0.466128 -0.134151 0.047196
v 0.036445 0.187019 -0.463958
v -0.233601 0.192086 -0.266329
v -0.004291 0.194619 0.006460
v 0.268499 0.192086 -0.222850
v -0.474709 0.187019 -0.034275
v 0.466128 0.187019 0.047196
v -0.277080 0.192086 0.235770
v 0.225019 0.192086 0.279250
v -0.045027 0.187019 0.476879
v -0.292990 0.183912 0.287910
v -0.392052 0.167719 0.476701
v -0.393356 0.227473 0.481142
v -0.294293 0.243666 0.292351
v -0.392052 0.167719 0.476701
v -0.328155 0.153983 0.680285
v -0.329459 0.213737 0.684726
v -0.393356 0.227473 0.481142
v -0.328155 0.153983 0.680285
v -0.138728 0.150750 0.779404
v -0.140032 0.210503 0.783845
v -0.329459 0.213737 0.684726
v -0.138728 0.150750 0.779404
v 0.065265 0.159913 0.715997
v 0.063961 0.219667 0.720438
v -0.140032 0.210503 0.783845
v 0.065265 0.159913 0.715997
v 0.164328 0.176106 0.527206
v 0.163024 0.235860 0.531647
v 0.063961 0.219667 0.720438
v 0.164328 0.176106 0.527206
v 0.100431 0.189842 0.323622
v 0.099127 0.249596 0.328063
v 0.163024 0.235860 0.531647
v -0.294293 0.243666 0.292351
v -0.393356 0.227473 0.481142
v -0.329459 0.213737 0.684726
v -0.140032 0.210503 0.783845
v -0.090300 0.252830 0.228944
v 0.063961 0.219667 0.720438
v 0.099127 0.249596 0.328063
v 0.163024 0.235860 0.531647
v 0.100431 0.189842 0.323622
v -0.088996 0.193076 0.224503
v -0.090300 0.252830 0.228944
v 0.099127 0.249596 0.328063
v -0.088996 0.193076 0.224503
v -0.292990 0.183912 0.287910
v -0.294293 0.243666 0.292351
v -0.090300 0.252830 0.228944
v -0.328155 0.153983 0.680285
v -0.392052 0.167719 0.476701
v -0.292990 0.183912 0.287910
v -0.138728 0.150750 0.779404
v -0.088996 0.193076 0.224503
v 0.065265 0.159913 0.715997
v 0.100431 0.189842 0.323622
v 0.164328 0.176106 0.527206
v -0.632398 0.171010 0.046381
v -0.729400 0.168634 0.236914
v -0.731013 0.228545 0.236839
v -0.634011 0.230921 0.046306
v -0.729400 0.168634 0.236914
v -0.663314 0.170665 0.440251
v -0.664927 0.230576 0.440177
v -0.731013 0.228545 0.236839
v -0.663314 0.170665 0.440251
v -0.472853 0.175913 0.537282
v -0.474466 0.235824 0.537207
v -0.664927 0.230576 0.440177
v -0.472853 0.175913 0.537282
v -0.269586 0.181304 0.471165
v -0.271199 0.241215 0.471091
v -0.474466 0.235824 0.537207
v -0.269586 0.181304 0.471165
v -0.172585 0.183680 0.280632
v -0.174198 0.243591 0.280558
v -0.271199 0.241215 0.471091
v -0.172585 0.183680 0.280632
v -0.238670 0.181649 0.077294
v -0.240284 0.241560 0.077220
v -0.174198 0.243591 0.280558
v -0.634011 0.230921 0.046306
v -0.731013 0.228545 0.236839
v -0.664927 0.230576 0.440177
v -0.474466 0.235824 0.537207
v -0.430744 0.236312 -0.019810
v -0.271199 0.241215 0.471091
v -0.240284 0.241560 0.077220
v -0.174198 0.243591 0.280558
v -0.238670 0.181649 0.077294
v -0.429131 0.176400 -0.019736
v -0.430744 0.236312 -0.019810
v -0.240284 0.241560 0.077220
v -0.429131 0.176400 -0.019736
v -0.632398 0.171010 0.046381
v -0.634011 0.230921 0.046306
v -0.430744 0.236312 -0.019810
v -0.663314 0.170665 0.440251
v -0.729400 0.168634 0.236914
v -0.632398 0.171010 0.046381
v -0.472853 0.175913 0.537282
v -0.429131 0.176400 -0.019736
v -0.269586 0.181304 0.471165
v -0.238670 0.181649 0.077294
v -0.172585 0.183680 0.280632
v -0.228599 0.235033 -0.676411
v -0.308824 0.273046 -0.458503
v -0.298779 0.337786 -0.466098
v -0.218553 0.299773 -0.684006
v -0.308824 0.273046 -0.458503
v -0.211207 0.282989 -0.244640
v -0.201162 0.347729 -0.252235
v -0.298779 0.337786 -0.466098
v -0.211207 0.282989 -0.244640
v 0.007069 0.259038 -0.160101
v 0.017115 0.323778 -0.167696
v -0.201162 0.347729 -0.252235
v 0.007069 0.259038 -0.160101
v 0.218142 0.215222 -0.254407
v 0.228187 0.279963 -0.262002
v 0.017115 0.323778 -0.167696
v 0.218142 0.215222 -0.254407
v 0.298367 0.177209 -0.472316
v 0.308413 0.241950 -0.479911
v 0.228187 0.279963 -0.262002
v 0.298367 0.177209 -0.472316
v 0.200751 0.167266 -0.686178
v 0.210796 0.232007 -0.693773
v 0.308413 0.241950 -0.479911
v -0.218553 0.299773 -0.684006
v -0.298779 0.337786 -0.466098
v -0.201162 0.347729 -0.252235
v -0.007480 0.255958 -0.778313
v 0.017115 0.323778 -0.167696
v 0.210796 0.232007 -0.693773
v 0.228187 0.279963 -0.262002
v 0.308413 0.241950 -0.479911
v 0.200751 0.167266 -0.686178
v -0.017526 0.191217 -0.770717
v -0.007480 0.255958 -0.778313
v 0.210796 0.232007 -0.693773
v -0.017526 0.191217 -0.770717
v -0.228599 0.235033 -0.676411
v -0.218553 0.299773 -0.684006
v -0.007480 0.255958 -0.778313
v -0.211207 0.282989 -0.244640
v -0.308824 0.273046 -0.458503
v -0.228599 0.235033 -0.676411
v -0.017526 0.191217 -0.770717
v 0.007069 0.259038 -0.160101
v 0.200751 0.167266 -0.686178
v 0.218142 0.215222 -0.254407
v 0.298367 0.177209 -0.472316
v 0.292629 0.192358 -0.356865
v 0.190324 0.191254 -0.158133
v 0.191974 0.253874 -0.156936
v 0.294278 0.254978 -0.355668
v 0.190324 0.191254 -0.158133
v 0.258450 0.185391 0.054673
v 0.260099 0.248011 0.055870
v 0.191974 0.253874 -0.156936
v 0.258450 0.185391 0.054673
v 0.457097 0.178204 0.156894
v 0.458747 0.240824 0.158091
v 0.260099 0.248011 0.055870
v 0.457097 0.178204 0.156894
v 0.669903 0.173902 0.088651
v 0.671552 0.236522 0.089848
v 0.458747 0.240824 0.158091
v 0.669903 0.173902 0.088651
v 0.772207 0.175006 -0.110081
v 0.773857 0.237626 -0.108884
v 0.671552 0.236522 0.089848
v 0.772207 0.175006 -0.110081
v 0.704082 0.180869 -0.322887
v 0.705731 0.243488 -0.321690
v 0.773857 0.237626 -0.108884
v 0.294278 0.254978 -0.355668
v 0.191974 0.253874 -0.156936
v 0.260099 0.248011 0.055870
v 0.458747 0.240824 0.158091
v 0.507084 0.250676 -0.423911
v 0.671552 0.236522 0.089848
v 0.705731 0.243488 -0.321690
v 0.773857 0.237626 -0.108884
v 0.704082 0.180869 -0.322887
v 0.505434 0.188056 -0.425108
v 0.507084 0.250676 -0.423911
v 0.705731 0.243488 -0.321690
v 0.505434 0.188056 -0.425108
v 0.292629 0.192358 -0.356865
v 0.294278 0.254978 -0.355668
v 0.507084 0.250676 -0.423911
v 0.258450 0.185391 0.054673
v 0.190324 0.191254 -0.158133
v 0.292629 0.192358 -0.356865
v 0.457097 0.178204 0.156894
v 0.505434 0.188056 -0.425108
v 0.669903 0.173902 0.088651
v 0.704082 0.180869 -0.322887
v 0.772207 0.175006 -0.110081
v 0.143064 0.204529 0.161763
v 0.048162 0.186504 0.363333
v 0.053927 0.248344 0.371577
v 0.148829 0.266369 0.170007
v 0.048162 0.186504 0.363333
v 0.123416 0.151814 0.570927
v 0.129181 0.213654 0.579171
v 0.053927 0.248344 0.371577
v 0.123416 0.151814 0.570927
v 0.324743 0.120780 0.662939
v 0.330508 0.182621 0.671183
v 0.129181 0.213654 0.579171
v 0.324743 0.120780 0.662939
v 0.534208 0.111582 0.585470
v 0.539973 0.173422 0.593714
v 0.330508 0.182621 0.671183
v 0.534208 0.111582 0.585470
v 0.629110 0.129607 0.383900
v 0.634874 0.191447 0.392144
v 0.539973 0.173422 0.593714
v 0.629110 0.129607 0.383900
v 0.553856 0.164297 0.176306
v 0.559620 0.226137 0.184550
v 0.634874 0.191447 0.392144
v 0.148829 0.266369 0.170007
v 0.053927 0.248344 0.371577
v 0.129181 0.213654 0.579171
v 0.330508 0.182621 0.671183
v 0.358294 0.257171 0.092538
v 0.539973 0.173422 0.593714
v 0.559620 0.226137 0.184550
v 0.634874 0.191447 0.392144
v 0.553856 0.164297 0.176306
v 0.352529 0.195330 0.084294
v 0.358294 0.257171 0.092538
v 0.559620 0.226137 0.184550
v 0.352529 0.195330 0.084294
v 0.143064 0.204529 0.161763
v 0.148829 0.266369 0.170007
v 0.358294 0.257171 0.092538
v 0.123416 0.151814 0.570927
v 0.048162 0.186504 0.363333
v 0.143064 0.204529 0.161763
v 0.324743 0.120780 0.662939
v 0.352529 0.195330 0.084294
v 0.534208 0.111582 0.585470
v 0.553856 0.164297 0.176306
v 0.629110 0.129607 0.383900
v 0.007276 -0.172883 0.212080
v -0.195073 -0.190908 0.305311
v -0.195965 -0.129068 0.315331
v 0.006384 -0.111043 0.222100
v -0.195073 -0.190908 0.305311
v -0.271048 -0.225598 0.512642
v -0.271940 -0.163757 0.522662
v -0.195965 -0.129068 0.315331
v -0.271048 -0.225598 0.512642
v -0.176144 -0.256631 0.712622
v -0.177036 -0.194791 0.722642
v -0.271940 -0.163757 0.522662
v -0.176144 -0.256631 0.712622
v 0.034045 -0.265830 0.788105
v 0.033153 -0.203989 0.798125
v -0.177036 -0.194791 0.722642
v 0.034045 -0.265830 0.788105
v 0.236394 -0.247805 0.694874
v 0.235502 -0.185964 0.704894
v 0.033153 -0.203989 0.798125
v 0.236394 -0.247805 0.694874
v 0.312369 -0.213115 0.487543
v 0.311476 -0.151275 0.497563
v 0.235502 -0.185964 0.704894
v -0.195965 -0.129068 0.315331
v -0.271940 -0.163757 0.522662
v -0.177036 -0.194791 0.722642
v 0.006384 -0.111043 0.222100
v 0.033153 -0.203989 0.798125
v 0.216573 -0.120241 0.297584
v 0.235502 -0.185964 0.704894
v 0.311476 -0.151275 0.497563
v 0.312369 -0.213115 0.487543
v 0.217465 -0.182081 0.287564
v 0.216573 -0.120241 0.297584
v 0.311476 -0.151275 0.497563
v 0.217465 -0.182081 0.287564
v 0.007276 -0.172883 0.212080
v 0.006384 -0.111043 0.222100
v 0.216573 -0.120241 0.297584
v -0.176144 -0.256631 0.712622
v -0.271048 -0.225598 0.512642
v -0.195073 -0.190908 0.305311
v 0.007276 -0.172883 0.212080
v 0.034045 -0.265830 0.788105
v 0.217465 -0.182081 0.287564
v 0.236394 -0.247805 0.694874
v 0.312369 -0.213115 0.487543
v 0.455484 -0.185054 -0.088676
v 0.249295 -0.186157 -0.002381
v 0.249788 -0.123538 -0.000403
v 0.455977 -0.122434 -0.086698
v 0.249295 -0.186157 -0.002381
v 0.164510 -0.192020 0.204353
v 0.165003 -0.129400 0.206331
v 0.249788 -0.123538 -0.000403
v 0.164510 -0.192020 0.204353
v 0.250794 -0.199208 0.410424
v 0.251286 -0.136588 0.412402
v 0.165003 -0.129400 0.206331
v 0.250794 -0.199208 0.410424
v 0.457603 -0.203510 0.495118
v 0.458096 -0.140890 0.497096
v 0.251286 -0.136588 0.412402
v 0.457603 -0.203510 0.495118
v 0.663792 -0.202406 0.408823
v 0.664284 -0.139786 0.410801
v 0.458096 -0.140890 0.497096
v 0.663792 -0.202406 0.408823
v 0.748577 -0.196543 0.202090
v 0.749070 -0.133923 0.204068
v 0.664284 -0.139786 0.410801
v 0.249788 -0.123538 -0.000403
v 0.165003 -0.129400 0.206331
v 0.251286 -0.136588 0.412402
v 0.455977 -0.122434 -0.086698
v 0.458096 -0.140890 0.497096
v 0.662786 -0.126736 -0.002003
v 0.664284 -0.139786 0.410801
v 0.749070 -0.133923 0.204068
v 0.748577 -0.196543 0.202090
v 0.662293 -0.189356 -0.003981
v 0.662786 -0.126736 -0.002003
v 0.749070 -0.133923 0.204068
v 0.662293 -0.189356 -0.003981
v 0.455484 -0.185054 -0.088676
v 0.455977 -0.122434 -0.086698
v 0.662786 -0.126736 -0.002003
v 0.250794 -0.199208 0.410424
v 0.164510 -0.192020 0.204353
v 0.249295 -0.186157 -0.002381
v 0.455484 -0.185054 -0.088676
v 0.457603 -0.203510 0.495118
v 0.662293 -0.189356 -0.003981
v 0.663792 -0.202406 0.408823
v 0.748577 -0.196543 0.202090
v 0.262115 -0.142379 -0.668673
v 0.060488 -0.104366 -0.553492
v 0.073065 -0.039625 -0.552842
v 0.274692 -0.077638 -0.668023
v 0.060488 -0.104366 -0.553492
v -0.002402 -0.094423 -0.326973
v 0.010175 -0.029682 -0.326323
v 0.073065 -0.039625 -0.552842
v -0.002402 -0.094423 -0.326973
v 0.110284 -0.118374 -0.121806
v 0.122861 -0.053634 -0.121156
v 0.010175 -0.029682 -0.326323
v 0.110284 -0.118374 -0.121806
v 0.332538 -0.162189 -0.058177
v 0.345115 -0.097449 -0.057527
v 0.122861 -0.053634 -0.121156
v 0.332538 -0.162189 -0.058177
v 0.534165 -0.200202 -0.173358
v 0.546742 -0.135462 -0.172708
v 0.345115 -0.097449 -0.057527
v 0.534165 -0.200202 -0.173358
v 0.597056 -0.210146 -0.399877
v 0.609633 -0.145405 -0.399227
v 0.546742 -0.135462 -0.172708
v 0.073065 -0.039625 -0.552842
v 0.010175 -0.029682 -0.326323
v 0.122861 -0.053634 -0.121156
v 0.274692 -0.077638 -0.668023
v 0.345115 -0.097449 -0.057527
v 0.496946 -0.121454 -0.604393
v 0.546742 -0.135462 -0.172708
v 0.609633 -0.145405 -0.399227
v 0.597056 -0.210146 -0.399877
v 0.484369 -0.186194 -0.605043
v 0.496946 -0.121454 -0.604393
v 0.609633 -0.145405 -0.399227
v 0.484369 -0.186194 -0.605043
v 0.262115 -0.142379 -0.668673
v 0.274692 -0.077638 -0.668023
v 0.496946 -0.121454 -0.604393
v 0.110284 -0.118374 -0.121806
v -0.002402 -0.094423 -0.326973
v 0.060488 -0.104366 -0.553492
v 0.262115 -0.142379 -0.668673
v 0.332538 -0.162189 -0.058177
v 0.484369 -0.186194 -0.605043
v 0.534165 -0.200202 -0.173358
v 0.597056 -0.210146 -0.399877
v -0.512075 -0.206402 -0.375226
v -0.708929 -0.208778 -0.291796
v -0.710116 -0.148867 -0.292890
v -0.513262 -0.146491 -0.376321
v -0.708929 -0.208778 -0.291796
v -0.789183 -0.206747 -0.093622
v -0.790370 -0.146836 -0.094717
v -0.710116 -0.148867 -0.292890
v -0.789183 -0.206747 -0.093622
v -0.705826 -0.201499 0.103208
v -0.707013 -0.141588 0.102113
v -0.790370 -0.146836 -0.094717
v -0.705826 -0.201499 0.103208
v -0.507687 -0.196108 0.183393
v -0.508874 -0.136197 0.182298
v -0.707013 -0.141588 0.102113
v -0.507687 -0.196108 0.183393
v -0.310833 -0.193732 0.099962
v -0.312020 -0.133821 0.098867
v -0.508874 -0.136197 0.182298
v -0.310833 -0.193732 0.099962
v -0.230579 -0.195763 -0.098212
v -0.231766 -0.135852 -0.099307
v -0.312020 -0.133821 0.098867
v -0.710116 -0.148867 -0.292890
v -0.790370 -0.146836 -0.094717
v -0.707013 -0.141588 0.102113
v -0.513262 -0.146491 -0.376321
v -0.508874 -0.136197 0.182298
v -0.315123 -0.141100 -0.296136
v -0.312020 -0.133821 0.098867
v -0.231766 -0.135852 -0.099307
v -0.230579 -0.195763 -0.098212
v -0.313936 -0.201011 -0.295041
v -0.315123 -0.141100 -0.296136
v -0.231766 -0.135852 -0.099307
v -0.313936 -0.201011 -0.295041
v -0.512075 -0.206402 -0.375226
v -0.513262 -0.146491 -0.376321
v -0.315123 -0.141100 -0.296136
v -0.705826 -0.201499 0.103208
v -0.789183 -0.206747 -0.093622
v -0.708929 -0.208778 -0.291796
v -0.512075 -0.206402 -0.375226
v -0.507687 -0.196108 0.183393
v -0.313936 -0.201011 -0.295041
v -0.310833 -0.193732 0.099962
v -0.230579 -0.195763 -0.098212
v -0.407683 -0.193500 0.028057
v -0.604994 -0.209692 0.108828
v -0.608850 -0.149939 0.111388
v -0.411539 -0.133746 0.030617
v -0.604994 -0.209692 0.108828
v -0.687082 -0.223429 0.305781
v -0.690938 -0.163675 0.308341
v -0.608850 -0.149939 0.111388
v -0.687082 -0.223429 0.305781
v -0.605861 -0.226662 0.503544
v -0.609716 -0.166908 0.506105
v -0.690938 -0.163675 0.308341
v -0.605861 -0.226662 0.503544
v -0.408908 -0.217499 0.586271
v -0.412764 -0.157745 0.588831
v -0.609716 -0.166908 0.506105
v -0.408908 -0.217499 0.586271
v -0.211597 -0.201306 0.505500
v -0.215453 -0.141552 0.508060
v -0.412764 -0.157745 0.588831
v -0.211597 -0.201306 0.505500
v -0.129510 -0.187569 0.308546
v -0.133366 -0.127815 0.311107
v -0.215453 -0.141552 0.508060
v -0.608850 -0.149939 0.111388
v -0.690938 -0.163675 0.308341
v -0.609716 -0.166908 0.506105
v -0.412764 -0.157745 0.588831
v -0.411539 -0.133746 0.030617
v -0.215453 -0.141552 0.508060
v -0.214587 -0.124582 0.113343
v -0.133366 -0.127815 0.311107
v -0.129510 -0.187569 0.308546
v -0.210731 -0.184336 0.110783
v -0.214587 -0.124582 0.113343
v -0.133366 -0.127815 0.311107
v -0.210731 -0.184336 0.110783
v -0.407683 -0.193500 0.028057
v -0.411539 -0.133746 0.030617
v -0.214587 -0.124582 0.113343
v -0.605861 -0.226662 0.503544
v -0.687082 -0.223429 0.305781
v -0.604994 -0.209692 0.108828
v -0.408908 -0.217499 0.586271
v -0.407683 -0.193500 0.028057
v -0.211597 -0.201306 0.505500
v -0.210731 -0.184336 0.110783
v -0.129510 -0.187569 0.308546
v -0.686724 0.474579 0.233433
v -0.388269 0.577133 0.123509
v -0.648167 0.477900 -0.192561
v -0.388269 0.577133 0.123509
v -0.263328 0.599449 -0.327038
v -0.018951 0.677264 -0.011400
v 0.678319 0.506770 0.191571
v 0.361838 0.591361 0.099237
v 0.408076 0.540890 0.535978
v 0.375059 0.470335 -0.583426
v 0.210993 0.639544 -0.348919
v 0.604967 0.501672 -0.233106
v -0.263328 0.599449 -0.327038
v -0.018951 0.677264 -0.011400
v 0.210993 0.639544 -0.348919
v -0.036247 0.485195 -0.668124
v 0.210993 0.639544 -0.348919
v 0.375059 0.470335 -0.583426
v 0.210993 0.639544 -0.348919
v -0.018951 0.677264 -0.011400
v 0.361838 0.591361 0.099237
v 0.210993 0.639544 -0.348919
v 0.361838 0.591361 0.099237
v 0.604967 0.501672 -0.233106
v 0.604967 0.501672 -0.233106
v 0.361838 0.591361 0.099237
v 0.678319 0.506770 0.191571
v 0.361838 0.591361 0.099237
v -0.018951 0.677264 -0.011400
v -0.004447 0.586995 0.383901
v 0.361838 0.591361 0.099237
v -0.004447 0.586995 0.383901
v 0.408076 0.540890 0.535978
v -0.004447 0.586995 0.383901
v -0.018951 0.677264 -0.011400
v -0.388269 0.577133 0.123509
v -0.004447 0.586995 0.383901
v -0.388269 0.577133 0.123509
v -0.396208 0.511285 0.551879
v -0.396208 0.511285 0.551879
v -0.388269 0.577133 0.123509
v -0.686724 0.474579 0.233433
v -0.648167 0.477900 -0.192561
v -0.263328 0.599449 -0.327038
v -0.451539 0.469497 -0.571208
v -0.265564 0.355182 -0.708354
v -0.451539 0.469497 -0.571208
v -0.036247 0.485195 -0.668124
v -0.265564 0.355182 -0.708354
v -0.036247 0.485195 -0.668124
v 0.193953 0.363899 -0.723225
v 0.193953 0.363899 -0.723225
v -0.036247 0.485195 -0.668124
v 0.375059 0.470335 -0.583426
v 0.638179 0.397590 -0.514101
v 0.375059 0.470335 -0.583426
v 0.604967 0.501672 -0.233106
v 0.610581 0.385521 0.414667
v 0.678319 0.506770 0.191571
v 0.408076 0.540890 0.535978
v 0.610581 0.385521 0.414667
v 0.408076 0.540890 0.535978
v 0.239455 0.378162 0.691205
v 0.239455 0.378162 0.691205
v 0.408076 0.540890 0.535978
v 0.007708 0.474477 0.683816
v -0.229120 0.378335 0.735397
v 0.007708 0.474477 0.683816
v -0.396208 0.511285 0.551879
v -0.229120 0.378335 0.735397
v -0.396208 0.511285 0.551879
v -0.608455 0.362470 0.454223
v -0.608455 0.362470 0.454223
v -0.396208 0.511285 0.551879
v -0.686724 0.474579 0.233433
v -0.822651 0.370257 0.016679
v -0.686724 0.474579 0.233433
v -0.648167 0.477900 -0.192561
v -0.822651 0.370257 0.016679
v -0.648167 0.477900 -0.192561
v -0.638552 0.354018 -0.432758
v -0.638552 0.354018 -0.432758
v -0.648167 0.477900 -0.192561
v -0.451539 0.469497 -0.571208
v 0.193953 0.363899 -0.723225
v 0.375059 0.470335 -0.583426
v 0.638179 0.397590 -0.514101
v 0.239455 0.378162 0.691205
v 0.007708 0.474477 0.683816
v -0.229120 0.378335 0.735397
v -0.608455 0.362470 0.454223
v -0.686724 0.474579 0.233433
v -0.822651 0.370257 0.016679
v -0.638552 0.354018 -0.432758
v -0.451539 0.469497 -0.571208
v -0.265564 0.355182 -0.708354
v 0.208368 -0.610862 0.657658
v 0.117490 -0.739145 0.376314
v 0.527525 -0.635216 0.385893
v -0.577250 -0.621778 0.413528
v -0.324573 -0.726426 0.230340
v -0.209571 -0.635216 0.625388
v -0.598222 -0.643389 -0.431996
v -0.325623 -0.732445 -0.234339
v -0.665115 -0.635216 -0.001618
v 0.220245 -0.643154 -0.697479
v 0.117696 -0.742216 -0.380180
v -0.209571 -0.635216 -0.628623
v 0.687364 -0.610861 -0.001618
v 0.389330 -0.726425 -0.001618
v 0.529498 -0.637989 -0.390563
v 0.389330 -0.726425 -0.001618
v -0.005307 -0.768709 -0.001618
v 0.117696 -0.742216 -0.380180
v 0.389330 -0.726425 -0.001618
v 0.117696 -0.742216 -0.380180
v 0.529498 -0.637989 -0.390563
v 0.529498 -0.637989 -0.390563
v 0.117696 -0.742216 -0.380180
v 0.220245 -0.643154 -0.697479
v 0.117696 -0.742216 -0.380180
v -0.005307 -0.768709 -0.001618
v -0.325623 -0.732445 -0.234339
v -0.325623 -0.732445 -0.234339
v -0.005307 -0.768709 -0.001618
v -0.324573 -0.726426 0.230340
v -0.325623 -0.732445 -0.234339
v -0.324573 -0.726426 0.230340
v -0.665115 -0.635216 -0.001618
v -0.665115 -0.635216 -0.001618
v -0.324573 -0.726426 0.230340
v -0.577250 -0.621778 0.413528
v -0.324573 -0.726426 0.230340
v -0.005307 -0.768709 -0.001618
v 0.117490 -0.739145 0.376314
v -0.324573 -0.726426 0.230340
v 0.117490 -0.739145 0.376314
v -0.209571 -0.635216 0.625388
v -0.209571 -0.635216 0.625388
v 0.117490 -0.739145 0.376314
v 0.208368 -0.610862 0.657658
v 0.117490 -0.739145 0.376314
v -0.005307 -0.768709 -0.001618
v 0.389330 -0.726425 -0.001618
v 0.117490 -0.739145 0.376314
v 0.389330 -0.726425 -0.001618
v 0.527525 -0.635216 0.385893
v 0.527525 -0.635216 0.385893
v 0.389330 -0.726425 -0.001618
v 0.687364 -0.610861 -0.001618
v 0.720644 -0.515577 -0.237671
v 0.687364 -0.610861 -0.001618
v 0.529498 -0.637989 -0.390563
v 0.720644 -0.515577 -0.237671
v 0.529498 -0.637989 -0.390563
v 0.432170 -0.510033 -0.603553
v 0.432170 -0.510033 -0.603553
v 0.529498 -0.637989 -0.390563
v 0.220245 -0.643154 -0.697479
v -0.005595 -0.521025 -0.783948
v 0.220245 -0.643154 -0.697479
v -0.209571 -0.635216 -0.628623
v -0.005595 -0.521025 -0.783948
v -0.209571 -0.635216 -0.628623
v -0.442494 -0.510033 -0.603553
v -0.442494 -0.510033 -0.603553
v -0.209571 -0.635216 -0.628623
v -0.598222 -0.643389 -0.431996
v -0.712780 -0.510033 -0.231533
v -0.598222 -0.643389 -0.431996
v -0.665115 -0.635216 -0.001618
v -0.712780 -0.510033 -0.231533
v -0.665115 -0.635216 -0.001618
v -0.712780 -0.510033 0.228298
v -0.712780 -0.510033 0.228298
v -0.665115 -0.635216 -0.001618
v -0.577250 -0.621778 0.413528
v -0.442494 -0.510033 0.600317
v -0.577250 -0.621778 0.413528
v -0.209571 -0.635216 0.625388
v -0.442494 -0.510033 0.600317
v -0.209571 -0.635216 0.625388
v -0.005230 -0.511772 0.748472
v -0.005230 -0.511772 0.748472
v -0.209571 -0.635216 0.625388
v 0.208368 -0.610862 0.657658
v 0.454341 -0.520735 0.630109
v 0.208368 -0.610862 0.657658
v 0.527525 -0.635216 0.385893
v 0.454341 -0.520735 0.630109
v 0.527525 -0.635216 0.385893
v 0.724615 -0.516787 0.235775
v 0.724615 -0.516787 0.235775
v 0.527525 -0.635216 0.385893
v 0.687364 -0.610861 -0.001618
v 0.432170 -0.510033 -0.603553
v 0.220245 -0.643154 -0.697479
v -0.005595 -0.521025 -0.783948
v -0.442494 -0.510033 -0.603553
v -0.598222 -0.643389 -0.431996
v -0.712780 -0.510033 -0.231533
v -0.005230 -0.511772 0.748472
v 0.208368 -0.610862 0.657658
v 0.454341 -0.520735 0.630109
v 0.724615 -0.516787 0.235775
v 0.687364 -0.610861 -0.001618
v 0.720644 -0.515577 -0.237671
v 0.007708 0.474477 0.683816
v -0.004447 0.586995 0.383901
v -0.396208 0.511285 0.551879
v 0.408076 0.540890 0.535978
v -0.451539 0.469497 -0.571208
v -0.263328 0.599449 -0.327038
v -0.036247 0.485195 -0.668124
v 0.210993 0.639544 -0.348919
v 0.638179 0.397590 -0.514101
v 0.604967 0.501672 -0.233106
v 0.730455 0.380776 -0.032633
v 0.678319 0.506770 0.191571
v 0.730455 0.380776 -0.032633
v 0.678319 0.506770 0.191571
v 0.610581 0.385521 0.414667
v 0.731308 0.336532 -0.032215
v 0.603934 0.337696 0.409848
v 0.638179 0.397590 -0.514101
v 0.593138 0.310970 -0.478150
v 0.194806 0.319655 -0.722806
v 0.193953 0.363899 -0.723225
v 0.193953 0.363899 -0.723225
v 0.194806 0.319655 -0.722806
v -0.264712 0.310939 -0.707936
v -0.265564 0.355182 -0.708354
v 0.730455 0.380776 -0.032633
v 0.731308 0.336532 -0.032215
v 0.593138 0.310970 -0.478150
v 0.638179 0.397590 -0.514101
v -0.229120 0.378335 0.735397
v -0.235678 0.272582 0.767359
v 0.252247 0.306200 0.723469
v 0.239455 0.378162 0.691205
v -0.822651 0.370257 0.016679
v -0.755712 0.308325 0.015903
v -0.599779 0.315288 0.448492
v -0.608455 0.362470 0.454223
v 0.239455 0.378162 0.691205
v 0.252247 0.306200 0.723469
v 0.603934 0.337696 0.409848
v 0.610581 0.385521 0.414667
v -0.608455 0.362470 0.454223
v -0.599779 0.315288 0.448492
v -0.235678 0.272582 0.767359
v -0.229120 0.378335 0.735397
v -0.265564 0.355182 -0.708354
v -0.264712 0.310939 -0.707936
v -0.653796 0.278948 -0.443531
v -0.638552 0.354018 -0.432758
v -0.638552 0.354018 -0.432758
v -0.653796 0.278948 -0.443531
v -0.755712 0.308325 0.015903
v -0.822651 0.370257 0.016679
v -0.599779 0.315288 0.448492
v -0.755712 0.308325 0.015903
v -0.653796 0.278948 -0.443531
v -0.264712 0.310939 -0.707936
v -0.235678 0.272582 0.767359
v 0.194806 0.319655 -0.722806
v 0.252247 0.306200 0.723469
v 0.593138 0.310970 -0.478150
v 0.603934 0.337696 0.409848
v 0.731308 0.336532 -0.032215
v 0.117696 -0.742216 -0.380180
v -0.325623 -0.732445 -0.234339
v -0.209571 -0.635216 -0.628623
v -0.598222 -0.643389 -0.431996
v -0.712780 -0.510033 0.228298
v -0.577250 -0.621778 0.413528
v -0.442494 -0.510033 0.600317
v -0.712780 -0.465779 0.228298
v -0.442494 -0.465779 0.600317
v -0.005595 -0.521025 -0.783948
v -0.005162 -0.426382 -0.792487
v 0.448880 -0.441864 -0.626553
v 0.432170 -0.510033 -0.603553
v -0.712780 -0.510033 -0.231533
v -0.712780 -0.465779 -0.231533
v -0.442494 -0.465779 -0.603553
v -0.442494 -0.510033 -0.603553
v 0.432170 -0.510033 -0.603553
v 0.448880 -0.441864 -0.626553
v 0.702456 -0.465779 -0.231533
v 0.720644 -0.515577 -0.237671
v -0.442494 -0.510033 -0.603553
v -0.442494 -0.465779 -0.603553
v -0.005162 -0.426382 -0.792487
v -0.005595 -0.521025 -0.783948
v 0.454341 -0.520735 0.630109
v 0.432170 -0.465779 0.600317
v -0.005162 -0.461476 0.747531
v -0.005230 -0.511772 0.748472
v -0.712780 -0.510033 0.228298
v -0.712780 -0.465779 0.228298
v -0.712780 -0.465779 -0.231533
v -0.712780 -0.510033 -0.231533
v -0.005230 -0.511772 0.748472
v -0.005162 -0.461476 0.747531
v -0.442494 -0.465779 0.600317
v -0.442494 -0.510033 0.600317
v 0.720644 -0.515577 -0.237671
v 0.702456 -0.465779 -0.231533
v 0.727712 -0.443442 0.236503
v 0.724615 -0.516787 0.235775
v 0.724615 -0.516787 0.235775
v 0.727712 -0.443442 0.236503
v 0.432170 -0.465779 0.600317
v 0.454341 -0.520735 0.630109
v -0.712780 -0.465779 -0.231533
v -0.712780 -0.465779 0.228298
v -0.442494 -0.465779 0.600317
v -0.442494 -0.465779 -0.603553
v -0.005162 -0.426382 -0.792487
v -0.005162 -0.461476 0.747531
v 0.448880 -0.441864 -0.626553
v 0.432170 -0.465779 0.600317
v 0.727712 -0.443442 0.236503
v 0.702456 -0.465779 -0.231533
v 0.027596 0.608579 -0.299599
v 0.026194 0.612548 -0.272206
v 0.037618 0.639541 -0.283387
v 0.038363 0.637432 -0.297941
v 0.026194 0.612548 -0.272206
v 0.092343 0.623657 -0.270429
v 0.072762 0.645443 -0.282444
v 0.037618 0.639541 -0.283387
v 0.092343 0.623657 -0.270429
v 0.093745 0.619688 -0.297823
v 0.073507 0.643334 -0.296997
v 0.072762 0.645443 -0.282444
v 0.093745 0.619688 -0.297823
v 0.027596 0.608579 -0.299599
v 0.038363 0.637432 -0.297941
v 0.073507 0.643334 -0.296997
v 0.072762 0.645443 -0.282444
v 0.073507 0.643334 -0.296997
v 0.038363 0.637432 -0.297941
v 0.037618 0.639541 -0.283387
v 0.045089 0.572783 -0.437398
v 0.026627 0.575677 -0.416931
v 0.038814 0.604362 -0.420508
v 0.048622 0.602825 -0.431382
v 0.026627 0.575677 -0.416931
v 0.075487 0.596158 -0.375756
v 0.064773 0.615243 -0.398632
v 0.038814 0.604362 -0.420508
v 0.075487 0.596158 -0.375756
v 0.093949 0.593264 -0.396223
v 0.074581 0.613706 -0.409506
v 0.064773 0.615243 -0.398632
v 0.093949 0.593264 -0.396223
v 0.045089 0.572783 -0.437398
v 0.048622 0.602825 -0.431382
v 0.074581 0.613706 -0.409506
v 0.064773 0.615243 -0.398632
v 0.074581 0.613706 -0.409506
v 0.048622 0.602825 -0.431382
v 0.038814 0.604362 -0.420508
v 0.425759 0.541823 -0.170337
v 0.428503 0.543130 -0.142789
v 0.450165 0.563025 -0.153701
v 0.448708 0.562330 -0.168337
v 0.428503 0.543130 -0.142789
v 0.492233 0.522841 -0.148173
v 0.484024 0.552245 -0.156562
v 0.450165 0.563025 -0.153701
v 0.492233 0.522841 -0.148173
v 0.489489 0.521534 -0.175721
v 0.482566 0.551551 -0.171197
v 0.484024 0.552245 -0.156562
v 0.489489 0.521534 -0.175721
v 0.425759 0.541823 -0.170337
v 0.448708 0.562330 -0.168337
v 0.482566 0.551551 -0.171197
v 0.484024 0.552245 -0.156562
v 0.482566 0.551551 -0.171197
v 0.448708 0.562330 -0.168337
v 0.450165 0.563025 -0.153701
v 0.273721 0.548311 0.307013
v 0.261950 0.555452 0.282960
v 0.255831 0.579573 0.302061
v 0.262085 0.575780 0.314840
v 0.261950 0.555452 0.282960
v 0.202223 0.559208 0.313304
v 0.224100 0.581569 0.318182
v 0.255831 0.579573 0.302061
v 0.202223 0.559208 0.313304
v 0.213994 0.552068 0.337357
v 0.230353 0.577775 0.330961
v 0.224100 0.581569 0.318182
v 0.213994 0.552068 0.337357
v 0.273721 0.548311 0.307013
v 0.262085 0.575780 0.314840
v 0.230353 0.577775 0.330961
v 0.224100 0.581569 0.318182
v 0.230353 0.577775 0.330961
v 0.262085 0.575780 0.314840
v 0.255831 0.579573 0.302061
v -0.145279 0.559585 0.377884
v -0.137066 0.563379 0.352422
v -0.157231 0.575200 0.360768
v -0.161595 0.573184 0.374296
v -0.137066 0.563379 0.352422
v -0.200607 0.561807 0.331073
v -0.190989 0.574365 0.349426
v -0.157231 0.575200 0.360768
v -0.200607 0.561807 0.331073
v -0.208820 0.558013 0.356536
v -0.195353 0.572349 0.362954
v -0.190989 0.574365 0.349426
v -0.208820 0.558013 0.356536
v -0.145279 0.559585 0.377884
v -0.161595 0.573184 0.374296
v -0.195353 0.572349 0.362954
v -0.190989 0.574365 0.349426
v -0.195353 0.572349 0.362954
v -0.161595 0.573184 0.374296
v -0.157231 0.575200 0.360768
v -0.413116 0.534173 -0.133101
v -0.391960 0.545626 -0.119341
v -0.401257 0.567980 -0.139291
v -0.412497 0.561895 -0.146601
v -0.391960 0.545626 -0.119341
v -0.358955 0.554099 -0.177143
v -0.383722 0.572482 -0.170000
v -0.401257 0.567980 -0.139291
v -0.358955 0.554099 -0.177143
v -0.380112 0.542646 -0.190903
v -0.394963 0.566397 -0.177310
v -0.383722 0.572482 -0.170000
v -0.380112 0.542646 -0.190903
v -0.413116 0.534173 -0.133101
v -0.412497 0.561895 -0.146601
v -0.394963 0.566397 -0.177310
v -0.383722 0.572482 -0.170000
v -0.394963 0.566397 -0.177310
v -0.412497 0.561895 -0.146601
v -0.401257 0.567980 -0.139291
v 0.229950 0.600626 0.064260
v 0.205200 0.603163 0.076472
v 0.223248 0.624287 0.091039
v 0.236397 0.622939 0.084551
v 0.205200 0.603163 0.076472
v 0.232825 0.587778 0.135652
v 0.237925 0.616113 0.122480
v 0.223248 0.624287 0.091039
v 0.232825 0.587778 0.135652
v 0.257574 0.585241 0.123440
v 0.251073 0.614765 0.115992
v 0.237925 0.616113 0.122480
v 0.257574 0.585241 0.123440
v 0.229950 0.600626 0.064260
v 0.236397 0.622939 0.084551
v 0.251073 0.614765 0.115992
v 0.237925 0.616113 0.122480
v 0.251073 0.614765 0.115992
v 0.236397 0.622939 0.084551
v 0.223248 0.624287 0.091039
v 0.064784 0.595638 0.253310
v 0.046211 0.600199 0.233331
v 0.038800 0.614710 0.255633
v 0.048667 0.612287 0.266248
v 0.046211 0.600199 0.233331
v -0.003317 0.591244 0.276361
v 0.012487 0.609953 0.278494
v 0.038800 0.614710 0.255633
v -0.003317 0.591244 0.276361
v 0.015256 0.586683 0.296340
v 0.022354 0.607530 0.289108
v 0.012487 0.609953 0.278494
v 0.015256 0.586683 0.296340
v 0.064784 0.595638 0.253310
v 0.048667 0.612287 0.266248
v 0.022354 0.607530 0.289108
v 0.012487 0.609953 0.278494
v 0.022354 0.607530 0.289108
v 0.048667 0.612287 0.266248
v 0.038800 0.614710 0.255633
v -0.306776 0.578558 0.054865
v -0.283369 0.588957 0.044277
v -0.305236 0.610323 0.037245
v -0.317672 0.604798 0.042870
v -0.283369 0.588957 0.044277
v -0.311037 0.588994 -0.016851
v -0.319935 0.610343 0.004768
v -0.305236 0.610323 0.037245
v -0.311037 0.588994 -0.016851
v -0.334443 0.578595 -0.006264
v -0.332371 0.604818 0.010393
v -0.319935 0.610343 0.004768
v -0.334443 0.578595 -0.006264
v -0.306776 0.578558 0.054865
v -0.317672 0.604798 0.042870
v -0.332371 0.604818 0.010393
v -0.319935 0.610343 0.004768
v -0.332371 0.604818 0.010393
v -0.317672 0.604798 0.042870
v -0.305236 0.610323 0.037245
v -0.593652 0.479100 0.088364
v -0.570200 0.489771 0.078154
v -0.592109 0.511126 0.071223
v -0.604569 0.505457 0.076647
v -0.570200 0.489771 0.078154
v -0.597282 0.490558 0.016769
v -0.606498 0.511545 0.038610
v -0.592109 0.511126 0.071223
v -0.597282 0.490558 0.016769
v -0.620734 0.479887 0.026979
v -0.618957 0.505875 0.044034
v -0.606498 0.511545 0.038610
v -0.620734 0.479887 0.026979
v -0.593652 0.479100 0.088364
v -0.604569 0.505457 0.076647
v -0.618957 0.505875 0.044034
v -0.606498 0.511545 0.038610
v -0.618957 0.505875 0.044034
v -0.604569 0.505457 0.076647
v -0.592109 0.511126 0.071223
v -0.481082 0.492799 -0.299934
v -0.458045 0.507737 -0.296162
v -0.475732 0.525397 -0.315119
v -0.487972 0.517461 -0.317123
v -0.458045 0.507737 -0.296162
v -0.446635 0.506836 -0.362276
v -0.469670 0.524919 -0.350245
v -0.475732 0.525397 -0.315119
v -0.446635 0.506836 -0.362276
v -0.469673 0.491898 -0.366048
v -0.481910 0.516982 -0.352249
v -0.469670 0.524919 -0.350245
v -0.469673 0.491898 -0.366048
v -0.481082 0.492799 -0.299934
v -0.487972 0.517461 -0.317123
v -0.481910 0.516982 -0.352249
v -0.469670 0.524919 -0.350245
v -0.481910 0.516982 -0.352249
v -0.487972 0.517461 -0.317123
v -0.475732 0.525397 -0.315119
v -0.198478 0.507881 -0.522370
v -0.179668 0.517059 -0.504203
v -0.175990 0.535614 -0.529230
v -0.185983 0.530738 -0.538881
v -0.179668 0.517059 -0.504203
v -0.130746 0.503854 -0.548186
v -0.149998 0.528599 -0.552596
v -0.175990 0.535614 -0.529230
v -0.130746 0.503854 -0.548186
v -0.149556 0.494676 -0.566353
v -0.159992 0.523722 -0.562248
v -0.149998 0.528599 -0.552596
v -0.149556 0.494676 -0.566353
v -0.198478 0.507881 -0.522370
v -0.185983 0.530738 -0.538881
v -0.159992 0.523722 -0.562248
v -0.149998 0.528599 -0.552596
v -0.159992 0.523722 -0.562248
v -0.185983 0.530738 -0.538881
v -0.175990 0.535614 -0.529230
v 0.443132 0.502291 -0.415906
v 0.433089 0.507440 -0.390632
v 0.457913 0.522524 -0.392995
v 0.463249 0.519788 -0.406423
v 0.433089 0.507440 -0.390632
v 0.491528 0.490678 -0.363529
v 0.488961 0.513618 -0.378596
v 0.457913 0.522524 -0.392995
v 0.491528 0.490678 -0.363529
v 0.501571 0.485529 -0.388803
v 0.494297 0.510883 -0.392024
v 0.488961 0.513618 -0.378596
v 0.501571 0.485529 -0.388803
v 0.443132 0.502291 -0.415906
v 0.463249 0.519788 -0.406423
v 0.494297 0.510883 -0.392024
v 0.488961 0.513618 -0.378596
v 0.494297 0.510883 -0.392024
v 0.463249 0.519788 -0.406423
v 0.457913 0.522524 -0.392995
v 0.506843 0.509757 0.218708
v 0.479298 0.511702 0.221066
v 0.490352 0.532540 0.241748
v 0.504986 0.531507 0.240495
v 0.479298 0.511702 0.221066
v 0.483650 0.494794 0.285853
v 0.492664 0.523557 0.276168
v 0.490352 0.532540 0.241748
v 0.483650 0.494794 0.285853
v 0.511196 0.492849 0.283495
v 0.507299 0.522524 0.274915
v 0.492664 0.523557 0.276168
v 0.511196 0.492849 0.283495
v 0.506843 0.509757 0.218708
v 0.504986 0.531507 0.240495
v 0.507299 0.522524 0.274915
v 0.492664 0.523557 0.276168
v 0.507299 0.522524 0.274915
v 0.504986 0.531507 0.240495
v 0.490352 0.532540 0.241748
v 0.122802 0.459668 0.648418
v 0.111276 0.480606 0.634388
v 0.103448 0.486048 0.664275
v 0.109572 0.474924 0.671729
v 0.111276 0.480606 0.634388
v 0.050702 0.462109 0.656543
v 0.071267 0.476221 0.676046
v 0.103448 0.486048 0.664275
v 0.050702 0.462109 0.656543
v 0.062228 0.441171 0.670574
v 0.077390 0.465097 0.683500
v 0.071267 0.476221 0.676046
v 0.062228 0.441171 0.670574
v 0.122802 0.459668 0.648418
v 0.109572 0.474924 0.671729
v 0.077390 0.465097 0.683500
v 0.071267 0.476221 0.676046
v 0.077390 0.465097 0.683500
v 0.109572 0.474924 0.671729
v 0.103448 0.486048 0.664275
vn 0.265575 0.857851 0.439957
vn 0.265575 0.857851 0.439957
vn 0.265575 0.857851 0.439957
vn -0.567742 0.590538 -0.573528
vn -0.567742 0.590538 -0.573528
vn -0.567742 0.590538 -0.573528
vn 0.081422 0.987718 0.133354
vn 0.081422 0.987718 0.133354
vn 0.081422 0.987718 0.133354
vn 0.583366 0.594599 0.553295
vn 0.583366 0.594599 0.553295
vn 0.583366 0.594599 0.553295
vn 0.280570 0.917106 0.283191
vn 0.280570 0.917106 0.283191
vn 0.280570 0.917106 0.283191
vn -0.227201 0.915982 -0.330691
vn -0.227201 0.915982 -0.330691
vn -0.227201 0.915982 -0.330691
vn -0.572601 0.103740 -0.813244
vn -0.572601 0.103740 -0.813244
vn -0.572601 0.103740 -0.813244
vn -0.100154 0.953874 -0.283009
vn -0.100154 0.953874 -0.283009
vn -0.100154 0.953874 -0.283009
vn -0.713429 0.343903 -0.610532
vn -0.713429 0.343903 -0.610532
vn -0.713429 0.343903 -0.610532
vn -0.762812 0.576492 -0.292874
vn -0.762812 0.576492 -0.292874
vn -0.762812 0.576492 -0.292874
vn 0.298983 0.943664 -0.141804
vn 0.298983 0.943664 -0.141804
vn 0.298983 0.943664 -0.141804
vn -0.729475 0.657637 -0.188096
vn -0.729475 0.657637 -0.188096
vn -0.729475 0.657637 -0.188096
vn -0.199318 0.969294 -0.144018
vn -0.199318 0.969294 -0.144018
vn -0.199318 0.969294 -0.144018
vn 0.023654 0.996706 -0.077570
vn 0.023654 0.996706 -0.077570
vn 0.023654 0.996706 -0.077570
vn -0.994878 0.090036 0.045951
vn -0.994878 0.090036 0.045951
vn -0.994878 0.090036 0.045951
vn 0.049030 0.993824 -0.099544
vn 0.049030 0.993824 -0.099544
vn 0.049030 0.993824 -0.099544
vn -0.987917 0.153022 -0.024577
vn -0.987917 0.153022 -0.024577
vn -0.987917 0.153022 -0.024577
vn 0.962667 0.214531 0.165075
vn 0.962667 0.214531 0.165075
vn 0.962667 0.214531 0.165075
vn 0.344730 0.933661 -0.097150
vn 0.344730 0.933661 -0.097150
vn 0.344730 0.933661 -0.097150
vn -0.090910 0.993881 -0.062737
vn -0.090910 0.993881 -0.062737
vn -0.090910 0.993881 -0.062737
vn -0.833462 0.479719 -0.274246
vn -0.833462 0.479719 -0.274246
vn -0.833462 0.479719 -0.274246
vn 0.528119 0.834556 -0.156866
vn 0.528119 0.834556 -0.156866
vn 0.528119 0.834556 -0.156866
vn -0.285743 0.472980 0.833451
vn -0.285743 0.472980 0.833451
vn -0.285743 0.472980 0.833451
vn -0.322006 0.801701 0.503575
vn -0.322006 0.801701 0.503575
vn -0.322006 0.801701 0.503575
vn 0.525843 0.366319 -0.767659
vn 0.525843 0.366319 -0.767659
vn 0.525843 0.366319 -0.767659
vn 0.248471 0.915271 -0.317083
vn 0.248471 0.915271 -0.317083
vn 0.248471 0.915271 -0.317083
vn -0.553299 0.282709 0.783541
vn -0.553299 0.282709 0.783541
vn -0.553299 0.282709 0.783541
vn 0.002047 0.999650 0.026383
vn 0.002047 0.999650 0.026383
vn 0.002047 0.999650 0.026383
vn 0.316615 0.774830 -0.547169
vn 0.316615 0.774830 -0.547169
vn 0.316615 0.774830 -0.547169
vn 0.555535 0.505353 -0.660302
vn 0.555535 0.505353 -0.660302
vn 0.555535 0.505353 -0.660302
vn -0.277946 0.822996 0.495403
vn -0.277946 0.822996 0.495403
vn -0.277946 0.822996 0.495403
vn -0.168064 0.923178 0.345683
vn -0.168064 0.923178 0.345683
vn -0.168064 0.923178 0.345683
vn -0.550358 -0.565029 0.614693
vn -0.550358 -0.565029 0.614693
vn -0.550358 -0.565029 0.614693
vn 0.268511 0.131942 -0.954198
vn 0.268511 0.131942 -0.954198
vn 0.268511 0.131942 -0.954198
vn 0.114308 -0.284372 0.951875
vn 0.114308 -0.284372 0.951875
vn 0.114308 -0.284372 0.951875
vn 0.094539 0.855650 0.508848
vn 0.094539 0.855650 0.508848
vn 0.094539 0.855650 0.508848
vn 0.077155 0.771311 0.631765
vn 0.077155 0.771311 0.631765
vn 0.077155 0.771311 0.631765
vn 0.000177 0.886538 -0.462656
vn 0.000177 0.886538 -0.462656
vn 0.000177 0.886538 -0.462656
vn -0.020648 0.879681 0.475116
vn -0.020648 0.879681 0.475116
vn -0.020648 0.879681 0.475116
vn -0.076461 0.555750 -0.827826
vn -0.076461 0.555750 -0.827826
vn -0.076461 0.555750 -0.827826
vn 0.103217 0.718665 0.687653
vn 0.103217 0.718665 0.687653
vn 0.103217 0.718665 0.687653
vn 0.056100 -0.137907 -0.988855
vn 0.056100 -0.137907 -0.988855
vn 0.056100 -0.137907 -0.988855
vn 0.207841 0.401704 -0.891872
vn 0.207841 0.401704 -0.891872
vn 0.207841 0.401704 -0.891872
vn 0.101957 0.993407 -0.052423
vn 0.101957 0.993407 -0.052423
vn 0.101957 0.993407 -0.052423
vn -0.110150 0.834348 0.540121
vn -0.110150 0.834348 0.540121
vn -0.110150 0.834348 0.540121
vn -0.152557 0.808966 -0.567716
vn -0.152557 0.808966 -0.567716
vn -0.152557 0.808966 -0.567716
vn 0.179707 0.982328 0.052326
vn 0.179707 0.982328 0.052326
vn 0.179707 0.982328 0.052326
vn 0.156466 0.987512 0.018386
vn 0.156466 0.987512 0.018386
vn -0.638724 -0.067368 -0.766481
vn -0.638724 -0.067368 -0.766481
vn -0.638724 -0.067368 -0.766481
vn 0.575807 0.577920 0.578321
vn 0.575807 0.577920 0.578321
vn 0.575807 0.577920 0.578321
vn -0.500377 0.296176 -0.813574
vn -0.500377 0.296176 -0.813574
vn -0.500377 0.296176 -0.813574
vn 0.320214 0.671614 0.668130
vn 0.320214 0.671614 0.668130
vn 0.320214 0.671614 0.668130
vn -0.270364 0.464664 -0.843203
vn -0.270364 0.464664 -0.843203
vn -0.270364 0.464664 -0.843203
vn 0.112106 0.969018 0.220082
vn 0.112106 0.969018 0.220082
vn 0.112106 0.969018 0.220082
vn -0.346671 -0.042774 -0.937011
vn -0.346671 -0.042774 -0.937011
vn -0.346671 -0.042774 -0.937011
vn 0.754125 0.539863 -0.373957
vn 0.754125 0.539863 -0.373957
vn 0.754125 0.539863 -0.373957
vn 0.600504 0.513279 -0.613140
vn 0.600504 0.513279 -0.613140
vn 0.600504 0.513279 -0.613140
vn -0.678440 -0.293581 0.673446
vn -0.678440 -0.293581 0.673446
vn -0.678440 -0.293581 0.673446
vn -0.124250 0.972087 0.199022
vn -0.124250 0.972087 0.199022
vn -0.124250 0.972087 0.199022
vn 0.515571 0.800938 -0.304444
vn 0.515571 0.800938 -0.304444
vn 0.515571 0.800938 -0.304444
vn -0.627351 0.644984 0.436378
vn -0.627351 0.644984 0.436378
vn -0.627351 0.644984 0.436378
vn -0.293495 0.931487 0.214926
vn -0.293495 0.931487 0.214926
vn -0.293495 0.931487 0.214926
vn -0.371828 0.829623 0.416497
vn -0.371828 0.829623 0.416497
vn -0.371828 0.829623 0.416497
vn -0.219857 0.923350 0.314783
vn -0.219857 0.923350 0.314783
vn -0.219857 0.923350 0.314783
vn 0.270297 0.948873 -0.163032
vn 0.270297 0.948873 -0.163032
vn 0.270297 0.948873 -0.163032
vn 0.651596 0.579276 -0.489757
vn 0.651596 0.579276 -0.489757
vn 0.651596 0.579276 -0.489757
vn -0.789809 0.398049 0.466646
vn -0.789809 0.398049 0.466646
vn -0.789809 0.398049 0.466646
vn -0.164449 0.983282 0.078182
vn -0.164449 0.983282 0.078182
vn -0.164449 0.983282 0.078182
vn 0.808991 0.361763 -0.463315
vn 0.808991 0.361763 -0.463315
vn 0.808991 0.361763 -0.463315
vn -0.528158 0.554890 0.642765
vn -0.528158 0.554890 0.642765
vn -0.528158 0.554890 0.642765
vn 0.182681 0.980852 0.067505
vn 0.182681 0.980852 0.067505
vn 0.182681 0.980852 0.067505
vn -0.278916 0.920874 -0.272393
vn -0.278916 0.920874 -0.272393
vn -0.278916 0.920874 -0.272393
vn -0.608359 0.513988 -0.604745
vn -0.608359 0.513988 -0.604745
vn -0.608359 0.513988 -0.604745
vn 0.173376 0.972386 0.156225
vn 0.173376 0.972386 0.156225
vn 0.173376 0.972386 0.156225
vn 0.217705 0.945408 0.242505
vn 0.217705 0.945408 0.242505
vn 0.217705 0.945408 0.242505
vn 0.098122 0.992046 0.078844
vn 0.098122 0.992046 0.078844
vn 0.098122 0.992046 0.078844
vn 0.135166 0.964340 0.227549
vn 0.135166 0.964340 0.227549
vn 0.135166 0.964340 0.227549
vn -0.320506 0.894130 -0.312743
vn -0.320506 0.894130 -0.312743
vn -0.320506 0.894130 -0.312743
vn 0.153015 0.982452 0.106650
vn 0.153015 0.982452 0.106650
vn 0.153015 0.982452 0.106650
vn 0.366574 0.840944 0.398042
vn 0.366574 0.840944 0.398042
vn 0.366574 0.840944 0.398042
vn -0.515134 0.590540 -0.621209
vn -0.515134 0.590540 -0.621209
vn -0.515134 0.590540 -0.621209
vn -0.514097 0.421116 -0.747239
vn -0.514097 0.421116 -0.747239
vn -0.514097 0.421116 -0.747239
vn 0.502316 0.539052 0.676094
vn 0.502316 0.539052 0.676094
vn 0.502316 0.539052 0.676094
vn 0.083226 0.988657 0.125023
vn 0.083226 0.988657 0.125023
vn 0.083226 0.988657 0.125023
vn 0.465804 0.473876 0.747307
vn 0.465804 0.473876 0.747307
vn 0.465804 0.473876 0.747307
vn -0.790918 -0.001489 -0.611921
vn -0.790918 -0.001489 -0.611921
vn -0.790918 -0.001489 -0.611921
vn 0.986739 -0.150768 0.060123
vn 0.986739 -0.150768 0.060123
vn 0.986739 -0.150768 0.060123
vn -0.171801 0.970479 -0.169278
vn -0.171801 0.970479 -0.169278
vn -0.171801 0.970479 -0.169278
vn -0.093857 0.995295 -0.024057
vn -0.093857 0.995295 -0.024057
vn -0.093857 0.995295 -0.024057
vn 0.522906 0.851438 -0.040278
vn 0.522906 0.851438 -0.040278
vn 0.522906 0.851438 -0.040278
vn -0.518135 0.824668 -0.226845
vn -0.518135 0.824668 -0.226845
vn -0.518135 0.824668 -0.226845
vn -0.292660 0.953340 -0.074109
vn -0.292660 0.953340 -0.074109
vn -0.292660 0.953340 -0.074109
vn -0.141885 0.986576 -0.080853
vn -0.141885 0.986576 -0.080853
vn -0.141885 0.986576 -0.080853
vn 0.977429 0.176094 0.116718
vn 0.977429 0.176094 0.116718
vn 0.977429 0.176094 0.116718
vn 0.756838 0.646901 0.093361
vn 0.756838 0.646901 0.093361
vn 0.756838 0.646901 0.093361
vn -0.938818 0.264005 -0.221185
vn -0.938818 0.264005 -0.221185
vn -0.938818 0.264005 -0.221185
vn -0.541467 0.804342 -0.244638
vn -0.541467 0.804342 -0.244638
vn -0.541467 0.804342 -0.244638
vn 0.698437 0.695202 -0.169939
vn 0.698437 0.695202 -0.169939
vn 0.698437 0.695202 -0.169939
vn 0.190770 0.912754 -0.361230
vn 0.190770 0.912754 -0.361230
vn 0.190770 0.912754 -0.361230
vn -0.197934 0.963988 0.177619
vn -0.197934 0.963988 0.177619
vn -0.197934 0.963988 0.177619
vn -0.197942 0.845872 0.495297
vn -0.197942 0.845872 0.495297
vn -0.197942 0.845872 0.495297
vn 0.343526 0.489399 -0.801548
vn 0.343526 0.489399 -0.801548
vn 0.343526 0.489399 -0.801548
vn -0.254129 0.601907 0.757051
vn -0.254129 0.601907 0.757051
vn -0.254129 0.601907 0.757051
vn 0.440894 0.759984 -0.477533
vn 0.440894 0.759984 -0.477533
vn 0.440894 0.759984 -0.477533
vn -0.522248 0.402925 0.751604
vn -0.522248 0.402925 0.751604
vn -0.522248 0.402925 0.751604
vn 0.218140 0.948036 -0.231608
vn 0.218140 0.948036 -0.231608
vn 0.218140 0.948036 -0.231608
vn -0.449449 0.619759 0.643346
vn -0.449449 0.619759 0.643346
vn -0.449449 0.619759 0.643346
vn 0.243953 0.651619 -0.718248
vn 0.243953 0.651619 -0.718248
vn 0.243953 0.651619 -0.718248
vn 0.112302 0.942371 0.315159
vn 0.112302 0.942371 0.315159
vn 0.112302 0.942371 0.315159
vn -0.007370 -0.029582 0.999535
vn -0.007370 -0.029582 0.999535
vn -0.007370 -0.029582 0.999535
vn 0.075262 0.986352 0.146441
vn 0.075262 0.986352 0.146441
vn 0.075262 0.986352 0.146441
vn 0.020089 0.954769 0.296668
vn 0.020089 0.954769 0.296668
vn 0.020089 0.954769 0.296668
vn -0.181094 0.606757 0.773984
vn -0.181094 0.606757 0.773984
vn -0.181094 0.606757 0.773984
vn -0.082260 0.271891 -0.958806
vn -0.082260 0.271891 -0.958806
vn -0.082260 0.271891 -0.958806
vn 0.032724 0.998953 0.031985
vn 0.032724 0.998953 0.031985
vn 0.032724 0.998953 0.031985
vn 0.218523 0.276944 -0.935708
vn 0.218523 0.276944 -0.935708
vn 0.218523 0.276944 -0.935708
vn -0.044020 0.934866 0.352260
vn -0.044020 0.934866 0.352260
vn -0.044020 0.934866 0.352260
vn 0.228665 0.667128 -0.708980
vn 0.228665 0.667128 -0.708980
vn 0.228665 0.667128 -0.708980
vn 0.238246 0.423917 0.873804
vn 0.238246 0.423917 0.873804
vn 0.238246 0.423917 0.873804
vn 0.423939 0.817085 0.390702
vn 0.423939 0.817085 0.390702
vn 0.423939 0.817085 0.390702
vn 0.128938 0.988170 -0.083038
vn 0.128938 0.988170 -0.083038
vn 0.128938 0.988170 -0.083038
vn 0.443580 0.304602 0.842885
vn 0.443580 0.304602 0.842885
vn 0.443580 0.304602 0.842885
vn -0.484144 0.661791 -0.572396
vn -0.484144 0.661791 -0.572396
vn -0.484144 0.661791 -0.572396
vn 0.392539 0.858265 0.330598
vn 0.392539 0.858265 0.330598
vn 0.392539 0.858265 0.330598
vn -0.196729 0.760903 -0.618324
vn -0.196729 0.760903 -0.618324
vn -0.196729 0.760903 -0.618324
vn -0.004436 0.970228 -0.242152
vn -0.004436 0.970228 -0.242152
vn -0.004436 0.970228 -0.242152
vn 0.352043 0.542526 0.762714
vn 0.352043 0.542526 0.762714
vn 0.352043 0.542526 0.762714
vn -0.036300 0.889882 -0.454744
vn -0.036300 0.889882 -0.454744
vn -0.036300 0.889882 -0.454744
vn -0.350246 0.295640 -0.888777
vn -0.350246 0.295640 -0.888777
vn -0.350246 0.295640 -0.888777
vn 0.462327 0.824733 0.325682
vn 0.462327 0.824733 0.325682
vn 0.462327 0.824733 0.325682
vn 0.833338 -0.383649 -0.397947
vn 0.833338 -0.383649 -0.397947
vn 0.833338 -0.383649 -0.397947
vn 0.490288 0.633300 -0.598790
vn 0.490288 0.633300 -0.598790
vn 0.490288 0.633300 -0.598790
vn 0.502341 0.742039 -0.443882
vn 0.502341 0.742039 -0.443882
vn 0.502341 0.742039 -0.443882
vn -0.139167 0.988430 0.060315
vn -0.139167 0.988430 0.060315
vn -0.139167 0.988430 0.060315
vn -0.433003 0.682258 0.589095
vn -0.433003 0.682258 0.589095
vn -0.433003 0.682258 0.589095
vn 0.702385 -0.428223 -0.568577
vn 0.702385 -0.428223 -0.568577
vn 0.702385 -0.428223 -0.568577
vn -0.682250 0.568605 0.459590
vn -0.682250 0.568605 0.459590
vn -0.682250 0.568605 0.459590
vn -0.806345 0.344776 0.480560
vn -0.806345 0.344776 0.480560
vn -0.806345 0.344776 0.480560
vn -0.412437 0.875251 0.252651
vn -0.412437 0.875251 0.252651
vn -0.412437 0.875251 0.252651
vn 0.614124 0.685698 -0.390731
vn 0.614124 0.685698 -0.390731
vn 0.614124 0.685698 -0.390731
vn -0.556581 0.467036 0.687092
vn -0.556581 0.467036 0.687092
vn -0.556581 0.467036 0.687092
vn 0.486387 0.857852 0.165887
vn 0.486387 0.857852 0.165887
vn 0.486387 0.857852 0.165887
vn -0.803638 0.590538 -0.073697
vn -0.803638 0.590538 -0.073697
vn -0.803638 0.590538 -0.073697
vn 0.148135 0.987718 0.049686
vn 0.148135 0.987718 0.049686
vn 0.148135 0.987718 0.049686
vn 0.802580 0.594598 0.048156
vn 0.802580 0.594598 0.048156
vn 0.802580 0.594598 0.048156
vn 0.396991 0.917107 0.036237
vn 0.396991 0.917107 0.036237
vn 0.396991 0.917107 0.036237
vn -0.386705 0.915982 -0.106939
vn -0.386705 0.915982 -0.106939
vn -0.386705 0.915982 -0.106939
vn -0.961607 0.103740 -0.254067
vn -0.961607 0.103740 -0.254067
vn -0.961607 0.103740 -0.254067
vn -0.258773 0.953874 -0.152190
vn -0.258773 0.953874 -0.152190
vn -0.258773 0.953874 -0.152190
vn -0.938969 0.343903 -0.008278
vn -0.938969 0.343903 -0.008278
vn -0.938969 0.343903 -0.008278
vn -0.772367 0.576492 0.266658
vn -0.772367 0.576492 0.266658
vn -0.772367 0.576492 0.266658
vn 0.137616 0.943664 -0.300932
vn 0.137616 0.943664 -0.300932
vn 0.137616 0.943664 -0.300932
vn -0.679427 0.657638 0.325410
vn -0.679427 0.657638 0.325410
vn -0.679427 0.657638 0.325410
vn -0.245250 0.969293 0.018016
vn -0.245250 0.969293 0.018016
vn -0.245250 0.969293 0.018016
vn -0.031807 0.996706 -0.074599
vn -0.031807 0.996706 -0.074599
vn -0.031807 0.996706 -0.074599
vn -0.731985 0.090037 0.675346
vn -0.731985 0.090037 0.675346
vn -0.731985 0.090037 0.675346
vn -0.026522 0.993824 -0.107748
vn -0.026522 0.993824 -0.107748
vn -0.026522 0.993824 -0.107748
vn -0.772039 0.153020 0.616880
vn -0.772039 0.153020 0.616880
vn -0.772039 0.153020 0.616880
vn 0.843116 0.214531 -0.493084
vn 0.843116 0.214531 -0.493084
vn 0.843116 0.214531 -0.493084
vn 0.201369 0.933661 -0.296188
vn 0.201369 0.933661 -0.296188
vn 0.201369 0.933661 -0.296188
vn -0.109959 0.993881 0.010474
vn -0.109959 0.993881 0.010474
vn -0.109959 0.993881 0.010474
vn -0.814462 0.479719 0.326378
vn -0.814462 0.479719 0.326378
vn -0.814462 0.479719 0.326378
vn 0.303324 0.834555 -0.459905
vn 0.303324 0.834555 -0.459905
vn 0.303324 0.834555 -0.459905
vn 0.317570 0.472981 0.821851
vn 0.317570 0.472981 0.821851
vn 0.317570 0.472981 0.821851
vn 0.077548 0.801700 0.592674
vn 0.077548 0.801700 0.592674
vn 0.077548 0.801700 0.592674
vn -0.091444 0.366319 -0.925985
vn -0.091444 0.366319 -0.925985
vn -0.091444 0.366319 -0.925985
vn -0.013834 0.915271 -0.402601
vn -0.013834 0.915271 -0.402601
vn -0.013834 0.915271 -0.402601
vn 0.080647 0.282710 0.955809
vn 0.080647 0.282710 0.955809
vn 0.080647 0.282710 0.955809
vn 0.018544 0.999650 0.018878
vn 0.018544 0.999650 0.018878
vn 0.018544 0.999650 0.018878
vn -0.109724 0.774831 -0.622574
vn -0.109724 0.774831 -0.622574
vn -0.109724 0.774831 -0.622574
vn 0.000365 0.505353 -0.862913
vn 0.000365 0.505353 -0.862913
vn 0.000365 0.505353 -0.862913
vn 0.106015 0.822997 0.558065
vn 0.106015 0.822997 0.558065
vn 0.106015 0.822997 0.558065
vn 0.093787 0.923178 0.372755
vn 0.093787 0.923178 0.372755
vn 0.093787 0.923178 0.372755
vn -0.025750 -0.565029 0.824669
vn -0.025750 -0.565029 0.824669
vn -0.025750 -0.565029 0.824669
vn -0.408457 0.131943 -0.903191
vn -0.408457 0.131943 -0.903191
vn -0.408457 0.131943 -0.903191
vn 0.700000 -0.284372 0.655082
vn 0.700000 -0.284372 0.655082
vn 0.700000 -0.284372 0.655082
vn 0.399794 0.855650 0.328676
vn 0.399794 0.855650 0.328676
vn 0.399794 0.855650 0.328676
vn 0.465580 0.771311 0.433952
vn 0.465580 0.771311 0.433952
vn 0.465580 0.771311 0.433952
vn -0.297568 0.886538 -0.354264
vn -0.297568 0.886538 -0.354264
vn -0.297568 0.886538 -0.354264
vn 0.324179 0.832592 0.449108
vn 0.324179 0.832592 0.449108
vn 0.324179 0.832592 0.449108
vn -0.591208 0.555749 -0.584479
vn -0.591208 0.555749 -0.584479
vn -0.591208 0.555749 -0.584479
vn 0.521492 0.718666 0.459963
vn 0.521492 0.718666 0.459963
vn 0.521492 0.718666 0.459963
vn -0.593352 -0.137907 -0.793041
vn -0.593352 -0.137907 -0.793041
vn -0.593352 -0.137907 -0.793041
vn -0.414794 0.401704 -0.816443
vn -0.414794 0.401704 -0.816443
vn -0.414794 0.401704 -0.816443
vn 0.066533 0.992031 -0.106997
vn 0.066533 0.992031 -0.106997
vn 0.066533 0.992031 -0.106997
vn 0.296032 0.801115 0.520173
vn 0.296032 0.801115 0.520173
vn 0.296032 0.801115 0.520173
vn -0.482084 0.808966 -0.336406
vn -0.482084 0.808966 -0.336406
vn -0.482084 0.808966 -0.336406
vn 0.171231 0.982328 -0.075582
vn 0.171231 0.982328 -0.075582
vn 0.171231 0.982328 -0.075582
vn 0.131601 0.987512 -0.086607
vn 0.131601 0.987512 -0.086607
vn -0.982132 -0.067368 -0.175723
vn -0.982132 -0.067368 -0.175723
vn -0.982132 -0.067368 -0.175723
vn 0.812896 0.577920 0.072176
vn 0.812896 0.577920 0.072176
vn 0.812896 0.577920 0.072176
vn -0.906533 0.296178 -0.300793
vn -0.906533 0.296178 -0.300793
vn -0.906533 0.296178 -0.300793
vn 0.675035 0.671614 0.305388
vn 0.675035 0.671614 0.305388
vn 0.675035 0.671614 0.305388
vn -0.749528 0.464666 -0.471479
vn -0.749528 0.464666 -0.471479
vn -0.749528 0.464666 -0.471479
vn 0.227430 0.969018 0.096330
vn 0.227430 0.969018 0.096330
vn 0.227430 0.969018 0.096330
vn -0.868303 -0.042773 -0.494186
vn -0.868303 -0.042773 -0.494186
vn -0.868303 -0.042773 -0.494186
vn 0.336633 0.539866 -0.771507
vn 0.336633 0.539866 -0.771507
vn 0.336633 0.539866 -0.771507
vn 0.065135 0.513279 -0.855746
vn 0.065135 0.513279 -0.855746
vn 0.065135 0.513279 -0.855746
vn -0.085988 -0.293581 0.952059
vn -0.085988 -0.293581 0.952059
vn -0.085988 -0.293581 0.952059
vn 0.032954 0.972087 0.232297
vn 0.032954 0.972087 0.232297
vn 0.032954 0.972087 0.232297
vn 0.198756 0.800937 -0.564797
vn 0.198756 0.800937 -0.564797
vn 0.198756 0.800937 -0.564797
vn -0.199425 0.644984 0.737716
vn -0.199425 0.644984 0.737716
vn -0.199425 0.644984 0.737716
vn -0.086364 0.931487 0.353374
vn -0.086364 0.931487 0.353374
vn -0.086364 0.931487 0.353374
vn -0.016622 0.829623 0.558076
vn -0.016622 0.829623 0.558076
vn -0.016622 0.829623 0.558076
vn 0.034258 0.923350 0.382429
vn 0.034258 0.923350 0.382429
vn 0.034258 0.923350 0.382429
vn 0.102000 0.948873 -0.298724
vn 0.102000 0.948873 -0.298724
vn 0.102000 0.948873 -0.298724
vn 0.183637 0.579277 -0.794176
vn 0.183637 0.579277 -0.794176
vn 0.183637 0.579277 -0.794176
vn -0.304307 0.398048 0.865422
vn -0.304307 0.398048 0.865422
vn -0.304307 0.398048 0.865422
vn -0.075574 0.983282 0.165664
vn -0.075574 0.983282 0.165664
vn -0.075574 0.983282 0.165664
vn 0.321134 0.361762 -0.875215
vn 0.321134 0.361762 -0.875215
vn 0.321134 0.361762 -0.875215
vn 0.009307 0.554890 0.831872
vn 0.009307 0.554890 0.831872
vn 0.009307 0.554890 0.831872
vn 0.183274 0.980852 -0.065876
vn 0.183274 0.980852 -0.065876
vn 0.183274 0.980852 -0.065876
vn -0.388778 0.920874 -0.029037
vn -0.388778 0.920874 -0.029037
vn -0.388778 0.920874 -0.029037
vn -0.854816 0.513988 -0.071457
vn -0.854816 0.513988 -0.071457
vn -0.854816 0.513988 -0.071457
vn 0.233241 0.972386 0.008024
vn 0.233241 0.972386 0.008024
vn 0.233241 0.972386 0.008024
vn 0.322693 0.945408 0.045545
vn 0.322693 0.945408 0.045545
vn 0.322693 0.945408 0.045545
vn 0.125844 0.992046 -0.002786
vn 0.125844 0.992046 -0.002786
vn 0.125844 0.992046 -0.002786
vn 0.249886 0.964340 0.087207
vn 0.249886 0.964340 0.087207
vn 0.249886 0.964340 0.087207
vn -0.446578 0.894130 -0.033162
vn -0.446578 0.894130 -0.033162
vn -0.446578 0.894130 -0.033162
vn 0.185753 0.982452 -0.016823
vn 0.185753 0.982452 -0.016823
vn 0.185753 0.982452 -0.016823
vn 0.536730 0.840944 0.068813
vn 0.536730 0.840944 0.068813
vn 0.536730 0.840944 0.068813
vn -0.794048 0.590541 -0.144047
vn -0.794048 0.590541 -0.144047
vn -0.794048 0.590541 -0.144047
vn -0.874351 0.421117 -0.241187
vn -0.874351 0.421117 -0.241187
vn -0.874351 0.421117 -0.241187
vn 0.819554 0.539051 0.194309
vn 0.819554 0.539051 0.194309
vn 0.819554 0.539051 0.194309
vn 0.144157 0.988657 0.042149
vn 0.144157 0.988657 0.042149
vn 0.144157 0.988657 0.042149
vn 0.837429 0.473876 0.272314
vn 0.837429 0.473876 0.272314
vn 0.837429 0.473876 0.272314
vn -0.999178 -0.001490 0.040520
vn -0.999178 -0.001490 0.040520
vn -0.999178 -0.001490 0.040520
vn 0.794010 -0.150767 -0.588912
vn 0.794010 -0.150767 -0.588912
vn 0.794010 -0.150767 -0.588912
vn -0.240434 0.970479 -0.019030
vn -0.240434 0.970479 -0.019030
vn -0.240434 0.970479 -0.019030
vn -0.087324 0.995295 0.041978
vn -0.087324 0.995295 0.041978
vn -0.087324 0.995295 0.041978
vn 0.374353 0.851439 -0.367304
vn 0.374353 0.851439 -0.367304
vn 0.374353 0.851439 -0.367304
vn -0.542586 0.824668 0.159758
vn -0.542586 0.824668 0.159758
vn -0.542586 0.824668 0.159758
vn -0.271710 0.953341 0.131588
vn -0.271710 0.953341 0.131588
vn -0.271710 0.953341 0.131588
vn -0.160635 0.986576 0.029407
vn -0.160635 0.986576 0.029407
vn -0.160635 0.986576 0.029407
vn 0.823300 0.176094 -0.539600
vn 0.823300 0.176094 -0.539600
vn 0.823300 0.176094 -0.539600
vn 0.639415 0.646900 -0.415535
vn 0.639415 0.646900 -0.415535
vn 0.639415 0.646900 -0.415535
vn -0.860966 0.264003 0.434787
vn -0.860966 0.264003 0.434787
vn -0.860966 0.264003 0.434787
vn -0.571897 0.804341 0.161153
vn -0.571897 0.804341 0.161153
vn -0.571897 0.804341 0.161153
vn 0.425285 0.695202 -0.579505
vn 0.425285 0.695202 -0.579505
vn 0.425285 0.695202 -0.579505
vn -0.086410 0.912754 -0.399267
vn -0.086410 0.912754 -0.399267
vn -0.086410 0.912754 -0.399267
vn -0.037221 0.963988 0.263327
vn -0.037221 0.963988 0.263327
vn -0.037221 0.963988 0.263327
vn 0.167188 0.845873 0.506506
vn 0.167188 0.845873 0.506506
vn 0.167188 0.845873 0.506506
vn -0.252809 0.489399 -0.834611
vn -0.252809 0.489399 -0.834611
vn -0.252809 0.489399 -0.834611
vn 0.292608 0.601907 0.743026
vn 0.292608 0.601907 0.743026
vn 0.292608 0.601907 0.743026
vn 0.030216 0.759983 -0.649240
vn 0.030216 0.759983 -0.649240
vn 0.030216 0.759983 -0.649240
vn 0.083866 0.402924 0.911383
vn 0.083866 0.402924 0.911383
vn 0.083866 0.402924 0.911383
vn 0.017949 0.948036 -0.317656
vn 0.017949 0.948036 -0.317656
vn 0.017949 0.948036 -0.317656
vn 0.069931 0.619758 0.781671
vn 0.069931 0.619758 0.781671
vn 0.069931 0.619758 0.781671
vn -0.275430 0.651617 -0.706777
vn -0.275430 0.651617 -0.706777
vn -0.275430 0.651617 -0.706777
vn 0.288758 0.942371 0.168983
vn 0.288758 0.942371 0.168983
vn 0.288758 0.942371 0.168983
vn 0.637527 -0.029582 0.769860
vn 0.637527 -0.029582 0.769860
vn 0.637527 -0.029582 0.769860
vn 0.151841 0.986352 0.063668
vn 0.151841 0.986352 0.063668
vn 0.151841 0.986352 0.063668
vn 0.206274 0.954769 0.214165
vn 0.206274 0.954769 0.214165
vn 0.206274 0.954769 0.214165
vn 0.369836 0.607231 0.703201
vn 0.369836 0.607231 0.703201
vn 0.369836 0.607231 0.703201
vn -0.679929 0.271891 -0.681008
vn -0.679929 0.271891 -0.681008
vn -0.679929 0.271891 -0.681008
vn 0.045631 0.998952 0.003427
vn 0.045631 0.998952 0.003427
vn 0.045631 0.998952 0.003427
vn -0.434825 0.276943 -0.856872
vn -0.434825 0.276943 -0.856872
vn -0.434825 0.276943 -0.856872
vn 0.209546 0.935381 0.284874
vn 0.209546 0.935381 0.284874
vn 0.209546 0.935381 0.284874
vn -0.269108 0.665485 -0.696212
vn -0.269108 0.665485 -0.696212
vn -0.269108 0.665485 -0.696212
vn 0.744636 0.423916 0.515570
vn 0.744636 0.423916 0.515570
vn 0.744636 0.423916 0.515570
vn 0.575918 0.817085 0.026281
vn 0.575918 0.817085 0.026281
vn 0.575918 0.817085 0.026281
vn 0.045266 0.988170 -0.146531
vn 0.045266 0.988170 -0.146531
vn 0.045266 0.988170 -0.146531
vn 0.881917 0.304602 0.359777
vn 0.881917 0.304602 0.359777
vn 0.881917 0.304602 0.359777
vn -0.738918 0.661791 -0.126623
vn -0.738918 0.661791 -0.126623
vn -0.738918 0.661791 -0.126623
vn 0.513208 0.858264 0.000478
vn 0.513208 0.858264 0.000478
vn 0.513208 0.858264 0.000478
vn -0.548462 0.760903 -0.346722
vn -0.548462 0.760903 -0.346722
vn -0.548462 0.760903 -0.346722
vn -0.159213 0.970228 -0.182506
vn -0.159213 0.970228 -0.182506
vn -0.159213 0.970228 -0.182506
vn 0.760260 0.542526 0.357309
vn 0.760260 0.542526 0.357309
vn 0.760260 0.542526 0.357309
vn -0.320399 0.889883 -0.324736
vn -0.320399 0.889883 -0.324736
vn -0.320399 0.889883 -0.324736
vn -0.840004 0.295639 -0.454964
vn -0.840004 0.295639 -0.454964
vn -0.840004 0.295639 -0.454964
vn 0.563464 0.824734 -0.048192
vn 0.563464 0.824734 -0.048192
vn 0.563464 0.824734 -0.048192
vn 0.381833 -0.383646 -0.840845
vn 0.381833 -0.383646 -0.840845
vn 0.381833 -0.383646 -0.840845
vn -0.009999 0.633296 -0.773845
vn -0.009999 0.633296 -0.773845
vn -0.009999 0.633296 -0.773845
vn 0.098905 0.742039 -0.663020
vn 0.098905 0.742039 -0.663020
vn 0.098905 0.742039 -0.663020
vn -0.067718 0.988430 0.135719
vn -0.067718 0.988430 0.135719
vn -0.067718 0.988430 0.135719
vn 0.047611 0.682257 0.729560
vn 0.047611 0.682257 0.729560
vn 0.047611 0.682257 0.729560
vn 0.171797 -0.428220 -0.887194
vn 0.171797 -0.428220 -0.887194
vn 0.171797 -0.428220 -0.887194
vn -0.226513 0.568606 0.790809
vn -0.226513 0.568606 0.790809
vn -0.226513 0.568606 0.790809
vn -0.308011 0.344776 0.886712
vn -0.308011 0.344776 0.886712
vn -0.308011 0.344776 0.886712
vn -0.153137 0.875250 0.458788
vn -0.153137 0.875250 0.458788
vn -0.153137 0.875250 0.458788
vn 0.218672 0.685698 -0.694263
vn 0.218672 0.685698 -0.694263
vn 0.218672 0.685698 -0.694263
vn 0.016074 0.467035 0.884093
vn 0.016074 0.467035 0.884093
vn 0.016074 0.467035 0.884093
vn 0.451226 0.839156 0.303666
vn 0.451226 0.839156 0.303666
vn 0.451226 0.839156 0.303666
vn 0.478591 0.812959 0.331736
vn -0.012004 0.879132 0.476428
vn -0.012004 0.879132 0.476428
vn -0.012004 0.879132 0.476428
vn -0.012243 0.877991 0.478521
vn 0.601409 0.531349 0.596636
vn 0.601409 0.531349 0.596636
vn 0.601409 0.531349 0.596636
vn 0.588171 0.567345 0.576347
vn 0.713640 0.523514 -0.465458
vn 0.713640 0.523514 -0.465458
vn 0.713640 0.523514 -0.465458
vn 0.716887 0.517649 -0.467026
vn 0.540801 0.839156 -0.057901
vn 0.540801 0.839156 -0.057901
vn 0.540801 0.839156 -0.057901
vn 0.579811 0.812958 -0.054022
vn 0.297377 0.879131 0.372418
vn 0.297377 0.879131 0.372418
vn 0.297377 0.879131 0.372418
vn 0.298541 0.877991 0.374173
vn 0.844279 0.531349 0.069722
vn 0.844279 0.531349 0.069722
vn 0.844279 0.531349 0.069722
vn 0.821091 0.567343 0.062710
vn 0.246766 0.523513 -0.815500
vn 0.246766 0.523513 -0.815500
vn 0.246766 0.523513 -0.815500
vn 0.248242 0.517648 -0.818790
vn -0.080785 0.350922 0.932913
vn -0.080785 0.350922 0.932913
vn -0.080785 0.350922 0.932913
vn 0.932913 0.350924 0.080786
vn 0.932913 0.350924 0.080786
vn 0.932913 0.350924 0.080786
vn -0.932913 0.350923 -0.080785
vn -0.932913 0.350923 -0.080785
vn -0.932913 0.350923 -0.080785
vn 0.080785 0.350922 -0.932914
vn 0.080785 0.350922 -0.932914
vn 0.080785 0.350922 -0.932914
vn 0.081812 -0.337590 -0.937731
vn 0.081812 -0.337590 -0.937731
vn 0.081812 -0.337590 -0.937731
vn -0.937835 -0.337592 -0.080603
vn -0.937835 -0.337592 -0.080603
vn -0.937835 -0.337592 -0.080603
vn 0.937836 -0.337591 0.080602
vn 0.937836 -0.337591 0.080602
vn 0.937836 -0.337591 0.080602
vn -0.081812 -0.337592 0.937731
vn -0.081812 -0.337592 0.937731
vn -0.081812 -0.337592 0.937731
vn -0.662138 0.350923 0.662138
vn -0.662138 0.350923 0.662138
vn -0.662138 0.350923 0.662138
vn 0.662138 0.350923 0.662138
vn 0.662138 0.350923 0.662138
vn 0.662138 0.350923 0.662138
vn -0.662137 0.350923 -0.662138
vn -0.662137 0.350923 -0.662138
vn -0.662137 0.350923 -0.662138
vn 0.662138 0.350924 -0.662138
vn 0.662138 0.350924 -0.662138
vn 0.662138 0.350924 -0.662138
vn 0.666023 -0.337590 -0.665166
vn 0.666023 -0.337590 -0.665166
vn 0.666023 -0.337590 -0.665166
vn -0.666024 -0.337589 -0.665166
vn -0.666024 -0.337589 -0.665166
vn -0.666024 -0.337589 -0.665166
vn 0.666024 -0.337589 0.665166
vn 0.666024 -0.337589 0.665166
vn 0.666024 -0.337589 0.665166
vn -0.666023 -0.337590 0.665166
vn -0.666023 -0.337590 0.665166
vn -0.666023 -0.337590 0.665166
vn -0.120352 0.986060 0.114898
vn -0.120352 0.986060 0.114898
vn -0.120352 0.986060 0.114898
vn -0.120352 0.986060 0.114898
vn -0.133876 0.986060 0.098809
vn -0.133876 0.986060 0.098809
vn -0.033467 0.921690 0.386481
vn -0.033467 0.921690 0.386481
vn -0.033467 0.921690 0.386481
vn -0.033467 0.921690 0.386481
vn 0.042589 0.987563 0.151346
vn 0.042589 0.987563 0.151346
vn 0.042589 0.987563 0.151346
vn 0.042589 0.987563 0.151346
vn -0.031248 0.997909 0.056588
vn -0.031248 0.997909 0.056588
vn -0.031248 0.997909 0.056588
vn -0.031248 0.997909 0.056588
vn -0.061117 0.997909 0.021056
vn -0.061117 0.997909 0.021056
vn -0.046697 0.969574 0.240304
vn -0.046697 0.969574 0.240304
vn -0.046697 0.969574 0.240304
vn -0.046697 0.969574 0.240304
vn 0.133876 0.986060 -0.098810
vn 0.133876 0.986060 -0.098810
vn 0.133876 0.986060 -0.098810
vn 0.133876 0.986060 -0.098810
vn 0.120352 0.986060 -0.114898
vn 0.120352 0.986060 -0.114898
vn 0.386480 0.921690 0.033467
vn 0.386480 0.921690 0.033467
vn 0.386480 0.921690 0.033467
vn 0.386480 0.921690 0.033467
vn 0.141772 0.987563 0.067971
vn 0.141772 0.987563 0.067971
vn 0.141772 0.987563 0.067971
vn 0.141772 0.987563 0.067971
vn 0.061117 0.997909 -0.021056
vn 0.061117 0.997909 -0.021056
vn 0.061117 0.997909 -0.021056
vn 0.061117 0.997909 -0.021056
vn 0.031248 0.997909 -0.056588
vn 0.031248 0.997909 -0.056588
vn 0.244755 0.969574 -0.004694
vn 0.244755 0.969574 -0.004694
vn 0.244755 0.969574 -0.004694
vn 0.244755 0.969574 -0.004694
vn -0.386480 0.921690 -0.033467
vn -0.386480 0.921690 -0.033467
vn -0.386480 0.921690 -0.033467
vn -0.386480 0.921690 -0.033467
vn -0.141772 0.987563 -0.067972
vn -0.141772 0.987563 -0.067972
vn -0.141772 0.987563 -0.067972
vn -0.141772 0.987563 -0.067972
vn -0.244755 0.969574 0.004694
vn -0.244755 0.969574 0.004694
vn -0.244755 0.969574 0.004694
vn -0.244755 0.969574 0.004694
vn 0.033467 0.921690 -0.386480
vn 0.033467 0.921690 -0.386480
vn 0.033467 0.921690 -0.386480
vn 0.033467 0.921690 -0.386480
vn -0.042589 0.987563 -0.151346
vn -0.042589 0.987563 -0.151346
vn -0.042589 0.987563 -0.151346
vn -0.042589 0.987563 -0.151346
vn 0.046697 0.969574 -0.240305
vn 0.046697 0.969574 -0.240305
vn 0.046697 0.969574 -0.240305
vn 0.046697 0.969574 -0.240305
vn 0.120326 -0.986062 -0.114909
vn 0.120326 -0.986062 -0.114909
vn 0.120326 -0.986062 -0.114909
vn 0.120326 -0.986062 -0.114909
vn 0.133882 -0.986062 -0.098781
vn 0.133882 -0.986062 -0.098781
vn 0.039758 -0.896492 -0.441274
vn 0.039758 -0.896492 -0.441274
vn 0.039758 -0.896492 -0.441274
vn 0.039758 -0.896492 -0.441274
vn -0.042536 -0.987553 -0.151424
vn -0.042536 -0.987553 -0.151424
vn -0.042536 -0.987553 -0.151424
vn -0.042536 -0.987553 -0.151424
vn 0.031236 -0.997907 -0.056627
vn 0.031236 -0.997907 -0.056627
vn 0.031236 -0.997907 -0.056627
vn 0.031236 -0.997907 -0.056627
vn 0.061153 -0.997907 -0.021036
vn 0.061153 -0.997907 -0.021036
vn 0.046571 -0.969414 -0.240972
vn 0.046571 -0.969414 -0.240972
vn 0.046571 -0.969414 -0.240972
vn 0.046571 -0.969414 -0.240972
vn -0.133882 -0.986062 0.098782
vn -0.133882 -0.986062 0.098782
vn -0.133882 -0.986062 0.098782
vn -0.133882 -0.986062 0.098782
vn -0.120325 -0.986062 0.114909
vn -0.120325 -0.986062 0.114909
vn -0.441539 -0.896491 -0.036689
vn -0.441539 -0.896491 -0.036689
vn -0.441539 -0.896491 -0.036689
vn -0.441539 -0.896491 -0.036689
vn -0.141859 -0.987553 -0.067932
vn -0.141859 -0.987553 -0.067932
vn -0.141859 -0.987553 -0.067932
vn -0.141859 -0.987553 -0.067932
vn -0.061153 -0.997907 0.021037
vn -0.061153 -0.997907 0.021037
vn -0.061153 -0.997907 0.021037
vn -0.061153 -0.997907 0.021037
vn -0.031236 -0.997907 0.056627
vn -0.031236 -0.997907 0.056627
vn -0.245391 -0.969414 0.004454
vn -0.245391 -0.969414 0.004454
vn -0.245391 -0.969414 0.004454
vn -0.245391 -0.969414 0.004454
vn 0.441539 -0.896492 0.036688
vn 0.441539 -0.896492 0.036688
vn 0.441539 -0.896492 0.036688
vn 0.441539 -0.896492 0.036688
vn 0.141858 -0.987553 0.067933
vn 0.141858 -0.987553 0.067933
vn 0.141858 -0.987553 0.067933
vn 0.141858 -0.987553 0.067933
vn 0.245391 -0.969414 -0.004454
vn 0.245391 -0.969414 -0.004454
vn 0.245391 -0.969414 -0.004454
vn 0.245391 -0.969414 -0.004454
vn -0.039758 -0.896492 0.441274
vn -0.039758 -0.896492 0.441274
vn -0.039758 -0.896492 0.441274
vn -0.039758 -0.896492 0.441274
vn 0.042536 -0.987553 0.151425
vn 0.042536 -0.987553 0.151425
vn 0.042536 -0.987553 0.151425
vn 0.042536 -0.987553 0.151425
vn -0.046571 -0.969414 0.240973
vn -0.046571 -0.969414 0.240973
vn -0.046571 -0.969414 0.240973
vn -0.046571 -0.969414 0.240973
vn 0.496117 -0.281566 0.821333
vn 0.496117 -0.281566 0.821333
vn 0.496117 -0.281566 0.821333
vn 0.496117 -0.281566 0.821333
vn 0.720594 -0.386063 0.575934
vn 0.720594 -0.386063 0.575934
vn 0.720594 -0.386063 0.575934
vn 0.720594 -0.386063 0.575934
vn -0.620270 -0.498741 0.605411
vn -0.620270 -0.498741 0.605411
vn -0.620270 -0.498741 0.605411
vn -0.620270 -0.498741 0.605411
vn -0.559730 -0.744027 0.364866
vn -0.559730 -0.744027 0.364866
vn -0.559730 -0.744027 0.364866
vn -0.559730 -0.744027 0.364866
vn 0.535103 -0.725346 0.433057
vn 0.535103 -0.725346 0.433057
vn 0.535103 -0.725346 0.433057
vn 0.535103 -0.725346 0.433057
vn -0.738623 -0.280145 0.613152
vn -0.731221 -0.314248 0.605446
vn -0.731221 -0.314248 0.605446
vn -0.738623 -0.280145 0.613152
vn -0.738623 -0.280145 0.613152
vn -0.738623 -0.280145 0.613152
vn -0.730994 -0.280146 0.622227
vn -0.730994 -0.280146 0.622227
vn -0.722130 -0.314249 0.616260
vn -0.722130 -0.314249 0.616260
vn 0.723825 -0.281563 0.629920
vn 0.723825 -0.281563 0.629920
vn 0.723825 -0.281563 0.629920
vn 0.723825 -0.281563 0.629920
vn 0.443491 -0.386062 0.808871
vn 0.443491 -0.386062 0.808871
vn 0.443491 -0.386062 0.808871
vn 0.443491 -0.386062 0.808871
vn 0.703024 -0.498740 -0.506967
vn 0.703024 -0.498740 -0.506967
vn 0.703024 -0.498740 -0.506967
vn 0.703024 -0.498740 -0.506967
vn 0.455653 -0.744025 -0.488679
vn 0.455653 -0.744025 -0.488679
vn 0.455653 -0.744025 -0.488679
vn 0.455653 -0.744025 -0.488679
vn 0.334625 -0.725346 0.601580
vn 0.334625 -0.725346 0.601580
vn 0.334625 -0.725346 0.601580
vn 0.334625 -0.725346 0.601580
vn 0.722131 -0.314246 -0.616260
vn 0.722131 -0.314246 -0.616260
vn 0.730994 -0.280146 -0.622227
vn 0.730994 -0.280146 -0.622227
vn 0.730994 -0.280146 -0.622227
vn 0.730994 -0.280146 -0.622227
vn 0.738623 -0.280145 -0.613152
vn 0.738623 -0.280145 -0.613152
vn 0.731221 -0.314246 -0.605447
vn 0.731221 -0.314246 -0.605447
vn -0.723826 -0.281563 -0.629920
vn -0.723826 -0.281563 -0.629920
vn -0.723826 -0.281563 -0.629920
vn -0.723826 -0.281563 -0.629920
vn -0.443491 -0.386062 -0.808871
vn -0.443491 -0.386062 -0.808871
vn -0.443491 -0.386062 -0.808871
vn -0.443491 -0.386062 -0.808871
vn -0.703023 -0.498742 0.506966
vn -0.703023 -0.498742 0.506966
vn -0.703023 -0.498742 0.506966
vn -0.703023 -0.498742 0.506966
vn -0.455653 -0.744026 0.488678
vn -0.455653 -0.744026 0.488678
vn -0.455653 -0.744026 0.488678
vn -0.455653 -0.744026 0.488678
vn -0.334625 -0.725347 -0.601580
vn -0.334625 -0.725347 -0.601580
vn -0.334625 -0.725347 -0.601580
vn -0.334625 -0.725347 -0.601580
vn -0.496118 -0.281562 -0.821334
vn -0.496118 -0.281562 -0.821334
vn -0.496118 -0.281562 -0.821334
vn -0.496118 -0.281562 -0.821334
vn -0.720594 -0.386063 -0.575934
vn -0.720594 -0.386063 -0.575934
vn -0.720594 -0.386063 -0.575934
vn -0.720594 -0.386063 -0.575934
vn 0.620271 -0.498740 -0.605411
vn 0.620271 -0.498740 -0.605411
vn 0.620271 -0.498740 -0.605411
vn 0.620271 -0.498740 -0.605411
vn 0.559731 -0.744025 -0.364867
vn 0.559731 -0.744025 -0.364867
vn 0.559731 -0.744025 -0.364867
vn 0.559731 -0.744025 -0.364867
vn -0.535103 -0.725347 -0.433056
vn -0.535103 -0.725347 -0.433056
vn -0.535103 -0.725347 -0.433056
vn -0.535103 -0.725347 -0.433056
vn -0.166059 0.986060 0.010508
vn -0.166059 0.986060 0.010508
vn -0.166059 0.986060 0.010508
vn -0.166059 0.986060 0.010508
vn -0.166059 0.986060 -0.010509
vn -0.166059 0.986060 -0.010509
vn -0.274306 0.921690 0.274306
vn -0.274306 0.921690 0.274306
vn -0.274306 0.921690 0.274306
vn -0.274306 0.921690 0.274306
vn -0.064785 0.987563 0.143256
vn -0.064785 0.987563 0.143256
vn -0.064785 0.987563 0.143256
vn -0.064785 0.987563 0.143256
vn -0.060332 0.997909 0.023209
vn -0.060332 0.997909 0.023209
vn -0.060332 0.997909 0.023209
vn -0.060332 0.997909 0.023209
vn -0.060332 0.997909 -0.023209
vn -0.060332 0.997909 -0.023209
vn -0.190374 0.969574 0.153899
vn -0.190374 0.969574 0.153899
vn -0.190374 0.969574 0.153899
vn -0.190374 0.969574 0.153899
vn 0.166059 0.986060 0.010508
vn 0.166059 0.986060 0.010508
vn 0.166059 0.986060 0.010508
vn 0.166059 0.986060 0.010508
vn 0.166059 0.986060 -0.010509
vn 0.166059 0.986060 -0.010509
vn 0.274306 0.921690 0.274306
vn 0.274306 0.921690 0.274306
vn 0.274306 0.921690 0.274306
vn 0.274306 0.921690 0.274306
vn 0.064786 0.987563 0.143256
vn 0.064786 0.987563 0.143256
vn 0.064786 0.987563 0.143256
vn 0.064786 0.987563 0.143256
vn 0.060332 0.997909 0.023209
vn 0.060332 0.997909 0.023209
vn 0.060332 0.997909 0.023209
vn 0.060332 0.997909 0.023209
vn 0.060332 0.997909 -0.023209
vn 0.060332 0.997909 -0.023209
vn 0.190374 0.969574 0.153898
vn 0.190374 0.969574 0.153898
vn 0.190374 0.969574 0.153898
vn 0.190374 0.969574 0.153898
vn -0.274306 0.921690 -0.274306
vn -0.274306 0.921690 -0.274306
vn -0.274306 0.921690 -0.274306
vn -0.274306 0.921690 -0.274306
vn -0.064785 0.987563 -0.143256
vn -0.064785 0.987563 -0.143256
vn -0.064785 0.987563 -0.143256
vn -0.064785 0.987563 -0.143256
vn -0.190373 0.969574 -0.153899
vn -0.190373 0.969574 -0.153899
vn -0.190373 0.969574 -0.153899
vn -0.190373 0.969574 -0.153899
vn 0.274306 0.921690 -0.274306
vn 0.274306 0.921690 -0.274306
vn 0.274306 0.921690 -0.274306
vn 0.274306 0.921690 -0.274306
vn 0.064785 0.987563 -0.143256
vn 0.064785 0.987563 -0.143256
vn 0.064785 0.987563 -0.143256
vn 0.064785 0.987563 -0.143256
vn 0.190374 0.969574 -0.153899
vn 0.190374 0.969574 -0.153899
vn 0.190374 0.969574 -0.153899
vn 0.190374 0.969574 -0.153899
vn 0.166046 -0.986062 -0.010534
vn 0.166046 -0.986062 -0.010534
vn 0.166046 -0.986062 -0.010534
vn 0.166046 -0.986062 -0.010534
vn 0.166046 -0.986062 0.010534
vn 0.166046 -0.986062 0.010534
vn 0.314379 -0.896492 -0.312200
vn 0.314379 -0.896492 -0.312200
vn 0.314379 -0.896492 -0.312200
vn 0.314379 -0.896492 -0.312200
vn 0.064877 -0.987553 -0.143282
vn 0.064877 -0.987553 -0.143282
vn 0.064877 -0.987553 -0.143282
vn 0.064877 -0.987553 -0.143282
vn 0.060347 -0.997907 -0.023247
vn 0.060347 -0.997907 -0.023247
vn 0.060347 -0.997907 -0.023247
vn 0.060347 -0.997907 -0.023247
vn 0.060347 -0.997907 0.023247
vn 0.060347 -0.997907 0.023247
vn 0.190707 -0.969414 -0.154491
vn 0.190707 -0.969414 -0.154491
vn 0.190707 -0.969414 -0.154491
vn 0.190707 -0.969414 -0.154491
vn -0.166046 -0.986062 -0.010534
vn -0.166046 -0.986062 -0.010534
vn -0.166046 -0.986062 -0.010534
vn -0.166046 -0.986062 -0.010534
vn -0.166046 -0.986062 0.010534
vn -0.166046 -0.986062 0.010534
vn -0.314379 -0.896492 -0.312200
vn -0.314379 -0.896492 -0.312200
vn -0.314379 -0.896492 -0.312200
vn -0.314379 -0.896492 -0.312200
vn -0.064877 -0.987553 -0.143282
vn -0.064877 -0.987553 -0.143282
vn -0.064877 -0.987553 -0.143282
vn -0.064877 -0.987553 -0.143282
vn -0.060347 -0.997907 -0.023247
vn -0.060347 -0.997907 -0.023247
vn -0.060347 -0.997907 -0.023247
vn -0.060347 -0.997907 -0.023247
vn -0.060347 -0.997907 0.023247
vn -0.060347 -0.997907 0.023247
vn -0.190707 -0.969414 -0.154491
vn -0.190707 -0.969414 -0.154491
vn -0.190707 -0.969414 -0.154491
vn -0.190707 -0.969414 -0.154491
vn 0.314379 -0.896492 0.312200
vn 0.314379 -0.896492 0.312200
vn 0.314379 -0.896492 0.312200
vn 0.314379 -0.896492 0.312200
vn 0.064877 -0.987553 0.143282
vn 0.064877 -0.987553 0.143282
vn 0.064877 -0.987553 0.143282
vn 0.064877 -0.987553 0.143282
vn 0.190706 -0.969414 0.154492
vn 0.190706 -0.969414 0.154492
vn 0.190706 -0.969414 0.154492
vn 0.190706 -0.969414 0.154492
vn -0.314379 -0.896492 0.312200
vn -0.314379 -0.896492 0.312200
vn -0.314379 -0.896492 0.312200
vn -0.314379 -0.896492 0.312200
vn -0.064877 -0.987553 0.143282
vn -0.064877 -0.987553 0.143282
vn -0.064877 -0.987553 0.143282
vn -0.064877 -0.987553 0.143282
vn -0.190706 -0.969414 0.154492
vn -0.190706 -0.969414 0.154492
vn -0.190706 -0.969414 0.154492
vn -0.190706 -0.969414 0.154492
vn -0.148736 -0.281564 0.947945
vn -0.148736 -0.281564 0.947945
vn -0.148736 -0.281564 0.947945
vn -0.148736 -0.281564 0.947945
vn 0.181001 -0.386063 0.904541
vn 0.181001 -0.386063 0.904541
vn 0.181001 -0.386063 0.904541
vn 0.181001 -0.386063 0.904541
vn -0.864363 -0.498740 0.064303
vn -0.864363 -0.498740 0.064303
vn -0.864363 -0.498740 0.064303
vn -0.864363 -0.498740 0.064303
vn -0.663238 -0.744026 -0.080874
vn -0.663238 -0.744026 -0.080874
vn -0.663238 -0.744026 -0.080874
vn -0.663238 -0.744026 -0.080874
vn 0.130951 -0.725346 0.675815
vn 0.130951 -0.725346 0.675815
vn 0.130951 -0.725346 0.675815
vn 0.130951 -0.725346 0.675815
vn -0.959939 -0.280147 -0.005928
vn -0.949316 -0.314245 -0.007064
vn -0.949316 -0.314245 -0.007064
vn -0.959939 -0.280147 -0.005928
vn -0.959939 -0.280147 -0.005928
vn -0.959939 -0.280147 -0.005928
vn -0.959939 -0.280146 0.005928
vn -0.959939 -0.280146 0.005928
vn -0.949316 -0.314245 0.007063
vn -0.949316 -0.314245 0.007063
vn 0.148736 -0.281564 0.947945
vn 0.148736 -0.281564 0.947945
vn 0.148736 -0.281564 0.947945
vn 0.148736 -0.281564 0.947945
vn -0.181001 -0.386064 0.904541
vn -0.181001 -0.386064 0.904541
vn -0.181001 -0.386064 0.904541
vn -0.181001 -0.386064 0.904541
vn 0.864363 -0.498740 0.064304
vn 0.864363 -0.498740 0.064304
vn 0.864363 -0.498740 0.064304
vn 0.864363 -0.498740 0.064304
vn 0.663239 -0.744025 -0.080872
vn 0.663239 -0.744025 -0.080872
vn 0.663239 -0.744025 -0.080872
vn 0.663239 -0.744025 -0.080872
vn -0.130950 -0.725345 0.675815
vn -0.130950 -0.725345 0.675815
vn -0.130950 -0.725345 0.675815
vn -0.130950 -0.725345 0.675815
vn 0.949314 -0.314249 -0.007064
vn 0.949314 -0.314249 -0.007064
vn 0.959940 -0.280145 -0.005928
vn 0.959940 -0.280145 -0.005928
vn 0.959940 -0.280145 -0.005928
vn 0.959940 -0.280145 -0.005928
vn 0.959940 -0.280144 0.005927
vn 0.959940 -0.280144 0.005927
vn 0.949315 -0.314248 0.007064
vn 0.949315 -0.314248 0.007064
vn -0.148737 -0.281559 -0.947946
vn -0.148737 -0.281559 -0.947946
vn -0.148737 -0.281559 -0.947946
vn -0.148737 -0.281559 -0.947946
vn 0.181000 -0.386060 -0.904542
vn 0.181000 -0.386060 -0.904542
vn 0.181000 -0.386060 -0.904542
vn 0.181000 -0.386060 -0.904542
vn -0.864363 -0.498740 -0.064303
vn -0.864363 -0.498740 -0.064303
vn -0.864363 -0.498740 -0.064303
vn -0.864363 -0.498740 -0.064303
vn -0.663237 -0.744027 0.080875
vn -0.663237 -0.744027 0.080875
vn -0.663237 -0.744027 0.080875
vn -0.663237 -0.744027 0.080875
vn 0.130949 -0.725346 -0.675815
vn 0.130949 -0.725346 -0.675815
vn 0.130949 -0.725346 -0.675815
vn 0.130949 -0.725346 -0.675815
vn 0.148736 -0.281561 -0.947946
vn 0.148736 -0.281561 -0.947946
vn 0.148736 -0.281561 -0.947946
vn 0.148736 -0.281561 -0.947946
vn -0.181002 -0.386063 -0.904541
vn -0.181002 -0.386063 -0.904541
vn -0.181002 -0.386063 -0.904541
vn -0.181002 -0.386063 -0.904541
vn 0.864364 -0.498739 -0.064303
vn 0.864364 -0.498739 -0.064303
vn 0.864364 -0.498739 -0.064303
vn 0.864364 -0.498739 -0.064303
vn 0.663240 -0.744025 0.080871
vn 0.663240 -0.744025 0.080871
vn 0.663240 -0.744025 0.080871
vn 0.663240 -0.744025 0.080871
vn -0.130950 -0.725345 -0.675815
vn -0.130950 -0.725345 -0.675815
vn -0.130950 -0.725345 -0.675815
vn -0.130950 -0.725345 -0.675815
vn 0.538211 -0.580354 -0.611162
vn 0.538211 -0.580354 -0.611162
vn 0.538211 -0.580354 -0.611162
vn 0.538211 -0.580354 -0.611162
vn 0.538211 0.580354 -0.611162
vn 0.538211 0.580354 -0.611162
vn 0.538211 0.580354 -0.611162
vn 0.538211 0.580354 -0.611162
vn 0.264580 0.530414 -0.805393
vn 0.264580 0.530414 -0.805393
vn 0.264580 0.530414 -0.805393
vn 0.264580 0.530414 -0.805393
vn 0.264580 -0.530415 -0.805393
vn 0.264580 -0.530415 -0.805393
vn 0.264580 -0.530415 -0.805393
vn 0.264580 -0.530415 -0.805393
vn -0.611162 -0.580354 -0.538210
vn -0.611162 -0.580354 -0.538210
vn -0.611162 -0.580354 -0.538210
vn -0.611162 -0.580354 -0.538210
vn -0.611162 0.580354 -0.538211
vn -0.611162 0.580354 -0.538211
vn -0.611162 0.580354 -0.538211
vn -0.611162 0.580354 -0.538211
vn -0.805393 0.530415 -0.264580
vn -0.805393 0.530415 -0.264580
vn -0.805393 0.530415 -0.264580
vn -0.805393 0.530415 -0.264580
vn -0.805393 -0.530415 -0.264580
vn -0.805393 -0.530415 -0.264580
vn -0.805393 -0.530415 -0.264580
vn -0.805393 -0.530415 -0.264580
vn -0.538211 -0.580354 0.611162
vn -0.538211 -0.580354 0.611162
vn -0.538211 -0.580354 0.611162
vn -0.538211 -0.580354 0.611162
vn -0.538211 0.580354 0.611162
vn -0.538211 0.580354 0.611162
vn -0.538211 0.580354 0.611162
vn -0.538211 0.580354 0.611162
vn -0.264580 0.530416 0.805392
vn -0.264580 0.530416 0.805392
vn -0.264580 0.530416 0.805392
vn -0.264580 0.530416 0.805392
vn -0.264580 -0.530415 0.805393
vn -0.264580 -0.530415 0.805393
vn -0.264580 -0.530415 0.805393
vn -0.264580 -0.530415 0.805393
vn 0.611162 -0.580354 0.538211
vn 0.611162 -0.580354 0.538211
vn 0.611162 -0.580354 0.538211
vn 0.611162 -0.580354 0.538211
vn 0.611162 0.580354 0.538211
vn 0.611162 0.580354 0.538211
vn 0.611162 0.580354 0.538211
vn 0.611162 0.580354 0.538211
vn 0.805393 0.530415 0.264579
vn 0.805393 0.530415 0.264579
vn 0.805393 0.530415 0.264579
vn 0.805393 0.530415 0.264579
vn 0.805393 -0.530415 0.264580
vn 0.805393 -0.530415 0.264580
vn 0.805393 -0.530415 0.264580
vn 0.805393 -0.530415 0.264580
vn -0.109341 -0.984528 0.136927
vn -0.109341 -0.984528 0.136927
vn -0.109341 -0.984528 0.136927
vn -0.109341 -0.984528 0.136927
vn -0.028967 -0.941945 0.334515
vn -0.028967 -0.941945 0.334515
vn -0.028967 -0.941945 0.334515
vn -0.028967 -0.941945 0.334515
vn 0.084176 -0.984528 0.153684
vn 0.084176 -0.984528 0.153684
vn 0.084176 -0.984528 0.153684
vn 0.084176 -0.984528 0.153684
vn 0.153684 0.984528 -0.084176
vn 0.153684 0.984528 -0.084176
vn 0.153684 0.984528 -0.084176
vn 0.153684 0.984528 -0.084176
vn 0.334515 0.941945 0.028967
vn 0.334515 0.941945 0.028967
vn 0.334515 0.941945 0.028967
vn 0.334515 0.941945 0.028967
vn 0.136927 0.984528 0.109341
vn 0.136927 0.984528 0.109341
vn 0.136927 0.984528 0.109341
vn 0.136927 0.984528 0.109341
vn -0.109341 0.984528 0.136927
vn -0.109341 0.984528 0.136927
vn -0.109341 0.984528 0.136927
vn -0.109341 0.984528 0.136927
vn 0.084176 0.984528 0.153684
vn 0.084176 0.984528 0.153684
vn 0.084176 0.984528 0.153684
vn 0.084176 0.984528 0.153684
vn -0.028967 0.941945 0.334514
vn -0.028967 0.941945 0.334514
vn -0.028967 0.941945 0.334514
vn -0.028967 0.941945 0.334514
vn 0.153684 -0.984528 -0.084175
vn 0.153684 -0.984528 -0.084175
vn 0.153684 -0.984528 -0.084175
vn 0.153684 -0.984528 -0.084175
vn 0.136927 -0.984528 0.109341
vn 0.136927 -0.984528 0.109341
vn 0.136927 -0.984528 0.109341
vn 0.136927 -0.984528 0.109341
vn 0.334514 -0.941945 0.028967
vn 0.334514 -0.941945 0.028967
vn 0.334514 -0.941945 0.028967
vn 0.334514 -0.941945 0.028967
vn 0.122194 -0.530414 0.838886
vn 0.122194 -0.530414 0.838886
vn 0.122194 -0.530414 0.838886
vn 0.122194 -0.530414 0.838886
vn 0.122194 0.530414 0.838886
vn 0.122194 0.530414 0.838886
vn 0.122194 0.530414 0.838886
vn 0.122194 0.530414 0.838886
vn 0.425140 0.580354 0.694583
vn 0.425140 0.580354 0.694583
vn 0.425140 0.580354 0.694583
vn 0.425140 0.580354 0.694583
vn 0.425140 -0.580354 0.694583
vn 0.425140 -0.580354 0.694583
vn 0.425140 -0.580354 0.694583
vn 0.425140 -0.580354 0.694583
vn -0.122194 -0.530415 -0.838885
vn -0.122194 -0.530415 -0.838885
vn -0.122194 -0.530415 -0.838885
vn -0.122194 -0.530415 -0.838885
vn -0.122194 0.530415 -0.838885
vn -0.122194 0.530415 -0.838885
vn -0.122194 0.530415 -0.838885
vn -0.122194 0.530415 -0.838885
vn -0.425140 0.580354 -0.694583
vn -0.425140 0.580354 -0.694583
vn -0.425140 0.580354 -0.694583
vn -0.425140 0.580354 -0.694583
vn -0.425140 -0.580354 -0.694583
vn -0.425140 -0.580354 -0.694583
vn -0.425140 -0.580354 -0.694583
vn -0.425140 -0.580354 -0.694583
vn 0.028967 -0.941945 -0.334514
vn 0.028967 -0.941945 -0.334514
vn 0.028967 -0.941945 -0.334514
vn 0.028967 -0.941945 -0.334514
vn -0.084176 -0.984528 -0.153684
vn -0.084176 -0.984528 -0.153684
vn -0.084176 -0.984528 -0.153684
vn -0.084176 -0.984528 -0.153684
vn 0.109341 -0.984528 -0.136927
vn 0.109341 -0.984528 -0.136927
vn 0.109341 -0.984528 -0.136927
vn 0.109341 -0.984528 -0.136927
vn -0.334514 0.941945 -0.028967
vn -0.334514 0.941945 -0.028967
vn -0.334514 0.941945 -0.028967
vn -0.334514 0.941945 -0.028967
vn -0.136927 0.984528 -0.109341
vn -0.136927 0.984528 -0.109341
vn -0.136927 0.984528 -0.109341
vn -0.136927 0.984528 -0.109341
vn -0.153684 0.984528 0.084175
vn -0.153684 0.984528 0.084175
vn -0.153684 0.984528 0.084175
vn -0.153684 0.984528 0.084175
vn -0.084176 0.984528 -0.153684
vn -0.084176 0.984528 -0.153684
vn -0.084176 0.984528 -0.153684
vn -0.084176 0.984528 -0.153684
vn 0.028967 0.941945 -0.334515
vn 0.028967 0.941945 -0.334515
vn 0.028967 0.941945 -0.334515
vn 0.028967 0.941945 -0.334515
vn 0.109341 0.984528 -0.136927
vn 0.109341 0.984528 -0.136927
vn 0.109341 0.984528 -0.136927
vn 0.109341 0.984528 -0.136927
vn -0.136927 -0.984528 -0.109341
vn -0.136927 -0.984528 -0.109341
vn -0.136927 -0.984528 -0.109341
vn -0.136927 -0.984528 -0.109341
vn -0.334515 -0.941945 -0.028967
vn -0.334515 -0.941945 -0.028967
vn -0.334515 -0.941945 -0.028967
vn -0.334515 -0.941945 -0.028967
vn -0.153684 -0.984528 0.084176
vn -0.153684 -0.984528 0.084176
vn -0.153684 -0.984528 0.084176
vn -0.153684 -0.984528 0.084176
vn -0.838885 -0.530415 0.122194
vn -0.838885 -0.530415 0.122194
vn -0.838885 -0.530415 0.122194
vn -0.838885 -0.530415 0.122194
vn -0.838885 0.530415 0.122194
vn -0.838885 0.530415 0.122194
vn -0.838885 0.530415 0.122194
vn -0.838885 0.530415 0.122194
vn -0.694583 0.580354 0.425140
vn -0.694583 0.580354 0.425140
vn -0.694583 0.580354 0.425140
vn -0.694583 0.580354 0.425140
vn -0.694583 -0.580354 0.425140
vn -0.694583 -0.580354 0.425140
vn -0.694583 -0.580354 0.425140
vn -0.694583 -0.580354 0.425140
vn 0.838885 -0.530415 -0.122195
vn 0.838885 -0.530415 -0.122195
vn 0.838885 -0.530415 -0.122195
vn 0.838885 -0.530415 -0.122195
vn 0.838885 0.530415 -0.122194
vn 0.838885 0.530415 -0.122194
vn 0.838885 0.530415 -0.122194
vn 0.838885 0.530415 -0.122194
vn 0.694583 0.580354 -0.425140
vn 0.694583 0.580354 -0.425140
vn 0.694583 0.580354 -0.425140
vn 0.694583 0.580354 -0.425140
vn 0.694583 -0.580354 -0.425140
vn 0.694583 -0.580354 -0.425140
vn 0.694583 -0.580354 -0.425140
vn 0.694583 -0.580354 -0.425140
vn 0.805249 -0.580354 -0.121508
vn 0.805249 -0.580354 -0.121508
vn 0.805249 -0.580354 -0.121508
vn 0.805249 -0.580354 -0.121508
vn 0.805248 0.580354 -0.121508
vn 0.805248 0.580354 -0.121508
vn 0.805248 0.580354 -0.121508
vn 0.805248 0.580354 -0.121508
vn 0.720773 0.530415 -0.446258
vn 0.720773 0.530415 -0.446258
vn 0.720773 0.530415 -0.446258
vn 0.720773 0.530415 -0.446258
vn 0.720773 -0.530415 -0.446259
vn 0.720773 -0.530415 -0.446259
vn 0.720773 -0.530415 -0.446259
vn 0.720773 -0.530415 -0.446259
vn -0.121508 -0.580355 -0.805248
vn -0.121508 -0.580355 -0.805248
vn -0.121508 -0.580355 -0.805248
vn -0.121508 -0.580355 -0.805248
vn -0.121508 0.580354 -0.805248
vn -0.121508 0.580354 -0.805248
vn -0.121508 0.580354 -0.805248
vn -0.121508 0.580354 -0.805248
vn -0.446259 0.530415 -0.720773
vn -0.446259 0.530415 -0.720773
vn -0.446259 0.530415 -0.720773
vn -0.446259 0.530415 -0.720773
vn -0.446259 -0.530415 -0.720773
vn -0.446259 -0.530415 -0.720773
vn -0.446259 -0.530415 -0.720773
vn -0.446259 -0.530415 -0.720773
vn -0.805248 -0.580354 0.121508
vn -0.805248 -0.580354 0.121508
vn -0.805248 -0.580354 0.121508
vn -0.805248 -0.580354 0.121508
vn -0.805248 0.580354 0.121508
vn -0.805248 0.580354 0.121508
vn -0.805248 0.580354 0.121508
vn -0.805248 0.580354 0.121508
vn -0.720773 0.530415 0.446258
vn -0.720773 0.530415 0.446258
vn -0.720773 0.530415 0.446258
vn -0.720773 0.530415 0.446258
vn -0.720773 -0.530415 0.446259
vn -0.720773 -0.530415 0.446259
vn -0.720773 -0.530415 0.446259
vn -0.720773 -0.530415 0.446259
vn 0.121507 -0.580355 0.805248
vn 0.121507 -0.580355 0.805248
vn 0.121507 -0.580355 0.805248
vn 0.121507 -0.580355 0.805248
vn 0.121508 0.580355 0.805248
vn 0.121508 0.580355 0.805248
vn 0.121508 0.580355 0.805248
vn 0.121508 0.580355 0.805248
vn 0.446259 0.530415 0.720773
vn 0.446259 0.530415 0.720773
vn 0.446259 0.530415 0.720773
vn 0.446259 0.530415 0.720773
vn 0.446259 -0.530415 0.720773
vn 0.446259 -0.530415 0.720773
vn 0.446259 -0.530415 0.720773
vn 0.446259 -0.530415 0.720773
vn -0.171805 -0.984528 0.034457
vn -0.171805 -0.984528 0.034457
vn -0.171805 -0.984528 0.034457
vn -0.171805 -0.984528 0.034457
vn -0.237423 -0.941945 0.237423
vn -0.237423 -0.941945 0.237423
vn -0.237423 -0.941945 0.237423
vn -0.237423 -0.941945 0.237423
vn -0.034457 -0.984528 0.171806
vn -0.034457 -0.984528 0.171806
vn -0.034457 -0.984528 0.171806
vn -0.034457 -0.984528 0.171806
vn 0.171806 0.984528 0.034456
vn 0.171806 0.984528 0.034456
vn 0.171806 0.984528 0.034456
vn 0.171806 0.984528 0.034456
vn 0.237423 0.941945 0.237423
vn 0.237423 0.941945 0.237423
vn 0.237423 0.941945 0.237423
vn 0.237423 0.941945 0.237423
vn 0.034457 0.984528 0.171805
vn 0.034457 0.984528 0.171805
vn 0.034457 0.984528 0.171805
vn 0.034457 0.984528 0.171805
vn -0.171805 0.984528 0.034456
vn -0.171805 0.984528 0.034456
vn -0.171805 0.984528 0.034456
vn -0.171805 0.984528 0.034456
vn -0.034456 0.984528 0.171805
vn -0.034456 0.984528 0.171805
vn -0.034456 0.984528 0.171805
vn -0.034456 0.984528 0.171805
vn -0.237423 0.941945 0.237423
vn -0.237423 0.941945 0.237423
vn -0.237423 0.941945 0.237423
vn -0.237423 0.941945 0.237423
vn 0.171806 -0.984528 0.034456
vn 0.171806 -0.984528 0.034456
vn 0.171806 -0.984528 0.034456
vn 0.171806 -0.984528 0.034456
vn 0.034456 -0.984528 0.171806
vn 0.034456 -0.984528 0.171806
vn 0.034456 -0.984528 0.171806
vn 0.034456 -0.984528 0.171806
vn 0.237423 -0.941945 0.237423
vn 0.237423 -0.941945 0.237423
vn 0.237423 -0.941945 0.237423
vn 0.237423 -0.941945 0.237423
vn -0.446259 -0.530415 0.720773
vn -0.446259 -0.530415 0.720773
vn -0.446259 -0.530415 0.720773
vn -0.446259 -0.530415 0.720773
vn -0.446259 0.530416 0.720772
vn -0.446259 0.530416 0.720772
vn -0.446259 0.530416 0.720772
vn -0.446259 0.530416 0.720772
vn -0.121508 0.580354 0.805248
vn -0.121508 0.580354 0.805248
vn -0.121508 0.580354 0.805248
vn -0.121508 0.580354 0.805248
vn -0.121508 -0.580354 0.805248
vn -0.121508 -0.580354 0.805248
vn -0.121508 -0.580354 0.805248
vn -0.121508 -0.580354 0.805248
vn 0.446259 -0.530415 -0.720773
vn 0.446259 -0.530415 -0.720773
vn 0.446259 -0.530415 -0.720773
vn 0.446259 -0.530415 -0.720773
vn 0.446259 0.530415 -0.720773
vn 0.446259 0.530415 -0.720773
vn 0.446259 0.530415 -0.720773
vn 0.446259 0.530415 -0.720773
vn 0.121507 0.580354 -0.805248
vn 0.121507 0.580354 -0.805248
vn 0.121507 0.580354 -0.805248
vn 0.121507 0.580354 -0.805248
vn 0.121508 -0.580354 -0.805248
vn 0.121508 -0.580354 -0.805248
vn 0.121508 -0.580354 -0.805248
vn 0.121508 -0.580354 -0.805248
vn 0.237422 -0.941946 -0.237422
vn 0.237422 -0.941946 -0.237422
vn 0.237422 -0.941946 -0.237422
vn 0.237422 -0.941946 -0.237422
vn 0.034457 -0.984528 -0.171805
vn 0.034457 -0.984528 -0.171805
vn 0.034457 -0.984528 -0.171805
vn 0.034457 -0.984528 -0.171805
vn 0.171805 -0.984528 -0.034456
vn 0.171805 -0.984528 -0.034456
vn 0.171805 -0.984528 -0.034456
vn 0.171805 -0.984528 -0.034456
vn -0.237423 0.941945 -0.237423
vn -0.237423 0.941945 -0.237423
vn -0.237423 0.941945 -0.237423
vn -0.237423 0.941945 -0.237423
vn -0.034456 0.984528 -0.171806
vn -0.034456 0.984528 -0.171806
vn -0.034456 0.984528 -0.171806
vn -0.034456 0.984528 -0.171806
vn -0.171805 0.984528 -0.034456
vn -0.171805 0.984528 -0.034456
vn -0.171805 0.984528 -0.034456
vn -0.171805 0.984528 -0.034456
vn 0.034456 0.984528 -0.171806
vn 0.034456 0.984528 -0.171806
vn 0.034456 0.984528 -0.171806
vn 0.034456 0.984528 -0.171806
vn 0.237423 0.941945 -0.237423
vn 0.237423 0.941945 -0.237423
vn 0.237423 0.941945 -0.237423
vn 0.237423 0.941945 -0.237423
vn 0.171806 0.984528 -0.034457
vn 0.171806 0.984528 -0.034457
vn 0.171806 0.984528 -0.034457
vn 0.171806 0.984528 -0.034457
vn -0.034456 -0.984528 -0.171805
vn -0.034456 -0.984528 -0.171805
vn -0.034456 -0.984528 -0.171805
vn -0.034456 -0.984528 -0.171805
vn -0.237423 -0.941945 -0.237423
vn -0.237423 -0.941945 -0.237423
vn -0.237423 -0.941945 -0.237423
vn -0.237423 -0.941945 -0.237423
vn -0.171806 -0.984528 -0.034456
vn -0.171806 -0.984528 -0.034456
vn -0.171806 -0.984528 -0.034456
vn -0.171806 -0.984528 -0.034456
vn -0.720773 -0.530415 -0.446258
vn -0.720773 -0.530415 -0.446258
vn -0.720773 -0.530415 -0.446258
vn -0.720773 -0.530415 -0.446258
vn -0.720773 0.530415 -0.446259
vn -0.720773 0.530415 -0.446259
vn -0.720773 0.530415 -0.446259
vn -0.720773 0.530415 -0.446259
vn -0.805249 0.580354 -0.121508
vn -0.805249 0.580354 -0.121508
vn -0.805249 0.580354 -0.121508
vn -0.805249 0.580354 -0.121508
vn -0.805248 -0.580354 -0.121508
vn -0.805248 -0.580354 -0.121508
vn -0.805248 -0.580354 -0.121508
vn -0.805248 -0.580354 -0.121508
vn 0.720773 -0.530415 0.446259
vn 0.720773 -0.530415 0.446259
vn 0.720773 -0.530415 0.446259
vn 0.720773 -0.530415 0.446259
vn 0.720773 0.530415 0.446258
vn 0.720773 0.530415 0.446258
vn 0.720773 0.530415 0.446258
vn 0.720773 0.530415 0.446258
vn 0.805248 0.580354 0.121508
vn 0.805248 0.580354 0.121508
vn 0.805248 0.580354 0.121508
vn 0.805248 0.580354 0.121508
vn 0.805249 -0.580354 0.121508
vn 0.805249 -0.580354 0.121508
vn 0.805249 -0.580354 0.121508
vn 0.805249 -0.580354 0.121508
vn -0.011379 -0.999871 -0.011379
vn 0.011379 -0.999871 -0.011379
vn -0.011379 -0.999871 0.011379
vn -0.011379 -0.999871 0.011379
vn 0.011379 -0.999871 -0.011379
vn -0.011379 -0.999871 0.011379
vn 0.011379 -0.999871 0.011379
vn -0.011379 -0.999871 0.011379
vn 0.011379 -0.999871 0.011379
vn 0.011379 0.999871 -0.011379
vn -0.011379 0.999871 -0.011379
vn 0.011379 0.999871 0.011379
vn 0.011379 0.999871 0.011379
vn -0.011379 0.999871 -0.011379
vn 0.011379 0.999871 0.011379
vn -0.011379 0.999871 0.011379
vn 0.011379 0.999871 0.011379
vn -0.011379 0.999871 0.011379
vn -0.016032 -0.999871 -0.001388
vn 0.001388 -0.999871 -0.016032
vn -0.001388 -0.999871 0.016032
vn -0.001388 -0.999871 0.016032
vn 0.001388 -0.999871 -0.016032
vn -0.001388 -0.999871 0.016032
vn 0.016032 -0.999871 0.001388
vn -0.001388 -0.999871 0.016032
vn 0.016032 -0.999871 0.001388
vn 0.001388 0.999871 -0.016032
vn -0.016032 0.999871 -0.001388
vn 0.016032 0.999871 0.001388
vn 0.016032 0.999871 0.001388
vn -0.016032 0.999871 -0.001388
vn 0.016032 0.999871 0.001388
vn -0.001388 0.999871 0.016032
vn 0.016032 0.999871 0.001388
vn -0.001388 0.999871 0.016032
vn -0.885931 0.015122 -0.463571
vn -0.885931 0.015122 -0.463571
vn -0.885931 0.015122 -0.463571
vn -0.885931 0.015122 -0.463571
vn -0.954055 -0.042858 0.296550
vn -0.954055 -0.042858 0.296550
vn -0.954055 -0.042858 0.296550
vn -0.954055 -0.042858 0.296550
vn -0.463307 -0.075733 0.882956
vn -0.463307 -0.075733 0.882956
vn -0.463307 -0.075733 0.882956
vn -0.463307 -0.075733 0.882956
vn 0.298840 -0.064244 0.952138
vn 0.298840 -0.064244 0.952138
vn 0.298840 -0.064244 0.952138
vn 0.298840 -0.064244 0.952138
vn 0.885931 -0.015122 0.463571
vn 0.885931 -0.015122 0.463571
vn 0.885931 -0.015122 0.463571
vn 0.885931 -0.015122 0.463571
vn 0.954055 0.042858 -0.296550
vn 0.954055 0.042858 -0.296550
vn 0.954055 0.042858 -0.296550
vn 0.954055 0.042858 -0.296550
vn -0.021755 0.997014 0.074100
vn -0.021755 0.997014 0.074100
vn -0.021755 0.997014 0.074100
vn -0.021755 0.997014 0.074100
vn -0.021755 0.997014 0.074100
vn -0.021755 0.997014 0.074100
vn -0.021755 0.997014 0.074100
vn -0.021755 0.997014 0.074100
vn 0.463307 0.075732 -0.882956
vn 0.463307 0.075732 -0.882956
vn 0.463307 0.075732 -0.882956
vn 0.463307 0.075732 -0.882956
vn -0.298840 0.064244 -0.952138
vn -0.298840 0.064244 -0.952138
vn -0.298840 0.064244 -0.952138
vn -0.298840 0.064244 -0.952138
vn 0.021755 -0.997014 -0.074100
vn 0.021755 -0.997014 -0.074100
vn 0.021755 -0.997014 -0.074100
vn 0.021755 -0.997014 -0.074100
vn 0.021755 -0.997014 -0.074100
vn 0.021755 -0.997014 -0.074100
vn 0.021755 -0.997014 -0.074100
vn 0.021755 -0.997014 -0.074100
vn -0.890765 -0.024545 -0.453801
vn -0.890765 -0.024545 -0.453801
vn -0.890765 -0.024545 -0.453801
vn -0.890765 -0.024545 -0.453801
vn -0.950657 -0.025212 0.309219
vn -0.950657 -0.025212 0.309219
vn -0.950657 -0.025212 0.309219
vn -0.950657 -0.025212 0.309219
vn -0.453666 -0.011110 0.891103
vn -0.453666 -0.011110 0.891103
vn -0.453666 -0.011110 0.891103
vn -0.453666 -0.011110 0.891103
vn 0.309076 0.009500 0.950990
vn 0.309076 0.009500 0.950990
vn 0.309076 0.009500 0.950990
vn 0.309076 0.009500 0.950990
vn 0.890765 0.024545 0.453801
vn 0.890765 0.024545 0.453801
vn 0.890765 0.024545 0.453801
vn 0.890765 0.024545 0.453801
vn 0.950657 0.025213 -0.309219
vn 0.950657 0.025213 -0.309219
vn 0.950657 0.025213 -0.309219
vn 0.950657 0.025213 -0.309219
vn -0.026914 0.999637 -0.001238
vn -0.026914 0.999637 -0.001238
vn -0.026914 0.999637 -0.001238
vn -0.026914 0.999637 -0.001238
vn -0.026914 0.999637 -0.001238
vn -0.026914 0.999637 -0.001238
vn -0.026914 0.999637 -0.001238
vn -0.026914 0.999637 -0.001238
vn 0.453666 0.011111 -0.891102
vn 0.453666 0.011111 -0.891102
vn 0.453666 0.011111 -0.891102
vn 0.453666 0.011111 -0.891102
vn -0.309076 -0.009499 -0.950990
vn -0.309076 -0.009499 -0.950990
vn -0.309076 -0.009499 -0.950990
vn -0.309076 -0.009499 -0.950990
vn 0.026914 -0.999637 0.001238
vn 0.026914 -0.999637 0.001238
vn 0.026914 -0.999637 0.001238
vn 0.026914 -0.999637 0.001238
vn 0.026914 -0.999637 0.001238
vn 0.026914 -0.999637 0.001238
vn 0.026914 -0.999637 0.001238
vn 0.026914 -0.999637 0.001238
vn -0.927660 0.101791 -0.359286
vn -0.927660 0.101791 -0.359286
vn -0.927660 0.101791 -0.359286
vn -0.927660 0.101791 -0.359286
vn -0.897044 0.186212 0.400795
vn -0.897044 0.186212 0.400795
vn -0.897044 0.186212 0.400795
vn -0.897044 0.186212 0.400795
vn -0.340953 0.161553 0.926095
vn -0.340953 0.161553 0.926095
vn -0.340953 0.161553 0.926095
vn -0.340953 0.161553 0.926095
vn 0.414864 0.042258 0.908902
vn 0.414864 0.042258 0.908902
vn 0.414864 0.042258 0.908902
vn 0.414864 0.042258 0.908902
vn 0.927660 -0.101791 0.359286
vn 0.927660 -0.101791 0.359286
vn 0.927660 -0.101791 0.359286
vn 0.927660 -0.101791 0.359286
vn 0.897044 -0.186212 -0.400795
vn 0.897044 -0.186212 -0.400795
vn 0.897044 -0.186212 -0.400795
vn 0.897044 -0.186212 -0.400795
vn 0.152312 0.981600 -0.115160
vn 0.152312 0.981600 -0.115160
vn 0.152312 0.981600 -0.115160
vn 0.152312 0.981600 -0.115160
vn 0.152312 0.981600 -0.115160
vn 0.152312 0.981600 -0.115160
vn 0.152312 0.981600 -0.115160
vn 0.152312 0.981600 -0.115160
vn 0.340953 -0.161553 -0.926095
vn 0.340953 -0.161553 -0.926095
vn 0.340953 -0.161553 -0.926095
vn 0.340953 -0.161553 -0.926095
vn -0.414864 -0.042259 -0.908901
vn -0.414864 -0.042259 -0.908901
vn -0.414864 -0.042259 -0.908901
vn -0.414864 -0.042259 -0.908901
vn -0.152312 -0.981600 0.115160
vn -0.152312 -0.981600 0.115160
vn -0.152312 -0.981600 0.115160
vn -0.152312 -0.981600 0.115160
vn -0.152312 -0.981600 0.115160
vn -0.152312 -0.981600 0.115160
vn -0.152312 -0.981600 0.115160
vn -0.152312 -0.981600 0.115160
vn -0.888720 0.032156 -0.457321
vn -0.888720 0.032156 -0.457321
vn -0.888720 0.032156 -0.457321
vn -0.888720 0.032156 -0.457321
vn -0.952058 0.019246 0.305311
vn -0.952058 0.019246 0.305311
vn -0.952058 0.019246 0.305311
vn -0.952058 0.019246 0.305311
vn -0.457693 -0.004938 0.889096
vn -0.457693 -0.004938 0.889096
vn -0.457693 -0.004938 0.889096
vn -0.457693 -0.004938 0.889096
vn 0.304782 -0.026229 0.952061
vn 0.304782 -0.026229 0.952061
vn 0.304782 -0.026229 0.952061
vn 0.304782 -0.026229 0.952061
vn 0.888720 -0.032156 0.457321
vn 0.888720 -0.032156 0.457321
vn 0.888720 -0.032156 0.457321
vn 0.888720 -0.032156 0.457321
vn 0.952058 -0.019245 -0.305312
vn 0.952058 -0.019245 -0.305312
vn 0.952058 -0.019245 -0.305312
vn 0.952058 -0.019245 -0.305312
vn 0.026331 0.999471 0.019106
vn 0.026331 0.999471 0.019106
vn 0.026331 0.999471 0.019106
vn 0.026331 0.999471 0.019106
vn 0.026331 0.999471 0.019106
vn 0.026331 0.999471 0.019106
vn 0.026331 0.999471 0.019106
vn 0.026331 0.999471 0.019106
vn 0.457694 0.004938 -0.889096
vn 0.457694 0.004938 -0.889096
vn 0.457694 0.004938 -0.889096
vn 0.457694 0.004938 -0.889096
vn -0.304782 0.026229 -0.952061
vn -0.304782 0.026229 -0.952061
vn -0.304782 0.026229 -0.952061
vn -0.304782 0.026229 -0.952061
vn -0.026331 -0.999471 -0.019106
vn -0.026331 -0.999471 -0.019106
vn -0.026331 -0.999471 -0.019106
vn -0.026331 -0.999471 -0.019106
vn -0.026331 -0.999471 -0.019106
vn -0.026331 -0.999471 -0.019106
vn -0.026331 -0.999471 -0.019106
vn -0.026331 -0.999471 -0.019106
vn -0.900705 0.138840 -0.411647
vn -0.900705 0.138840 -0.411647
vn -0.900705 0.138840 -0.411647
vn -0.900705 0.138840 -0.411647
vn -0.937115 0.041153 0.346586
vn -0.937115 0.041153 0.346586
vn -0.937115 0.041153 0.346586
vn -0.937115 0.041153 0.346586
vn -0.424576 -0.080642 0.901794
vn -0.424576 -0.080642 0.901794
vn -0.424576 -0.080642 0.901794
vn -0.424576 -0.080642 0.901794
vn 0.336675 -0.155196 0.928743
vn 0.336675 -0.155196 0.928743
vn 0.336675 -0.155196 0.928743
vn 0.336675 -0.155196 0.928743
vn 0.900705 -0.138840 0.411647
vn 0.900705 -0.138840 0.411647
vn 0.900705 -0.138840 0.411647
vn 0.900705 -0.138840 0.411647
vn 0.937115 -0.041153 -0.346587
vn 0.937115 -0.041153 -0.346587
vn 0.937115 -0.041153 -0.346587
vn 0.937115 -0.041153 -0.346587
vn 0.092009 0.987026 0.131582
vn 0.092009 0.987026 0.131582
vn 0.092009 0.987026 0.131582
vn 0.092009 0.987026 0.131582
vn 0.092009 0.987026 0.131582
vn 0.092009 0.987026 0.131582
vn 0.092009 0.987026 0.131582
vn 0.092009 0.987026 0.131582
vn 0.424576 0.080641 -0.901794
vn 0.424576 0.080641 -0.901794
vn 0.424576 0.080641 -0.901794
vn 0.424576 0.080641 -0.901794
vn -0.336675 0.155197 -0.928743
vn -0.336675 0.155197 -0.928743
vn -0.336675 0.155197 -0.928743
vn -0.336675 0.155197 -0.928743
vn -0.092009 -0.987026 -0.131582
vn -0.092009 -0.987026 -0.131582
vn -0.092009 -0.987026 -0.131582
vn -0.092009 -0.987026 -0.131582
vn -0.092009 -0.987026 -0.131582
vn -0.092009 -0.987026 -0.131582
vn -0.092009 -0.987026 -0.131582
vn -0.092009 -0.987026 -0.131582
vn -0.424585 0.138840 -0.894679
vn -0.424585 0.138840 -0.894679
vn -0.424585 0.138840 -0.894679
vn -0.424585 0.138840 -0.894679
vn -0.940354 0.041153 -0.337700
vn -0.940354 0.041153 -0.337700
vn -0.940354 0.041153 -0.337700
vn -0.940354 0.041153 -0.337700
vn -0.905276 -0.080641 0.417099
vn -0.905276 -0.080641 0.417099
vn -0.905276 -0.080641 0.417099
vn -0.905276 -0.080641 0.417099
vn -0.339900 -0.155198 0.927568
vn -0.339900 -0.155198 0.927568
vn -0.339900 -0.155198 0.927568
vn -0.339900 -0.155198 0.927568
vn 0.424585 -0.138840 0.894679
vn 0.424585 -0.138840 0.894679
vn 0.424585 -0.138840 0.894679
vn 0.424585 -0.138840 0.894679
vn 0.940354 -0.041153 0.337700
vn 0.940354 -0.041153 0.337700
vn 0.940354 -0.041153 0.337700
vn 0.940354 -0.041153 0.337700
vn -0.014238 0.987026 0.159928
vn -0.014238 0.987026 0.159928
vn -0.014238 0.987026 0.159928
vn -0.014238 0.987026 0.159928
vn -0.014238 0.987026 0.159928
vn -0.014238 0.987026 0.159928
vn -0.014238 0.987026 0.159928
vn -0.014238 0.987026 0.159928
vn 0.905276 0.080642 -0.417099
vn 0.905276 0.080642 -0.417099
vn 0.905276 0.080642 -0.417099
vn 0.905276 0.080642 -0.417099
vn 0.339900 0.155196 -0.927568
vn 0.339900 0.155196 -0.927568
vn 0.339900 0.155196 -0.927568
vn 0.339900 0.155196 -0.927568
vn 0.014238 -0.987026 -0.159928
vn 0.014238 -0.987026 -0.159928
vn 0.014238 -0.987026 -0.159928
vn 0.014238 -0.987026 -0.159928
vn 0.014238 -0.987026 -0.159928
vn 0.014238 -0.987026 -0.159928
vn 0.014238 -0.987026 -0.159928
vn 0.014238 -0.987026 -0.159928
vn -0.386021 0.032156 -0.921929
vn -0.386021 0.032156 -0.921929
vn -0.386021 0.032156 -0.921929
vn -0.386021 0.032156 -0.921929
vn -0.925233 0.019246 -0.378910
vn -0.925233 0.019246 -0.378910
vn -0.925233 0.019246 -0.378910
vn -0.925233 0.019246 -0.378910
vn -0.922457 -0.004937 0.386069
vn -0.922457 -0.004937 0.386069
vn -0.922457 -0.004937 0.386069
vn -0.922457 -0.004937 0.386069
vn -0.379317 -0.026230 0.924895
vn -0.379317 -0.026230 0.924895
vn -0.379317 -0.026230 0.924895
vn -0.379317 -0.026230 0.924895
vn 0.386021 -0.032156 0.921930
vn 0.386021 -0.032156 0.921930
vn 0.386021 -0.032156 0.921930
vn 0.386021 -0.032156 0.921930
vn 0.925233 -0.019246 0.378910
vn 0.925233 -0.019246 0.378910
vn 0.925233 -0.019246 0.378910
vn 0.925233 -0.019246 0.378910
vn 0.007862 0.999471 0.031568
vn 0.007862 0.999471 0.031568
vn 0.007862 0.999471 0.031568
vn 0.007862 0.999471 0.031568
vn 0.007862 0.999471 0.031568
vn 0.007862 0.999471 0.031568
vn 0.007862 0.999471 0.031568
vn 0.007862 0.999471 0.031568
vn 0.922457 0.004939 -0.386069
vn 0.922457 0.004939 -0.386069
vn 0.922457 0.004939 -0.386069
vn 0.922457 0.004939 -0.386069
vn 0.379318 0.026230 -0.924895
vn 0.379318 0.026230 -0.924895
vn 0.379318 0.026230 -0.924895
vn 0.379318 0.026230 -0.924895
vn -0.007862 -0.999471 -0.031568
vn -0.007862 -0.999471 -0.031568
vn -0.007862 -0.999471 -0.031568
vn -0.007862 -0.999471 -0.031568
vn -0.007862 -0.999471 -0.031568
vn -0.007862 -0.999471 -0.031568
vn -0.007862 -0.999471 -0.031568
vn -0.007862 -0.999471 -0.031568
vn -0.478911 0.101791 -0.871942
vn -0.478911 0.101791 -0.871942
vn -0.478911 0.101791 -0.871942
vn -0.478911 0.101791 -0.871942
vn -0.944562 0.186212 -0.270421
vn -0.944562 0.186212 -0.270421
vn -0.944562 0.186212 -0.270421
vn -0.944562 0.186212 -0.270421
vn -0.856902 0.161553 0.489510
vn -0.856902 0.161553 0.489510
vn -0.856902 0.161553 0.489510
vn -0.856902 0.161553 0.489510
vn -0.267280 0.042258 0.962692
vn -0.267280 0.042258 0.962692
vn -0.267280 0.042258 0.962692
vn -0.267280 0.042258 0.962692
vn 0.478911 -0.101791 0.871942
vn 0.478911 -0.101791 0.871942
vn 0.478911 -0.101791 0.871942
vn 0.478911 -0.101791 0.871942
vn 0.944562 -0.186213 0.270421
vn 0.944562 -0.186213 0.270421
vn 0.944562 -0.186213 0.270421
vn 0.944562 -0.186213 0.270421
vn 0.190692 0.981600 0.009856
vn 0.190692 0.981600 0.009856
vn 0.190692 0.981600 0.009856
vn 0.190692 0.981600 0.009856
vn 0.190692 0.981600 0.009856
vn 0.190692 0.981600 0.009856
vn 0.190692 0.981600 0.009856
vn 0.190692 0.981600 0.009856
vn 0.856902 -0.161554 -0.489509
vn 0.856902 -0.161554 -0.489509
vn 0.856902 -0.161554 -0.489509
vn 0.856902 -0.161554 -0.489509
vn 0.267280 -0.042258 -0.962692
vn 0.267280 -0.042258 -0.962692
vn 0.267280 -0.042258 -0.962692
vn 0.267280 -0.042258 -0.962692
vn -0.190692 -0.981600 -0.009856
vn -0.190692 -0.981600 -0.009856
vn -0.190692 -0.981600 -0.009856
vn -0.190692 -0.981600 -0.009856
vn -0.190692 -0.981600 -0.009856
vn -0.190692 -0.981600 -0.009856
vn -0.190692 -0.981600 -0.009856
vn -0.190692 -0.981600 -0.009856
vn -0.389852 -0.024544 -0.920550
vn -0.389852 -0.024544 -0.920550
vn -0.389852 -0.024544 -0.920550
vn -0.389852 -0.024544 -0.920550
vn -0.926675 -0.025213 -0.375017
vn -0.926675 -0.025213 -0.375017
vn -0.926675 -0.025213 -0.375017
vn -0.926675 -0.025213 -0.375017
vn -0.920665 -0.011111 0.390196
vn -0.920665 -0.011111 0.390196
vn -0.920665 -0.011111 0.390196
vn -0.920665 -0.011111 0.390196
vn -0.375341 0.009499 0.926838
vn -0.375341 0.009499 0.926838
vn -0.375341 0.009499 0.926838
vn -0.375341 0.009499 0.926838
vn 0.389852 0.024545 0.920550
vn 0.389852 0.024545 0.920550
vn 0.389852 0.024545 0.920550
vn 0.389852 0.024545 0.920550
vn 0.926675 0.025213 0.375017
vn 0.926675 0.025213 0.375017
vn 0.926675 0.025213 0.375017
vn 0.926675 0.025213 0.375017
vn -0.019806 0.999637 -0.018266
vn -0.019806 0.999637 -0.018266
vn -0.019806 0.999637 -0.018266
vn -0.019806 0.999637 -0.018266
vn -0.019806 0.999637 -0.018266
vn -0.019806 0.999637 -0.018266
vn -0.019806 0.999637 -0.018266
vn -0.019806 0.999637 -0.018266
vn 0.920665 0.011111 -0.390197
vn 0.920665 0.011111 -0.390197
vn 0.920665 0.011111 -0.390197
vn 0.920665 0.011111 -0.390197
vn 0.375341 -0.009500 -0.926838
vn 0.375341 -0.009500 -0.926838
vn 0.375341 -0.009500 -0.926838
vn 0.375341 -0.009500 -0.926838
vn 0.019806 -0.999637 0.018266
vn 0.019806 -0.999637 0.018266
vn 0.019806 -0.999637 0.018266
vn 0.019806 -0.999637 0.018266
vn 0.019806 -0.999637 0.018266
vn 0.019806 -0.999637 0.018266
vn 0.019806 -0.999637 0.018266
vn 0.019806 -0.999637 0.018266
vn -0.379865 0.015122 -0.924919
vn -0.379865 0.015122 -0.924919
vn -0.379865 0.015122 -0.924919
vn -0.379865 0.015122 -0.924919
vn -0.921125 -0.042857 -0.386901
vn -0.921125 -0.042857 -0.386901
vn -0.921125 -0.042857 -0.386901
vn -0.921125 -0.042857 -0.386901
vn -0.922803 -0.075732 0.377757
vn -0.922803 -0.075732 0.377757
vn -0.922803 -0.075732 0.377757
vn -0.922803 -0.075732 0.377757
vn -0.383916 -0.064244 0.921131
vn -0.383916 -0.064244 0.921131
vn -0.383916 -0.064244 0.921131
vn -0.383916 -0.064244 0.921131
vn 0.379865 -0.015123 0.924919
vn 0.379865 -0.015123 0.924919
vn 0.379865 -0.015123 0.924919
vn 0.379865 -0.015123 0.924919
vn 0.921125 0.042858 0.386902
vn 0.921125 0.042858 0.386902
vn 0.921125 0.042858 0.386902
vn 0.921125 0.042858 0.386902
vn -0.064334 0.997014 0.042723
vn -0.064334 0.997014 0.042723
vn -0.064334 0.997014 0.042723
vn -0.064334 0.997014 0.042723
vn -0.064334 0.997014 0.042723
vn -0.064334 0.997014 0.042723
vn -0.064334 0.997014 0.042723
vn -0.064334 0.997014 0.042723
vn 0.922803 0.075732 -0.377757
vn 0.922803 0.075732 -0.377757
vn 0.922803 0.075732 -0.377757
vn 0.922803 0.075732 -0.377757
vn 0.383915 0.064244 -0.921131
vn 0.383915 0.064244 -0.921131
vn 0.383915 0.064244 -0.921131
vn 0.383915 0.064244 -0.921131
vn 0.064333 -0.997014 -0.042723
vn 0.064333 -0.997014 -0.042723
vn 0.064333 -0.997014 -0.042723
vn 0.064333 -0.997014 -0.042723
vn 0.064333 -0.997014 -0.042723
vn 0.064333 -0.997014 -0.042723
vn 0.064333 -0.997014 -0.042723
vn 0.064333 -0.997014 -0.042723
vn -0.332360 0.942879 -0.022731
vn -0.332360 0.942879 -0.022731
vn -0.332360 0.942879 -0.022731
vn -0.270914 0.962212 -0.027467
vn -0.270914 0.962212 -0.027467
vn -0.270914 0.962212 -0.027467
vn 0.233415 0.968459 0.087208
vn 0.233415 0.968459 0.087208
vn 0.233415 0.968459 0.087208
vn 0.397758 0.853216 -0.337360
vn 0.397758 0.853216 -0.337360
vn 0.397758 0.853216 -0.337360
vn -0.090837 0.980985 -0.171517
vn -0.090837 0.980985 -0.171517
vn -0.090837 0.980985 -0.171517
vn 0.136625 0.846225 -0.515011
vn 0.136625 0.846225 -0.515011
vn 0.136625 0.846225 -0.515011
vn 0.210467 0.977003 0.034200
vn 0.210467 0.977003 0.034200
vn 0.210467 0.977003 0.034200
vn 0.333108 0.942828 -0.010754
vn 0.333108 0.942828 -0.010754
vn 0.333108 0.942828 -0.010754
vn 0.273755 0.960000 -0.058809
vn 0.273755 0.960000 -0.058809
vn 0.273755 0.960000 -0.058809
vn 0.155215 0.964310 0.214510
vn 0.155215 0.964310 0.214510
vn 0.155215 0.964310 0.214510
vn 0.071372 0.991689 0.107048
vn 0.071372 0.991689 0.107048
vn 0.071372 0.991689 0.107048
vn -0.177447 0.958000 0.225276
vn -0.177447 0.958000 0.225276
vn -0.177447 0.958000 0.225276
vn -0.125911 0.980873 0.148444
vn -0.125911 0.980873 0.148444
vn -0.125911 0.980873 0.148444
vn -0.274836 0.951081 0.141105
vn -0.274836 0.951081 0.141105
vn -0.274836 0.951081 0.141105
vn -0.359686 0.909828 -0.206974
vn -0.359686 0.909828 -0.206974
vn -0.359686 0.909828 -0.206974
vn -0.203439 0.598580 -0.774800
vn -0.203439 0.598580 -0.774800
vn -0.203439 0.598580 -0.774800
vn -0.036959 0.354325 -0.934392
vn -0.036959 0.354325 -0.934392
vn -0.036959 0.354325 -0.934392
vn 0.174084 0.661681 -0.729296
vn 0.174084 0.661681 -0.729296
vn 0.174084 0.661681 -0.729296
vn 0.325924 0.898434 -0.294262
vn 0.325924 0.898434 -0.294262
vn 0.325924 0.898434 -0.294262
vn 0.695845 0.520934 0.494396
vn 0.695845 0.520934 0.494396
vn 0.695845 0.520934 0.494396
vn 0.589084 0.147463 0.794503
vn 0.589084 0.147463 0.794503
vn 0.589084 0.147463 0.794503
vn 0.205287 0.555749 0.805606
vn 0.205287 0.555749 0.805606
vn 0.205287 0.555749 0.805606
vn -0.151187 0.730007 0.666507
vn -0.151187 0.730007 0.666507
vn -0.151187 0.730007 0.666507
vn -0.572491 0.321587 0.754212
vn -0.572491 0.321587 0.754212
vn -0.572491 0.321587 0.754212
vn -0.638068 0.571267 0.516259
vn -0.638068 0.571267 0.516259
vn -0.638068 0.571267 0.516259
vn -0.562627 0.825513 -0.044488
vn -0.562627 0.825513 -0.044488
vn -0.562627 0.825513 -0.044488
vn -0.748443 0.576741 -0.327418
vn -0.748443 0.576741 -0.327418
vn -0.748443 0.576741 -0.327418
vn -0.668841 0.649460 -0.361736
vn -0.668841 0.649460 -0.361736
vn -0.668841 0.649460 -0.361736
vn 0.344766 0.476004 -0.809047
vn 0.344766 0.476004 -0.809047
vn 0.344766 0.476004 -0.809047
vn 0.089977 0.289601 0.952909
vn 0.089977 0.289601 0.952909
vn 0.089977 0.289601 0.952909
vn -0.870242 0.239858 0.430286
vn -0.870242 0.239858 0.430286
vn -0.870242 0.239858 0.430286
vn -0.594262 -0.001881 -0.804270
vn -0.594262 -0.001881 -0.804270
vn -0.594262 -0.001881 -0.804270
vn 0.223163 -0.912134 0.343817
vn 0.223163 -0.912134 0.343817
vn 0.223163 -0.912134 0.343817
vn -0.192048 -0.942501 0.273515
vn -0.192048 -0.942501 0.273515
vn -0.192048 -0.942501 0.273515
vn -0.292481 -0.955881 -0.027307
vn -0.292481 -0.955881 -0.027307
vn -0.292481 -0.955881 -0.027307
vn -0.068310 -0.945838 -0.317372
vn -0.068310 -0.945838 -0.317372
vn -0.068310 -0.945838 -0.317372
vn 0.360328 -0.929264 -0.081435
vn 0.360328 -0.929264 -0.081435
vn 0.360328 -0.929264 -0.081435
vn 0.106471 -0.993702 -0.034949
vn 0.106471 -0.993702 -0.034949
vn 0.106471 -0.993702 -0.034949
vn 0.240077 -0.961717 -0.132150
vn 0.240077 -0.961717 -0.132150
vn 0.240077 -0.961717 -0.132150
vn 0.234135 -0.946989 -0.219983
vn 0.234135 -0.946989 -0.219983
vn 0.234135 -0.946989 -0.219983
vn -0.050205 -0.995034 -0.085949
vn -0.050205 -0.995034 -0.085949
vn -0.050205 -0.995034 -0.085949
vn -0.121899 -0.992456 0.013131
vn -0.121899 -0.992456 0.013131
vn -0.121899 -0.992456 0.013131
vn -0.267005 -0.963606 0.013085
vn -0.267005 -0.963606 0.013085
vn -0.267005 -0.963606 0.013085
vn -0.319267 -0.942576 0.098082
vn -0.319267 -0.942576 0.098082
vn -0.319267 -0.942576 0.098082
vn -0.060761 -0.993384 0.097450
vn -0.060761 -0.993384 0.097450
vn -0.060761 -0.993384 0.097450
vn -0.111610 -0.960666 0.254293
vn -0.111610 -0.960666 0.254293
vn -0.111610 -0.960666 0.254293
vn 0.021580 -0.912280 0.408997
vn 0.021580 -0.912280 0.408997
vn 0.021580 -0.912280 0.408997
vn 0.106437 -0.993384 0.043124
vn 0.106437 -0.993384 0.043124
vn 0.106437 -0.993384 0.043124
vn 0.240178 -0.960518 0.140428
vn 0.240178 -0.960518 0.140428
vn 0.240178 -0.960518 0.140428
vn 0.360057 -0.928564 0.090155
vn 0.360057 -0.928564 0.090155
vn 0.360057 -0.928564 0.090155
vn 0.640149 -0.739488 -0.208246
vn 0.640149 -0.739488 -0.208246
vn 0.640149 -0.739488 -0.208246
vn 0.715086 -0.404758 -0.569932
vn 0.715086 -0.404758 -0.569932
vn 0.715086 -0.404758 -0.569932
vn 0.599733 -0.534730 -0.595302
vn 0.599733 -0.534730 -0.595302
vn 0.599733 -0.534730 -0.595302
vn -0.123408 -0.715245 -0.687892
vn -0.123408 -0.715245 -0.687892
vn -0.123408 -0.715245 -0.687892
vn -0.345010 -0.480466 -0.806300
vn -0.345010 -0.480466 -0.806300
vn -0.345010 -0.480466 -0.806300
vn -0.371144 -0.539165 -0.756011
vn -0.371144 -0.539165 -0.756011
vn -0.371144 -0.539165 -0.756011
vn -0.834798 -0.537422 -0.119545
vn -0.834798 -0.537422 -0.119545
vn -0.834798 -0.537422 -0.119545
vn -0.934546 -0.355841 0.000000
vn -0.934546 -0.355841 0.000000
vn -0.934546 -0.355841 0.000000
vn -0.761158 -0.622723 0.181255
vn -0.761158 -0.622723 0.181255
vn -0.761158 -0.622723 0.181255
vn -0.407141 -0.623968 0.667008
vn -0.407141 -0.623968 0.667008
vn -0.407141 -0.623968 0.667008
vn -0.298245 -0.379536 0.875787
vn -0.298245 -0.379536 0.875787
vn -0.298245 -0.379536 0.875787
vn -0.015242 -0.693224 0.720561
vn -0.015242 -0.693224 0.720561
vn -0.015242 -0.693224 0.720561
vn 0.348583 -0.804183 0.481435
vn 0.348583 -0.804183 0.481435
vn 0.348583 -0.804183 0.481435
vn 0.688784 -0.554911 0.466531
vn 0.688784 -0.554911 0.466531
vn 0.688784 -0.554911 0.466531
vn 0.614306 -0.761837 0.205506
vn 0.614306 -0.761837 0.205506
vn 0.614306 -0.761837 0.205506
vn 0.379545 0.047682 -0.923944
vn 0.379545 0.047682 -0.923944
vn 0.379545 0.047682 -0.923944
vn -0.795005 0.185323 -0.577601
vn -0.795005 0.185323 -0.577601
vn -0.795005 0.185323 -0.577601
vn 0.227935 -0.343602 0.911034
vn 0.227935 -0.343602 0.911034
vn 0.227935 -0.343602 0.911034
vn 0.937089 -0.348982 -0.008750
vn 0.937089 -0.348982 -0.008750
vn 0.937089 -0.348982 -0.008750
vn -0.029786 0.935465 0.352163
vn -0.029786 0.935465 0.352163
vn -0.029786 0.935465 0.352163
vn -0.025210 0.935644 0.352045
vn -0.125305 0.912622 -0.389126
vn -0.125305 0.912622 -0.389126
vn -0.125305 0.912622 -0.389126
vn -0.095220 0.923092 -0.372604
vn 0.787722 0.602170 -0.129943
vn 0.787722 0.602170 -0.129943
vn 0.787722 0.602170 -0.129943
vn 0.796569 0.586992 -0.144634
vn 0.963893 -0.061987 0.258975
vn 0.963893 -0.061987 0.258975
vn 0.963893 -0.061987 0.258975
vn 0.960747 -0.073253 0.267579
vn 0.960747 -0.073253 0.267579
vn 0.447904 -0.376607 -0.810894
vn 0.447904 -0.376607 -0.810894
vn 0.447904 -0.376607 -0.810894
vn 0.447904 -0.376607 -0.810894
vn -0.032151 -0.010077 -0.999432
vn -0.032151 -0.010077 -0.999432
vn -0.032151 -0.010077 -0.999432
vn -0.032151 -0.010077 -0.999432
vn 0.903722 -0.366604 -0.221104
vn 0.903722 -0.366604 -0.221104
vn 0.903722 -0.366604 -0.221104
vn 0.903722 -0.366604 -0.221104
vn 0.074357 0.341252 0.937026
vn 0.074357 0.341252 0.937026
vn 0.074357 0.341252 0.937026
vn 0.074357 0.341252 0.937026
vn -0.767793 -0.551517 0.326073
vn -0.767793 -0.551517 0.326073
vn -0.767793 -0.551517 0.326073
vn -0.767793 -0.551517 0.326073
vn 0.612163 0.206294 0.763347
vn 0.612163 0.206294 0.763347
vn 0.612163 0.206294 0.763347
vn 0.612163 0.206294 0.763347
vn -0.620483 0.124212 0.774320
vn -0.620483 0.124212 0.774320
vn -0.620483 0.124212 0.774320
vn -0.620483 0.124212 0.774320
vn -0.576545 0.139409 -0.805084
vn -0.576545 0.139409 -0.805084
vn -0.576545 0.139409 -0.805084
vn -0.576545 0.139409 -0.805084
vn -0.908220 -0.319953 -0.269752
vn -0.908220 -0.319953 -0.269752
vn -0.908220 -0.319953 -0.269752
vn -0.908220 -0.319953 -0.269752
vn 0.022445 -0.999740 -0.004068
vn 0.022445 -0.999740 -0.004068
vn 0.022445 -0.999740 -0.004068
vn 0.022445 -0.999740 -0.004068
vn 0.022445 -0.999740 -0.004068
vn 0.022445 -0.999740 -0.004068
vn 0.022445 -0.999740 -0.004068
vn 0.022445 -0.999740 -0.004068
vn 0.022445 -0.999740 -0.004068
vn 0.022445 -0.999740 -0.004068
vn -0.109328 -0.957138 -0.268206
vn -0.109328 -0.957138 -0.268206
vn -0.109328 -0.957138 -0.268206
vn -0.116492 -0.955792 -0.269983
vn -0.808999 -0.006904 0.587769
vn -0.808999 -0.006904 0.587769
vn -0.808999 -0.006904 0.587769
vn -0.809019 0.000000 0.587783
vn -0.809019 0.000000 0.587783
vn 0.352716 -0.213621 -0.911020
vn 0.352716 -0.213621 -0.911020
vn 0.352716 -0.213621 -0.911020
vn 0.352716 -0.213621 -0.911020
vn -0.809019 -0.000002 -0.587783
vn -0.809019 -0.000002 -0.587783
vn -0.809019 -0.000002 -0.587783
vn -0.809019 -0.000002 -0.587783
vn 0.810970 -0.072828 -0.580538
vn 0.810970 -0.072828 -0.580538
vn 0.810970 -0.072828 -0.580538
vn 0.810970 -0.072828 -0.580538
vn -0.387036 -0.055377 -0.920400
vn -0.387036 -0.055377 -0.920400
vn -0.387036 -0.055377 -0.920400
vn -0.387036 -0.055377 -0.920400
vn 0.273170 0.322043 0.906458
vn 0.273170 0.322043 0.906458
vn 0.273170 0.322043 0.906458
vn 0.273170 0.322043 0.906458
vn -1.000000 -0.000001 0.000000
vn -1.000000 -0.000001 0.000000
vn -1.000000 -0.000001 0.000000
vn -1.000000 -0.000001 0.000000
vn -0.319976 0.009650 0.947376
vn -0.319976 0.009650 0.947376
vn -0.319976 0.009650 0.947376
vn -0.319976 0.009650 0.947376
vn 0.991788 0.123413 -0.033557
vn 0.991788 0.123413 -0.033557
vn 0.991788 0.123413 -0.033557
vn 0.991788 0.123413 -0.033557
vn 0.772383 0.247351 0.585015
vn 0.772383 0.247351 0.585015
vn 0.772383 0.247351 0.585015
vn 0.772383 0.247351 0.585015
vn -0.009284 0.999877 0.012614
vn -0.009284 0.999877 0.012614
vn -0.009284 0.999877 0.012614
vn -0.009284 0.999877 0.012614
vn -0.009284 0.999877 0.012614
vn -0.009284 0.999877 0.012614
vn -0.009284 0.999877 0.012614
vn -0.009284 0.999877 0.012614
vn -0.009284 0.999877 0.012614
vn -0.009284 0.999877 0.012614
vn -0.930444 0.352877 -0.098756
vn -0.930444 0.352877 -0.098756
vn -0.930444 0.352877 -0.098756
vn -0.930444 0.352877 -0.098756
vn -0.093944 0.414692 0.905100
vn -0.093944 0.414692 0.905100
vn -0.093944 0.414692 0.905100
vn -0.093944 0.414692 0.905100
vn 0.757606 0.650352 -0.055458
vn 0.757606 0.650352 -0.055458
vn 0.757606 0.650352 -0.055458
vn 0.757606 0.650352 -0.055458
vn 0.018323 0.050548 -0.998554
vn 0.018323 0.050548 -0.998554
vn 0.018323 0.050548 -0.998554
vn 0.018323 0.050548 -0.998554
vn -0.159845 0.975745 -0.149571
vn -0.159845 0.975745 -0.149571
vn -0.159845 0.975745 -0.149571
vn -0.159845 0.975745 -0.149571
vn -0.709239 0.217712 -0.670509
vn -0.709239 0.217712 -0.670509
vn -0.709239 0.217712 -0.670509
vn -0.709239 0.217712 -0.670509
vn -0.684500 0.369190 0.628617
vn -0.684500 0.369190 0.628617
vn -0.684500 0.369190 0.628617
vn -0.684500 0.369190 0.628617
vn 0.537023 0.754271 0.377734
vn 0.537023 0.754271 0.377734
vn 0.537023 0.754271 0.377734
vn 0.537023 0.754271 0.377734
vn 0.621651 0.082879 -0.778898
vn 0.621651 0.082879 -0.778898
vn 0.621651 0.082879 -0.778898
vn 0.621651 0.082879 -0.778898
vn -0.161336 0.946534 -0.279363
vn -0.161336 0.946534 -0.279363
vn -0.161336 0.946534 -0.279363
vn -0.161336 0.946534 -0.279363
vn -0.667523 0.743936 0.031178
vn -0.667523 0.743936 0.031178
vn -0.667523 0.743936 0.031178
vn -0.667523 0.743936 0.031178
vn 0.179264 0.315848 0.931721
vn 0.179264 0.315848 0.931721
vn 0.179264 0.315848 0.931721
vn 0.179264 0.315848 0.931721
vn 0.965110 0.238791 -0.107437
vn 0.965110 0.238791 -0.107437
vn 0.965110 0.238791 -0.107437
vn 0.965110 0.238791 -0.107437
vn -0.038976 0.140108 -0.989369
vn -0.038976 0.140108 -0.989369
vn -0.038976 0.140108 -0.989369
vn -0.038976 0.140108 -0.989369
vn 0.296773 0.952021 -0.074717
vn 0.296773 0.952021 -0.074717
vn 0.296773 0.952021 -0.074717
vn 0.296773 0.952021 -0.074717
vn 0.850672 0.441612 -0.285193
vn 0.850672 0.441612 -0.285193
vn 0.850672 0.441612 -0.285193
vn 0.850672 0.441612 -0.285193
vn -0.360265 0.521244 -0.773637
vn -0.360265 0.521244 -0.773637
vn -0.360265 0.521244 -0.773637
vn -0.360265 0.521244 -0.773637
vn -0.673211 0.551074 0.493056
vn -0.673211 0.551074 0.493056
vn -0.673211 0.551074 0.493056
vn -0.673211 0.551074 0.493056
vn 0.448829 -0.063856 0.891334
vn 0.448829 -0.063856 0.891334
vn 0.448829 -0.063856 0.891334
vn 0.448829 -0.063856 0.891334
vn 0.165108 0.964614 0.205571
vn 0.165108 0.964614 0.205571
vn 0.165108 0.964614 0.205571
vn 0.165108 0.964614 0.205571
vn 0.571561 0.764426 0.298282
vn 0.571561 0.764426 0.298282
vn 0.571561 0.764426 0.298282
vn 0.571561 0.764426 0.298282
vn 0.189536 0.761231 -0.620164
vn 0.189536 0.761231 -0.620164
vn 0.189536 0.761231 -0.620164
vn 0.189536 0.761231 -0.620164
vn -0.696455 0.707627 -0.119223
vn -0.696455 0.707627 -0.119223
vn -0.696455 0.707627 -0.119223
vn -0.696455 0.707627 -0.119223
vn -0.313058 -0.127289 0.941165
vn -0.313058 -0.127289 0.941165
vn -0.313058 -0.127289 0.941165
vn -0.313058 -0.127289 0.941165
vn -0.066790 0.989787 0.125941
vn -0.066790 0.989787 0.125941
vn -0.066790 0.989787 0.125941
vn -0.066790 0.989787 0.125941
vn -0.636358 0.349173 0.687842
vn -0.636358 0.349173 0.687842
vn -0.636358 0.349173 0.687842
vn -0.636358 0.349173 0.687842
vn 0.612868 0.652561 0.445598
vn 0.612868 0.652561 0.445598
vn 0.612868 0.652561 0.445598
vn 0.612868 0.652561 0.445598
vn 0.201159 0.578278 -0.790652
vn 0.201159 0.578278 -0.790652
vn 0.201159 0.578278 -0.790652
vn 0.201159 0.578278 -0.790652
vn -0.830569 -0.228726 -0.507779
vn -0.830569 -0.228726 -0.507779
vn -0.830569 -0.228726 -0.507779
vn -0.830569 -0.228726 -0.507779
vn -0.418689 0.901819 -0.106873
vn -0.418689 0.901819 -0.106873
vn -0.418689 0.901819 -0.106873
vn -0.418689 0.901819 -0.106873
vn -0.262367 0.689620 -0.674972
vn -0.262367 0.689620 -0.674972
vn -0.262367 0.689620 -0.674972
vn -0.262367 0.689620 -0.674972
vn -0.804482 0.363248 0.469957
vn -0.804482 0.363248 0.469957
vn -0.804482 0.363248 0.469957
vn -0.804482 0.363248 0.469957
vn 0.446072 0.310018 0.839588
vn 0.446072 0.310018 0.839588
vn 0.446072 0.310018 0.839588
vn 0.446072 0.310018 0.839588
vn 0.911309 0.099906 -0.399418
vn 0.911309 0.099906 -0.399418
vn 0.911309 0.099906 -0.399418
vn 0.911309 0.099906 -0.399418
vn 0.181784 0.969042 0.167068
vn 0.181784 0.969042 0.167068
vn 0.181784 0.969042 0.167068
vn 0.181784 0.969042 0.167068
vn 0.540457 0.775947 -0.325290
vn 0.540457 0.775947 -0.325290
vn 0.540457 0.775947 -0.325290
vn 0.540457 0.775947 -0.325290
vn -0.595874 0.568082 -0.567642
vn -0.595874 0.568082 -0.567642
vn -0.595874 0.568082 -0.567642
vn -0.595874 0.568082 -0.567642
vn -0.606876 0.436944 0.663914
vn -0.606876 0.436944 0.663914
vn -0.606876 0.436944 0.663914
vn -0.606876 0.436944 0.663914
vn 0.651033 0.041230 0.757929
vn 0.651033 0.041230 0.757929
vn 0.651033 0.041230 0.757929
vn 0.651033 0.041230 0.757929
vn 0.009479 0.976750 0.214170
vn 0.009479 0.976750 0.214170
vn 0.009479 0.976750 0.214170
vn 0.009479 0.976750 0.214170
vn 0.181736 0.470231 0.863629
vn 0.181736 0.470231 0.863629
vn 0.181736 0.470231 0.863629
vn 0.181736 0.470231 0.863629
vn 0.712588 0.623249 -0.322146
vn 0.712588 0.623249 -0.322146
vn 0.712588 0.623249 -0.322146
vn 0.712588 0.623249 -0.322146
vn -0.530016 0.484125 -0.696209
vn -0.530016 0.484125 -0.696209
vn -0.530016 0.484125 -0.696209
vn -0.530016 0.484125 -0.696209
vn -0.895083 -0.186526 0.405011
vn -0.895083 -0.186526 0.405011
vn -0.895083 -0.186526 0.405011
vn -0.895083 -0.186526 0.405011
vn -0.341624 0.926936 0.155185
vn -0.341624 0.926936 0.155185
vn -0.341624 0.926936 0.155185
vn -0.341624 0.926936 0.155185
vn 0.171034 0.458518 0.872071
vn 0.171034 0.458518 0.872071
vn 0.171034 0.458518 0.872071
vn 0.171034 0.458518 0.872071
vn 0.712370 0.631486 -0.306194
vn 0.712370 0.631486 -0.306194
vn 0.712370 0.631486 -0.306194
vn 0.712370 0.631486 -0.306194
vn -0.525867 0.491517 -0.694173
vn -0.525867 0.491517 -0.694173
vn -0.525867 0.491517 -0.694173
vn -0.525867 0.491517 -0.694173
vn -0.897924 -0.196942 0.393634
vn -0.897924 -0.196942 0.393634
vn -0.897924 -0.196942 0.393634
vn -0.897924 -0.196942 0.393634
vn -0.347923 0.922830 0.165332
vn -0.347923 0.922830 0.165332
vn -0.347923 0.922830 0.165332
vn -0.347923 0.922830 0.165332
vn -0.415255 0.439257 0.796629
vn -0.415255 0.439257 0.796629
vn -0.415255 0.439257 0.796629
vn -0.415255 0.439257 0.796629
vn 0.646493 0.756170 0.101260
vn 0.646493 0.756170 0.101260
vn 0.646493 0.756170 0.101260
vn 0.646493 0.756170 0.101260
vn -0.131096 0.427983 -0.894229
vn -0.131096 0.427983 -0.894229
vn -0.131096 0.427983 -0.894229
vn -0.131096 0.427983 -0.894229
vn -0.918764 -0.363703 -0.153598
vn -0.918764 -0.363703 -0.153598
vn -0.918764 -0.363703 -0.153598
vn -0.918764 -0.363703 -0.153598
vn -0.529264 0.842204 -0.102819
vn -0.529264 0.842204 -0.102819
vn -0.529264 0.842204 -0.102819
vn -0.529264 0.842204 -0.102819
vn -0.672828 0.638157 0.374244
vn -0.672828 0.638157 0.374244
vn -0.672828 0.638157 0.374244
vn -0.672828 0.638157 0.374244
vn 0.625669 0.579834 0.521854
vn 0.625669 0.579834 0.521854
vn 0.625669 0.579834 0.521854
vn 0.625669 0.579834 0.521854
vn 0.576035 0.313624 -0.754867
vn 0.576035 0.313624 -0.754867
vn 0.576035 0.313624 -0.754867
vn 0.576035 0.313624 -0.754867
vn -0.682817 -0.144113 -0.716235
vn -0.682817 -0.144113 -0.716235
vn -0.682817 -0.144113 -0.716235
vn -0.682817 -0.144113 -0.716235
vn -0.088071 0.922823 -0.375021
vn -0.088071 0.922823 -0.375021
vn -0.088071 0.922823 -0.375021
vn -0.088071 0.922823 -0.375021
vn -0.509060 0.781172 -0.361426
vn -0.509060 0.781172 -0.361426
vn -0.509060 0.781172 -0.361426
vn -0.509060 0.781172 -0.361426
vn -0.234555 0.515174 0.824367
vn -0.234555 0.515174 0.824367
vn -0.234555 0.515174 0.824367
vn -0.234555 0.515174 0.824367
vn 0.906365 0.298078 0.299419
vn 0.906365 0.298078 0.299419
vn 0.906365 0.298078 0.299419
vn 0.906365 0.298078 0.299419
vn 0.422137 0.005987 -0.906512
vn 0.422137 0.005987 -0.906512
vn 0.422137 0.005987 -0.906512
vn 0.422137 0.005987 -0.906512
vn 0.305694 0.949407 -0.071953
vn 0.305694 0.949407 -0.071953
vn 0.305694 0.949407 -0.071953
vn 0.305694 0.949407 -0.071953
vn -0.010574 0.707215 -0.706919
vn -0.010574 0.707215 -0.706919
vn -0.010574 0.707215 -0.706919
vn -0.010574 0.707215 -0.706919
vn -0.927526 0.341682 0.151491
vn -0.927526 0.341682 0.151491
vn -0.927526 0.341682 0.151491
vn -0.927526 0.341682 0.151491
vn 0.101896 0.288639 0.952000
vn 0.101896 0.288639 0.952000
vn 0.101896 0.288639 0.952000
vn 0.101896 0.288639 0.952000
vn 0.992135 0.120090 -0.035318
vn 0.992135 0.120090 -0.035318
vn 0.992135 0.120090 -0.035318
vn 0.992135 0.120090 -0.035318
vn 0.089220 0.965180 0.245902
vn 0.089220 0.965180 0.245902
vn 0.089220 0.965180 0.245902
vn 0.089220 0.965180 0.245902
vn 0.833507 0.539296 0.120109
vn 0.833507 0.539296 0.120109
vn 0.833507 0.539296 0.120109
vn 0.833507 0.539296 0.120109
vn -0.367469 0.893275 -0.258893
vn -0.367469 0.893275 -0.258893
vn -0.367469 0.893275 -0.258893
vn -0.367469 0.893275 -0.258893
vn -0.712787 0.074943 0.697365
vn -0.712787 0.074943 0.697365
vn -0.712787 0.074943 0.697365
vn -0.712787 0.074943 0.697365
vn 0.429331 -0.624535 0.652404
vn 0.429331 -0.624535 0.652404
vn 0.429331 -0.624535 0.652404
vn 0.429331 -0.624535 0.652404
vn 0.109897 0.594343 0.796668
vn 0.109897 0.594343 0.796668
vn 0.109897 0.594343 0.796668
vn 0.109897 0.594343 0.796668
g BurgerLarge_LightGreen
usemtl LightGreen
f 1 2 3
f 4 5 6
f 7 8 9
f 10 11 12
f 13 14 15
f 16 17 18
f 19 20 21
f 22 23 24
f 25 26 27
f 28 29 30
f 31 32 33
f 34 35 36
f 37 38 39
f 40 41 42
f 43 44 45
f 46 47 48
f 49 50 51
f 52 53 54
f 55 56 57
f 58 59 60
f 61 62 63
f 64 65 66
f 67 68 69
f 70 71 72
f 73 74 75
f 76 77 78
f 79 80 81
f 82 83 84
f 85 86 87
f 88 89 90
f 91 92 93
f 94 95 96
f 97 98 99
f 100 101 102
f 103 104 105
f 106 107 108
f 109 110 111
f 112 113 114
f 115 116 117
f 118 119 120
f 121 122 123
f 124 125 126
f 127 128 129
f 130 131 132
f 133 134 135
f 136 137 138
f 139 140 141
f 142 143 141
f 144 145 146
f 147 148 149
f 150 151 152
f 153 154 155
f 156 157 158
f 159 160 161
f 162 163 164
f 165 166 167
f 168 169 170
f 171 172 173
f 174 175 176
f 177 178 179
f 180 181 182
f 183 184 185
f 186 187 188
f 189 190 191
f 192 193 194
f 195 196 197
f 198 199 200
f 201 202 203
f 204 205 206
f 207 208 209
f 210 211 212
f 213 214 215
f 216 217 218
f 219 220 221
f 222 223 224
f 225 226 227
f 228 229 230
f 231 232 233
f 234 235 236
f 237 238 239
f 240 241 242
f 243 244 245
f 246 247 248
f 249 250 251
f 252 253 254
f 255 256 257
f 258 259 260
f 261 262 263
f 264 265 266
f 267 268 269
f 270 271 272
f 273 274 275
f 276 277 278
f 279 280 281
f 282 283 284
f 285 286 287
f 288 289 290
f 291 292 293
f 294 295 296
f 297 298 299
f 300 301 302
f 303 304 305
f 306 307 308
f 309 310 311
f 312 313 314
f 315 316 317
f 318 319 320
f 321 322 323
f 324 325 326
f 327 328 329
f 330 331 332
f 333 334 335
f 336 337 338
f 339 340 341
f 342 343 344
f 345 346 347
f 348 349 350
f 351 352 353
f 354 355 356
f 357 358 359
f 360 361 362
f 363 364 365
f 366 367 368
f 369 370 371
f 372 373 374
f 375 376 377
f 378 379 380
f 381 382 383
f 384 385 386
f 387 388 389
f 390 391 392
f 393 394 395
f 396 397 398
f 399 400 401
f 402 403 404
f 405 406 407
f 408 409 410
f 411 412 413
f 414 415 416
f 417 418 419
f 420 421 422
f 423 424 425
f 426 427 428
f 429 430 431
f 432 433 434
f 435 436 437
f 438 439 440
f 441 442 443
f 444 445 446
f 447 448 449
f 450 451 452
f 453 454 455
f 456 457 458
f 459 460 461
f 462 463 464
f 465 466 467
f 468 469 470
f 471 472 473
f 474 475 476
f 477 478 479
f 480 481 482
f 483 484 485
f 486 487 488
f 489 490 491
f 492 493 494
f 495 496 497
f 498 499 500
f 501 502 503
f 504 505 506
f 507 508 509
f 510 511 512
f 513 514 515
f 516 517 518
f 519 520 521
f 522 523 524
f 525 526 527
f 528 529 530
f 531 532 533
f 534 535 536
f 537 538 539
f 540 541 542
f 543 544 545
f 546 547 548
f 549 550 551
f 552 553 554
f 555 556 557
f 558 559 560
f 561 562 563
f 564 565 563
f 566 567 568
f 569 570 571
f 572 573 574
f 575 576 577
f 578 579 580
f 581 582 583
f 584 585 586
f 587 588 589
f 590 591 592
f 593 594 595
f 596 597 598
f 599 600 601
f 602 603 604
f 605 606 607
f 608 609 610
f 611 612 613
f 614 615 616
f 617 618 619
f 620 621 622
f 623 624 625
f 626 627 628
f 629 630 631
f 632 633 634
f 635 636 637
f 638 639 640
f 641 642 643
f 644 645 646
f 647 648 649
f 650 651 652
f 653 654 655
f 656 657 658
f 659 660 661
f 662 663 664
f 665 666 667
f 668 669 670
f 671 672 673
f 674 675 676
f 677 678 679
f 680 681 682
f 683 684 685
f 686 687 688
f 689 690 691
f 692 693 694
f 695 696 697
f 698 699 700
f 701 702 703
f 704 705 706
f 707 708 709
f 710 711 712
f 713 714 715
f 716 717 718
f 719 720 721
f 722 723 724
f 725 726 727
f 728 729 730
f 731 732 733
f 734 735 736
f 737 738 739
f 740 741 742
f 743 744 745
f 746 747 748
f 749 750 751
f 752 753 754
f 755 756 757
f 758 759 760
f 761 762 763
f 764 765 766
f 767 768 769
f 770 771 772
f 773 774 775
f 776 777 778
f 779 780 781
f 782 783 784
f 785 786 787
f 788 789 790
f 791 792 793
f 794 795 796
f 797 798 799
f 800 801 802
f 803 804 805
f 806 807 808
f 809 810 811
f 812 813 814
f 815 816 817
f 818 819 820
f 821 822 823
f 824 825 826
f 827 828 829
f 830 831 832
f 833 834 835
f 836 837 838
f 839 840 841
f 842 843 844
f 845 846 847
f 845 847 848
f 849 850 851
f 849 851 852
f 853 854 855
f 853 855 856
f 857 858 859
f 857 859 860
f 861 862 863
f 861 863 864
f 865 866 867
f 865 867 868
f 869 870 871
f 869 871 872
f 873 874 875
f 873 875 876
g BurgerLarge_Yellow
usemtl Yellow
f 877 878 879
f 880 881 882
f 883 884 885
f 886 887 888
f 889 890 891
f 892 893 894
f 895 896 897
f 898 899 900
f 901 902 903
f 904 905 906
f 907 908 909
f 910 911 912
f 913 914 915
f 916 917 918
f 919 920 921
f 922 923 924
f 925 926 927
f 925 927 928
f 925 928 929
f 925 929 930
f 931 932 933
f 931 933 934
f 935 936 937
f 935 937 938
f 939 940 941
f 939 941 942
f 939 942 943
f 939 943 944
f 945 946 947
f 945 947 948
f 949 950 951
f 949 952 950
f 949 953 952
f 949 954 953
f 955 956 957
f 955 957 958
f 959 960 961
f 959 961 962
f 963 964 965
f 963 966 964
f 963 967 966
f 963 968 967
f 969 970 971
f 969 971 972
f 973 974 975
f 973 975 976
f 977 978 979
f 977 979 980
f 981 982 983
f 981 983 984
f 985 986 987
f 985 987 988
f 989 990 991
f 989 991 992
f 993 994 995
f 993 995 996
f 997 998 999
f 997 1000 998
f 997 1001 1000
f 997 1002 1001
f 1003 1004 1005
f 1003 1005 1006
f 1007 1008 1009
f 1007 1009 1010
f 1011 1012 1013
f 1011 1014 1012
f 1011 1015 1014
f 1011 1016 1015
f 1017 1018 1019
f 1017 1019 1020
f 1021 1022 1023
f 1021 1023 1024
f 1021 1024 1025
f 1021 1025 1026
f 1027 1028 1029
f 1027 1029 1030
f 1031 1032 1033
f 1031 1033 1034
f 1035 1036 1037
f 1035 1037 1038
f 1035 1038 1039
f 1035 1039 1040
f 1041 1042 1043
f 1041 1043 1044
f 1045 1046 1047
f 1045 1047 1048
f 1049 1050 1051
f 1049 1051 1052
f 1053 1054 1055
f 1053 1055 1056
f 1057 1058 1059
f 1057 1059 1060
f 1061 1062 1063
f 1061 1063 1064
f 1065 1066 1067
f 1065 1067 1068
f 1069 1070 1071
f 1069 1071 1072
f 1073 1074 1075
f 1073 1075 1076
f 1077 1078 1079
f 1077 1079 1080
f 1081 1082 1083
f 1081 1083 1084
f 1085 1086 1087
f 1085 1087 1088
f 1089 1090 1091
f 1089 1092 1090
f 1093 1092 1089
f 1093 1094 1092
f 1095 1094 1093
f 1095 1096 1094
f 1097 1096 1095
f 1097 1098 1096
f 1099 1100 1101
f 1099 1101 1102
f 1103 1104 1105
f 1103 1105 1106
f 1107 1108 1109
f 1107 1109 1110
f 1111 1112 1113
f 1111 1113 1114
f 1115 1116 1117
f 1115 1117 1118
f 1119 1120 1121
f 1119 1121 1122
f 1122 1121 1123
f 1122 1123 1124
f 1124 1123 1125
f 1124 1125 1126
f 1126 1125 1127
f 1126 1127 1128
f 1129 1130 1131
f 1129 1131 1132
f 1133 1134 1135
f 1133 1135 1136
f 1137 1138 1139
f 1137 1139 1140
f 1141 1142 1143
f 1141 1143 1144
f 1145 1146 1147
f 1145 1147 1148
f 1149 1150 1151
f 1149 1151 1152
f 1153 1154 1155
f 1153 1155 1156
f 1157 1158 1159
f 1157 1159 1160
f 1161 1162 1163
f 1161 1163 1164
f 1165 1166 1167
f 1165 1167 1168
f 1169 1170 1171
f 1169 1171 1172
f 1169 1172 1173
f 1169 1173 1174
f 1175 1176 1177
f 1175 1177 1178
f 1179 1180 1181
f 1179 1181 1182
f 1183 1184 1185
f 1183 1185 1186
f 1183 1186 1187
f 1183 1187 1188
f 1189 1190 1191
f 1189 1191 1192
f 1193 1194 1195
f 1193 1196 1194
f 1193 1197 1196
f 1193 1198 1197
f 1199 1200 1201
f 1199 1201 1202
f 1203 1204 1205
f 1203 1205 1206
f 1207 1208 1209
f 1207 1210 1208
f 1207 1211 1210
f 1207 1212 1211
f 1213 1214 1215
f 1213 1215 1216
f 1217 1218 1219
f 1217 1219 1220
f 1221 1222 1223
f 1221 1223 1224
f 1225 1226 1227
f 1225 1227 1228
f 1229 1230 1231
f 1229 1231 1232
f 1233 1234 1235
f 1233 1235 1236
f 1237 1238 1239
f 1237 1239 1240
f 1241 1242 1243
f 1241 1244 1242
f 1241 1245 1244
f 1241 1246 1245
f 1247 1248 1249
f 1247 1249 1250
f 1251 1252 1253
f 1251 1253 1254
f 1255 1256 1257
f 1255 1258 1256
f 1255 1259 1258
f 1255 1260 1259
f 1261 1262 1263
f 1261 1263 1264
f 1265 1266 1267
f 1265 1267 1268
f 1265 1268 1269
f 1265 1269 1270
f 1271 1272 1273
f 1271 1273 1274
f 1275 1276 1277
f 1275 1277 1278
f 1279 1280 1281
f 1279 1281 1282
f 1279 1282 1283
f 1279 1283 1284
f 1285 1286 1287
f 1285 1287 1288
f 1289 1290 1291
f 1289 1291 1292
f 1293 1294 1295
f 1293 1295 1296
f 1297 1298 1299
f 1297 1299 1300
f 1301 1302 1303
f 1301 1303 1304
f 1305 1306 1307
f 1305 1307 1308
f 1309 1310 1311
f 1309 1311 1312
f 1313 1314 1315
f 1313 1315 1316
f 1317 1318 1319
f 1317 1319 1320
f 1321 1322 1323
f 1321 1323 1324
f 1325 1326 1327
f 1325 1327 1328
f 1329 1330 1331
f 1329 1331 1332
f 1333 1334 1335
f 1333 1336 1334
f 1337 1336 1333
f 1337 1338 1336
f 1339 1338 1337
f 1339 1340 1338
f 1341 1340 1339
f 1341 1342 1340
f 1343 1344 1345
f 1343 1345 1346
f 1347 1348 1349
f 1347 1349 1350
f 1351 1352 1353
f 1351 1353 1354
f 1355 1356 1357
f 1355 1357 1358
f 1359 1360 1361
f 1359 1361 1362
f 1363 1364 1365
f 1363 1365 1366
f 1366 1365 1367
f 1366 1367 1368
f 1368 1367 1369
f 1368 1369 1370
f 1370 1369 1371
f 1370 1371 1372
f 1373 1374 1375
f 1373 1375 1376
f 1377 1378 1379
f 1377 1379 1380
f 1381 1382 1383
f 1381 1383 1384
f 1385 1386 1387
f 1385 1387 1388
f 1389 1390 1391
f 1389 1391 1392
f 1393 1394 1395
f 1393 1395 1396
f 1397 1398 1399
f 1397 1399 1400
f 1401 1402 1403
f 1401 1403 1404
f 1405 1406 1407
f 1405 1407 1408
f 1409 1410 1411
f 1409 1411 1412
g BurgerLarge_Brown
usemtl Brown
f 1413 1414 1415
f 1413 1415 1416
f 1417 1418 1419
f 1417 1419 1420
f 1421 1422 1423
f 1421 1423 1424
f 1425 1426 1427
f 1425 1427 1428
f 1429 1430 1431
f 1429 1431 1432
f 1433 1434 1435
f 1433 1435 1436
f 1437 1438 1439
f 1437 1439 1440
f 1441 1442 1443
f 1441 1443 1444
f 1445 1446 1447
f 1445 1447 1448
f 1449 1450 1451
f 1449 1451 1452
f 1453 1454 1455
f 1453 1455 1456
f 1457 1458 1459
f 1457 1459 1460
f 1461 1462 1463
f 1461 1463 1464
f 1465 1466 1467
f 1465 1467 1468
f 1469 1470 1471
f 1469 1471 1472
f 1473 1474 1475
f 1473 1475 1476
f 1477 1478 1479
f 1477 1479 1480
f 1481 1482 1483
f 1481 1483 1484
f 1485 1486 1487
f 1485 1487 1488
f 1489 1490 1491
f 1489 1491 1492
f 1493 1494 1495
f 1493 1495 1496
f 1497 1498 1499
f 1497 1499 1500
f 1501 1502 1503
f 1501 1503 1504
f 1505 1506 1507
f 1505 1507 1508
f 1509 1510 1511
f 1509 1511 1512
f 1513 1514 1515
f 1513 1515 1516
f 1517 1518 1519
f 1517 1519 1520
f 1521 1522 1523
f 1521 1523 1524
f 1525 1526 1527
f 1525 1527 1528
f 1529 1530 1531
f 1529 1531 1532
f 1533 1534 1535
f 1533 1535 1536
f 1537 1538 1539
f 1537 1539 1540
f 1541 1542 1543
f 1541 1543 1544
f 1545 1546 1547
f 1545 1547 1548
f 1549 1550 1551
f 1549 1551 1552
f 1553 1554 1555
f 1553 1555 1556
f 1557 1558 1559
f 1557 1559 1560
f 1561 1562 1563
f 1561 1563 1564
f 1565 1566 1567
f 1565 1567 1568
f 1569 1570 1571
f 1569 1571 1572
f 1573 1574 1575
f 1573 1575 1576
f 1577 1578 1579
f 1577 1579 1580
f 1581 1582 1583
f 1581 1583 1584
f 1585 1586 1587
f 1585 1587 1588
f 1589 1590 1591
f 1589 1591 1592
f 1593 1594 1595
f 1593 1595 1596
f 1597 1598 1599
f 1597 1599 1600
f 1601 1602 1603
f 1601 1603 1604
f 1605 1606 1607
f 1605 1607 1608
f 1609 1610 1611
f 1609 1611 1612
f 1613 1614 1615
f 1613 1615 1616
f 1617 1618 1619
f 1617 1619 1620
f 1621 1622 1623
f 1621 1623 1624
f 1625 1626 1627
f 1625 1627 1628
f 1629 1630 1631
f 1629 1631 1632
f 1633 1634 1635
f 1633 1635 1636
f 1637 1638 1639
f 1637 1639 1640
f 1641 1642 1643
f 1641 1643 1644
f 1645 1646 1647
f 1645 1647 1648
f 1649 1650 1651
f 1649 1651 1652
f 1653 1654 1655
f 1653 1655 1656
f 1657 1658 1659
f 1657 1659 1660
f 1661 1662 1663
f 1661 1663 1664
f 1665 1666 1667
f 1665 1667 1668
f 1669 1670 1671
f 1669 1671 1672
f 1673 1674 1675
f 1673 1675 1676
f 1677 1678 1679
f 1677 1679 1680
f 1681 1682 1683
f 1681 1683 1684
f 1685 1686 1687
f 1685 1687 1688
f 1689 1690 1691
f 1689 1691 1692
f 1693 1694 1695
f 1693 1695 1696
f 1697 1698 1699
f 1697 1699 1700
f 1701 1702 1703
f 1701 1703 1704
f 1705 1706 1707
f 1705 1707 1708
f 1709 1710 1711
f 1709 1711 1712
f 1713 1714 1715
f 1713 1715 1716
f 1717 1718 1719
f 1717 1719 1720
f 1721 1722 1723
f 1721 1723 1724
f 1725 1726 1727
f 1725 1727 1728
f 1729 1730 1731
f 1729 1731 1732
f 1733 1734 1735
f 1733 1735 1736
f 1737 1738 1739
f 1737 1739 1740
f 1741 1742 1743
f 1741 1743 1744
f 1745 1746 1747
f 1745 1747 1748
f 1749 1750 1751
f 1749 1751 1752
f 1753 1754 1755
f 1753 1755 1756
f 1757 1758 1759
f 1757 1759 1760
f 1761 1762 1763
f 1761 1763 1764
f 1765 1766 1767
f 1765 1767 1768
f 1769 1770 1771
f 1769 1771 1772
f 1773 1774 1775
f 1773 1775 1776
f 1777 1778 1779
f 1777 1779 1780
f 1781 1782 1783
f 1781 1783 1784
f 1785 1786 1787
f 1785 1787 1788
f 1789 1790 1791
f 1789 1791 1792
f 1793 1794 1795
f 1793 1795 1796
f 1797 1798 1799
f 1797 1799 1800
f 1801 1802 1803
f 1801 1803 1804
f 1805 1806 1807
f 1805 1807 1808
f 1809 1810 1811
f 1809 1811 1812
f 1813 1814 1815
f 1813 1815 1816
f 1817 1818 1819
f 1817 1819 1820
f 1821 1822 1823
f 1821 1823 1824
f 1825 1826 1827
f 1825 1827 1828
f 1829 1830 1831
f 1829 1831 1832
f 1833 1834 1835
f 1833 1835 1836
f 1837 1838 1839
f 1837 1839 1840
f 1841 1842 1843
f 1841 1843 1844
f 1845 1846 1847
f 1845 1847 1848
f 1849 1850 1851
f 1849 1851 1852
f 1853 1854 1855
f 1853 1855 1856
f 1857 1858 1859
f 1857 1859 1860
f 1861 1862 1863
f 1861 1863 1864
f 1865 1863 1862
f 1866 1864 1863
f 1865 1867 1863
f 1866 1863 1868
f 1869 1863 1867
f 1869 1868 1863
f 1870 1871 1872
f 1870 1872 1873
f 1874 1872 1871
f 1875 1873 1872
f 1874 1876 1872
f 1875 1872 1877
f 1878 1872 1876
f 1878 1877 1872
f 1879 1880 1881
f 1879 1881 1882
f 1883 1881 1880
f 1884 1882 1881
f 1883 1885 1881
f 1884 1881 1886
f 1887 1881 1885
f 1887 1886 1881
f 1888 1889 1890
f 1888 1890 1891
f 1892 1890 1889
f 1893 1891 1890
f 1892 1894 1890
f 1893 1890 1895
f 1896 1890 1894
f 1896 1895 1890
g BurgerLarge_Red
usemtl Red
f 1897 1898 1899
f 1897 1899 1900
f 1901 1902 1903
f 1901 1903 1904
f 1905 1906 1907
f 1905 1907 1908
f 1909 1910 1911
f 1909 1911 1912
f 1913 1914 1915
f 1913 1915 1916
f 1917 1918 1919
f 1917 1919 1920
f 1921 1922 1923
f 1923 1924 1921
f 1924 1925 1921
f 1924 1926 1925
f 1926 1927 1925
f 1926 1928 1927
f 1929 1930 1931
f 1929 1931 1932
f 1933 1934 1935
f 1933 1935 1936
f 1937 1938 1939
f 1939 1940 1937
f 1939 1941 1940
f 1941 1942 1940
f 1941 1943 1942
f 1943 1944 1942
f 1945 1946 1947
f 1945 1947 1948
f 1949 1950 1951
f 1949 1951 1952
f 1953 1954 1955
f 1953 1955 1956
f 1957 1958 1959
f 1957 1959 1960
f 1961 1962 1963
f 1961 1963 1964
f 1965 1966 1967
f 1965 1967 1968
f 1969 1970 1971
f 1971 1972 1969
f 1972 1973 1969
f 1972 1974 1973
f 1974 1975 1973
f 1974 1976 1975
f 1977 1978 1979
f 1977 1979 1980
f 1981 1982 1983
f 1981 1983 1984
f 1985 1986 1987
f 1987 1988 1985
f 1987 1989 1988
f 1989 1990 1988
f 1989 1991 1990
f 1991 1992 1990
f 1993 1994 1995
f 1993 1995 1996
f 1997 1998 1999
f 1997 1999 2000
f 2001 2002 2003
f 2001 2003 2004
f 2005 2006 2007
f 2005 2007 2008
f 2009 2010 2011
f 2009 2011 2012
f 2013 2014 2015
f 2013 2015 2016
f 2017 2018 2019
f 2019 2020 2017
f 2019 2021 2020
f 2021 2022 2020
f 2021 2023 2022
f 2023 2024 2022
f 2025 2026 2027
f 2025 2027 2028
f 2029 2030 2031
f 2029 2031 2032
f 2033 2034 2035
f 2035 2036 2033
f 2036 2037 2033
f 2036 2038 2037
f 2038 2039 2037
f 2038 2040 2039
f 2041 2042 2043
f 2041 2043 2044
f 2045 2046 2047
f 2045 2047 2048
f 2049 2050 2051
f 2049 2051 2052
f 2053 2054 2055
f 2053 2055 2056
f 2057 2058 2059
f 2057 2059 2060
f 2061 2062 2063
f 2061 2063 2064
f 2065 2066 2067
f 2067 2068 2065
f 2068 2069 2065
f 2068 2070 2069
f 2070 2071 2069
f 2070 2072 2071
f 2073 2074 2075
f 2073 2075 2076
f 2077 2078 2079
f 2077 2079 2080
f 2081 2082 2083
f 2083 2084 2081
f 2083 2085 2084
f 2085 2086 2084
f 2085 2087 2086
f 2087 2088 2086
f 2089 2090 2091
f 2089 2091 2092
f 2093 2094 2095
f 2093 2095 2096
f 2097 2098 2099
f 2097 2099 2100
f 2101 2102 2103
f 2101 2103 2104
f 2105 2106 2107
f 2105 2107 2108
f 2109 2110 2111
f 2109 2111 2112
f 2113 2114 2115
f 2115 2116 2113
f 2116 2117 2113
f 2116 2118 2117
f 2118 2119 2117
f 2118 2120 2119
f 2121 2122 2123
f 2121 2123 2124
f 2125 2126 2127
f 2125 2127 2128
f 2129 2130 2131
f 2131 2132 2129
f 2131 2133 2132
f 2133 2134 2132
f 2133 2135 2134
f 2135 2136 2134
f 2137 2138 2139
f 2137 2139 2140
f 2141 2142 2143
f 2141 2143 2144
f 2145 2146 2147
f 2145 2147 2148
f 2149 2150 2151
f 2149 2151 2152
f 2153 2154 2155
f 2153 2155 2156
f 2157 2158 2159
f 2157 2159 2160
f 2161 2162 2163
f 2163 2164 2161
f 2163 2165 2164
f 2165 2166 2164
f 2165 2167 2166
f 2167 2168 2166
f 2169 2170 2171
f 2169 2171 2172
f 2173 2174 2175
f 2173 2175 2176
f 2177 2178 2179
f 2179 2180 2177
f 2180 2181 2177
f 2180 2182 2181
f 2182 2183 2181
f 2182 2184 2183
f 2185 2186 2187
f 2185 2187 2188
f 2189 2190 2191
f 2189 2191 2192
f 2193 2194 2195
f 2193 2195 2196
f 2197 2198 2199
f 2197 2199 2200
f 2201 2202 2203
f 2201 2203 2204
f 2205 2206 2207
f 2205 2207 2208
f 2209 2210 2211
f 2211 2212 2209
f 2211 2213 2212
f 2213 2214 2212
f 2213 2215 2214
f 2215 2216 2214
f 2217 2218 2219
f 2217 2219 2220
f 2221 2222 2223
f 2221 2223 2224
f 2225 2226 2227
f 2227 2228 2225
f 2228 2229 2225
f 2228 2230 2229
f 2230 2231 2229
f 2230 2232 2231
f 2233 2234 2235
f 2233 2235 2236
f 2237 2238 2239
f 2237 2239 2240
f 2241 2242 2243
f 2241 2243 2244
f 2245 2246 2247
f 2245 2247 2248
f 2249 2250 2251
f 2249 2251 2252
f 2253 2254 2255
f 2253 2255 2256
f 2257 2258 2259
f 2259 2260 2257
f 2259 2261 2260
f 2261 2262 2260
f 2261 2263 2262
f 2263 2264 2262
f 2265 2266 2267
f 2265 2267 2268
f 2269 2270 2271
f 2269 2271 2272
f 2273 2274 2275
f 2275 2276 2273
f 2276 2277 2273
f 2276 2278 2277
f 2278 2279 2277
f 2278 2280 2279
f 2281 2282 2283
f 2281 2283 2284
f 2285 2286 2287
f 2285 2287 2288
f 2289 2290 2291
f 2289 2291 2292
f 2293 2294 2295
f 2293 2295 2296
f 2297 2298 2299
f 2297 2299 2300
f 2301 2302 2303
f 2301 2303 2304
f 2305 2306 2307
f 2307 2308 2305
f 2307 2309 2308
f 2309 2310 2308
f 2309 2311 2310
f 2311 2312 2310
f 2313 2314 2315
f 2313 2315 2316
f 2317 2318 2319
f 2317 2319 2320
f 2321 2322 2323
f 2323 2324 2321
f 2324 2325 2321
f 2324 2326 2325
f 2326 2327 2325
f 2326 2328 2327
f 2329 2330 2331
f 2329 2331 2332
f 2333 2334 2335
f 2333 2335 2336
f 2337 2338 2339
f 2337 2339 2340
f 2341 2342 2343
f 2341 2343 2344
f 2345 2346 2347
f 2345 2347 2348
f 2349 2350 2351
f 2349 2351 2352
f 2353 2354 2355
f 2355 2356 2353
f 2356 2357 2353
f 2356 2358 2357
f 2358 2359 2357
f 2358 2360 2359
f 2361 2362 2363
f 2361 2363 2364
f 2365 2366 2367
f 2365 2367 2368
f 2369 2370 2371
f 2371 2372 2369
f 2371 2373 2372
f 2373 2374 2372
f 2373 2375 2374
f 2375 2376 2374
g BurgerLarge_LightYellow
usemtl LightYellow
f 2377 2378 2379
f 2380 2381 2379
f 2380 2382 2381
f 2383 2384 2385
f 2386 2387 2388
f 2389 2390 2391
f 2392 2393 2394
f 2395 2396 2397
f 2398 2399 2400
f 2401 2402 2403
f 2404 2405 2406
f 2407 2408 2409
f 2410 2411 2412
f 2413 2414 2415
f 2416 2417 2418
f 2419 2420 2421
f 2422 2423 2424
f 2425 2426 2427
f 2428 2429 2430
f 2431 2432 2433
f 2434 2435 2436
f 2437 2438 2439
f 2440 2441 2442
f 2443 2444 2445
f 2446 2447 2448
f 2449 2450 2451
f 2452 2453 2454
f 2455 2456 2457
f 2458 2459 2460
f 2461 2462 2463
f 2464 2465 2466
f 2467 2468 2469
f 2470 2471 2472
f 2473 2474 2475
f 2476 2477 2478
f 2479 2480 2481
f 2482 2483 2484
f 2485 2486 2487
f 2488 2489 2490
f 2491 2492 2493
f 2494 2495 2496
f 2497 2498 2499
f 2500 2501 2502
f 2503 2504 2505
f 2506 2507 2508
f 2509 2510 2511
f 2512 2513 2514
f 2515 2516 2517
f 2518 2519 2520
f 2521 2522 2523
f 2524 2525 2526
f 2527 2528 2529
f 2530 2531 2532
f 2533 2534 2535
f 2536 2537 2538
f 2539 2540 2541
f 2542 2543 2544
f 2545 2546 2547
f 2548 2549 2550
f 2551 2552 2553
f 2554 2555 2556
f 2557 2558 2559
f 2560 2561 2562
f 2563 2564 2565
f 2566 2567 2568
f 2569 2570 2571
f 2572 2573 2574
f 2575 2576 2577
f 2578 2579 2580
f 2581 2582 2583
f 2584 2585 2586
f 2587 2585 2584
f 2588 2589 2590
f 2589 2591 2590
f 2592 2593 2594
f 2594 2593 2595
f 2596 2597 2598
f 2598 2599 2596
f 2598 2600 2599
f 2601 2602 2603
f 2601 2603 2604
f 2605 2606 2607
f 2605 2607 2608
f 2609 2610 2611
f 2609 2611 2612
f 2613 2614 2615
f 2613 2615 2616
f 2617 2618 2619
f 2617 2619 2620
f 2621 2622 2623
f 2621 2623 2624
f 2625 2626 2627
f 2625 2627 2628
f 2629 2630 2631
f 2629 2631 2632
f 2633 2634 2635
f 2633 2635 2636
f 2637 2638 2639
f 2639 2640 2637
f 2640 2641 2637
f 2640 2642 2641
f 2642 2643 2641
f 2642 2644 2643
f 2644 2645 2643
f 2644 2646 2645
f 2647 2648 2649
f 2649 2648 2650
f 2651 2652 2653
f 2653 2654 2651
f 2653 2655 2654
f 2656 2657 2658
f 2656 2658 2659
f 2660 2661 2662
f 2660 2662 2663
f 2664 2665 2666
f 2664 2666 2667
f 2668 2669 2670
f 2668 2670 2671
f 2672 2673 2674
f 2672 2674 2675
f 2676 2677 2678
f 2676 2678 2679
f 2680 2681 2682
f 2680 2682 2683
f 2684 2685 2686
f 2684 2686 2687
f 2688 2689 2690
f 2688 2690 2691
f 2692 2693 2694
f 2694 2695 2692
f 2694 2696 2695
f 2694 2697 2696
f 2697 2698 2696
f 2697 2699 2698
f 2699 2700 2698
f 2700 2701 2698
g BurgerLarge_White
usemtl White
f 2702 2703 2704
f 2702 2704 2705
f 2706 2707 2708
f 2706 2708 2709
f 2710 2711 2712
f 2710 2712 2713
f 2714 2715 2716
f 2714 2716 2717
f 2718 2719 2720
f 2718 2720 2721
f 2722 2723 2724
f 2722 2724 2725
f 2726 2727 2728
f 2726 2728 2729
f 2730 2731 2732
f 2730 2732 2733
f 2734 2735 2736
f 2734 2736 2737
f 2738 2739 2740
f 2738 2740 2741
f 2742 2743 2744
f 2742 2744 2745
f 2746 2747 2748
f 2746 2748 2749
f 2750 2751 2752
f 2750 2752 2753
f 2754 2755 2756
f 2754 2756 2757
f 2758 2759 2760
f 2758 2760 2761
f 2762 2763 2764
f 2762 2764 2765
f 2766 2767 2768
f 2766 2768 2769
f 2770 2771 2772
f 2770 2772 2773
f 2774 2775 2776
f 2774 2776 2777
f 2778 2779 2780
f 2778 2780 2781
f 2782 2783 2784
f 2782 2784 2785
f 2786 2787 2788
f 2786 2788 2789
f 2790 2791 2792
f 2790 2792 2793
f 2794 2795 2796
f 2794 2796 2797
f 2798 2799 2800
f 2798 2800 2801
f 2802 2803 2804
f 2802 2804 2805
f 2806 2807 2808
f 2806 2808 2809
f 2810 2811 2812
f 2810 2812 2813
f 2814 2815 2816
f 2814 2816 2817
f 2818 2819 2820
f 2818 2820 2821
f 2822 2823 2824
f 2822 2824 2825
f 2826 2827 2828
f 2826 2828 2829
f 2830 2831 2832
f 2830 2832 2833
f 2834 2835 2836
f 2834 2836 2837
f 2838 2839 2840
f 2838 2840 2841
f 2842 2843 2844
f 2842 2844 2845
f 2846 2847 2848
f 2846 2848 2849
f 2850 2851 2852
f 2850 2852 2853
f 2854 2855 2856
f 2854 2856 2857
f 2858 2859 2860
f 2858 2860 2861
f 2862 2863 2864
f 2862 2864 2865
f 2866 2867 2868
f 2866 2868 2869
f 2870 2871 2872
f 2870 2872 2873
f 2874 2875 2876
f 2874 2876 2877
f 2878 2879 2880
f 2878 2880 2881
f 2882 2883 2884
f 2882 2884 2885
f 2886 2887 2888
f 2886 2888 2889
f 2890 2891 2892
f 2890 2892 2893
f 2894 2895 2896
f 2894 2896 2897
f 2898 2899 2900
f 2898 2900 2901
f 2902 2903 2904
f 2902 2904 2905
f 2906 2907 2908
f 2906 2908 2909
f 2910 2911 2912
f 2910 2912 2913
f 2914 2915 2916
f 2914 2916 2917
f 2918 2919 2920
f 2918 2920 2921
f 2922 2923 2924
f 2922 2924 2925
f 2926 2927 2928
f 2926 2928 2929
f 2930 2931 2932
f 2930 2932 2933
f 2934 2935 2936
f 2934 2936 2937
f 2938 2939 2940
f 2938 2940 2941
f 2942 2943 2944
f 2942 2944 2945
f 2946 2947 2948
f 2946 2948 2949
f 2950 2951 2952
f 2950 2952 2953
f 2954 2955 2956
f 2954 2956 2957
f 2958 2959 2960
f 2958 2960 2961
f 2962 2963 2964
f 2962 2964 2965
f 2966 2967 2968
f 2966 2968 2969
f 2970 2971 2972
f 2970 2972 2973
f 2974 2975 2976
f 2974 2976 2977
f 2978 2979 2980
f 2978 2980 2981
f 2982 2983 2984
f 2982 2984 2985
f 2986 2987 2988
f 2986 2988 2989
f 2990 2991 2992
f 2990 2992 2993
f 2994 2995 2996
f 2994 2996 2997
f 2998 2999 3000
f 2998 3000 3001
