mtllib Materials.mtl
# Ultimate Food Pack - Carrot
o Carrot
v 0.140376 0.068739 -0.056390
v 0.162739 0.244118 -0.065373
v 0.168972 0.198649 0.072123
v 0.147574 0.068739 0.062990
v 0.117421 -0.135217 0.050119
v 0.111694 -0.135217 -0.044868
v 0.062689 -0.500560 -0.025182
v 0.065904 -0.500560 0.028130
v 0.140376 0.068739 -0.056390
v 0.072123 0.198649 -0.168972
v 0.162739 0.244118 -0.065373
v 0.062990 0.068739 -0.147574
v 0.050119 -0.135217 -0.117421
v 0.111694 -0.135217 -0.044868
v 0.062689 -0.500560 -0.025182
v 0.028130 -0.500560 -0.065904
v -0.056390 0.068739 -0.140376
v -0.065373 0.244118 -0.162740
v 0.072123 0.198649 -0.168972
v 0.062990 0.068739 -0.147574
v 0.050119 -0.135217 -0.117421
v -0.044868 -0.135217 -0.111694
v -0.025183 -0.500560 -0.062689
v 0.028130 -0.500560 -0.065904
v -0.056390 0.068739 -0.140376
v -0.168972 0.198649 -0.072123
v -0.065373 0.244118 -0.162740
v -0.147574 0.068739 -0.062990
v -0.117421 -0.135217 -0.050119
v -0.044868 -0.135217 -0.111694
v -0.025183 -0.500560 -0.062689
v -0.065904 -0.500560 -0.028130
v -0.140376 0.068739 0.056390
v -0.162739 0.244118 0.065373
v -0.168972 0.198649 -0.072123
v -0.147574 0.068739 -0.062990
v -0.111694 -0.135217 0.044868
v -0.117421 -0.135217 -0.050119
v -0.062689 -0.500560 0.025183
v -0.065904 -0.500560 -0.028130
v -0.140376 0.068739 0.056390
v -0.072123 0.198649 0.168972
v -0.162739 0.244118 0.065373
v -0.062990 0.068739 0.147574
v -0.050119 -0.135217 0.117421
v -0.111694 -0.135217 0.044868
v -0.062689 -0.500560 0.025183
v -0.028130 -0.500560 0.065904
v 0.056390 0.068739 0.140376
v 0.065373 0.244118 0.162739
v -0.072123 0.198649 0.168972
v -0.062990 0.068739 0.147574
v 0.044868 -0.135217 0.111694
v -0.050119 -0.135217 0.117421
v 0.025183 -0.500560 0.062689
v -0.028130 -0.500560 0.065904
v 0.056390 0.068739 0.140376
v 0.168972 0.198649 0.072123
v 0.065373 0.244118 0.162739
v 0.147574 0.068739 0.062990
v 0.117421 -0.135217 0.050119
v 0.044868 -0.135217 0.111694
v 0.025183 -0.500560 0.062689
v 0.065904 -0.500560 0.028130
v -0.025183 -0.500560 -0.062689
v -0.018247 -0.865036 -0.045425
v -0.047826 -0.770542 -0.020414
v -0.065904 -0.500560 -0.028130
v -0.025183 -0.500560 -0.062689
v 0.028130 -0.500560 -0.065904
v 0.020414 -0.770542 -0.047826
v -0.018247 -0.865036 -0.045425
v 0.000000 0.302578 0.000000
v -0.065373 0.244118 -0.162740
v -0.168972 0.198649 -0.072123
v -0.162739 0.244118 0.065373
v 0.000000 0.302578 0.000000
v 0.162739 0.244118 -0.065373
v 0.072123 0.198649 -0.168972
v -0.065373 0.244118 -0.162740
v 0.000000 0.302578 0.000000
v 0.065373 0.244118 0.162739
v 0.168972 0.198649 0.072123
v 0.162739 0.244118 -0.065373
v 0.000000 0.302578 0.000000
v -0.162739 0.244118 0.065373
v -0.072123 0.198649 0.168972
v 0.065373 0.244118 0.162739
v 0.000000 -0.986528 0.000000
v -0.018247 -0.865036 -0.045425
v 0.020414 -0.770542 -0.047826
v 0.045425 -0.865036 -0.018247
v 0.000000 -0.986528 0.000000
v -0.045425 -0.865036 0.018248
v -0.047826 -0.770542 -0.020414
v -0.018247 -0.865036 -0.045425
v 0.000000 -0.986528 0.000000
v 0.018247 -0.865036 0.045425
v -0.020414 -0.770542 0.047826
v -0.045425 -0.865036 0.018248
v 0.000000 -0.986528 0.000000
v 0.045425 -0.865036 -0.018247
v 0.047826 -0.770542 0.020414
v 0.018247 -0.865036 0.045425
v 0.062689 -0.500560 -0.025182
v 0.045425 -0.865036 -0.018247
v 0.020414 -0.770542 -0.047826
v 0.028130 -0.500560 -0.065904
v 0.062689 -0.500560 -0.025182
v 0.065904 -0.500560 0.028130
v 0.047826 -0.770542 0.020414
v 0.045425 -0.865036 -0.018247
v -0.062689 -0.500560 0.025183
v -0.045425 -0.865036 0.018248
v -0.020414 -0.770542 0.047826
v -0.028130 -0.500560 0.065904
v -0.062689 -0.500560 0.025183
v -0.065904 -0.500560 -0.028130
v -0.047826 -0.770542 -0.020414
v -0.045425 -0.865036 0.018248
v 0.025183 -0.500560 0.062689
v 0.018247 -0.865036 0.045425
v 0.047826 -0.770542 0.020414
v 0.065904 -0.500560 0.028130
v 0.025183 -0.500560 0.062689
v -0.028130 -0.500560 0.065904
v -0.020414 -0.770542 0.047826
v 0.018247 -0.865036 0.045425
v -0.079134 0.403655 -0.011448
v -0.071138 0.403655 0.007472
v -0.116173 0.642737 0.028057
v -0.129910 0.636076 0.013221
v -0.063142 0.403655 0.026391
v -0.055146 0.403655 0.045311
v -0.101370 0.642737 0.063085
v -0.105604 0.646067 0.044232
v -0.071138 0.403655 0.007472
v -0.063142 0.403655 0.026391
v -0.105604 0.646067 0.044232
v -0.116173 0.642737 0.028057
v -0.059314 0.255835 0.000664
v -0.068053 0.255835 -0.020015
v -0.065869 0.236202 -0.014846
v -0.059314 0.229658 0.000664
v -0.050575 0.229658 0.021343
v -0.050575 0.255835 0.021343
v -0.041835 0.255835 0.042022
v -0.041835 0.229658 0.042022
v -0.035281 0.236202 0.057531
v -0.033096 0.255835 0.062701
v -0.059314 0.255835 0.000664
v -0.079134 0.403655 -0.011448
v -0.068053 0.255835 -0.020015
v -0.071138 0.403655 0.007472
v -0.063142 0.403655 0.026391
v -0.050575 0.255835 0.021343
v -0.041835 0.255835 0.042022
v -0.055146 0.403655 0.045311
v -0.047151 0.403655 0.064230
v -0.033096 0.255835 0.062701
v -0.368637 1.598023 0.068609
v -0.295116 1.478201 0.028925
v -0.238607 1.543886 0.100247
v -0.319113 1.682230 0.134270
v -0.368637 1.598023 0.068609
v -0.436637 1.429611 0.010756
v -0.373996 1.346832 -0.032942
v -0.295116 1.478201 0.028925
v -0.368637 1.598023 0.068609
v -0.453094 1.673283 0.112914
v -0.476575 1.510038 0.060047
v -0.436637 1.429611 0.010756
v -0.368637 1.598023 0.068609
v -0.319113 1.682230 0.134270
v -0.411518 1.775611 0.173322
v -0.453094 1.673283 0.112914
v -0.158290 0.931603 0.007204
v -0.116173 0.642737 0.028057
v -0.105604 0.646067 0.044232
v -0.124428 0.944925 0.051993
v -0.158290 0.931603 0.007204
v -0.204822 0.904960 -0.032230
v -0.129910 0.636076 0.013221
v -0.116173 0.642737 0.028057
v -0.158290 0.931603 0.007204
v -0.201815 1.058089 -0.012244
v -0.280422 1.001602 -0.075966
v -0.204822 0.904960 -0.032230
v -0.158290 0.931603 0.007204
v -0.124428 0.944925 0.051993
v -0.145132 1.086332 0.060742
v -0.201815 1.058089 -0.012244
v -0.243466 1.269255 -0.001515
v -0.181903 1.315620 0.076282
v -0.115907 0.931603 0.107491
v -0.101370 0.642737 0.063085
v -0.100304 0.636076 0.083276
v -0.120056 0.904960 0.168344
v -0.115907 0.931603 0.107491
v -0.124428 0.944925 0.051993
v -0.105604 0.646067 0.044232
v -0.101370 0.642737 0.063085
v -0.115907 0.931603 0.107491
v -0.145132 1.086332 0.060742
v -0.124428 0.944925 0.051993
v -0.132293 1.058089 0.152259
v -0.169015 1.269255 0.174651
v -0.181903 1.315620 0.076282
v -0.115907 0.931603 0.107491
v -0.120056 0.904960 0.168344
v -0.141377 1.001602 0.253040
v -0.132293 1.058089 0.152259
v -0.306538 1.598023 0.215547
v -0.226841 1.478201 0.190477
v -0.237446 1.346832 0.290162
v -0.312439 1.429611 0.304632
v -0.306538 1.598023 0.215547
v -0.319113 1.682230 0.134270
v -0.238607 1.543886 0.100247
v -0.226841 1.478201 0.190477
v -0.306538 1.598023 0.215547
v -0.397172 1.673283 0.245238
v -0.411518 1.775611 0.173322
v -0.319113 1.682230 0.134270
v -0.306538 1.598023 0.215547
v -0.312439 1.429611 0.304632
v -0.375623 1.510038 0.298921
v -0.397172 1.673283 0.245238
v -0.016058 0.403655 0.082296
v 0.002171 0.403655 0.072830
v 0.028562 0.642737 0.116693
v 0.014858 0.636076 0.131559
v -0.055146 0.403655 0.045311
v -0.047151 0.403655 0.064230
v -0.100304 0.636076 0.083276
v -0.101370 0.642737 0.063085
v -0.169015 1.269255 0.174651
v -0.132293 1.058089 0.152259
v -0.141377 1.001602 0.253040
v -0.180466 1.176528 0.283306
v -0.169015 1.269255 0.174651
v -0.226841 1.478201 0.190477
v -0.238607 1.543886 0.100247
v -0.181903 1.315620 0.076282
v -0.169015 1.269255 0.174651
v -0.180466 1.176528 0.283306
v -0.237446 1.346832 0.290162
v -0.226841 1.478201 0.190477
v -0.243466 1.269255 -0.001515
v -0.329368 1.176527 -0.069026
v -0.280422 1.001602 -0.075966
v -0.201815 1.058089 -0.012244
v -0.243466 1.269255 -0.001515
v -0.295116 1.478201 0.028925
v -0.373996 1.346832 -0.032942
v -0.329368 1.176527 -0.069026
v -0.243466 1.269255 -0.001515
v -0.181903 1.315620 0.076282
v -0.238607 1.543886 0.100247
v -0.295116 1.478201 0.028925
v 0.020399 0.403655 0.063365
v 0.038628 0.403655 0.053899
v 0.062311 0.642737 0.099169
v 0.043852 0.646067 0.104879
v 0.002171 0.403655 0.072830
v 0.020399 0.403655 0.063365
v 0.043852 0.646067 0.104879
v 0.028562 0.642737 0.116693
v -0.005550 0.255835 0.061581
v -0.025474 0.255835 0.071927
v -0.020493 0.236202 0.069340
v -0.005550 0.229658 0.061581
v 0.014374 0.229658 0.051235
v 0.014374 0.255835 0.051235
v 0.034298 0.255835 0.040890
v 0.034298 0.229658 0.040890
v 0.049241 0.236202 0.033130
v 0.054222 0.255835 0.030544
v -0.005550 0.255835 0.061581
v -0.016058 0.403655 0.082296
v -0.025474 0.255835 0.071927
v 0.002171 0.403655 0.072830
v 0.020399 0.403655 0.063365
v 0.014374 0.255835 0.051235
v 0.034298 0.255835 0.040890
v 0.038628 0.403655 0.053899
v 0.056857 0.403655 0.044434
v 0.054222 0.255835 0.030544
v 0.088933 1.598023 0.365164
v 0.043565 1.478201 0.295008
v 0.110199 1.543886 0.233041
v 0.150476 1.682230 0.310607
v 0.088933 1.598023 0.365164
v 0.036633 1.429611 0.437522
v -0.011877 1.346832 0.378529
v 0.043565 1.478201 0.295008
v 0.088933 1.598023 0.365164
v 0.139772 1.673283 0.445857
v 0.088926 1.510038 0.473442
v 0.036633 1.429611 0.437522
v 0.088933 1.598023 0.365164
v 0.150476 1.682230 0.310607
v 0.196707 1.775611 0.399639
v 0.139772 1.673283 0.445857
v 0.011102 0.931603 0.160326
v 0.028562 0.642737 0.116693
v 0.043852 0.646067 0.104879
v 0.053075 0.944925 0.123031
v 0.011102 0.931603 0.160326
v -0.024533 0.904960 0.209828
v 0.014858 0.636076 0.131559
v 0.028562 0.642737 0.116693
v 0.011102 0.931603 0.160326
v -0.004847 1.058089 0.205252
v -0.062160 1.001602 0.288647
v -0.024533 0.904960 0.209828
v 0.011102 0.931603 0.160326
v 0.053075 0.944925 0.123031
v 0.063433 1.086332 0.142979
v -0.004847 1.058089 0.205252
v 0.009139 1.269256 0.245925
v 0.081830 1.315620 0.178407
v 0.107727 0.931603 0.110152
v 0.062311 0.642737 0.099169
v 0.082354 0.636076 0.096511
v 0.168717 0.904960 0.109481
v 0.107727 0.931603 0.110152
v 0.053075 0.944925 0.123031
v 0.043852 0.646067 0.104879
v 0.062311 0.642737 0.099169
v 0.107727 0.931603 0.110152
v 0.063433 1.086332 0.142979
v 0.053075 0.944925 0.123031
v 0.153649 1.058089 0.122951
v 0.178873 1.269255 0.157789
v 0.081830 1.315620 0.178407
v 0.107727 0.931603 0.110152
v 0.168717 0.904960 0.109481
v 0.254833 1.001602 0.124044
v 0.153649 1.058089 0.122951
v 0.230505 1.598023 0.291651
v 0.199218 1.478201 0.214183
v 0.299429 1.346832 0.216880
v 0.319778 1.429611 0.290496
v 0.230505 1.598023 0.291651
v 0.150476 1.682230 0.310607
v 0.110199 1.543886 0.233041
v 0.199218 1.478201 0.214183
v 0.230505 1.598023 0.291651
v 0.267264 1.673283 0.379655
v 0.196707 1.775611 0.399639
v 0.150476 1.682230 0.310607
v 0.230505 1.598023 0.291651
v 0.319778 1.429611 0.290496
v 0.319077 1.510038 0.353933
v 0.267264 1.673283 0.379655
v 0.070859 0.403655 0.017540
v 0.061957 0.403655 -0.000971
v 0.108886 0.642737 -0.024587
v 0.123325 0.636076 -0.010432
v 0.038628 0.403655 0.053899
v 0.056857 0.403655 0.044434
v 0.082354 0.636076 0.096511
v 0.062311 0.642737 0.099169
v 0.178873 1.269255 0.157789
v 0.153649 1.058089 0.122951
v 0.254833 1.001602 0.124044
v 0.288092 1.176527 0.160620
v 0.178873 1.269255 0.157789
v 0.199218 1.478201 0.214183
v 0.110199 1.543886 0.233041
v 0.081830 1.315620 0.178407
v 0.178873 1.269255 0.157789
v 0.288092 1.176527 0.160620
v 0.299429 1.346832 0.216880
v 0.199218 1.478201 0.214183
v 0.009139 1.269256 0.245925
v -0.051375 1.176528 0.336892
v -0.062160 1.001602 0.288647
v -0.004847 1.058089 0.205252
v 0.009139 1.269256 0.245925
v 0.043565 1.478201 0.295008
v -0.011877 1.346832 0.378529
v -0.051375 1.176528 0.336892
v 0.009139 1.269256 0.245925
v 0.081830 1.315620 0.178407
v 0.110199 1.543886 0.233041
v 0.043565 1.478201 0.295008
v 0.053055 0.403655 -0.019482
v 0.044154 0.403655 -0.037992
v 0.092406 0.642737 -0.058857
v 0.097547 0.646067 -0.040232
v 0.061957 0.403655 -0.000971
v 0.053055 0.403655 -0.019482
v 0.097547 0.646067 -0.040232
v 0.108886 0.642737 -0.024587
v 0.050476 0.255835 0.006401
v 0.060206 0.255835 0.026633
v 0.057773 0.236202 0.021575
v 0.050476 0.229658 0.006401
v 0.040747 0.229658 -0.013831
v 0.040747 0.255835 -0.013831
v 0.031017 0.255835 -0.034063
v 0.031017 0.229658 -0.034063
v 0.023720 0.236202 -0.049238
v 0.021288 0.255835 -0.054296
v 0.050476 0.255835 0.006401
v 0.070859 0.403655 0.017540
v 0.060206 0.255835 0.026633
v 0.061957 0.403655 -0.000971
v 0.053055 0.403655 -0.019482
v 0.040747 0.255835 -0.013831
v 0.031017 0.255835 -0.034063
v 0.044154 0.403655 -0.037992
v 0.035252 0.403655 -0.056503
v 0.021288 0.255835 -0.054296
v 0.359093 1.598023 -0.077303
v 0.287577 1.478201 -0.034109
v 0.227685 1.543886 -0.102614
v 0.306451 1.682229 -0.140491
v 0.359093 1.598023 -0.077303
v 0.429812 1.429611 -0.022806
v 0.369357 1.346832 0.023870
v 0.287577 1.478201 -0.034109
v 0.359093 1.598023 -0.077303
v 0.441309 1.673283 -0.125641
v 0.467319 1.510038 -0.073972
v 0.429812 1.429611 -0.022806
v 0.359093 1.598023 -0.077303
v 0.306451 1.682229 -0.140491
v 0.396859 1.775611 -0.183968
v 0.441309 1.673283 -0.125641
v 0.151963 0.931603 -0.005795
v 0.108886 0.642737 -0.024587
v 0.097547 0.646067 -0.040232
v 0.115974 0.944925 -0.048893
v 0.151963 0.931603 -0.005795
v 0.200348 0.904960 0.031342
v 0.123325 0.636076 -0.010432
v 0.108886 0.642737 -0.024587
v 0.151963 0.931603 -0.005795
v 0.196378 1.058089 0.011525
v 0.277974 1.001602 0.071370
v 0.200348 0.904960 0.031342
v 0.151963 0.931603 -0.005795
v 0.115974 0.944925 -0.048893
v 0.136230 1.086332 -0.058634
v 0.196378 1.058089 0.011525
v 0.237461 1.269255 -0.001206
v 0.172206 1.315620 -0.075935
v 0.104778 0.931603 -0.103915
v 0.092406 0.642737 -0.058857
v 0.090365 0.636076 -0.078973
v 0.105979 0.904960 -0.164897
v 0.104778 0.931603 -0.103915
v 0.115974 0.944925 -0.048893
v 0.097547 0.646067 -0.040232
v 0.092406 0.642737 -0.058857
v 0.104778 0.931603 -0.103915
v 0.136230 1.086332 -0.058634
v 0.115974 0.944925 -0.048893
v 0.118980 1.058089 -0.149423
v 0.154576 1.269255 -0.173565
v 0.172206 1.315620 -0.075935
v 0.104778 0.931603 -0.103915
v 0.105979 0.904960 -0.164897
v 0.123179 1.001602 -0.250526
v 0.118980 1.058089 -0.149423
v 0.289960 1.598023 -0.221065
v 0.211568 1.478201 -0.192170
v 0.217339 1.346832 -0.292251
v 0.291545 1.429611 -0.310331
v 0.289960 1.598023 -0.221065
v 0.306451 1.682229 -0.140491
v 0.227685 1.543886 -0.102614
v 0.211568 1.478201 -0.192170
v 0.289960 1.598023 -0.221065
v 0.379051 1.673283 -0.255105
v 0.396859 1.775611 -0.183968
v 0.306451 1.682229 -0.140491
v 0.289960 1.598023 -0.221065
v 0.291545 1.429611 -0.310331
v 0.354931 1.510038 -0.307683
v 0.379051 1.673283 -0.255105
v 0.017557 0.403655 -0.050962
v -0.001368 0.403655 -0.042978
v -0.022312 0.642737 -0.094771
v -0.007467 0.636076 -0.108498
v 0.044154 0.403655 -0.037992
v 0.035252 0.403655 -0.056503
v 0.090365 0.636076 -0.078973
v 0.092406 0.642737 -0.058857
v 0.154576 1.269255 -0.173565
v 0.118980 1.058089 -0.149423
v 0.123179 1.001602 -0.250526
v 0.160758 1.176527 -0.282646
v 0.154576 1.269255 -0.173565
v 0.211568 1.478201 -0.192170
v 0.227685 1.543886 -0.102614
v 0.172206 1.315620 -0.075935
v 0.154576 1.269255 -0.173565
v 0.160758 1.176527 -0.282646
v 0.217339 1.346832 -0.292251
v 0.211568 1.478201 -0.192170
v 0.237461 1.269255 -0.001206
v 0.326528 1.176527 0.062071
v 0.277974 1.001602 0.071370
v 0.196378 1.058089 0.011525
v 0.237461 1.269255 -0.001206
v 0.287577 1.478201 -0.034109
v 0.369357 1.346832 0.023870
v 0.326528 1.176527 0.062071
v 0.237461 1.269255 -0.001206
v 0.172206 1.315620 -0.075935
v 0.227685 1.543886 -0.102614
v 0.287577 1.478201 -0.034109
v -0.020293 0.403655 -0.034995
v -0.039218 0.403655 -0.027012
v -0.057349 0.642737 -0.079992
v -0.038494 0.646067 -0.084213
v -0.001368 0.403655 -0.042978
v -0.020293 0.403655 -0.034995
v -0.038494 0.646067 -0.084213
v -0.022312 0.642737 -0.094771
v 0.005432 0.255835 -0.031150
v 0.026117 0.255835 -0.039876
v 0.020946 0.236202 -0.037694
v 0.005432 0.229658 -0.031150
v -0.015253 0.229658 -0.022424
v -0.015253 0.255835 -0.022424
v -0.035938 0.255835 -0.013699
v -0.035938 0.229658 -0.013699
v -0.051452 0.236202 -0.007155
v -0.056623 0.255835 -0.004973
v 0.005432 0.255835 -0.031150
v 0.017557 0.403655 -0.050962
v 0.026117 0.255835 -0.039876
v -0.001368 0.403655 -0.042978
v -0.020293 0.403655 -0.034995
v -0.015253 0.255835 -0.022424
v -0.035938 0.255835 -0.013699
v -0.039218 0.403655 -0.027012
v -0.058143 0.403655 -0.019029
v -0.056623 0.255835 -0.004973
v -0.062695 1.598023 -0.347262
v -0.023061 1.478201 -0.273714
v -0.094420 1.543886 -0.217254
v -0.128389 1.682229 -0.297782
v -0.062695 1.598023 -0.347262
v -0.004797 1.429611 -0.415223
v 0.038859 1.346832 -0.352553
v -0.023061 1.478201 -0.273714
v -0.062695 1.598023 -0.347262
v -0.106944 1.673283 -0.431749
v -0.054062 1.510038 -0.455195
v -0.004797 1.429611 -0.415223
v -0.062695 1.598023 -0.347262
v -0.128389 1.682229 -0.297782
v -0.167380 1.775611 -0.390214
v -0.106944 1.673283 -0.431749
v -0.001431 0.931603 -0.136874
v -0.022312 0.642737 -0.094771
v -0.038494 0.646067 -0.084213
v -0.046242 0.944925 -0.103042
v -0.001431 0.931603 -0.136874
v 0.038034 0.904960 -0.183380
v -0.007467 0.636076 -0.108498
v -0.022312 0.642737 -0.094771
v -0.001431 0.931603 -0.136874
v 0.018047 1.058089 -0.180387
v 0.081821 1.001602 -0.258950
v 0.038034 0.904960 -0.183380
v -0.001431 0.931603 -0.136874
v -0.046242 0.944925 -0.103042
v -0.054978 1.086332 -0.123752
v 0.018047 1.058089 -0.180387
v 0.007345 1.269255 -0.222045
v -0.070493 1.315620 -0.160533
v -0.101746 0.931603 -0.094558
v -0.057349 0.642737 -0.079992
v -0.077541 0.636076 -0.078939
v -0.162596 0.904960 -0.098748
v -0.101746 0.931603 -0.094558
v -0.046242 0.944925 -0.103042
v -0.038494 0.646067 -0.084213
v -0.057349 0.642737 -0.079992
v -0.101746 0.931603 -0.094558
v -0.054978 1.086332 -0.123752
v -0.046242 0.944925 -0.103042
v -0.146503 1.058089 -0.110975
v -0.168871 1.269255 -0.147711
v -0.070493 1.315620 -0.160533
v -0.101746 0.931603 -0.094558
v -0.162596 0.904960 -0.098748
v -0.247278 1.001602 -0.120126
v -0.146503 1.058089 -0.110975
v -0.209674 1.598023 -0.285262
v -0.184658 1.478201 -0.205548
v -0.284336 1.346832 -0.216219
v -0.298755 1.429611 -0.291222
v -0.209674 1.598023 -0.285262
v -0.128389 1.682229 -0.297782
v -0.094420 1.543886 -0.217254
v -0.184658 1.478201 -0.205548
v -0.209674 1.598023 -0.285262
v -0.239305 1.673283 -0.375915
v -0.167380 1.775611 -0.390214
v -0.128389 1.682229 -0.297782
v -0.209674 1.598023 -0.285262
v -0.298755 1.429611 -0.291222
v -0.293003 1.510038 -0.354402
v -0.239305 1.673283 -0.375915
v -0.062119 0.404612 0.003661
v -0.070115 0.404612 -0.015259
v -0.124594 0.638126 0.008299
v -0.110478 0.644981 0.023596
v -0.039218 0.403655 -0.027012
v -0.058143 0.403655 -0.019029
v -0.077541 0.636076 -0.078939
v -0.057349 0.642737 -0.079992
v -0.168871 1.269255 -0.147711
v -0.146503 1.058089 -0.110975
v -0.247278 1.001602 -0.120126
v -0.277518 1.176527 -0.159235
v -0.168871 1.269255 -0.147711
v -0.184658 1.478201 -0.205548
v -0.094420 1.543886 -0.217254
v -0.070493 1.315620 -0.160533
v -0.168871 1.269255 -0.147711
v -0.277518 1.176527 -0.159235
v -0.284336 1.346832 -0.216219
v -0.184658 1.478201 -0.205548
v 0.007345 1.269255 -0.222045
v 0.074914 1.176527 -0.307902
v 0.081821 1.001602 -0.258950
v 0.018047 1.058089 -0.180387
v 0.007345 1.269255 -0.222045
v -0.023061 1.478201 -0.273714
v 0.038859 1.346832 -0.352553
v 0.074914 1.176527 -0.307902
v 0.007345 1.269255 -0.222045
v -0.070493 1.315620 -0.160533
v -0.094420 1.543886 -0.217254
v -0.023061 1.478201 -0.273714
v -0.046128 0.404612 0.041500
v -0.054124 0.404612 0.022580
v -0.098952 0.648533 0.041421
v -0.094202 0.644994 0.062110
v -0.054124 0.404612 0.022580
v -0.062119 0.404612 0.003661
v -0.110478 0.644981 0.023596
v -0.098952 0.648533 0.041421
v -0.050262 0.256284 -0.003162
v -0.056807 0.236202 -0.018675
v -0.059001 0.256284 -0.023841
v -0.050253 0.229658 -0.003166
v -0.041513 0.229658 0.017514
v -0.041523 0.256284 0.017517
v -0.032783 0.256284 0.038197
v -0.032774 0.229658 0.038193
v -0.026219 0.236202 0.053702
v -0.024044 0.256284 0.058876
v -0.050262 0.256284 -0.003162
v -0.059001 0.256284 -0.023841
v -0.070115 0.404612 -0.015259
v -0.062119 0.404612 0.003661
v -0.054124 0.404612 0.022580
v -0.041523 0.256284 0.017517
v -0.032783 0.256284 0.038197
v -0.046128 0.404612 0.041500
v -0.038132 0.404612 0.060419
v -0.024044 0.256284 0.058876
v -0.368347 1.611131 0.063847
v -0.316246 1.697899 0.133058
v -0.233948 1.556372 0.098278
v -0.292918 1.489451 0.023830
v -0.368347 1.611131 0.063847
v -0.292918 1.489451 0.023830
v -0.372832 1.357550 -0.038555
v -0.437313 1.441546 0.005510
v -0.368347 1.611131 0.063847
v -0.437313 1.441546 0.005510
v -0.477867 1.521819 0.054856
v -0.453503 1.686487 0.108208
v -0.368347 1.611131 0.063847
v -0.453503 1.686487 0.108208
v -0.409359 1.792018 0.172410
v -0.316246 1.697899 0.133058
v -0.153239 0.935283 0.002172
v -0.117952 0.949557 0.049256
v -0.098952 0.648533 0.041421
v -0.110478 0.644981 0.023596
v -0.153239 0.935283 0.002172
v -0.110478 0.644981 0.023596
v -0.124594 0.638126 0.008299
v -0.200308 0.907799 -0.037836
v -0.153239 0.935283 0.002172
v -0.200308 0.907799 -0.037836
v -0.276474 1.006610 -0.081729
v -0.197241 1.063800 -0.017395
v -0.153239 0.935283 0.002172
v -0.138918 1.092934 0.058117
v -0.117952 0.949557 0.049256
v -0.197241 1.063800 -0.017395
v -0.239609 1.277119 -0.006749
v -0.176007 1.323938 0.073791
v -0.108779 0.935291 0.107376
v -0.112890 0.907810 0.169014
v -0.093070 0.638145 0.082895
v -0.094202 0.644994 0.062110
v -0.108779 0.935291 0.107376
v -0.094202 0.644994 0.062110
v -0.098952 0.648533 0.041421
v -0.117952 0.949557 0.049256
v -0.108779 0.935291 0.107376
v -0.117952 0.949557 0.049256
v -0.138918 1.092934 0.058117
v -0.125412 1.063800 0.152567
v -0.162574 1.277119 0.175533
v -0.176007 1.323938 0.073791
v -0.108779 0.935291 0.107376
v -0.125412 1.063800 0.152567
v -0.134494 1.006611 0.254225
v -0.112890 0.907810 0.169014
v -0.302921 1.611131 0.218658
v -0.309148 1.441546 0.308772
v -0.232609 1.357550 0.293239
v -0.221655 1.489451 0.192452
v -0.302921 1.611131 0.218658
v -0.221655 1.489451 0.192452
v -0.233948 1.556372 0.098278
v -0.316246 1.697899 0.133058
v -0.302921 1.611131 0.218658
v -0.316246 1.697899 0.133058
v -0.409359 1.792018 0.172410
v -0.394082 1.686487 0.248811
v -0.302921 1.611131 0.218658
v -0.394082 1.686487 0.248811
v -0.372799 1.521819 0.303465
v -0.309148 1.441546 0.308772
v -0.002341 0.404612 0.064141
v -0.020570 0.404612 0.073606
v 0.009531 0.638127 0.126649
v 0.023665 0.644981 0.111368
v -0.093070 0.638145 0.082895
v -0.038132 0.404612 0.060419
v -0.046128 0.404612 0.041500
v -0.094202 0.644994 0.062110
v -0.162574 1.277119 0.175533
v -0.174215 1.184234 0.285209
v -0.134494 1.006611 0.254225
v -0.125412 1.063800 0.152567
v -0.162574 1.277119 0.175533
v -0.176007 1.323938 0.073791
v -0.233948 1.556372 0.098278
v -0.221655 1.489451 0.192452
v -0.162574 1.277119 0.175533
v -0.221655 1.489451 0.192452
v -0.232609 1.357550 0.293239
v -0.174215 1.184234 0.285209
v -0.239609 1.277119 -0.006749
v -0.197241 1.063800 -0.017395
v -0.276474 1.006610 -0.081729
v -0.326376 1.184234 -0.074836
v -0.239609 1.277119 -0.006749
v -0.326376 1.184234 -0.074836
v -0.372832 1.357550 -0.038555
v -0.292918 1.489451 0.023830
v -0.239609 1.277119 -0.006749
v -0.292918 1.489451 0.023830
v -0.233948 1.556372 0.098278
v -0.176007 1.323938 0.073791
v 0.034116 0.404612 0.045210
v 0.015888 0.404612 0.054675
v 0.040524 0.648533 0.098470
v 0.060773 0.644994 0.092100
v 0.015888 0.404612 0.054675
v -0.002341 0.404612 0.064141
v 0.023665 0.644981 0.111368
v 0.040524 0.648533 0.098470
v -0.010079 0.256284 0.052859
v -0.025027 0.236202 0.060610
v -0.030003 0.256284 0.063205
v -0.010084 0.229658 0.052850
v 0.009840 0.229658 0.042505
v 0.009845 0.256284 0.042514
v 0.029769 0.256284 0.032168
v 0.029765 0.229658 0.032159
v 0.044708 0.236202 0.024399
v 0.049693 0.256284 0.021822
v -0.010079 0.256284 0.052859
v -0.030003 0.256284 0.063205
v -0.020570 0.404612 0.073606
v -0.002341 0.404612 0.064141
v 0.015888 0.404612 0.054675
v 0.009845 0.256284 0.042514
v 0.029769 0.256284 0.032168
v 0.034116 0.404612 0.045210
v 0.052345 0.404612 0.035745
v 0.049693 0.256284 0.021822
v 0.084163 1.611131 0.365251
v 0.149042 1.697899 0.307845
v 0.107868 1.556372 0.228552
v 0.038312 1.489451 0.293220
v 0.084163 1.611131 0.365251
v 0.038312 1.489451 0.293220
v -0.017564 1.357550 0.377812
v 0.031457 1.441546 0.438610
v 0.084163 1.611131 0.365251
v 0.031457 1.441546 0.438610
v 0.083852 1.521819 0.475139
v 0.135113 1.686487 0.446637
v 0.084163 1.611131 0.365251
v 0.135113 1.686487 0.446637
v 0.195626 1.792018 0.397558
v 0.149042 1.697899 0.307845
v 0.005686 0.935283 0.155688
v 0.049835 0.949557 0.116792
v 0.040524 0.648533 0.098470
v 0.023665 0.644981 0.111368
v 0.005686 0.935283 0.155688
v 0.023665 0.644981 0.111368
v 0.009531 0.638127 0.126649
v -0.030478 0.907799 0.205770
v 0.005686 0.935283 0.155688
v -0.030478 0.907799 0.205770
v -0.068216 1.006611 0.285167
v -0.010343 1.063800 0.201098
v 0.005686 0.935283 0.155688
v 0.060325 1.092934 0.136992
v 0.049835 0.949557 0.116792
v -0.010343 1.063800 0.201098
v 0.003617 1.277119 0.242493
v 0.078880 1.323938 0.172727
v 0.107049 0.935291 0.103056
v 0.168819 0.907810 0.102285
v 0.081403 0.638145 0.089330
v 0.060773 0.644994 0.092100
v 0.107049 0.935291 0.103056
v 0.060773 0.644994 0.092100
v 0.040524 0.648533 0.098470
v 0.049835 0.949557 0.116792
v 0.107049 0.935291 0.103056
v 0.049835 0.949557 0.116792
v 0.060325 1.092934 0.136992
v 0.153413 1.063800 0.116066
v 0.179242 1.277119 0.151298
v 0.078880 1.323938 0.172727
v 0.107049 0.935291 0.103056
v 0.153413 1.063800 0.116066
v 0.255471 1.006611 0.117089
v 0.168819 0.907810 0.102285
v 0.233321 1.611131 0.287799
v 0.323646 1.441546 0.286888
v 0.302114 1.357550 0.211815
v 0.200777 1.489451 0.208858
v 0.233321 1.611131 0.287799
v 0.200777 1.489451 0.208858
v 0.107868 1.556372 0.228552
v 0.149042 1.697899 0.307845
v 0.233321 1.611131 0.287799
v 0.149042 1.697899 0.307845
v 0.195626 1.792018 0.397558
v 0.270582 1.686487 0.376293
v 0.233321 1.611131 0.287799
v 0.270582 1.686487 0.376293
v 0.323384 1.521819 0.350759
v 0.323646 1.441546 0.286888
v 0.053133 0.404612 0.003272
v 0.062035 0.404612 0.021783
v 0.118253 0.638126 -0.005258
v 0.103413 0.644981 -0.019855
v 0.081403 0.638145 0.089330
v 0.052345 0.404612 0.035745
v 0.034116 0.404612 0.045210
v 0.060773 0.644994 0.092100
v 0.179242 1.277119 0.151298
v 0.289496 1.184234 0.154238
v 0.255471 1.006611 0.117089
v 0.153413 1.063800 0.116066
v 0.179242 1.277119 0.151298
v 0.078880 1.323938 0.172727
v 0.107868 1.556372 0.228552
v 0.200777 1.489451 0.208858
v 0.179242 1.277119 0.151298
v 0.200777 1.489451 0.208858
v 0.302114 1.357550 0.211815
v 0.289496 1.184234 0.154238
v 0.003617 1.277119 0.242493
v -0.010343 1.063800 0.201098
v -0.068216 1.006611 0.285167
v -0.057402 1.184234 0.334368
v 0.003617 1.277119 0.242493
v -0.057402 1.184234 0.334368
v -0.017564 1.357550 0.377812
v 0.038312 1.489451 0.293220
v 0.003617 1.277119 0.242493
v 0.038312 1.489451 0.293220
v 0.107868 1.556372 0.228552
v 0.078880 1.323938 0.172727
v 0.035330 0.404612 -0.033749
v 0.044232 0.404612 -0.015239
v 0.091039 0.648533 -0.037102
v 0.085294 0.644994 -0.057537
v 0.044232 0.404612 -0.015239
v 0.053133 0.404612 0.003272
v 0.103413 0.644981 -0.019855
v 0.091039 0.648533 -0.037102
v 0.041620 0.256284 0.010660
v 0.048907 0.236202 0.025838
v 0.051349 0.256284 0.030892
v 0.041610 0.229658 0.010664
v 0.031881 0.229658 -0.009568
v 0.031891 0.256284 -0.009572
v 0.022161 0.256284 -0.029805
v 0.022152 0.229658 -0.029800
v 0.014855 0.236202 -0.044974
v 0.012432 0.256284 -0.050037
v 0.041620 0.256284 0.010660
v 0.051349 0.256284 0.030892
v 0.062035 0.404612 0.021783
v 0.053133 0.404612 0.003272
v 0.044232 0.404612 -0.015239
v 0.031891 0.256284 -0.009572
v 0.022161 0.256284 -0.029805
v 0.035330 0.404612 -0.033749
v 0.026429 0.404612 -0.052260
v 0.012432 0.256284 -0.050037
v 0.359034 1.611131 -0.072532
v 0.303646 1.697899 -0.139143
v 0.223126 1.556372 -0.100422
v 0.285629 1.489451 -0.028914
v 0.359034 1.611131 -0.072532
v 0.285629 1.489451 -0.028914
v 0.368466 1.357550 0.029533
v 0.430740 1.441546 -0.017599
v 0.359034 1.611131 -0.072532
v 0.430740 1.441546 -0.017599
v 0.468860 1.521819 -0.068849
v 0.441945 1.686487 -0.120960
v 0.359034 1.611131 -0.072532
v 0.441945 1.686487 -0.120960
v 0.394747 1.792018 -0.182952
v 0.303646 1.697899 -0.139143
v 0.147161 0.935283 -0.000524
v 0.109638 0.949557 -0.045847
v 0.091039 0.648533 -0.037102
v 0.103413 0.644981 -0.019855
v 0.147161 0.935283 -0.000524
v 0.103413 0.644981 -0.019855
v 0.118253 0.638126 -0.005258
v 0.196109 0.907799 0.037160
v 0.147161 0.935283 -0.000524
v 0.196109 0.907799 0.037160
v 0.274310 1.006610 0.077317
v 0.192058 1.063800 0.016890
v 0.147161 0.935283 -0.000524
v 0.130151 1.092934 -0.055711
v 0.109638 0.949557 -0.045847
v 0.192058 1.063800 0.016890
v 0.233862 1.277119 0.004208
v 0.166438 1.323938 -0.073161
v 0.097664 0.935291 -0.103455
v 0.098789 0.907810 -0.165219
v 0.083157 0.638145 -0.078242
v 0.085294 0.644994 -0.057537
v 0.097664 0.935291 -0.103455
v 0.085294 0.644994 -0.057537
v 0.091039 0.648533 -0.037102
v 0.109638 0.949557 -0.045847
v 0.097664 0.935291 -0.103455
v 0.109638 0.949557 -0.045847
v 0.130151 1.092934 -0.055711
v 0.112092 1.063800 -0.149398
v 0.148099 1.277119 -0.174134
v 0.166438 1.323938 -0.073161
v 0.097664 0.935291 -0.103455
v 0.112092 1.063800 -0.149398
v 0.116246 1.006610 -0.251376
v 0.098789 0.907810 -0.165219
v 0.286196 1.611131 -0.223997
v 0.288058 1.441546 -0.314307
v 0.212360 1.357550 -0.295090
v 0.206294 1.489451 -0.193892
v 0.286196 1.611131 -0.223997
v 0.206294 1.489451 -0.193892
v 0.223126 1.556372 -0.100422
v 0.303646 1.697899 -0.139143
v 0.286196 1.611131 -0.223997
v 0.303646 1.697899 -0.139143
v 0.394747 1.792018 -0.182952
v 0.375792 1.686487 -0.258525
v 0.286196 1.611131 -0.223997
v 0.375792 1.686487 -0.258525
v 0.351891 1.521819 -0.312086
v 0.288058 1.441546 -0.314307
v 0.002437 0.404612 -0.033957
v 0.021362 0.404612 -0.041941
v -0.002548 0.638126 -0.103179
v -0.017855 0.644981 -0.089073
v 0.083157 0.638145 -0.078242
v 0.026429 0.404612 -0.052260
v 0.035330 0.404612 -0.033749
v 0.085294 0.644994 -0.057537
v 0.148099 1.277119 -0.174134
v 0.154422 1.184234 -0.284245
v 0.116246 1.006610 -0.251376
v 0.112092 1.063800 -0.149398
v 0.148099 1.277119 -0.174134
v 0.166438 1.323938 -0.073161
v 0.223126 1.556372 -0.100422
v 0.206294 1.489451 -0.193892
v 0.148099 1.277119 -0.174134
v 0.206294 1.489451 -0.193892
v 0.212360 1.357550 -0.295090
v 0.154422 1.184234 -0.284245
v 0.233862 1.277119 0.004208
v 0.192058 1.063800 0.016890
v 0.274310 1.006610 0.077317
v 0.323820 1.184234 0.068018
v 0.233862 1.277119 0.004208
v 0.323820 1.184234 0.068018
v 0.368466 1.357550 0.029533
v 0.285629 1.489451 -0.028914
v 0.233862 1.277119 0.004208
v 0.285629 1.489451 -0.028914
v 0.223126 1.556372 -0.100422
v 0.166438 1.323938 -0.073161
v -0.035413 0.404612 -0.017991
v -0.016488 0.404612 -0.025974
v -0.035687 0.648533 -0.077559
v -0.056379 0.644994 -0.072823
v -0.016488 0.404612 -0.025974
v 0.002437 0.404612 -0.033957
v -0.017855 0.644981 -0.089073
v -0.035687 0.648533 -0.077559
v 0.009251 0.256284 -0.022096
v 0.024769 0.236202 -0.028630
v 0.029936 0.256284 -0.030821
v 0.009255 0.229658 -0.022086
v -0.011430 0.229658 -0.013360
v -0.011434 0.256284 -0.013370
v -0.032119 0.256284 -0.004644
v -0.032115 0.229658 -0.004635
v -0.047629 0.236202 0.001910
v -0.052804 0.256284 0.004081
v 0.009251 0.256284 -0.022096
v 0.029936 0.256284 -0.030821
v 0.021362 0.404612 -0.041941
v 0.002437 0.404612 -0.033957
v -0.016488 0.404612 -0.025974
v -0.011434 0.256284 -0.013370
v -0.032119 0.256284 -0.004644
v -0.035413 0.404612 -0.017991
v -0.054338 0.404612 -0.010008
v -0.052804 0.256284 0.004081
v -0.057933 1.611131 -0.346969
v -0.127180 1.697899 -0.294914
v -0.092454 1.556372 -0.212593
v -0.017967 1.489451 -0.271514
v -0.057933 1.611131 -0.346969
v -0.017967 1.489451 -0.271514
v 0.044471 1.357550 -0.351385
v 0.000450 1.441546 -0.415896
v -0.057933 1.611131 -0.346969
v 0.000450 1.441546 -0.415896
v -0.048869 1.521818 -0.456483
v -0.102238 1.686487 -0.432155
v -0.057933 1.611131 -0.346969
v -0.102238 1.686487 -0.432155
v -0.166469 1.792018 -0.388053
v -0.127180 1.697899 -0.294914
v 0.003598 0.935283 -0.131820
v -0.043509 0.949557 -0.096564
v -0.035687 0.648533 -0.077559
v -0.017855 0.644981 -0.089073
v 0.003598 0.935283 -0.131820
v -0.017855 0.644981 -0.089073
v -0.002548 0.638126 -0.103179
v 0.043637 0.907799 -0.178862
v 0.003598 0.935283 -0.131820
v 0.043637 0.907799 -0.178862
v 0.087581 1.006610 -0.254999
v 0.023194 1.063800 -0.175809
v 0.003598 0.935283 -0.131820
v -0.052356 1.092934 -0.117536
v -0.043509 0.949557 -0.096564
v 0.023194 1.063800 -0.175809
v 0.012576 1.277119 -0.218184
v -0.068006 1.323938 -0.154636
v -0.101636 0.935291 -0.087430
v -0.163270 0.907810 -0.091583
v -0.077165 0.638145 -0.071704
v -0.056379 0.644994 -0.072823
v -0.101636 0.935291 -0.087430
v -0.056379 0.644994 -0.072823
v -0.035687 0.648533 -0.077559
v -0.043509 0.949557 -0.096564
v -0.101636 0.935291 -0.087430
v -0.043509 0.949557 -0.096564
v -0.052356 1.092934 -0.117536
v -0.146816 1.063800 -0.104093
v -0.169757 1.277119 -0.141271
v -0.068006 1.323938 -0.154636
v -0.101636 0.935291 -0.087430
v -0.146816 1.063800 -0.104093
v -0.248468 1.006610 -0.113243
v -0.163270 0.907810 -0.091583
v -0.212788 1.611131 -0.281647
v -0.302898 1.441546 -0.287934
v -0.287416 1.357550 -0.211385
v -0.186637 1.489451 -0.200363
v -0.212788 1.611131 -0.281647
v -0.186637 1.489451 -0.200363
v -0.092454 1.556372 -0.212593
v -0.127180 1.697899 -0.294914
v -0.212788 1.611131 -0.281647
v -0.127180 1.697899 -0.294914
v -0.166469 1.792018 -0.388053
v -0.242880 1.686487 -0.372828
v -0.212788 1.611131 -0.281647
v -0.242880 1.686487 -0.372828
v -0.297549 1.521819 -0.351582
v -0.302898 1.441546 -0.287934
v -0.129910 0.636076 0.013221
v -0.124594 0.638126 0.008299
v -0.070115 0.404612 -0.015259
v -0.079134 0.403655 -0.011448
v -0.077165 0.638145 -0.071704
v -0.054338 0.404612 -0.010008
v -0.035413 0.404612 -0.017991
v -0.056379 0.644994 -0.072823
v -0.169757 1.277119 -0.141271
v -0.279425 1.184234 -0.152985
v -0.248468 1.006610 -0.113243
v -0.146816 1.063800 -0.104093
v -0.169757 1.277119 -0.141271
v -0.068006 1.323938 -0.154636
v -0.092454 1.556372 -0.212593
v -0.186637 1.489451 -0.200363
v -0.169757 1.277119 -0.141271
v -0.186637 1.489451 -0.200363
v -0.287416 1.357550 -0.211385
v -0.279425 1.184234 -0.152985
v 0.012576 1.277119 -0.218184
v 0.023194 1.063800 -0.175809
v 0.087581 1.006610 -0.254999
v 0.080721 1.184234 -0.304906
v 0.012576 1.277119 -0.218184
v 0.080721 1.184234 -0.304906
v 0.044471 1.357550 -0.351385
v -0.017967 1.489451 -0.271514
v 0.012576 1.277119 -0.218184
v -0.017967 1.489451 -0.271514
v -0.092454 1.556372 -0.212593
v -0.068006 1.323938 -0.154636
v -0.050575 0.229658 0.021343
v -0.032774 0.229658 0.038193
v -0.041835 0.229658 0.042022
v -0.041513 0.229658 0.017514
v -0.059314 0.229658 0.000664
v -0.050253 0.229658 -0.003166
v -0.041835 0.229658 0.042022
v -0.032774 0.229658 0.038193
v -0.026219 0.236202 0.053702
v -0.035281 0.236202 0.057531
v -0.033096 0.255835 0.062701
v -0.024044 0.256284 0.058876
v -0.038132 0.404612 0.060419
v -0.047151 0.403655 0.064230
v -0.035281 0.236202 0.057531
v -0.026219 0.236202 0.053702
v -0.024044 0.256284 0.058876
v -0.033096 0.255835 0.062701
v -0.047151 0.403655 0.064230
v -0.038132 0.404612 0.060419
v -0.093070 0.638145 0.082895
v -0.100304 0.636076 0.083276
v 0.014858 0.636076 0.131559
v 0.009531 0.638127 0.126649
v -0.020570 0.404612 0.073606
v -0.016058 0.403655 0.082296
v -0.068053 0.255835 -0.020015
v -0.059001 0.256284 -0.023841
v -0.056807 0.236202 -0.018675
v -0.065869 0.236202 -0.014846
v -0.079134 0.403655 -0.011448
v -0.070115 0.404612 -0.015259
v -0.059001 0.256284 -0.023841
v -0.068053 0.255835 -0.020015
v -0.397172 1.673283 0.245238
v -0.394082 1.686487 0.248811
v -0.409359 1.792018 0.172410
v -0.411518 1.775611 0.173322
v -0.453503 1.686487 0.108208
v -0.453094 1.673283 0.112914
v -0.375623 1.510038 0.298921
v -0.372799 1.521819 0.303465
v -0.394082 1.686487 0.248811
v -0.397172 1.673283 0.245238
v -0.120056 0.904960 0.168344
v -0.112890 0.907810 0.169014
v -0.134494 1.006611 0.254225
v -0.141377 1.001602 0.253040
v -0.100304 0.636076 0.083276
v -0.093070 0.638145 0.082895
v -0.112890 0.907810 0.169014
v -0.120056 0.904960 0.168344
v -0.436637 1.429611 0.010756
v -0.437313 1.441546 0.005510
v -0.372832 1.357550 -0.038555
v -0.373996 1.346832 -0.032942
v -0.476575 1.510038 0.060047
v -0.477867 1.521819 0.054856
v -0.437313 1.441546 0.005510
v -0.436637 1.429611 0.010756
v -0.180466 1.176528 0.283306
v -0.174215 1.184234 0.285209
v -0.232609 1.357550 0.293239
v -0.237446 1.346832 0.290162
v -0.141377 1.001602 0.253040
v -0.134494 1.006611 0.254225
v -0.174215 1.184234 0.285209
v -0.180466 1.176528 0.283306
v -0.204822 0.904960 -0.032230
v -0.200308 0.907799 -0.037836
v -0.124594 0.638126 0.008299
v -0.129910 0.636076 0.013221
v -0.280422 1.001602 -0.075966
v -0.276474 1.006610 -0.081729
v -0.200308 0.907799 -0.037836
v -0.204822 0.904960 -0.032230
v -0.065869 0.236202 -0.014846
v -0.056807 0.236202 -0.018675
v -0.050253 0.229658 -0.003166
v -0.059314 0.229658 0.000664
v -0.453094 1.673283 0.112914
v -0.453503 1.686487 0.108208
v -0.477867 1.521819 0.054856
v -0.476575 1.510038 0.060047
v -0.329368 1.176527 -0.069026
v -0.326376 1.184234 -0.074836
v -0.276474 1.006610 -0.081729
v -0.280422 1.001602 -0.075966
v -0.373996 1.346832 -0.032942
v -0.372832 1.357550 -0.038555
v -0.326376 1.184234 -0.074836
v -0.329368 1.176527 -0.069026
v -0.312439 1.429611 0.304632
v -0.309148 1.441546 0.308772
v -0.372799 1.521819 0.303465
v -0.375623 1.510038 0.298921
v -0.237446 1.346832 0.290162
v -0.232609 1.357550 0.293239
v -0.309148 1.441546 0.308772
v -0.312439 1.429611 0.304632
v 0.014374 0.229658 0.051235
v 0.029765 0.229658 0.032159
v 0.034298 0.229658 0.040890
v 0.009840 0.229658 0.042505
v -0.005550 0.229658 0.061581
v -0.010084 0.229658 0.052850
v 0.034298 0.229658 0.040890
v 0.029765 0.229658 0.032159
v 0.044708 0.236202 0.024399
v 0.049241 0.236202 0.033130
v 0.054222 0.255835 0.030544
v 0.049693 0.256284 0.021822
v 0.052345 0.404612 0.035745
v 0.056857 0.403655 0.044434
v 0.049241 0.236202 0.033130
v 0.044708 0.236202 0.024399
v 0.049693 0.256284 0.021822
v 0.054222 0.255835 0.030544
v 0.056857 0.403655 0.044434
v 0.052345 0.404612 0.035745
v 0.081403 0.638145 0.089330
v 0.082354 0.636076 0.096511
v 0.123325 0.636076 -0.010432
v 0.118253 0.638126 -0.005258
v 0.062035 0.404612 0.021783
v 0.070859 0.403655 0.017540
v -0.025474 0.255835 0.071927
v -0.030003 0.256284 0.063205
v -0.025027 0.236202 0.060610
v -0.020493 0.236202 0.069340
v -0.016058 0.403655 0.082296
v -0.020570 0.404612 0.073606
v -0.030003 0.256284 0.063205
v -0.025474 0.255835 0.071927
v 0.267264 1.673283 0.379655
v 0.270582 1.686487 0.376293
v 0.195626 1.792018 0.397558
v 0.196707 1.775611 0.399639
v 0.135113 1.686487 0.446637
v 0.139772 1.673283 0.445857
v 0.319077 1.510038 0.353933
v 0.323384 1.521819 0.350759
v 0.270582 1.686487 0.376293
v 0.267264 1.673283 0.379655
v 0.168717 0.904960 0.109481
v 0.168819 0.907810 0.102285
v 0.255471 1.006611 0.117089
v 0.254833 1.001602 0.124044
v 0.082354 0.636076 0.096511
v 0.081403 0.638145 0.089330
v 0.168819 0.907810 0.102285
v 0.168717 0.904960 0.109481
v 0.036633 1.429611 0.437522
v 0.031457 1.441546 0.438610
v -0.017564 1.357550 0.377812
v -0.011877 1.346832 0.378529
v 0.088926 1.510038 0.473442
v 0.083852 1.521819 0.475139
v 0.031457 1.441546 0.438610
v 0.036633 1.429611 0.437522
v 0.288092 1.176527 0.160620
v 0.289496 1.184234 0.154238
v 0.302114 1.357550 0.211815
v 0.299429 1.346832 0.216880
v 0.254833 1.001602 0.124044
v 0.255471 1.006611 0.117089
v 0.289496 1.184234 0.154238
v 0.288092 1.176527 0.160620
v -0.024533 0.904960 0.209828
v -0.030478 0.907799 0.205770
v 0.009531 0.638127 0.126649
v 0.014858 0.636076 0.131559
v -0.062160 1.001602 0.288647
v -0.068216 1.006611 0.285167
v -0.030478 0.907799 0.205770
v -0.024533 0.904960 0.209828
v -0.020493 0.236202 0.069340
v -0.025027 0.236202 0.060610
v -0.010084 0.229658 0.052850
v -0.005550 0.229658 0.061581
v 0.139772 1.673283 0.445857
v 0.135113 1.686487 0.446637
v 0.083852 1.521819 0.475139
v 0.088926 1.510038 0.473442
v -0.051375 1.176528 0.336892
v -0.057402 1.184234 0.334368
v -0.068216 1.006611 0.285167
v -0.062160 1.001602 0.288647
v -0.011877 1.346832 0.378529
v -0.017564 1.357550 0.377812
v -0.057402 1.184234 0.334368
v -0.051375 1.176528 0.336892
v 0.319778 1.429611 0.290496
v 0.323646 1.441546 0.286888
v 0.323384 1.521819 0.350759
v 0.319077 1.510038 0.353933
v 0.299429 1.346832 0.216880
v 0.302114 1.357550 0.211815
v 0.323646 1.441546 0.286888
v 0.319778 1.429611 0.290496
v 0.040747 0.229658 -0.013831
v 0.022152 0.229658 -0.029800
v 0.031017 0.229658 -0.034063
v 0.031881 0.229658 -0.009568
v 0.050476 0.229658 0.006401
v 0.041610 0.229658 0.010664
v 0.031017 0.229658 -0.034063
v 0.022152 0.229658 -0.029800
v 0.014855 0.236202 -0.044974
v 0.023720 0.236202 -0.049238
v 0.021288 0.255835 -0.054296
v 0.012432 0.256284 -0.050037
v 0.026429 0.404612 -0.052260
v 0.035252 0.403655 -0.056503
v 0.023720 0.236202 -0.049238
v 0.014855 0.236202 -0.044974
v 0.012432 0.256284 -0.050037
v 0.021288 0.255835 -0.054296
v 0.035252 0.403655 -0.056503
v 0.026429 0.404612 -0.052260
v 0.083157 0.638145 -0.078242
v 0.090365 0.636076 -0.078973
v -0.007467 0.636076 -0.108498
v -0.002548 0.638126 -0.103179
v 0.021362 0.404612 -0.041941
v 0.017557 0.403655 -0.050962
v 0.060206 0.255835 0.026633
v 0.051349 0.256284 0.030892
v 0.048907 0.236202 0.025838
v 0.057773 0.236202 0.021575
v 0.070859 0.403655 0.017540
v 0.062035 0.404612 0.021783
v 0.051349 0.256284 0.030892
v 0.060206 0.255835 0.026633
v 0.379051 1.673283 -0.255105
v 0.375792 1.686487 -0.258525
v 0.394747 1.792018 -0.182952
v 0.396859 1.775611 -0.183968
v 0.441945 1.686487 -0.120960
v 0.441309 1.673283 -0.125641
v 0.354931 1.510038 -0.307683
v 0.351891 1.521819 -0.312086
v 0.375792 1.686487 -0.258525
v 0.379051 1.673283 -0.255105
v 0.105979 0.904960 -0.164897
v 0.098789 0.907810 -0.165219
v 0.116246 1.006610 -0.251376
v 0.123179 1.001602 -0.250526
v 0.090365 0.636076 -0.078973
v 0.083157 0.638145 -0.078242
v 0.098789 0.907810 -0.165219
v 0.105979 0.904960 -0.164897
v 0.429812 1.429611 -0.022806
v 0.430740 1.441546 -0.017599
v 0.368466 1.357550 0.029533
v 0.369357 1.346832 0.023870
v 0.467319 1.510038 -0.073972
v 0.468860 1.521819 -0.068849
v 0.430740 1.441546 -0.017599
v 0.429812 1.429611 -0.022806
v 0.160758 1.176527 -0.282646
v 0.154422 1.184234 -0.284245
v 0.212360 1.357550 -0.295090
v 0.217339 1.346832 -0.292251
v 0.123179 1.001602 -0.250526
v 0.116246 1.006610 -0.251376
v 0.154422 1.184234 -0.284245
v 0.160758 1.176527 -0.282646
v 0.200348 0.904960 0.031342
v 0.196109 0.907799 0.037160
v 0.118253 0.638126 -0.005258
v 0.123325 0.636076 -0.010432
v 0.277974 1.001602 0.071370
v 0.274310 1.006610 0.077317
v 0.196109 0.907799 0.037160
v 0.200348 0.904960 0.031342
v 0.057773 0.236202 0.021575
v 0.048907 0.236202 0.025838
v 0.041610 0.229658 0.010664
v 0.050476 0.229658 0.006401
v 0.441309 1.673283 -0.125641
v 0.441945 1.686487 -0.120960
v 0.468860 1.521819 -0.068849
v 0.467319 1.510038 -0.073972
v 0.326528 1.176527 0.062071
v 0.323820 1.184234 0.068018
v 0.274310 1.006610 0.077317
v 0.277974 1.001602 0.071370
v 0.369357 1.346832 0.023870
v 0.368466 1.357550 0.029533
v 0.323820 1.184234 0.068018
v 0.326528 1.176527 0.062071
v 0.291545 1.429611 -0.310331
v 0.288058 1.441546 -0.314307
v 0.351891 1.521819 -0.312086
v 0.354931 1.510038 -0.307683
v 0.217339 1.346832 -0.292251
v 0.212360 1.357550 -0.295090
v 0.288058 1.441546 -0.314307
v 0.291545 1.429611 -0.310331
v -0.015253 0.229658 -0.022424
v -0.032115 0.229658 -0.004635
v -0.035938 0.229658 -0.013699
v -0.011430 0.229658 -0.013360
v 0.005432 0.229658 -0.031150
v 0.009255 0.229658 -0.022086
v -0.035938 0.229658 -0.013699
v -0.032115 0.229658 -0.004635
v -0.047629 0.236202 0.001910
v -0.051452 0.236202 -0.007155
v -0.056623 0.255835 -0.004973
v -0.052804 0.256284 0.004081
v -0.054338 0.404612 -0.010008
v -0.058143 0.403655 -0.019029
v -0.051452 0.236202 -0.007155
v -0.047629 0.236202 0.001910
v -0.052804 0.256284 0.004081
v -0.056623 0.255835 -0.004973
v -0.058143 0.403655 -0.019029
v -0.054338 0.404612 -0.010008
v -0.077165 0.638145 -0.071704
v -0.077541 0.636076 -0.078939
v 0.026117 0.255835 -0.039876
v 0.029936 0.256284 -0.030821
v 0.024769 0.236202 -0.028630
v 0.020946 0.236202 -0.037694
v 0.017557 0.403655 -0.050962
v 0.021362 0.404612 -0.041941
v 0.029936 0.256284 -0.030821
v 0.026117 0.255835 -0.039876
v -0.239305 1.673283 -0.375915
v -0.242880 1.686487 -0.372828
v -0.166469 1.792018 -0.388053
v -0.167380 1.775611 -0.390214
v -0.102238 1.686487 -0.432155
v -0.106944 1.673283 -0.431749
v -0.293003 1.510038 -0.354402
v -0.297549 1.521819 -0.351582
v -0.242880 1.686487 -0.372828
v -0.239305 1.673283 -0.375915
v -0.162596 0.904960 -0.098748
v -0.163270 0.907810 -0.091583
v -0.248468 1.006610 -0.113243
v -0.247278 1.001602 -0.120126
v -0.077541 0.636076 -0.078939
v -0.077165 0.638145 -0.071704
v -0.163270 0.907810 -0.091583
v -0.162596 0.904960 -0.098748
v -0.004797 1.429611 -0.415223
v 0.000450 1.441546 -0.415896
v 0.044471 1.357550 -0.351385
v 0.038859 1.346832 -0.352553
v -0.054062 1.510038 -0.455195
v -0.048869 1.521818 -0.456483
v 0.000450 1.441546 -0.415896
v -0.004797 1.429611 -0.415223
v -0.277518 1.176527 -0.159235
v -0.279425 1.184234 -0.152985
v -0.287416 1.357550 -0.211385
v -0.284336 1.346832 -0.216219
v -0.247278 1.001602 -0.120126
v -0.248468 1.006610 -0.113243
v -0.279425 1.184234 -0.152985
v -0.277518 1.176527 -0.159235
v 0.038034 0.904960 -0.183380
v 0.043637 0.907799 -0.178862
v -0.002548 0.638126 -0.103179
v -0.007467 0.636076 -0.108498
v 0.081821 1.001602 -0.258950
v 0.087581 1.006610 -0.254999
v 0.043637 0.907799 -0.178862
v 0.038034 0.904960 -0.183380
v 0.020946 0.236202 -0.037694
v 0.024769 0.236202 -0.028630
v 0.009255 0.229658 -0.022086
v 0.005432 0.229658 -0.031150
v -0.106944 1.673283 -0.431749
v -0.102238 1.686487 -0.432155
v -0.048869 1.521818 -0.456483
v -0.054062 1.510038 -0.455195
v 0.074914 1.176527 -0.307902
v 0.080721 1.184234 -0.304906
v 0.087581 1.006610 -0.254999
v 0.081821 1.001602 -0.258950
v 0.038859 1.346832 -0.352553
v 0.044471 1.357550 -0.351385
v 0.080721 1.184234 -0.304906
v 0.074914 1.176527 -0.307902
v -0.298755 1.429611 -0.291222
v -0.302898 1.441546 -0.287934
v -0.297549 1.521819 -0.351582
v -0.293003 1.510038 -0.354402
v -0.284336 1.346832 -0.216219
v -0.287416 1.357550 -0.211385
v -0.302898 1.441546 -0.287934
v -0.298755 1.429611 -0.291222
vn 0.986976 -0.141440 -0.076642
vn 0.986976 -0.141440 -0.076642
vn 0.986976 -0.141440 -0.076642
vn 0.986976 -0.141440 -0.076642
vn 0.988932 -0.135862 -0.059630
vn 0.988932 -0.135862 -0.059630
vn 0.988932 -0.135862 -0.059630
vn 0.988932 -0.135862 -0.059630
vn 0.765723 -0.141440 -0.627426
vn 0.765723 -0.141440 -0.627426
vn 0.765723 -0.141440 -0.627426
vn 0.765723 -0.141440 -0.627426
vn 0.755367 -0.135862 -0.641063
vn 0.755367 -0.135862 -0.641063
vn 0.755367 -0.135862 -0.641063
vn 0.755367 -0.135862 -0.641063
vn -0.076642 -0.141440 -0.986976
vn -0.076642 -0.141440 -0.986976
vn -0.076642 -0.141440 -0.986976
vn -0.076642 -0.141440 -0.986976
vn -0.059630 -0.135862 -0.988932
vn -0.059630 -0.135862 -0.988932
vn -0.059630 -0.135862 -0.988932
vn -0.059630 -0.135862 -0.988932
vn -0.627426 -0.141440 -0.765723
vn -0.627426 -0.141440 -0.765723
vn -0.627426 -0.141440 -0.765723
vn -0.627426 -0.141440 -0.765723
vn -0.641063 -0.135862 -0.755367
vn -0.641063 -0.135862 -0.755367
vn -0.641063 -0.135862 -0.755367
vn -0.641063 -0.135862 -0.755367
vn -0.986976 -0.141440 0.076642
vn -0.986976 -0.141440 0.076642
vn -0.986976 -0.141440 0.076642
vn -0.986976 -0.141440 0.076642
vn -0.988932 -0.135861 0.059630
vn -0.988932 -0.135861 0.059630
vn -0.988932 -0.135861 0.059630
vn -0.988932 -0.135861 0.059630
vn -0.765723 -0.141440 0.627426
vn -0.765723 -0.141440 0.627426
vn -0.765723 -0.141440 0.627426
vn -0.765723 -0.141440 0.627426
vn -0.755367 -0.135861 0.641063
vn -0.755367 -0.135861 0.641063
vn -0.755367 -0.135861 0.641063
vn -0.755367 -0.135861 0.641063
vn 0.076642 -0.141440 0.986976
vn 0.076642 -0.141440 0.986976
vn 0.076642 -0.141440 0.986976
vn 0.076642 -0.141440 0.986976
vn 0.059630 -0.135861 0.988932
vn 0.059630 -0.135861 0.988932
vn 0.059630 -0.135861 0.988932
vn 0.059630 -0.135861 0.988932
vn 0.640477 -0.142312 0.754676
vn 0.627426 -0.141440 0.765723
vn 0.627426 -0.141440 0.765723
vn 0.640477 -0.142312 0.754676
vn 0.640477 -0.142312 0.754676
vn 0.640477 -0.142312 0.754676
vn 0.641063 -0.135861 0.755367
vn 0.641063 -0.135861 0.755367
vn -0.687942 -0.055613 -0.723631
vn -0.687942 -0.055613 -0.723631
vn -0.687942 -0.055613 -0.723631
vn -0.687942 -0.055613 -0.723631
vn -0.003824 -0.055613 -0.998445
vn -0.003824 -0.055613 -0.998445
vn -0.003824 -0.055613 -0.998445
vn -0.003824 -0.055613 -0.998445
vn -0.452840 0.870388 -0.193288
vn -0.452840 0.870388 -0.193288
vn -0.452840 0.870388 -0.193288
vn -0.452840 0.870388 -0.193288
vn 0.193288 0.870388 -0.452840
vn 0.193288 0.870388 -0.452840
vn 0.193288 0.870388 -0.452840
vn 0.193288 0.870388 -0.452840
vn 0.452840 0.870388 0.193287
vn 0.452840 0.870388 0.193287
vn 0.452840 0.870388 0.193287
vn 0.452840 0.870388 0.193287
vn -0.193288 0.870388 0.452840
vn -0.193288 0.870388 0.452840
vn -0.193288 0.870388 0.452840
vn -0.193288 0.870388 0.452840
vn 0.381663 -0.234070 -0.894173
vn 0.381663 -0.234070 -0.894173
vn 0.381663 -0.234070 -0.894173
vn 0.381663 -0.234070 -0.894173
vn -0.894173 -0.234070 -0.381663
vn -0.894173 -0.234070 -0.381663
vn -0.894173 -0.234070 -0.381663
vn -0.894173 -0.234070 -0.381663
vn -0.381663 -0.234070 0.894173
vn -0.381663 -0.234070 0.894173
vn -0.381663 -0.234070 0.894173
vn -0.381663 -0.234070 0.894173
vn 0.894173 -0.234070 0.381663
vn 0.894173 -0.234070 0.381663
vn 0.894173 -0.234070 0.381663
vn 0.894173 -0.234070 0.381663
vn 0.723632 -0.055613 -0.687942
vn 0.723632 -0.055613 -0.687942
vn 0.723632 -0.055613 -0.687942
vn 0.723632 -0.055613 -0.687942
vn 0.998445 -0.055613 -0.003824
vn 0.998445 -0.055613 -0.003824
vn 0.998445 -0.055613 -0.003824
vn 0.998445 -0.055613 -0.003824
vn -0.723631 -0.055613 0.687943
vn -0.723631 -0.055613 0.687943
vn -0.723631 -0.055613 0.687943
vn -0.723631 -0.055613 0.687943
vn -0.998445 -0.055613 0.003824
vn -0.998445 -0.055613 0.003824
vn -0.998445 -0.055613 0.003824
vn -0.998445 -0.055613 0.003824
vn 0.687943 -0.055613 0.723631
vn 0.687943 -0.055613 0.723631
vn 0.687943 -0.055613 0.723631
vn 0.687943 -0.055613 0.723631
vn 0.003824 -0.055613 0.998445
vn 0.003824 -0.055613 0.998445
vn 0.003824 -0.055613 0.998445
vn 0.003824 -0.055613 0.998445
vn -0.800915 -0.216338 0.558331
vn -0.800915 -0.216338 0.558331
vn -0.800915 -0.216338 0.558331
vn -0.800915 -0.216338 0.558331
vn -0.938184 -0.194006 0.286658
vn -0.938184 -0.194006 0.286658
vn -0.938184 -0.194006 0.286658
vn -0.938184 -0.194006 0.286658
vn -0.859432 -0.193928 0.473041
vn -0.859432 -0.193928 0.473041
vn -0.859432 -0.193928 0.473041
vn -0.859432 -0.193928 0.473041
vn -0.921119 0.000000 0.389282
vn -0.921119 0.000000 0.389282
vn -0.921119 0.000000 0.389282
vn -0.921119 0.000000 0.389282
vn -0.921119 0.000000 0.389282
vn -0.921119 0.000000 0.389282
vn -0.921119 0.000000 0.389281
vn -0.921119 0.000000 0.389281
vn -0.921119 0.000000 0.389281
vn -0.921119 0.000000 0.389281
vn -0.917278 -0.091226 0.387658
vn -0.917278 -0.091226 0.387658
vn -0.917278 -0.091226 0.387658
vn -0.917278 -0.091226 0.387658
vn -0.917278 -0.091226 0.387659
vn -0.917278 -0.091226 0.387659
vn -0.917278 -0.091226 0.387658
vn -0.917278 -0.091226 0.387658
vn -0.917278 -0.091226 0.387658
vn -0.917278 -0.091226 0.387658
vn -0.385744 -0.458688 0.800504
vn -0.385744 -0.458688 0.800504
vn -0.385744 -0.458688 0.800504
vn -0.385744 -0.458688 0.800504
vn 0.009728 -0.374966 0.926988
vn 0.009728 -0.374966 0.926988
vn 0.009728 -0.374966 0.926988
vn 0.009728 -0.374966 0.926988
vn 0.224841 -0.363786 0.903939
vn 0.224841 -0.363786 0.903939
vn 0.224841 -0.363786 0.903939
vn 0.224841 -0.363786 0.903939
vn -0.099967 -0.523177 0.846340
vn -0.099967 -0.523177 0.846340
vn -0.099967 -0.523177 0.846340
vn -0.099967 -0.523177 0.846340
vn -0.797099 -0.069287 0.599861
vn -0.797099 -0.069287 0.599861
vn -0.797099 -0.069287 0.599861
vn -0.797099 -0.069287 0.599861
vn -0.653809 -0.047410 0.755173
vn -0.653809 -0.047410 0.755173
vn -0.653809 -0.047410 0.755173
vn -0.653809 -0.047410 0.755173
vn -0.596096 -0.092392 0.797580
vn -0.596096 -0.092392 0.797580
vn -0.596096 -0.092392 0.797580
vn -0.596096 -0.092392 0.797580
vn -0.755777 -0.155803 0.636025
vn -0.755777 -0.155803 0.636025
vn -0.755777 -0.155803 0.636025
vn -0.755777 -0.155803 0.636025
vn -0.732925 -0.169786 0.658782
vn -0.732925 -0.169786 0.658782
vn -0.997187 -0.047927 -0.057628
vn -0.997187 -0.047927 -0.057628
vn -0.997187 -0.047927 -0.057628
vn -0.997187 -0.047927 -0.057628
vn -0.985694 -0.069577 0.153517
vn -0.985694 -0.069577 0.153517
vn -0.985694 -0.069577 0.153517
vn -0.985694 -0.069577 0.153517
vn -0.982840 -0.155803 0.098746
vn -0.982840 -0.155803 0.098746
vn -0.982840 -0.155803 0.098746
vn -0.982840 -0.155803 0.098746
vn -0.983235 -0.169786 0.066498
vn -0.983235 -0.169786 0.066498
vn -0.987415 -0.092392 -0.128360
vn -0.987415 -0.092392 -0.128360
vn -0.987415 -0.092392 -0.128360
vn -0.987415 -0.092392 -0.128360
vn -0.658009 -0.374966 -0.653012
vn -0.658009 -0.374966 -0.653012
vn -0.658009 -0.374966 -0.653012
vn -0.658009 -0.374966 -0.653012
vn -0.842913 -0.458688 -0.281251
vn -0.842913 -0.458688 -0.281251
vn -0.842913 -0.458688 -0.281251
vn -0.842913 -0.458688 -0.281251
vn -0.676622 -0.523178 -0.518139
vn -0.676622 -0.523178 -0.518139
vn -0.676622 -0.523178 -0.518139
vn -0.676622 -0.523178 -0.518139
vn -0.491564 -0.363787 -0.791217
vn -0.491564 -0.363787 -0.791217
vn -0.491564 -0.363787 -0.791217
vn -0.491564 -0.363787 -0.791217
vn 0.619795 -0.223889 0.752149
vn 0.619795 -0.223889 0.752149
vn 0.619795 -0.223889 0.752149
vn 0.619795 -0.223889 0.752149
vn -0.958551 -0.216494 0.185231
vn -0.958551 -0.216494 0.185231
vn -0.958551 -0.216494 0.185231
vn -0.958551 -0.216494 0.185231
vn -0.964554 -0.160864 -0.209184
vn -0.964554 -0.160864 -0.209184
vn -0.964554 -0.160864 -0.209184
vn -0.964554 -0.160864 -0.209184
vn -0.967616 -0.251391 -0.022870
vn -0.967616 -0.251391 -0.022870
vn -0.967616 -0.251391 -0.022870
vn -0.967616 -0.251391 -0.022870
vn -0.897342 -0.249883 -0.363781
vn -0.897342 -0.249883 -0.363781
vn -0.897342 -0.249883 -0.363781
vn -0.897342 -0.249883 -0.363781
vn -0.522201 -0.160864 0.837514
vn -0.522201 -0.160864 0.837514
vn -0.522201 -0.160864 0.837514
vn -0.522201 -0.160864 0.837514
vn -0.364490 -0.249883 0.897054
vn -0.364490 -0.249883 0.897054
vn -0.364490 -0.249883 0.897054
vn -0.364490 -0.249883 0.897054
vn -0.657949 -0.251391 0.709863
vn -0.657949 -0.251391 0.709863
vn -0.657949 -0.251391 0.709863
vn -0.657949 -0.251391 0.709863
vn 0.359034 -0.199482 0.911757
vn 0.359034 -0.199482 0.911757
vn 0.359034 -0.199482 0.911757
vn 0.359034 -0.199482 0.911757
vn 0.539199 -0.200843 0.817879
vn 0.539199 -0.200843 0.817879
vn 0.539199 -0.200843 0.817879
vn 0.539199 -0.200843 0.817879
vn 0.460837 0.000000 0.887485
vn 0.460837 0.000000 0.887485
vn 0.460837 0.000000 0.887485
vn 0.460837 0.000000 0.887485
vn 0.460837 0.000000 0.887485
vn 0.460837 0.000000 0.887485
vn 0.460836 0.000000 0.887486
vn 0.460836 0.000000 0.887486
vn 0.460836 0.000000 0.887486
vn 0.460836 0.000000 0.887486
vn 0.458915 -0.091226 0.883784
vn 0.458915 -0.091226 0.883784
vn 0.458915 -0.091226 0.883784
vn 0.458915 -0.091226 0.883784
vn 0.458915 -0.091226 0.883785
vn 0.458915 -0.091226 0.883785
vn 0.458915 -0.091226 0.883785
vn 0.458915 -0.091226 0.883785
vn 0.458915 -0.091226 0.883785
vn 0.458915 -0.091226 0.883785
vn 0.828477 -0.458688 0.321295
vn 0.828477 -0.458688 0.321295
vn 0.828477 -0.458688 0.321295
vn 0.828477 -0.458688 0.321295
vn 0.923322 -0.374966 -0.082933
vn 0.923322 -0.374966 -0.082933
vn 0.923322 -0.374966 -0.082933
vn 0.923322 -0.374966 -0.082933
vn 0.883351 -0.363786 -0.295552
vn 0.883351 -0.363786 -0.295552
vn 0.883351 -0.363786 -0.295552
vn 0.883351 -0.363786 -0.295552
vn 0.851592 -0.523178 0.032791
vn 0.851592 -0.523178 0.032791
vn 0.851592 -0.523178 0.032791
vn 0.851592 -0.523178 0.032791
vn 0.660960 -0.069287 0.747216
vn 0.660960 -0.069287 0.747216
vn 0.660960 -0.069287 0.747216
vn 0.660960 -0.069287 0.747216
vn 0.804466 -0.047411 0.592104
vn 0.804466 -0.047411 0.592104
vn 0.804466 -0.047411 0.592104
vn 0.804466 -0.047411 0.592104
vn 0.842180 -0.092392 0.531221
vn 0.842180 -0.092392 0.531221
vn 0.842180 -0.092392 0.531221
vn 0.842180 -0.092392 0.531221
vn 0.693746 -0.155803 0.703166
vn 0.693746 -0.155803 0.703166
vn 0.693746 -0.155803 0.703166
vn 0.693746 -0.155803 0.703166
vn 0.714627 -0.169786 0.678588
vn 0.714627 -0.169786 0.678588
vn 0.021335 -0.047927 0.998623
vn 0.021335 -0.047927 0.998623
vn 0.021335 -0.047927 0.998623
vn 0.021335 -0.047927 0.998623
vn 0.230911 -0.069577 0.970484
vn 0.230911 -0.069577 0.970484
vn 0.230911 -0.069577 0.970484
vn 0.230911 -0.069577 0.970484
vn 0.176085 -0.155803 0.971967
vn 0.176085 -0.155803 0.971967
vn 0.176085 -0.155803 0.971967
vn 0.176085 -0.155803 0.971967
vn 0.143970 -0.169786 0.974908
vn 0.143970 -0.169786 0.974908
vn -0.049949 -0.092392 0.994469
vn -0.049949 -0.092392 0.994469
vn -0.049949 -0.092392 0.994469
vn -0.049949 -0.092392 0.994469
vn -0.598986 -0.374966 0.707543
vn -0.598986 -0.374966 0.707543
vn -0.598986 -0.374966 0.707543
vn -0.598986 -0.374966 0.707543
vn -0.213778 -0.458689 0.862499
vn -0.213778 -0.458689 0.862499
vn -0.213778 -0.458689 0.862499
vn -0.213778 -0.458689 0.862499
vn -0.463064 -0.523178 0.715442
vn -0.463064 -0.523178 0.715442
vn -0.463064 -0.523178 0.715442
vn -0.463064 -0.523178 0.715442
vn -0.749909 -0.363787 0.552536
vn -0.749909 -0.363787 0.552536
vn -0.749909 -0.363787 0.552536
vn -0.749909 -0.363787 0.552536
vn 0.769763 -0.227524 -0.596405
vn 0.769763 -0.227524 -0.596405
vn 0.769763 -0.227524 -0.596405
vn 0.769763 -0.227524 -0.596405
vn 0.259320 -0.221149 0.940131
vn 0.259320 -0.221149 0.940131
vn 0.259320 -0.221149 0.940131
vn 0.259320 -0.221149 0.940131
vn -0.132326 -0.160864 0.978066
vn -0.132326 -0.160864 0.978066
vn -0.132326 -0.160864 0.978066
vn -0.132326 -0.160864 0.978066
vn 0.053647 -0.251391 0.966398
vn 0.053647 -0.251391 0.966398
vn 0.053647 -0.251391 0.966398
vn 0.053647 -0.251391 0.966398
vn -0.291750 -0.249883 0.923277
vn -0.291750 -0.249883 0.923277
vn -0.291750 -0.249883 0.923277
vn -0.291750 -0.249883 0.923277
vn 0.876151 -0.160864 0.454402
vn 0.876151 -0.160864 0.454402
vn 0.876151 -0.160864 0.454402
vn 0.876151 -0.160864 0.454402
vn 0.923046 -0.249883 0.292480
vn 0.923046 -0.249883 0.292480
vn 0.923046 -0.249883 0.292480
vn 0.923046 -0.249883 0.292480
vn 0.759625 -0.251391 0.599811
vn 0.759625 -0.251391 0.599811
vn 0.759625 -0.251391 0.599811
vn 0.759625 -0.251391 0.599811
vn 0.921275 -0.205966 -0.329894
vn 0.921275 -0.205966 -0.329894
vn 0.921275 -0.205966 -0.329894
vn 0.921275 -0.205966 -0.329894
vn 0.833008 -0.205494 -0.513683
vn 0.833008 -0.205494 -0.513683
vn 0.833008 -0.205494 -0.513683
vn 0.833008 -0.205494 -0.513683
vn 0.901211 0.000000 -0.433380
vn 0.901212 0.000000 -0.433380
vn 0.901212 0.000000 -0.433380
vn 0.901211 0.000000 -0.433380
vn 0.901211 0.000000 -0.433380
vn 0.901211 0.000000 -0.433380
vn 0.901211 0.000000 -0.433380
vn 0.901211 0.000000 -0.433380
vn 0.901211 0.000000 -0.433380
vn 0.901211 0.000000 -0.433380
vn 0.897454 -0.091226 -0.431573
vn 0.897454 -0.091226 -0.431573
vn 0.897454 -0.091226 -0.431573
vn 0.897454 -0.091226 -0.431573
vn 0.897454 -0.091226 -0.431573
vn 0.897454 -0.091226 -0.431573
vn 0.897454 -0.091226 -0.431573
vn 0.897454 -0.091226 -0.431573
vn 0.897454 -0.091226 -0.431573
vn 0.897454 -0.091226 -0.431573
vn 0.346572 -0.458688 -0.818226
vn 0.346572 -0.458688 -0.818226
vn 0.346572 -0.458688 -0.818226
vn 0.346572 -0.458688 -0.818226
vn -0.054554 -0.374966 -0.925432
vn -0.054554 -0.374966 -0.925432
vn -0.054554 -0.374966 -0.925432
vn -0.054554 -0.374966 -0.925432
vn -0.268300 -0.363787 -0.892006
vn -0.268300 -0.363787 -0.892006
vn -0.268300 -0.363787 -0.892006
vn -0.268300 -0.363787 -0.892006
vn 0.058913 -0.523177 -0.850185
vn 0.058913 -0.523177 -0.850185
vn 0.058913 -0.523177 -0.850185
vn 0.058913 -0.523177 -0.850185
vn 0.767151 -0.069287 -0.637714
vn 0.767151 -0.069287 -0.637714
vn 0.767151 -0.069287 -0.637714
vn 0.767151 -0.069287 -0.637714
vn 0.616516 -0.047411 -0.785914
vn 0.616516 -0.047411 -0.785914
vn 0.616516 -0.047411 -0.785914
vn 0.616516 -0.047411 -0.785914
vn 0.556820 -0.092392 -0.825479
vn 0.556820 -0.092392 -0.825479
vn 0.556820 -0.092392 -0.825479
vn 0.556820 -0.092392 -0.825479
vn 0.724127 -0.155803 -0.671837
vn 0.724127 -0.155803 -0.671837
vn 0.724127 -0.155803 -0.671837
vn 0.724127 -0.155803 -0.671837
vn 0.700202 -0.169786 -0.693462
vn 0.700202 -0.169786 -0.693462
vn 0.998807 -0.047927 0.009326
vn 0.998807 -0.047927 0.009326
vn 0.998807 -0.047927 0.009326
vn 0.998807 -0.047927 0.009326
vn 0.977114 -0.069577 -0.201015
vn 0.977114 -0.069577 -0.201015
vn 0.977114 -0.069577 -0.201015
vn 0.977114 -0.069577 -0.201015
vn 0.976913 -0.155803 -0.146171
vn 0.976913 -0.155803 -0.146171
vn 0.976913 -0.155803 -0.146171
vn 0.976913 -0.155803 -0.146171
vn 0.978868 -0.169786 -0.113979
vn 0.978868 -0.169786 -0.113979
vn 0.992468 -0.092392 0.080448
vn 0.992468 -0.092392 0.080448
vn 0.992468 -0.092392 0.080448
vn 0.992468 -0.092392 0.080448
vn 0.688825 -0.374966 0.620421
vn 0.688825 -0.374966 0.620421
vn 0.688825 -0.374966 0.620421
vn 0.688825 -0.374966 0.620421
vn 0.855530 -0.458689 0.240151
vn 0.855530 -0.458689 0.240151
vn 0.855530 -0.458689 0.240151
vn 0.855530 -0.458689 0.240151
vn 0.700892 -0.523177 0.484806
vn 0.700892 -0.523177 0.484806
vn 0.700892 -0.523177 0.484806
vn 0.700892 -0.523177 0.484806
vn 0.529259 -0.363786 0.766515
vn 0.529259 -0.363786 0.766515
vn 0.529259 -0.363786 0.766515
vn 0.529259 -0.363786 0.766515
vn -0.558011 -0.238687 -0.794766
vn -0.558011 -0.238687 -0.794766
vn -0.558011 -0.238687 -0.794766
vn -0.558011 -0.238687 -0.794766
vn 0.946307 -0.228472 -0.228701
vn 0.946307 -0.228472 -0.228701
vn 0.946307 -0.228472 -0.228701
vn 0.946307 -0.228472 -0.228701
vn 0.973543 -0.160864 0.162284
vn 0.973543 -0.160864 0.162284
vn 0.973543 -0.160864 0.162284
vn 0.973543 -0.160864 0.162284
vn 0.967589 -0.251390 -0.023960
vn 0.967589 -0.251390 -0.023960
vn 0.967589 -0.251390 -0.023960
vn 0.967589 -0.251390 -0.023960
vn 0.913887 -0.249883 0.319951
vn 0.913887 -0.249883 0.319951
vn 0.913887 -0.249883 0.319951
vn 0.913887 -0.249883 0.319951
vn 0.481080 -0.160865 -0.861792
vn 0.481080 -0.160865 -0.861792
vn 0.481080 -0.160865 -0.861792
vn 0.481080 -0.160865 -0.861792
vn 0.320673 -0.249883 -0.913634
vn 0.320673 -0.249883 -0.913634
vn 0.320673 -0.249883 -0.913634
vn 0.320673 -0.249883 -0.913634
vn 0.622843 -0.251391 -0.740857
vn 0.622843 -0.251391 -0.740857
vn 0.622843 -0.251391 -0.740857
vn 0.622843 -0.251391 -0.740857
vn -0.282326 -0.219516 -0.933866
vn -0.282326 -0.219516 -0.933866
vn -0.282326 -0.219516 -0.933866
vn -0.282326 -0.219516 -0.933866
vn -0.471882 -0.217602 -0.854387
vn -0.471882 -0.217602 -0.854387
vn -0.471882 -0.217602 -0.854387
vn -0.471882 -0.217602 -0.854387
vn -0.388666 0.000000 -0.921379
vn -0.388666 0.000000 -0.921379
vn -0.388666 0.000000 -0.921379
vn -0.388666 0.000000 -0.921379
vn -0.388666 0.000000 -0.921379
vn -0.388666 0.000000 -0.921379
vn -0.388665 0.000000 -0.921379
vn -0.388665 0.000000 -0.921379
vn -0.388665 0.000000 -0.921379
vn -0.388665 0.000000 -0.921379
vn -0.387046 -0.091226 -0.917537
vn -0.387046 -0.091226 -0.917537
vn -0.387046 -0.091226 -0.917537
vn -0.387046 -0.091226 -0.917537
vn -0.387045 -0.091226 -0.917537
vn -0.387045 -0.091226 -0.917537
vn -0.387045 -0.091226 -0.917537
vn -0.387045 -0.091226 -0.917537
vn -0.387045 -0.091226 -0.917537
vn -0.387045 -0.091226 -0.917537
vn -0.800246 -0.458688 -0.386278
vn -0.800246 -0.458688 -0.386278
vn -0.800246 -0.458688 -0.386278
vn -0.800246 -0.458688 -0.386278
vn -0.926994 -0.374966 0.009108
vn -0.926994 -0.374966 0.009108
vn -0.926994 -0.374966 0.009108
vn -0.926994 -0.374966 0.009108
vn -0.904089 -0.363786 0.224237
vn -0.904089 -0.363786 0.224237
vn -0.904089 -0.363786 0.224237
vn -0.904089 -0.363786 0.224237
vn -0.846273 -0.523178 -0.100533
vn -0.846273 -0.523178 -0.100533
vn -0.846273 -0.523178 -0.100533
vn -0.846273 -0.523178 -0.100533
vn -0.599328 -0.069287 -0.797499
vn -0.599328 -0.069287 -0.797499
vn -0.599328 -0.069287 -0.797499
vn -0.599328 -0.069287 -0.797499
vn -0.754736 -0.047411 -0.654313
vn -0.754736 -0.047411 -0.654313
vn -0.754736 -0.047411 -0.654313
vn -0.754736 -0.047411 -0.654313
vn -0.797182 -0.092392 -0.596628
vn -0.797182 -0.092392 -0.596628
vn -0.797182 -0.092392 -0.596628
vn -0.797182 -0.092392 -0.596628
vn -0.635520 -0.155803 -0.756201
vn -0.635520 -0.155803 -0.756201
vn -0.635520 -0.155803 -0.756201
vn -0.635520 -0.155803 -0.756201
vn -0.658293 -0.169786 -0.733365
vn -0.658293 -0.169786 -0.733365
vn 0.058293 -0.047927 -0.997148
vn 0.058293 -0.047927 -0.997148
vn 0.058293 -0.047927 -0.997148
vn 0.058293 -0.047927 -0.997148
vn -0.152859 -0.069577 -0.985796
vn -0.152859 -0.069577 -0.985796
vn -0.152859 -0.069577 -0.985796
vn -0.152859 -0.069577 -0.985796
vn -0.098090 -0.155803 -0.982906
vn -0.098090 -0.155803 -0.982906
vn -0.098090 -0.155803 -0.982906
vn -0.098090 -0.155803 -0.982906
vn -0.065842 -0.169786 -0.983279
vn -0.065842 -0.169786 -0.983279
vn 0.129019 -0.092392 -0.987329
vn 0.129019 -0.092392 -0.987329
vn 0.129019 -0.092392 -0.987329
vn 0.129019 -0.092392 -0.987329
vn 0.653452 -0.374965 -0.657573
vn 0.653452 -0.374965 -0.657573
vn 0.653452 -0.374965 -0.657573
vn 0.653452 -0.374965 -0.657573
vn 0.281814 -0.458689 -0.842725
vn 0.281814 -0.458689 -0.842725
vn 0.281814 -0.458689 -0.842725
vn 0.281814 -0.458689 -0.842725
vn 0.518592 -0.523178 -0.676275
vn 0.518592 -0.523178 -0.676275
vn 0.518592 -0.523178 -0.676275
vn 0.518592 -0.523178 -0.676275
vn 0.791545 -0.363787 -0.491035
vn 0.791545 -0.363787 -0.491035
vn 0.791545 -0.363787 -0.491035
vn 0.791545 -0.363787 -0.491035
vn 0.797345 0.224449 -0.560235
vn 0.797345 0.224449 -0.560235
vn 0.797345 0.224449 -0.560235
vn 0.797345 0.224449 -0.560235
vn -0.178959 -0.242533 -0.953494
vn -0.178959 -0.242533 -0.953494
vn -0.178959 -0.242533 -0.953494
vn -0.178959 -0.242533 -0.953494
vn 0.209828 -0.160865 -0.964414
vn 0.209828 -0.160865 -0.964414
vn 0.209828 -0.160865 -0.964414
vn 0.209828 -0.160865 -0.964414
vn 0.023516 -0.251391 -0.967600
vn 0.023516 -0.251391 -0.967600
vn 0.023516 -0.251391 -0.967600
vn 0.023516 -0.251391 -0.967600
vn 0.364380 -0.249883 -0.897098
vn 0.364380 -0.249883 -0.897098
vn 0.364380 -0.249883 -0.897098
vn 0.364380 -0.249883 -0.897098
vn -0.837165 -0.160865 -0.522760
vn -0.837165 -0.160865 -0.522760
vn -0.837165 -0.160865 -0.522760
vn -0.837165 -0.160865 -0.522760
vn -0.896810 -0.249883 -0.365089
vn -0.896810 -0.249883 -0.365089
vn -0.896810 -0.249883 -0.365089
vn -0.896810 -0.249883 -0.365089
vn -0.709423 -0.251391 -0.658423
vn -0.709423 -0.251391 -0.658423
vn -0.709423 -0.251391 -0.658423
vn -0.709423 -0.251391 -0.658423
vn 0.937274 0.202885 -0.283471
vn 0.937274 0.202885 -0.283471
vn 0.937274 0.202885 -0.283471
vn 0.937274 0.202885 -0.283471
vn 0.856493 0.202809 -0.474647
vn 0.856493 0.202809 -0.474647
vn 0.856493 0.202809 -0.474647
vn 0.856493 0.202809 -0.474647
vn 0.921119 0.000383 -0.389281
vn 0.921148 0.000446 -0.389213
vn 0.921148 0.000446 -0.389213
vn 0.921119 0.000383 -0.389281
vn 0.921119 0.000383 -0.389281
vn 0.921119 0.000383 -0.389281
vn 0.921090 0.000446 -0.389350
vn 0.921090 0.000446 -0.389350
vn 0.921090 0.000446 -0.389350
vn 0.921090 0.000446 -0.389350
vn 0.917284 0.091158 -0.387661
vn 0.917284 0.091158 -0.387661
vn 0.917284 0.091158 -0.387661
vn 0.917284 0.091158 -0.387661
vn 0.917284 0.091158 -0.387661
vn 0.917284 0.091158 -0.387661
vn 0.917284 0.091158 -0.387661
vn 0.917284 0.091158 -0.387661
vn 0.917284 0.091158 -0.387661
vn 0.917284 0.091158 -0.387661
vn 0.391820 0.461054 -0.796183
vn 0.391820 0.461054 -0.796183
vn 0.391820 0.461054 -0.796183
vn 0.391820 0.461054 -0.796183
vn -0.006621 0.374536 -0.927189
vn -0.006621 0.374536 -0.927189
vn -0.006621 0.374536 -0.927189
vn -0.006621 0.374536 -0.927189
vn -0.222912 0.364368 -0.904183
vn -0.222912 0.364368 -0.904183
vn -0.222912 0.364368 -0.904183
vn -0.222912 0.364368 -0.904183
vn 0.108302 0.529514 -0.841359
vn 0.108302 0.529514 -0.841359
vn 0.108302 0.529514 -0.841359
vn 0.108302 0.529514 -0.841359
vn 0.799888 0.069847 -0.596071
vn 0.799888 0.069847 -0.596071
vn 0.799888 0.069847 -0.596071
vn 0.799888 0.069847 -0.596071
vn 0.654969 0.047587 -0.754156
vn 0.654969 0.047587 -0.754156
vn 0.654969 0.047587 -0.754156
vn 0.654969 0.047587 -0.754156
vn 0.596466 0.092742 -0.797263
vn 0.596466 0.092742 -0.797263
vn 0.596466 0.092742 -0.797263
vn 0.596466 0.092742 -0.797263
vn 0.757621 0.156078 -0.633759
vn 0.757621 0.156078 -0.633759
vn 0.757621 0.156078 -0.633759
vn 0.757621 0.156078 -0.633759
vn 0.734579 0.170270 -0.656812
vn 0.734579 0.170270 -0.656812
vn 0.997267 0.048101 0.056082
vn 0.997267 0.048101 0.056082
vn 0.997267 0.048101 0.056082
vn 0.997267 0.048101 0.056082
vn 0.984921 0.070129 -0.158154
vn 0.984921 0.070129 -0.158154
vn 0.984921 0.070129 -0.158154
vn 0.984921 0.070129 -0.158154
vn 0.982500 0.156079 -0.101648
vn 0.982500 0.156079 -0.101648
vn 0.982500 0.156079 -0.101648
vn 0.982500 0.156079 -0.101648
vn 0.982975 0.170270 -0.069057
vn 0.982975 0.170270 -0.069057
vn 0.987445 0.092745 0.127872
vn 0.987445 0.092745 0.127872
vn 0.987445 0.092745 0.127872
vn 0.987445 0.092745 0.127872
vn 0.660319 0.374536 0.650924
vn 0.660319 0.374536 0.650924
vn 0.660319 0.374536 0.650924
vn 0.660319 0.374536 0.650924
vn 0.844049 0.461053 0.273882
vn 0.844049 0.461053 0.273882
vn 0.844049 0.461053 0.273882
vn 0.844049 0.461053 0.273882
vn 0.678857 0.529515 0.508692
vn 0.678857 0.529515 0.508692
vn 0.678857 0.529515 0.508692
vn 0.678857 0.529515 0.508692
vn 0.493083 0.364368 0.790003
vn 0.493083 0.364368 0.790003
vn 0.493083 0.364368 0.790003
vn 0.493083 0.364368 0.790003
vn -0.621378 0.231925 -0.748398
vn -0.621378 0.231925 -0.748398
vn -0.621378 0.231925 -0.748398
vn -0.621378 0.231925 -0.748398
vn 0.957425 0.224598 -0.181365
vn 0.957425 0.224598 -0.181365
vn 0.957425 0.224598 -0.181365
vn 0.957425 0.224598 -0.181365
vn 0.964626 0.160884 0.208839
vn 0.964626 0.160884 0.208839
vn 0.964626 0.160884 0.208839
vn 0.964626 0.160884 0.208839
vn 0.967348 0.252687 0.019678
vn 0.967348 0.252687 0.019678
vn 0.967348 0.252687 0.019678
vn 0.967348 0.252687 0.019678
vn 0.897541 0.249907 0.363272
vn 0.897541 0.249907 0.363272
vn 0.897541 0.249907 0.363272
vn 0.897541 0.249907 0.363272
vn 0.522499 0.160885 -0.837324
vn 0.522499 0.160885 -0.837324
vn 0.522499 0.160885 -0.837324
vn 0.522499 0.160885 -0.837324
vn 0.364994 0.249906 -0.896842
vn 0.364994 0.249906 -0.896842
vn 0.364994 0.249906 -0.896842
vn 0.364994 0.249906 -0.896842
vn 0.660053 0.252686 -0.707446
vn 0.660053 0.252686 -0.707446
vn 0.660053 0.252686 -0.707446
vn 0.660053 0.252686 -0.707446
vn -0.355781 0.208276 -0.911066
vn -0.355781 0.208276 -0.911066
vn -0.355781 0.208276 -0.911066
vn -0.355781 0.208276 -0.911066
vn -0.540540 0.209661 -0.814775
vn -0.540540 0.209661 -0.814775
vn -0.540540 0.209661 -0.814775
vn -0.540540 0.209661 -0.814775
vn -0.460837 0.000386 -0.887485
vn -0.460770 0.000449 -0.887519
vn -0.460770 0.000449 -0.887519
vn -0.460837 0.000386 -0.887485
vn -0.460837 0.000386 -0.887485
vn -0.460837 0.000386 -0.887485
vn -0.460902 0.000449 -0.887451
vn -0.460902 0.000449 -0.887451
vn -0.460902 0.000449 -0.887451
vn -0.460902 0.000449 -0.887451
vn -0.458918 0.091159 -0.883790
vn -0.458918 0.091159 -0.883790
vn -0.458918 0.091159 -0.883790
vn -0.458918 0.091159 -0.883790
vn -0.458918 0.091159 -0.883790
vn -0.458918 0.091159 -0.883790
vn -0.458917 0.091159 -0.883790
vn -0.458917 0.091159 -0.883790
vn -0.458917 0.091159 -0.883790
vn -0.458917 0.091159 -0.883790
vn -0.824650 0.461054 -0.327692
vn -0.824650 0.461054 -0.327692
vn -0.824650 0.461054 -0.327692
vn -0.824650 0.461054 -0.327692
vn -0.923768 0.374536 0.079852
vn -0.923768 0.374536 0.079852
vn -0.923768 0.374536 0.079852
vn -0.923768 0.374536 0.079852
vn -0.883746 0.364368 0.293649
vn -0.883746 0.364368 0.293649
vn -0.883746 0.364368 0.293649
vn -0.883746 0.364368 0.293649
vn -0.847286 0.529515 -0.041493
vn -0.847286 0.529515 -0.041493
vn -0.847286 0.529515 -0.041493
vn -0.847286 0.529515 -0.041493
vn -0.657401 0.069846 -0.750297
vn -0.657401 0.069846 -0.750297
vn -0.657401 0.069846 -0.750297
vn -0.657401 0.069846 -0.750297
vn -0.803541 0.047588 -0.593344
vn -0.803541 0.047588 -0.593344
vn -0.803541 0.047588 -0.593344
vn -0.803541 0.047588 -0.593344
vn -0.841893 0.092742 -0.531615
vn -0.841893 0.092742 -0.531615
vn -0.841893 0.092742 -0.531615
vn -0.841893 0.092742 -0.531615
vn -0.691633 0.156076 -0.705183
vn -0.691633 0.156076 -0.705183
vn -0.691633 0.156076 -0.705183
vn -0.691633 0.156076 -0.705183
vn -0.712795 0.170270 -0.680391
vn -0.712795 0.170270 -0.680391
vn -0.022878 0.048101 -0.998581
vn -0.022878 0.048101 -0.998581
vn -0.022878 0.048101 -0.998581
vn -0.022878 0.048101 -0.998581
vn -0.235479 0.070130 -0.969346
vn -0.235479 0.070130 -0.969346
vn -0.235479 0.070130 -0.969346
vn -0.235479 0.070130 -0.969346
vn -0.178953 0.156078 -0.971399
vn -0.178953 0.156078 -0.971399
vn -0.178953 0.156078 -0.971399
vn -0.178953 0.156078 -0.971399
vn -0.146499 0.170270 -0.974447
vn -0.146499 0.170270 -0.974447
vn 0.049461 0.092744 -0.994461
vn 0.049461 0.092744 -0.994461
vn 0.049461 0.092744 -0.994461
vn 0.049461 0.092744 -0.994461
vn 0.596723 0.374535 -0.709680
vn 0.596723 0.374535 -0.709680
vn 0.596723 0.374535 -0.709680
vn 0.596723 0.374535 -0.709680
vn 0.206344 0.461054 -0.863048
vn 0.206344 0.461054 -0.863048
vn 0.206344 0.461054 -0.863048
vn 0.206344 0.461054 -0.863048
vn 0.453469 0.529515 -0.716924
vn 0.453469 0.529515 -0.716924
vn 0.453469 0.529515 -0.716924
vn 0.453469 0.529515 -0.716924
vn 0.748580 0.364368 -0.553954
vn 0.748580 0.364368 -0.553954
vn 0.748580 0.364368 -0.553954
vn 0.748580 0.364368 -0.553954
vn -0.766057 0.235477 0.598087
vn -0.766057 0.235477 0.598087
vn -0.766057 0.235477 0.598087
vn -0.766057 0.235477 0.598087
vn -0.255375 0.229163 -0.939291
vn -0.255375 0.229163 -0.939291
vn -0.255375 0.229163 -0.939291
vn -0.255375 0.229163 -0.939291
vn 0.131977 0.160884 -0.978110
vn 0.131977 0.160884 -0.978110
vn 0.131977 0.160884 -0.978110
vn 0.131977 0.160884 -0.978110
vn -0.056808 0.252687 -0.965879
vn -0.056808 0.252687 -0.965879
vn -0.056808 0.252687 -0.965879
vn -0.056808 0.252687 -0.965879
vn 0.291228 0.249906 -0.923436
vn 0.291228 0.249906 -0.923436
vn 0.291228 0.249906 -0.923436
vn 0.291228 0.249906 -0.923436
vn -0.875986 0.160885 -0.454713
vn -0.875986 0.160885 -0.454713
vn -0.875986 0.160885 -0.454713
vn -0.875986 0.160885 -0.454713
vn -0.922875 0.249907 -0.292999
vn -0.922875 0.249907 -0.292999
vn -0.922875 0.249907 -0.292999
vn -0.922875 0.249907 -0.292999
vn -0.757382 0.252687 -0.602098
vn -0.757382 0.252687 -0.602098
vn -0.757382 0.252687 -0.602098
vn -0.757382 0.252687 -0.602098
vn -0.920440 0.214705 0.326639
vn -0.920440 0.214705 0.326639
vn -0.920440 0.214705 0.326639
vn -0.920440 0.214705 0.326639
vn -0.829923 0.214230 0.515105
vn -0.829923 0.214230 0.515105
vn -0.829923 0.214230 0.515105
vn -0.829923 0.214230 0.515105
vn -0.901211 0.000395 0.433380
vn -0.901245 0.000460 0.433311
vn -0.901245 0.000460 0.433311
vn -0.901211 0.000395 0.433380
vn -0.901211 0.000395 0.433380
vn -0.901211 0.000395 0.433380
vn -0.901178 0.000460 0.433449
vn -0.901178 0.000460 0.433449
vn -0.901178 0.000460 0.433449
vn -0.901178 0.000460 0.433449
vn -0.897459 0.091156 0.431576
vn -0.897459 0.091156 0.431576
vn -0.897459 0.091156 0.431576
vn -0.897459 0.091156 0.431576
vn -0.897459 0.091156 0.431575
vn -0.897459 0.091156 0.431575
vn -0.897459 0.091156 0.431576
vn -0.897459 0.091156 0.431576
vn -0.897459 0.091156 0.431575
vn -0.897459 0.091156 0.431575
vn -0.352849 0.461054 0.814203
vn -0.352849 0.461054 0.814203
vn -0.352849 0.461054 0.814203
vn -0.352849 0.461054 0.814203
vn 0.051462 0.374536 0.925783
vn 0.051462 0.374536 0.925783
vn 0.051462 0.374536 0.925783
vn 0.051462 0.374536 0.925783
vn 0.266385 0.364368 0.892342
vn 0.266385 0.364368 0.892342
vn 0.266385 0.364368 0.892342
vn 0.266385 0.364368 0.892342
vn -0.067478 0.529515 0.845613
vn -0.067478 0.529515 0.845613
vn -0.067478 0.529515 0.845613
vn -0.067478 0.529515 0.845613
vn -0.770121 0.069847 0.634063
vn -0.770121 0.069847 0.634063
vn -0.770121 0.069847 0.634063
vn -0.770121 0.069847 0.634063
vn -0.617727 0.047588 0.784952
vn -0.617727 0.047588 0.784952
vn -0.617727 0.047588 0.784952
vn -0.617727 0.047588 0.784952
vn -0.557205 0.092743 0.825180
vn -0.557205 0.092743 0.825180
vn -0.557205 0.092743 0.825180
vn -0.557205 0.092743 0.825180
vn -0.726079 0.156077 0.669664
vn -0.726079 0.156077 0.669664
vn -0.726079 0.156077 0.669664
vn -0.726079 0.156077 0.669664
vn -0.701948 0.170270 0.691576
vn -0.701948 0.170270 0.691576
vn -0.998812 0.048101 -0.007780
vn -0.998812 0.048101 -0.007780
vn -0.998812 0.048101 -0.007780
vn -0.998812 0.048101 -0.007780
vn -0.976118 0.070130 0.205611
vn -0.976118 0.070130 0.205611
vn -0.976118 0.070130 0.205611
vn -0.976118 0.070130 0.205611
vn -0.976434 0.156078 0.149053
vn -0.976434 0.156078 0.149053
vn -0.976434 0.156078 0.149053
vn -0.976434 0.156078 0.149053
vn -0.978484 0.170270 0.116521
vn -0.978484 0.170270 0.116521
vn -0.992474 0.092744 -0.079960
vn -0.992474 0.092744 -0.079960
vn -0.992474 0.092744 -0.079960
vn -0.992474 0.092744 -0.079960
vn -0.691031 0.374535 -0.618223
vn -0.691031 0.374535 -0.618223
vn -0.691031 0.374535 -0.618223
vn -0.691031 0.374535 -0.618223
vn -0.856308 0.461053 -0.232737
vn -0.856308 0.461053 -0.232737
vn -0.856308 0.461053 -0.232737
vn -0.856308 0.461053 -0.232737
vn -0.702668 0.529514 -0.475260
vn -0.702668 0.529514 -0.475260
vn -0.702668 0.529514 -0.475260
vn -0.702668 0.529514 -0.475260
vn -0.530719 0.364368 -0.765228
vn -0.530719 0.364368 -0.765228
vn -0.530719 0.364368 -0.765228
vn -0.530719 0.364368 -0.765228
vn 0.559837 0.246459 0.791101
vn 0.559837 0.246459 0.791101
vn 0.559837 0.246459 0.791101
vn 0.559837 0.246459 0.791101
vn -0.945296 0.236419 0.224770
vn -0.945296 0.236419 0.224770
vn -0.945296 0.236419 0.224770
vn -0.945296 0.236419 0.224770
vn -0.973598 0.160884 -0.161936
vn -0.973598 0.160884 -0.161936
vn -0.973598 0.160884 -0.161936
vn -0.973598 0.160884 -0.161936
vn -0.967168 0.252687 0.027135
vn -0.967168 0.252687 0.027135
vn -0.967168 0.252687 0.027135
vn -0.967168 0.252687 0.027135
vn -0.914061 0.249907 -0.319435
vn -0.914061 0.249907 -0.319435
vn -0.914061 0.249907 -0.319435
vn -0.914061 0.249907 -0.319435
vn -0.481386 0.160884 0.861617
vn -0.481386 0.160884 0.861617
vn -0.481386 0.160884 0.861617
vn -0.481386 0.160884 0.861617
vn -0.321187 0.249906 0.913447
vn -0.321187 0.249906 0.913447
vn -0.321187 0.249906 0.913447
vn -0.321187 0.249906 0.913447
vn -0.625060 0.252687 0.738545
vn -0.625060 0.252687 0.738545
vn -0.625060 0.252687 0.738545
vn -0.625060 0.252687 0.738545
vn 0.279091 0.228106 0.932779
vn 0.279091 0.228106 0.932779
vn 0.279091 0.228106 0.932779
vn 0.279091 0.228106 0.932779
vn 0.473412 0.226166 0.851311
vn 0.473412 0.226166 0.851311
vn 0.473412 0.226166 0.851311
vn 0.473412 0.226166 0.851311
vn 0.388666 0.000395 0.921379
vn 0.388596 0.000459 0.921408
vn 0.388596 0.000459 0.921408
vn 0.388666 0.000395 0.921379
vn 0.388666 0.000395 0.921379
vn 0.388666 0.000395 0.921379
vn 0.388736 0.000459 0.921349
vn 0.388736 0.000459 0.921349
vn 0.388736 0.000459 0.921349
vn 0.388736 0.000459 0.921349
vn 0.387048 0.091158 0.917542
vn 0.387048 0.091158 0.917542
vn 0.387048 0.091158 0.917542
vn 0.387048 0.091158 0.917542
vn 0.387048 0.091158 0.917543
vn 0.387048 0.091158 0.917543
vn 0.387047 0.091158 0.917543
vn 0.387047 0.091158 0.917543
vn 0.387047 0.091158 0.917543
vn 0.387047 0.091158 0.917543
vn 0.795921 0.461054 0.392352
vn 0.795921 0.461054 0.392352
vn 0.795921 0.461054 0.392352
vn 0.795921 0.461054 0.392352
vn 0.927193 0.374535 -0.006001
vn 0.927193 0.374535 -0.006001
vn 0.927193 0.374535 -0.006001
vn 0.927193 0.374535 -0.006001
vn 0.904331 0.364368 -0.222308
vn 0.904331 0.364368 -0.222308
vn 0.904331 0.364368 -0.222308
vn 0.904331 0.364368 -0.222308
vn 0.841287 0.529514 0.108863
vn 0.841287 0.529514 0.108863
vn 0.841287 0.529514 0.108863
vn 0.841287 0.529514 0.108863
vn 0.595536 0.069847 0.800287
vn 0.595536 0.069847 0.800287
vn 0.595536 0.069847 0.800287
vn 0.595536 0.069847 0.800287
vn 0.753717 0.047588 0.655475
vn 0.753717 0.047588 0.655475
vn 0.753717 0.047588 0.655475
vn 0.753717 0.047588 0.655475
vn 0.796864 0.092742 0.596999
vn 0.796864 0.092742 0.596999
vn 0.796864 0.092742 0.596999
vn 0.796864 0.092742 0.596999
vn 0.633254 0.156076 0.758043
vn 0.633254 0.156076 0.758043
vn 0.633254 0.156076 0.758043
vn 0.633254 0.156076 0.758043
vn 0.656322 0.170271 0.735016
vn 0.656322 0.170271 0.735016
vn -0.056751 0.048101 0.997229
vn -0.056751 0.048101 0.997229
vn -0.056751 0.048101 0.997229
vn -0.056751 0.048101 0.997229
vn 0.157501 0.070130 0.985026
vn 0.157501 0.070130 0.985026
vn 0.157501 0.070130 0.985026
vn 0.157501 0.070130 0.985026
vn 0.100992 0.156079 0.982568
vn 0.100992 0.156079 0.982568
vn 0.100992 0.156079 0.982568
vn 0.100992 0.156079 0.982568
vn 0.068398 0.170271 0.983021
vn 0.068398 0.170271 0.983021
vn -0.128532 0.092745 0.987359
vn -0.128532 0.092745 0.987359
vn -0.128532 0.092745 0.987359
vn -0.128532 0.092745 0.987359
vn -0.651367 0.374536 0.659882
vn -0.651367 0.374536 0.659882
vn -0.651367 0.374536 0.659882
vn -0.651367 0.374536 0.659882
vn -0.274448 0.461054 0.843865
vn -0.274448 0.461054 0.843865
vn -0.274448 0.461054 0.843865
vn -0.274448 0.461054 0.843865
vn -0.509147 0.529514 0.678517
vn -0.509147 0.529514 0.678517
vn -0.509147 0.529514 0.678517
vn -0.509147 0.529514 0.678517
vn -0.790332 0.364368 0.492556
vn -0.790332 0.364368 0.492556
vn -0.790332 0.364368 0.492556
vn -0.790332 0.364368 0.492556
vn -0.515814 -0.027898 -0.856246
vn -0.515814 -0.027898 -0.856246
vn -0.515814 -0.027898 -0.856246
vn -0.515814 -0.027898 -0.856246
vn 0.175065 0.250309 0.952207
vn 0.175065 0.250309 0.952207
vn 0.175065 0.250309 0.952207
vn 0.175065 0.250309 0.952207
vn -0.209484 0.160884 0.964486
vn -0.209484 0.160884 0.964486
vn -0.209484 0.160884 0.964486
vn -0.209484 0.160884 0.964486
vn -0.020323 0.252687 0.967335
vn -0.020323 0.252687 0.967335
vn -0.020323 0.252687 0.967335
vn -0.020323 0.252687 0.967335
vn -0.363872 0.249906 0.897298
vn -0.363872 0.249906 0.897298
vn -0.363872 0.249906 0.897298
vn -0.363872 0.249906 0.897298
vn 0.836975 0.160885 0.523057
vn 0.836975 0.160885 0.523057
vn 0.836975 0.160885 0.523057
vn 0.836975 0.160885 0.523057
vn 0.896599 0.249907 0.365592
vn 0.896599 0.249907 0.365592
vn 0.896599 0.249907 0.365592
vn 0.896599 0.249907 0.365592
vn 0.707005 0.252687 0.660525
vn 0.707005 0.252687 0.660525
vn 0.707005 0.252687 0.660525
vn 0.707005 0.252687 0.660525
vn 0.000000 -1.000000 0.000000
vn 0.000000 -1.000000 0.000000
vn 0.000000 -1.000000 0.000000
vn 0.000000 -1.000000 0.000000
vn 0.000000 -1.000000 0.000000
vn 0.000000 -1.000000 0.000000
vn 0.141019 -0.932072 0.333699
vn 0.141019 -0.932072 0.333699
vn 0.141019 -0.932072 0.333699
vn 0.141019 -0.932072 0.333699
vn 0.387323 0.027245 0.921541
vn 0.387323 0.027245 0.921541
vn 0.387323 0.027245 0.921541
vn 0.387323 0.027245 0.921541
vn 0.380311 -0.271973 0.883965
vn 0.380311 -0.271973 0.883965
vn 0.380311 -0.271973 0.883965
vn 0.380311 -0.271973 0.883965
vn 0.254399 -0.027128 0.966719
vn 0.254399 -0.027128 0.966719
vn 0.254399 -0.027128 0.966719
vn 0.254399 -0.027128 0.966719
vn -0.812278 -0.021610 0.582871
vn -0.812278 -0.021610 0.582871
vn -0.812278 -0.021610 0.582871
vn -0.812278 -0.021610 0.582871
vn -0.368866 -0.271982 -0.888799
vn -0.368866 -0.271982 -0.888799
vn -0.368866 -0.271982 -0.888799
vn -0.368866 -0.271982 -0.888799
vn -0.390739 0.024004 -0.920189
vn -0.390739 0.024004 -0.920189
vn -0.390739 0.024004 -0.920189
vn -0.390739 0.024004 -0.920189
vn -0.921167 0.130364 0.366684
vn -0.921167 0.130364 0.366684
vn -0.921167 0.130364 0.366684
vn -0.921167 0.130364 0.366684
vn -0.904949 0.130367 0.405058
vn -0.904949 0.130367 0.405058
vn -0.871329 0.047546 0.488390
vn -0.871329 0.047546 0.488390
vn -0.871329 0.047546 0.488390
vn -0.871329 0.047546 0.488390
vn 0.239222 -0.606580 0.758178
vn 0.239222 -0.606580 0.758178
vn 0.239222 -0.606580 0.758178
vn 0.239222 -0.606580 0.758178
vn 0.082169 -0.296418 0.951517
vn 0.082169 -0.296418 0.951517
vn 0.082169 -0.296418 0.951517
vn 0.082169 -0.296418 0.951517
vn -0.759966 -0.267569 -0.592334
vn -0.759966 -0.267569 -0.592334
vn -0.759966 -0.267569 -0.592334
vn -0.759966 -0.267569 -0.592334
vn -0.904044 -0.232778 -0.358496
vn -0.904044 -0.232778 -0.358496
vn -0.904044 -0.232778 -0.358496
vn -0.904044 -0.232778 -0.358496
vn -0.233583 -0.120229 0.964875
vn -0.233583 -0.120229 0.964875
vn -0.233583 -0.120229 0.964875
vn -0.233583 -0.120229 0.964875
vn -0.053997 -0.182624 0.981699
vn -0.053997 -0.182624 0.981699
vn -0.053997 -0.182624 0.981699
vn -0.053997 -0.182624 0.981699
vn -0.624943 -0.297526 -0.721751
vn -0.624943 -0.297526 -0.721751
vn -0.624943 -0.297526 -0.721751
vn -0.624943 -0.297526 -0.721751
vn -0.377307 -0.606675 -0.699703
vn -0.377307 -0.606675 -0.699703
vn -0.377307 -0.606675 -0.699703
vn -0.377307 -0.606675 -0.699703
vn -0.141020 -0.932072 -0.333699
vn -0.141020 -0.932072 -0.333699
vn -0.141020 -0.932072 -0.333699
vn -0.141020 -0.932072 -0.333699
vn -0.957496 0.047546 0.284500
vn -0.957496 0.047546 0.284500
vn -0.957496 0.047546 0.284500
vn -0.957496 0.047546 0.284500
vn -0.741658 -0.182624 -0.645439
vn -0.741658 -0.182624 -0.645439
vn -0.741658 -0.182624 -0.645439
vn -0.741658 -0.182624 -0.645439
vn -0.854750 -0.120229 -0.504924
vn -0.854750 -0.120229 -0.504924
vn -0.854750 -0.120229 -0.504924
vn -0.854750 -0.120229 -0.504924
vn -0.372950 -0.232779 0.898177
vn -0.372950 -0.232779 0.898177
vn -0.372950 -0.232779 0.898177
vn -0.372950 -0.232779 0.898177
vn -0.104843 -0.267569 0.957818
vn -0.104843 -0.267569 0.957818
vn -0.104843 -0.267569 0.957818
vn -0.104843 -0.267569 0.957818
vn 0.000001 -1.000000 0.000000
vn 0.000001 -1.000000 0.000000
vn 0.000001 -1.000000 0.000000
vn 0.000001 -1.000000 0.000000
vn 0.000000 -1.000000 0.000000
vn 0.000000 -1.000000 0.000000
vn 0.321512 -0.932072 -0.166946
vn 0.321512 -0.932072 -0.166946
vn 0.321512 -0.932072 -0.166946
vn 0.321512 -0.932072 -0.166946
vn 0.888061 0.027247 -0.458918
vn 0.888061 0.027247 -0.458918
vn 0.888061 0.027247 -0.458918
vn 0.888061 0.027247 -0.458918
vn 0.851156 -0.271982 -0.448954
vn 0.851156 -0.271982 -0.448954
vn 0.851156 -0.271982 -0.448954
vn 0.851156 -0.271982 -0.448954
vn 0.942868 -0.035267 -0.331295
vn 0.942868 -0.035267 -0.331295
vn 0.942868 -0.035267 -0.331295
vn 0.942868 -0.035267 -0.331295
vn 0.556020 -0.031633 0.830567
vn 0.556020 -0.031633 0.830567
vn 0.556020 -0.031633 0.830567
vn 0.556020 -0.031633 0.830567
vn -0.856883 -0.271973 0.437930
vn -0.856883 -0.271973 0.437930
vn -0.856883 -0.271973 0.437930
vn -0.856883 -0.271973 0.437930
vn -0.886442 0.024003 0.462216
vn -0.886442 0.024003 0.462216
vn -0.886442 0.024003 0.462216
vn -0.886442 0.024003 0.462216
vn 0.438319 0.130369 0.889315
vn 0.438319 0.130369 0.889315
vn 0.438319 0.130369 0.889315
vn 0.438319 0.130369 0.889315
vn 0.475293 0.130364 0.870116
vn 0.475293 0.130364 0.870116
vn 0.555706 0.047547 0.830018
vn 0.555706 0.047547 0.830018
vn 0.555706 0.047547 0.830018
vn 0.555706 0.047547 0.830018
vn 0.736906 -0.606578 -0.298384
vn 0.736906 -0.606578 -0.298384
vn 0.736906 -0.606578 -0.298384
vn 0.736906 -0.606578 -0.298384
vn 0.942051 -0.296418 -0.157090
vn 0.942051 -0.296418 -0.157090
vn 0.942051 -0.296418 -0.157090
vn 0.942051 -0.296418 -0.157090
vn -0.530451 -0.267564 0.804383
vn -0.530451 -0.267564 0.804383
vn -0.530451 -0.267564 0.804383
vn -0.530451 -0.267564 0.804383
vn -0.285958 -0.232774 0.929540
vn -0.285958 -0.232774 0.929540
vn -0.285958 -0.232774 0.929540
vn -0.285958 -0.232774 0.929540
vn 0.980315 -0.120228 0.156617
vn 0.980315 -0.120228 0.156617
vn 0.980315 -0.120228 0.156617
vn 0.980315 -0.120228 0.156617
vn 0.982897 -0.182623 -0.023734
vn 0.982897 -0.182623 -0.023734
vn 0.982897 -0.182623 -0.023734
vn 0.982897 -0.182623 -0.023734
vn -0.670124 -0.297526 0.680009
vn -0.670124 -0.297526 0.680009
vn -0.670124 -0.297526 0.680009
vn -0.670124 -0.297526 0.680009
vn -0.667711 -0.606674 0.431404
vn -0.667711 -0.606674 0.431404
vn -0.667711 -0.606674 0.431404
vn -0.667711 -0.606674 0.431404
vn -0.321513 -0.932072 0.166947
vn -0.321513 -0.932072 0.166947
vn -0.321513 -0.932072 0.166947
vn -0.321513 -0.932072 0.166947
vn 0.359259 0.047545 0.932026
vn 0.359259 0.047545 0.932026
vn 0.359259 0.047545 0.932026
vn 0.359259 0.047545 0.932026
vn -0.584829 -0.182623 0.790331
vn -0.584829 -0.182623 0.790331
vn -0.584829 -0.182623 0.790331
vn -0.584829 -0.182623 0.790331
vn -0.435823 -0.120229 0.891966
vn -0.435823 -0.120229 0.891966
vn -0.435823 -0.120229 0.891966
vn -0.435823 -0.120229 0.891966
vn 0.924835 -0.232777 0.300823
vn 0.924835 -0.232777 0.300823
vn 0.924835 -0.232777 0.300823
vn 0.924835 -0.232777 0.300823
vn 0.963108 -0.267566 0.028839
vn 0.963108 -0.267566 0.028839
vn 0.963108 -0.267566 0.028839
vn 0.963108 -0.267566 0.028839
vn 0.000000 -1.000000 0.000000
vn 0.000000 -1.000000 0.000000
vn 0.000000 -1.000000 0.000000
vn 0.000000 -1.000000 0.000000
vn 0.000000 -1.000000 0.000000
vn 0.000000 -1.000000 0.000000
vn -0.156994 -0.932072 -0.326487
vn -0.156994 -0.932072 -0.326487
vn -0.156994 -0.932072 -0.326487
vn -0.156994 -0.932072 -0.326487
vn -0.431448 0.027246 -0.901726
vn -0.431448 0.027246 -0.901726
vn -0.431448 0.027246 -0.901726
vn -0.431448 0.027246 -0.901726
vn -0.422619 -0.271975 -0.864536
vn -0.422619 -0.271975 -0.864536
vn -0.422619 -0.271975 -0.864536
vn -0.422619 -0.271975 -0.864536
vn -0.300833 -0.026921 -0.953297
vn -0.300833 -0.026921 -0.953297
vn -0.300833 -0.026921 -0.953297
vn -0.300833 -0.026921 -0.953297
vn 0.857388 -0.040743 -0.513055
vn 0.857388 -0.040743 -0.513055
vn 0.857388 -0.040743 -0.513055
vn 0.857388 -0.040743 -0.513055
vn 0.411422 -0.271979 0.869919
vn 0.411422 -0.271979 0.869919
vn 0.411422 -0.271979 0.869919
vn 0.411422 -0.271979 0.869919
vn 0.434794 0.024003 0.900210
vn 0.434794 0.024003 0.900210
vn 0.434794 0.024003 0.900210
vn 0.434794 0.024003 0.900210
vn 0.902358 0.130357 -0.410800
vn 0.902358 0.130357 -0.410800
vn 0.902358 0.130357 -0.410800
vn 0.902358 0.130357 -0.410800
vn 0.884297 0.130361 -0.448358
vn 0.884297 0.130361 -0.448358
vn 0.846694 0.047541 -0.529951
vn 0.846694 0.047541 -0.529951
vn 0.846694 0.047541 -0.529951
vn 0.846694 0.047541 -0.529951
vn -0.275625 -0.606577 -0.745718
vn -0.275625 -0.606577 -0.745718
vn -0.275625 -0.606577 -0.745718
vn -0.275625 -0.606577 -0.745718
vn -0.128100 -0.296418 -0.946429
vn -0.128100 -0.296418 -0.946429
vn -0.128100 -0.296418 -0.946429
vn -0.128100 -0.296418 -0.946429
vn 0.787727 -0.267564 0.554884
vn 0.787727 -0.267564 0.554884
vn 0.787727 -0.267564 0.554884
vn 0.787727 -0.267564 0.554884
vn 0.920324 -0.232780 0.314353
vn 0.920324 -0.232780 0.314353
vn 0.920324 -0.232780 0.314353
vn 0.920324 -0.232780 0.314353
vn 0.186627 -0.120227 -0.975047
vn 0.186627 -0.120227 -0.975047
vn 0.186627 -0.120227 -0.975047
vn 0.186627 -0.120227 -0.975047
vn 0.006441 -0.182621 -0.983162
vn 0.006441 -0.182621 -0.983162
vn 0.006441 -0.182621 -0.983162
vn 0.006441 -0.182621 -0.983162
vn 0.659122 -0.297526 0.690679
vn 0.659122 -0.297526 0.690679
vn 0.659122 -0.297526 0.690679
vn 0.659122 -0.297526 0.690679
vn 0.410699 -0.606669 0.680646
vn 0.410699 -0.606669 0.680646
vn 0.410699 -0.606669 0.680646
vn 0.410699 -0.606669 0.680646
vn 0.156994 -0.932072 0.326487
vn 0.156994 -0.932072 0.326487
vn 0.156994 -0.932072 0.326487
vn 0.156994 -0.932072 0.326487
vn 0.942613 0.047545 -0.330486
vn 0.942613 0.047545 -0.330486
vn 0.942613 0.047545 -0.330486
vn 0.942613 0.047545 -0.330486
vn 0.772004 -0.182623 0.608818
vn 0.772004 -0.182623 0.608818
vn 0.772004 -0.182623 0.608818
vn 0.772004 -0.182623 0.608818
vn 0.878174 -0.120232 0.462984
vn 0.878174 -0.120232 0.462984
vn 0.878174 -0.120232 0.462984
vn 0.878174 -0.120232 0.462984
vn 0.329069 -0.232779 -0.915165
vn 0.329069 -0.232779 -0.915165
vn 0.329069 -0.232779 -0.915165
vn 0.329069 -0.232779 -0.915165
vn 0.058383 -0.267566 -0.961769
vn 0.058383 -0.267566 -0.961769
vn 0.058383 -0.267566 -0.961769
vn 0.058383 -0.267566 -0.961769
vn 0.000000 -1.000000 0.000000
vn 0.000000 -1.000000 0.000000
vn 0.000000 -1.000000 0.000000
vn 0.000000 -1.000000 0.000000
vn 0.000000 -1.000000 0.000000
vn 0.000000 -1.000000 0.000000
vn -0.333793 -0.932072 0.140795
vn -0.333793 -0.932072 0.140795
vn -0.333793 -0.932072 0.140795
vn -0.333793 -0.932072 0.140795
vn -0.921796 0.027247 0.386717
vn -0.921796 0.027247 0.386717
vn -0.921796 0.027247 0.386717
vn -0.921796 0.027247 0.386717
vn -0.884221 -0.271973 0.379717
vn -0.884221 -0.271973 0.379717
vn -0.884221 -0.271973 0.379717
vn -0.884221 -0.271973 0.379717
vn -0.967265 -0.021668 0.252842
vn -0.967265 -0.021668 0.252842
vn -0.967265 -0.021668 0.252842
vn -0.967265 -0.021668 0.252842
vn 0.889047 -0.271981 -0.368269
vn 0.889047 -0.271981 -0.368269
vn 0.889047 -0.271981 -0.368269
vn 0.889047 -0.271981 -0.368269
vn 0.920445 0.024003 -0.390133
vn 0.920445 0.024003 -0.390133
vn 0.920445 0.024003 -0.390133
vn 0.920445 0.024003 -0.390133
vn -0.366072 0.130366 -0.921410
vn -0.366072 0.130366 -0.921410
vn -0.366072 0.130366 -0.921410
vn -0.366072 0.130366 -0.921410
vn -0.404466 0.130363 -0.905214
vn -0.404466 0.130363 -0.905214
vn -0.487810 0.047546 -0.871654
vn -0.487810 0.047546 -0.871654
vn -0.487810 0.047546 -0.871654
vn -0.487810 0.047546 -0.871654
vn -0.758335 -0.606576 0.238734
vn -0.758335 -0.606576 0.238734
vn -0.758335 -0.606576 0.238734
vn -0.758335 -0.606576 0.238734
vn -0.951572 -0.296419 0.081532
vn -0.951572 -0.296419 0.081532
vn -0.951572 -0.296419 0.081532
vn -0.951572 -0.296419 0.081532
vn 0.592848 -0.267564 -0.759566
vn 0.592848 -0.267564 -0.759566
vn 0.592848 -0.267564 -0.759566
vn 0.592848 -0.267564 -0.759566
vn 0.359103 -0.232776 -0.903803
vn 0.359103 -0.232776 -0.903803
vn 0.359103 -0.232776 -0.903803
vn 0.359103 -0.232776 -0.903803
vn -0.964720 -0.120229 -0.234225
vn -0.964720 -0.120229 -0.234225
vn -0.964720 -0.120229 -0.234225
vn -0.964720 -0.120229 -0.234225
vn -0.981664 -0.182621 -0.054639
vn -0.981664 -0.182621 -0.054639
vn -0.981664 -0.182621 -0.054639
vn -0.981664 -0.182621 -0.054639
vn 0.722170 -0.297526 -0.624459
vn 0.722170 -0.297526 -0.624459
vn 0.722170 -0.297526 -0.624459
vn 0.722170 -0.297526 -0.624459
vn 0.699961 -0.606672 -0.376834
vn 0.699961 -0.606672 -0.376834
vn 0.699961 -0.606672 -0.376834
vn 0.699961 -0.606672 -0.376834
vn 0.333793 -0.932072 -0.140795
vn 0.333793 -0.932072 -0.140795
vn 0.333793 -0.932072 -0.140795
vn 0.333793 -0.932072 -0.140795
vn -0.283870 0.047543 -0.957684
vn -0.283870 0.047543 -0.957684
vn -0.283870 0.047543 -0.957684
vn -0.283870 0.047543 -0.957684
vn 0.645942 -0.182622 -0.741220
vn 0.645942 -0.182622 -0.741220
vn 0.645942 -0.182622 -0.741220
vn 0.645942 -0.182622 -0.741220
vn 0.505500 -0.120228 -0.854409
vn 0.505500 -0.120228 -0.854409
vn 0.505500 -0.120228 -0.854409
vn 0.505500 -0.120228 -0.854409
vn -0.897929 -0.232778 -0.373547
vn -0.897929 -0.232778 -0.373547
vn -0.897929 -0.232778 -0.373547
vn -0.897929 -0.232778 -0.373547
vn -0.957749 -0.267565 -0.105476
vn -0.957749 -0.267565 -0.105476
vn -0.957749 -0.267565 -0.105476
vn -0.957749 -0.267565 -0.105476
g Carrot_Orange
usemtl Orange
f 1 2 3
f 1 3 4
f 5 1 4
f 5 6 1
f 7 6 5
f 7 5 8
f 9 10 11
f 9 12 10
f 9 13 12
f 9 14 13
f 15 13 14
f 15 16 13
f 17 18 19
f 17 19 20
f 21 17 20
f 21 22 17
f 23 22 21
f 23 21 24
f 25 26 27
f 25 28 26
f 25 29 28
f 25 30 29
f 31 29 30
f 31 32 29
f 33 34 35
f 33 35 36
f 36 37 33
f 36 38 37
f 39 37 38
f 39 38 40
f 41 42 43
f 41 44 42
f 41 45 44
f 41 46 45
f 47 45 46
f 47 48 45
f 49 50 51
f 49 51 52
f 52 53 49
f 52 54 53
f 55 53 54
f 55 54 56
f 57 58 59
f 57 60 58
f 57 61 60
f 57 62 61
f 63 61 62
f 63 64 61
f 65 66 67
f 65 67 68
f 69 70 71
f 69 71 72
f 73 74 75
f 73 75 76
f 77 78 79
f 77 79 80
f 81 82 83
f 81 83 84
f 85 86 87
f 85 87 88
f 89 90 91
f 89 91 92
f 93 94 95
f 93 95 96
f 97 98 99
f 97 99 100
f 101 102 103
f 101 103 104
f 105 106 107
f 105 107 108
f 109 110 111
f 109 111 112
f 113 114 115
f 113 115 116
f 117 118 119
f 117 119 120
f 121 122 123
f 121 123 124
f 125 126 127
f 125 127 128
g Carrot_DarkGreen
usemtl DarkGreen
f 129 130 131
f 129 131 132
f 133 134 135
f 133 135 136
f 137 138 139
f 137 139 140
f 141 142 143
f 141 143 144
f 141 144 145
f 141 145 146
f 147 146 145
f 147 145 148
f 147 148 149
f 147 149 150
f 151 152 153
f 151 154 152
f 151 155 154
f 151 156 155
f 157 155 156
f 157 158 155
f 157 159 158
f 157 160 159
f 161 162 163
f 161 163 164
f 165 166 167
f 165 167 168
f 169 170 171
f 169 171 172
f 173 174 175
f 173 175 176
f 177 178 179
f 177 179 180
f 181 182 183
f 181 183 184
f 185 186 187
f 185 187 188
f 189 190 191
f 189 191 192
f 193 192 191
f 193 191 194
f 195 196 197
f 195 197 198
f 199 200 201
f 199 201 202
f 203 204 205
f 203 206 204
f 207 204 206
f 207 208 204
f 209 210 211
f 209 211 212
f 213 214 215
f 213 215 216
f 217 218 219
f 217 219 220
f 221 222 223
f 221 223 224
f 225 226 227
f 225 227 228
f 229 230 231
f 229 231 232
f 233 234 235
f 233 235 236
f 237 238 239
f 237 239 240
f 241 242 243
f 241 243 244
f 245 246 247
f 245 247 248
f 249 250 251
f 249 251 252
f 253 254 255
f 253 255 256
f 257 258 259
f 257 259 260
f 261 262 263
f 261 263 264
f 265 266 267
f 265 267 268
f 269 270 271
f 269 271 272
f 269 272 273
f 269 273 274
f 275 274 273
f 275 273 276
f 275 276 277
f 275 277 278
f 279 280 281
f 279 282 280
f 279 283 282
f 279 284 283
f 285 283 284
f 285 286 283
f 285 287 286
f 285 288 287
f 289 290 291
f 289 291 292
f 293 294 295
f 293 295 296
f 297 298 299
f 297 299 300
f 301 302 303
f 301 303 304
f 305 306 307
f 305 307 308
f 309 310 311
f 309 311 312
f 313 314 315
f 313 315 316
f 317 318 319
f 317 319 320
f 321 320 319
f 321 319 322
f 323 324 325
f 323 325 326
f 327 328 329
f 327 329 330
f 331 332 333
f 331 334 332
f 335 332 334
f 335 336 332
f 337 338 339
f 337 339 340
f 341 342 343
f 341 343 344
f 345 346 347
f 345 347 348
f 349 350 351
f 349 351 352
f 353 354 355
f 353 355 356
f 357 358 359
f 357 359 360
f 361 362 363
f 361 363 364
f 365 366 367
f 365 367 368
f 369 370 371
f 369 371 372
f 373 374 375
f 373 375 376
f 377 378 379
f 377 379 380
f 381 382 383
f 381 383 384
f 385 386 387
f 385 387 388
f 389 390 391
f 389 391 392
f 393 394 395
f 393 395 396
f 397 398 399
f 397 399 400
f 397 400 401
f 397 401 402
f 403 402 401
f 403 401 404
f 403 404 405
f 403 405 406
f 407 408 409
f 407 410 408
f 407 411 410
f 407 412 411
f 413 411 412
f 413 414 411
f 413 415 414
f 413 416 415
f 417 418 419
f 417 419 420
f 421 422 423
f 421 423 424
f 425 426 427
f 425 427 428
f 429 430 431
f 429 431 432
f 433 434 435
f 433 435 436
f 437 438 439
f 437 439 440
f 441 442 443
f 441 443 444
f 445 446 447
f 445 447 448
f 449 448 447
f 449 447 450
f 451 452 453
f 451 453 454
f 455 456 457
f 455 457 458
f 459 460 461
f 459 462 460
f 463 460 462
f 463 464 460
f 465 466 467
f 465 467 468
f 469 470 471
f 469 471 472
f 473 474 475
f 473 475 476
f 477 478 479
f 477 479 480
f 481 482 483
f 481 483 484
f 485 486 487
f 485 487 488
f 489 490 491
f 489 491 492
f 493 494 495
f 493 495 496
f 497 498 499
f 497 499 500
f 501 502 503
f 501 503 504
f 505 506 507
f 505 507 508
f 509 510 511
f 509 511 512
f 513 514 515
f 513 515 516
f 517 518 519
f 517 519 520
f 521 522 523
f 521 523 524
f 525 526 527
f 525 527 528
f 525 528 529
f 525 529 530
f 531 530 529
f 531 529 532
f 531 532 533
f 531 533 534
f 535 536 537
f 535 538 536
f 535 539 538
f 535 540 539
f 541 539 540
f 541 542 539
f 541 543 542
f 541 544 543
f 545 546 547
f 545 547 548
f 549 550 551
f 549 551 552
f 553 554 555
f 553 555 556
f 557 558 559
f 557 559 560
f 561 562 563
f 561 563 564
f 565 566 567
f 565 567 568
f 569 570 571
f 569 571 572
f 573 574 575
f 573 575 576
f 577 576 575
f 577 575 578
f 579 580 581
f 579 581 582
f 583 584 585
f 583 585 586
f 587 588 589
f 587 590 588
f 591 588 590
f 591 592 588
f 593 594 595
f 593 595 596
f 597 598 599
f 597 599 600
f 601 602 603
f 601 603 604
f 605 606 607
f 605 607 608
f 609 610 611
f 609 611 612
f 613 614 615
f 613 615 616
f 617 618 619
f 617 619 620
f 621 622 623
f 621 623 624
f 625 626 627
f 625 627 628
f 629 630 631
f 629 631 632
f 633 634 635
f 633 635 636
f 637 638 639
f 637 639 640
f 641 642 643
f 641 643 644
f 645 646 647
f 645 647 648
f 649 650 651
f 649 651 652
f 653 654 655
f 653 656 654
f 653 657 656
f 653 658 657
f 659 657 658
f 659 660 657
f 659 661 660
f 659 662 661
f 663 664 665
f 663 665 666
f 663 666 667
f 663 667 668
f 669 668 667
f 669 667 670
f 669 670 671
f 669 671 672
f 673 674 675
f 673 675 676
f 677 678 679
f 677 679 680
f 681 682 683
f 681 683 684
f 685 686 687
f 685 687 688
f 689 690 691
f 689 691 692
f 693 694 695
f 693 695 696
f 697 698 699
f 697 699 700
f 701 702 703
f 701 704 702
f 705 702 704
f 705 706 702
f 707 708 709
f 707 709 710
f 711 712 713
f 711 713 714
f 715 716 717
f 715 717 718
f 719 718 717
f 719 717 720
f 721 722 723
f 721 723 724
f 725 726 727
f 725 727 728
f 729 730 731
f 729 731 732
f 733 734 735
f 733 735 736
f 737 738 739
f 737 739 740
f 741 742 743
f 741 743 744
f 745 746 747
f 745 747 748
f 749 750 751
f 749 751 752
f 753 754 755
f 753 755 756
f 757 758 759
f 757 759 760
f 761 762 763
f 761 763 764
f 765 766 767
f 765 767 768
f 769 770 771
f 769 771 772
f 773 774 775
f 773 775 776
f 777 778 779
f 777 779 780
f 781 782 783
f 781 784 782
f 781 785 784
f 781 786 785
f 787 785 786
f 787 788 785
f 787 789 788
f 787 790 789
f 791 792 793
f 791 793 794
f 791 794 795
f 791 795 796
f 797 796 795
f 797 795 798
f 797 798 799
f 797 799 800
f 801 802 803
f 801 803 804
f 805 806 807
f 805 807 808
f 809 810 811
f 809 811 812
f 813 814 815
f 813 815 816
f 817 818 819
f 817 819 820
f 821 822 823
f 821 823 824
f 825 826 827
f 825 827 828
f 829 830 831
f 829 832 830
f 833 830 832
f 833 834 830
f 835 836 837
f 835 837 838
f 839 840 841
f 839 841 842
f 843 844 845
f 843 845 846
f 847 846 845
f 847 845 848
f 849 850 851
f 849 851 852
f 853 854 855
f 853 855 856
f 857 858 859
f 857 859 860
f 861 862 863
f 861 863 864
f 865 866 867
f 865 867 868
f 869 870 871
f 869 871 872
f 873 874 875
f 873 875 876
f 877 878 879
f 877 879 880
f 881 882 883
f 881 883 884
f 885 886 887
f 885 887 888
f 889 890 891
f 889 891 892
f 893 894 895
f 893 895 896
f 897 898 899
f 897 899 900
f 901 902 903
f 901 903 904
f 905 906 907
f 905 907 908
f 909 910 911
f 909 912 910
f 909 913 912
f 909 914 913
f 915 913 914
f 915 916 913
f 915 917 916
f 915 918 917
f 919 920 921
f 919 921 922
f 919 922 923
f 919 923 924
f 925 924 923
f 925 923 926
f 925 926 927
f 925 927 928
f 929 930 931
f 929 931 932
f 933 934 935
f 933 935 936
f 937 938 939
f 937 939 940
f 941 942 943
f 941 943 944
f 945 946 947
f 945 947 948
f 949 950 951
f 949 951 952
f 953 954 955
f 953 955 956
f 957 958 959
f 957 960 958
f 961 958 960
f 961 962 958
f 963 964 965
f 963 965 966
f 967 968 969
f 967 969 970
f 971 972 973
f 971 973 974
f 975 974 973
f 975 973 976
f 977 978 979
f 977 979 980
f 981 982 983
f 981 983 984
f 985 986 987
f 985 987 988
f 989 990 991
f 989 991 992
f 993 994 995
f 993 995 996
f 997 998 999
f 997 999 1000
f 1001 1002 1003
f 1001 1003 1004
f 1005 1006 1007
f 1005 1007 1008
f 1009 1010 1011
f 1009 1011 1012
f 1013 1014 1015
f 1013 1015 1016
f 1017 1018 1019
f 1017 1019 1020
f 1021 1022 1023
f 1021 1023 1024
f 1025 1026 1027
f 1025 1027 1028
f 1029 1030 1031
f 1029 1031 1032
f 1033 1034 1035
f 1033 1035 1036
f 1037 1038 1039
f 1037 1040 1038
f 1037 1041 1040
f 1037 1042 1041
f 1043 1041 1042
f 1043 1044 1041
f 1043 1045 1044
f 1043 1046 1045
f 1047 1048 1049
f 1047 1049 1050
f 1047 1050 1051
f 1047 1051 1052
f 1053 1052 1051
f 1053 1051 1054
f 1053 1054 1055
f 1053 1055 1056
f 1057 1058 1059
f 1057 1059 1060
f 1061 1062 1063
f 1061 1063 1064
f 1065 1066 1067
f 1065 1067 1068
f 1069 1070 1071
f 1069 1071 1072
f 1073 1074 1075
f 1073 1075 1076
f 1077 1078 1079
f 1077 1079 1080
f 1081 1082 1083
f 1081 1083 1084
f 1085 1086 1087
f 1085 1088 1086
f 1089 1086 1088
f 1089 1090 1086
f 1091 1092 1093
f 1091 1093 1094
f 1095 1096 1097
f 1095 1097 1098
f 1099 1100 1101
f 1099 1101 1102
f 1103 1102 1101
f 1103 1101 1104
f 1105 1106 1107
f 1105 1107 1108
f 1109 1110 1111
f 1109 1111 1112
f 1113 1114 1115
f 1113 1115 1116
f 1117 1118 1119
f 1117 1119 1120
f 1121 1122 1123
f 1121 1123 1124
f 1125 1126 1127
f 1125 1127 1128
f 1129 1130 1131
f 1129 1131 1132
f 1133 1134 1135
f 1133 1135 1136
f 1137 1138 1139
f 1137 1139 1140
f 1141 1142 1143
f 1141 1143 1144
f 1145 1146 1147
f 1145 1147 1148
f 1149 1150 1151
f 1149 1151 1152
f 1153 1154 1155
f 1153 1155 1156
f 1157 1158 1159
f 1157 1160 1158
f 1161 1160 1157
f 1161 1162 1160
f 1163 1164 1165
f 1163 1165 1166
f 1167 1168 1169
f 1167 1169 1170
f 1171 1172 1173
f 1171 1173 1174
f 1175 1176 1177
f 1175 1177 1178
f 1179 1180 1181
f 1179 1181 1182
f 1183 1184 1185
f 1183 1185 1186
f 1187 1188 1189
f 1187 1189 1190
f 1191 1192 1193
f 1191 1193 1194
f 1194 1193 1195
f 1194 1195 1196
f 1197 1198 1199
f 1197 1199 1200
f 1201 1202 1203
f 1201 1203 1204
f 1205 1206 1207
f 1205 1207 1208
f 1209 1210 1211
f 1209 1211 1212
f 1213 1214 1215
f 1213 1215 1216
f 1217 1218 1219
f 1217 1219 1220
f 1221 1222 1223
f 1221 1223 1224
f 1225 1226 1227
f 1225 1227 1228
f 1229 1230 1231
f 1229 1231 1232
f 1233 1234 1235
f 1233 1235 1236
f 1237 1238 1239
f 1237 1239 1240
f 1241 1242 1243
f 1241 1243 1244
f 1245 1246 1247
f 1245 1247 1248
f 1249 1250 1251
f 1249 1251 1252
f 1253 1254 1255
f 1253 1255 1256
f 1257 1258 1259
f 1257 1260 1258
f 1261 1260 1257
f 1261 1262 1260
f 1263 1264 1265
f 1263 1265 1266
f 1267 1268 1269
f 1267 1269 1270
f 1271 1272 1273
f 1271 1273 1274
f 1275 1276 1277
f 1275 1277 1278
f 1279 1280 1281
f 1279 1281 1282
f 1283 1284 1285
f 1283 1285 1286
f 1287 1288 1289
f 1287 1289 1290
f 1291 1292 1293
f 1291 1293 1294
f 1294 1293 1295
f 1294 1295 1296
f 1297 1298 1299
f 1297 1299 1300
f 1301 1302 1303
f 1301 1303 1304
f 1305 1306 1307
f 1305 1307 1308
f 1309 1310 1311
f 1309 1311 1312
f 1313 1314 1315
f 1313 1315 1316
f 1317 1318 1319
f 1317 1319 1320
f 1321 1322 1323
f 1321 1323 1324
f 1325 1326 1327
f 1325 1327 1328
f 1329 1330 1331
f 1329 1331 1332
f 1333 1334 1335
f 1333 1335 1336
f 1337 1338 1339
f 1337 1339 1340
f 1341 1342 1343
f 1341 1343 1344
f 1345 1346 1347
f 1345 1347 1348
f 1349 1350 1351
f 1349 1351 1352
f 1353 1354 1355
f 1353 1355 1356
f 1357 1358 1359
f 1357 1360 1358
f 1361 1360 1357
f 1361 1362 1360
f 1363 1364 1365
f 1363 1365 1366
f 1367 1368 1369
f 1367 1369 1370
f 1371 1372 1373
f 1371 1373 1374
f 1375 1376 1377
f 1375 1377 1378
f 1379 1380 1381
f 1379 1381 1382
f 1383 1384 1385
f 1383 1385 1386
f 1387 1388 1389
f 1387 1389 1390
f 1391 1392 1393
f 1391 1393 1394
f 1394 1393 1395
f 1394 1395 1396
f 1397 1398 1399
f 1397 1399 1400
f 1401 1402 1403
f 1401 1403 1404
f 1405 1406 1407
f 1405 1407 1408
f 1409 1410 1411
f 1409 1411 1412
f 1413 1414 1415
f 1413 1415 1416
f 1417 1418 1419
f 1417 1419 1420
f 1421 1422 1423
f 1421 1423 1424
f 1425 1426 1427
f 1425 1427 1428
f 1429 1430 1431
f 1429 1431 1432
f 1433 1434 1435
f 1433 1435 1436
f 1437 1438 1439
f 1437 1439 1440
f 1441 1442 1443
f 1441 1443 1444
f 1445 1446 1447
f 1445 1447 1448
f 1449 1450 1451
f 1449 1451 1452
f 1453 1454 1455
f 1453 1455 1456
f 1457 1458 1459
f 1457 1460 1458
f 1461 1460 1457
f 1461 1462 1460
f 1463 1464 1465
f 1463 1465 1466
f 1467 1468 1469
f 1467 1469 1470
f 1471 1472 1473
f 1471 1473 1474
f 1475 1476 1477
f 1475 1477 1478
f 1479 1480 1481
f 1479 1481 1482
f 1483 1484 1485
f 1483 1485 1486
f 1487 1488 1489
f 1487 1489 1490
f 1490 1489 1491
f 1490 1491 1492
f 1493 1494 1495
f 1493 1495 1496
f 1497 1498 1499
f 1497 1499 1500
f 1501 1502 1503
f 1501 1503 1504
f 1505 1506 1507
f 1505 1507 1508
f 1509 1510 1511
f 1509 1511 1512
f 1513 1514 1515
f 1513 1515 1516
f 1517 1518 1519
f 1517 1519 1520
f 1521 1522 1523
f 1521 1523 1524
f 1525 1526 1527
f 1525 1527 1528
f 1529 1530 1531
f 1529 1531 1532
f 1533 1534 1535
f 1533 1535 1536
f 1537 1538 1539
f 1537 1539 1540
f 1541 1542 1543
f 1541 1543 1544
f 1545 1546 1547
f 1545 1547 1548
f 1549 1550 1551
f 1549 1551 1552
