mtllib Materials.mtl
# Ultimate Food Pack - Donut4
o Donut4
v -0.269006 0.006824 -0.328063
v -0.235382 0.037667 -0.342875
v -0.242884 -0.033190 -0.354922
v 0.400915 -0.033190 -0.157068
v 0.404420 -0.003727 -0.156916
v 0.441551 -0.024537 -0.031377
v 0.429616 -0.033190 -0.031923
v 0.153752 0.044272 -0.060528
v 0.153752 -0.044272 -0.060528
v 0.164762 -0.044272 -0.012519
v 0.164762 0.044272 -0.012519
v 0.153752 -0.044272 -0.060528
v 0.206712 -0.112101 -0.081376
v 0.221514 -0.112101 -0.016831
v 0.164762 -0.044272 -0.012519
v 0.206712 -0.112101 -0.081376
v 0.287850 -0.127477 -0.113318
v 0.308462 -0.127477 -0.023438
v 0.221514 -0.112101 -0.016831
v 0.287850 -0.127477 -0.113318
v 0.387399 -0.083204 -0.152508
v 0.415141 -0.083204 -0.031544
v 0.308462 -0.127477 -0.023438
v 0.387399 -0.083204 -0.152508
v 0.400915 -0.033190 -0.157068
v 0.429616 -0.033190 -0.031923
v 0.415141 -0.083204 -0.031544
v 0.429616 -0.033190 -0.031923
v 0.441551 -0.024537 -0.031377
v 0.419993 0.006195 0.097462
v 0.420154 -0.033190 0.096122
v 0.164762 0.044272 -0.012519
v 0.164762 -0.044272 -0.012519
v 0.161133 -0.044272 0.036601
v 0.161133 0.044272 0.036601
v 0.164762 -0.044272 -0.012519
v 0.221514 -0.112101 -0.016831
v 0.216634 -0.112101 0.049209
v 0.161133 -0.044272 0.036601
v 0.221514 -0.112101 -0.016831
v 0.308462 -0.127477 -0.023438
v 0.301667 -0.127477 0.068524
v 0.216634 -0.112101 0.049209
v 0.308462 -0.127477 -0.023438
v 0.415141 -0.083204 -0.031544
v 0.405995 -0.083204 0.092222
v 0.301667 -0.127477 0.068524
v 0.415141 -0.083204 -0.031544
v 0.429616 -0.033190 -0.031923
v 0.420154 -0.033190 0.096122
v 0.405995 -0.083204 0.092222
v 0.420154 -0.033190 0.096122
v 0.419993 0.006195 0.097462
v 0.362481 0.037667 0.210707
v 0.373370 -0.033190 0.215689
v 0.161133 0.044272 0.036601
v 0.161133 -0.044272 0.036601
v 0.143185 -0.044272 0.082470
v 0.143185 0.044272 0.082470
v 0.161133 -0.044272 0.036601
v 0.216634 -0.112101 0.049209
v 0.192505 -0.112101 0.110876
v 0.143185 -0.044272 0.082470
v 0.216634 -0.112101 0.049209
v 0.301667 -0.127477 0.068524
v 0.268067 -0.127477 0.154398
v 0.192505 -0.112101 0.110876
v 0.301667 -0.127477 0.068524
v 0.405995 -0.083204 0.092222
v 0.360775 -0.083204 0.207794
v 0.268067 -0.127477 0.154398
v 0.405995 -0.083204 0.092222
v 0.420154 -0.033190 0.096122
v 0.373370 -0.033190 0.215689
v 0.360775 -0.083204 0.207794
v 0.373370 -0.033190 0.215689
v 0.362481 0.037667 0.210707
v 0.284919 0.037667 0.308174
v 0.293422 -0.033190 0.316154
v 0.143185 0.044272 0.082470
v 0.143185 -0.044272 0.082470
v 0.112516 -0.044272 0.121011
v 0.112516 0.044272 0.121011
v 0.143185 -0.044272 0.082470
v 0.192505 -0.112101 0.110876
v 0.151271 -0.112101 0.162692
v 0.112516 -0.044272 0.121011
v 0.192505 -0.112101 0.110876
v 0.268067 -0.127477 0.154398
v 0.210648 -0.127477 0.226552
v 0.151271 -0.112101 0.162692
v 0.268067 -0.127477 0.154398
v 0.360775 -0.083204 0.207794
v 0.283498 -0.083204 0.304903
v 0.210648 -0.127477 0.226552
v 0.360775 -0.083204 0.207794
v 0.373370 -0.033190 0.215689
v 0.293422 -0.033190 0.316154
v 0.283498 -0.083204 0.304903
v 0.293422 -0.033190 0.316154
v 0.284919 0.037667 0.308174
v 0.182074 0.037667 0.378449
v 0.187413 -0.033189 0.388591
v 0.112516 0.044272 0.121011
v 0.112516 -0.044272 0.121011
v 0.071848 -0.044272 0.148799
v 0.071848 0.044272 0.148799
v 0.112516 -0.044272 0.121011
v 0.151271 -0.112101 0.162692
v 0.096596 -0.112101 0.200052
v 0.071848 -0.044272 0.148799
v 0.151271 -0.112101 0.162692
v 0.210648 -0.127477 0.226552
v 0.134512 -0.127477 0.278577
v 0.096596 -0.112101 0.200052
v 0.210648 -0.127477 0.226552
v 0.283498 -0.083204 0.304903
v 0.181031 -0.083204 0.374919
v 0.134512 -0.127477 0.278577
v 0.283498 -0.083204 0.304903
v 0.293422 -0.033190 0.316154
v 0.187413 -0.033189 0.388591
v 0.181031 -0.083204 0.374919
v 0.187413 -0.033189 0.388591
v 0.182074 0.037667 0.378449
v 0.064570 0.012600 0.425078
v 0.064763 -0.033189 0.426563
v 0.071848 0.044272 0.148799
v 0.071848 -0.044272 0.148799
v 0.024797 -0.044272 0.163366
v 0.024797 0.044272 0.163366
v 0.071848 -0.044272 0.148799
v 0.096596 -0.112101 0.200052
v 0.033338 -0.112101 0.219637
v 0.024797 -0.044272 0.163366
v 0.096596 -0.112101 0.200052
v 0.134512 -0.127477 0.278577
v 0.046424 -0.127477 0.305848
v 0.033338 -0.112101 0.219637
v 0.134512 -0.127477 0.278577
v 0.181031 -0.083204 0.374919
v 0.062479 -0.083204 0.411623
v 0.046424 -0.127477 0.305848
v 0.181031 -0.083204 0.374919
v 0.187413 -0.033189 0.388591
v 0.064763 -0.033189 0.426563
v 0.062479 -0.083204 0.411623
v 0.064763 -0.033189 0.426563
v 0.064570 0.012600 0.425078
v -0.063292 0.006639 0.427540
v -0.063630 -0.033189 0.426697
v 0.024797 0.044272 0.163366
v 0.024797 -0.044272 0.163366
v -0.024458 -0.044272 0.163417
v -0.024458 0.044272 0.163417
v 0.024797 -0.044272 0.163366
v 0.033338 -0.112101 0.219637
v -0.032882 -0.112101 0.219705
v -0.024458 -0.044272 0.163417
v 0.033338 -0.112101 0.219637
v 0.046424 -0.127477 0.305848
v -0.045789 -0.127477 0.305944
v -0.032882 -0.112101 0.219705
v 0.046424 -0.127477 0.305848
v 0.062479 -0.083204 0.411623
v -0.061624 -0.083204 0.411751
v -0.045789 -0.127477 0.305944
v 0.062479 -0.083204 0.411623
v 0.064763 -0.033189 0.426563
v -0.063630 -0.033189 0.426697
v -0.061624 -0.083204 0.411751
v -0.063630 -0.033189 0.426697
v -0.063292 0.006639 0.427540
v -0.187097 -0.000647 0.392469
v -0.186359 -0.033189 0.388979
v -0.024458 0.044272 0.163417
v -0.024458 -0.044272 0.163417
v -0.071539 -0.044272 0.148948
v -0.071539 0.044272 0.148948
v -0.024458 -0.044272 0.163417
v -0.032882 -0.112101 0.219705
v -0.096180 -0.112101 0.200252
v -0.071539 -0.044272 0.148948
v -0.032882 -0.112101 0.219705
v -0.045789 -0.127477 0.305944
v -0.133933 -0.127477 0.278855
v -0.096180 -0.112101 0.200252
v -0.045789 -0.127477 0.305944
v -0.061624 -0.083204 0.411751
v -0.180252 -0.083204 0.375294
v -0.133933 -0.127477 0.278855
v -0.061624 -0.083204 0.411751
v -0.063630 -0.033189 0.426697
v -0.186359 -0.033189 0.388979
v -0.180252 -0.083204 0.375294
v -0.186359 -0.033189 0.388979
v -0.187097 -0.000647 0.392469
v -0.283535 0.037667 0.308764
v -0.292518 -0.033190 0.316763
v -0.071539 0.044272 0.148948
v -0.071539 -0.044272 0.148948
v -0.112264 -0.044272 0.121244
v -0.112264 0.044272 0.121244
v -0.071539 -0.044272 0.148948
v -0.096180 -0.112101 0.200252
v -0.150933 -0.112101 0.163006
v -0.112264 -0.044272 0.121244
v -0.096180 -0.112101 0.200252
v -0.133933 -0.127477 0.278855
v -0.210177 -0.127477 0.226989
v -0.150933 -0.112101 0.163006
v -0.133933 -0.127477 0.278855
v -0.180252 -0.083204 0.375294
v -0.282864 -0.083204 0.305491
v -0.210177 -0.127477 0.226989
v -0.180252 -0.083204 0.375294
v -0.186359 -0.033189 0.388979
v -0.292518 -0.033190 0.316763
v -0.282864 -0.083204 0.305491
v -0.292518 -0.033190 0.316763
v -0.283535 0.037667 0.308764
v -0.361299 0.037667 0.211458
v -0.372675 -0.033190 0.216464
v -0.112264 0.044272 0.121244
v -0.112264 -0.044272 0.121244
v -0.143014 -0.044272 0.082767
v -0.143014 0.044272 0.082767
v -0.112264 -0.044272 0.121244
v -0.150933 -0.112101 0.163006
v -0.192274 -0.112101 0.111276
v -0.143014 -0.044272 0.082767
v -0.150933 -0.112101 0.163006
v -0.210177 -0.127477 0.226989
v -0.267746 -0.127477 0.154954
v -0.192274 -0.112101 0.111276
v -0.210177 -0.127477 0.226989
v -0.282864 -0.083204 0.305491
v -0.360342 -0.083204 0.208543
v -0.267746 -0.127477 0.154954
v -0.282864 -0.083204 0.305491
v -0.292518 -0.033190 0.316763
v -0.372675 -0.033190 0.216464
v -0.360342 -0.083204 0.208543
v -0.372675 -0.033190 0.216464
v -0.361299 0.037667 0.211458
v -0.388123 0.050385 0.082635
v -0.419706 -0.033190 0.096994
v -0.024458 0.044272 0.163417
v -0.025237 0.062877 0.167269
v 0.025168 0.062877 0.167217
v 0.024797 0.044272 0.163366
v -0.143014 0.044272 0.082767
v -0.143014 -0.044272 0.082767
v -0.161056 -0.044272 0.036936
v -0.161056 0.044272 0.036936
v -0.143014 -0.044272 0.082767
v -0.192274 -0.112101 0.111276
v -0.216531 -0.112101 0.049658
v -0.161056 -0.044272 0.036936
v -0.192274 -0.112101 0.111276
v -0.267746 -0.127477 0.154954
v -0.301524 -0.127477 0.069150
v -0.216531 -0.112101 0.049658
v -0.267746 -0.127477 0.154954
v -0.360342 -0.083204 0.208543
v -0.405802 -0.083204 0.093065
v -0.301524 -0.127477 0.069150
v -0.360342 -0.083204 0.208543
v -0.372675 -0.033190 0.216464
v -0.419706 -0.033190 0.096994
v -0.405802 -0.083204 0.093065
v -0.419706 -0.033190 0.096994
v -0.388123 0.050385 0.082635
v -0.416365 0.037667 -0.028650
v -0.429434 -0.033190 -0.031031
v -0.153878 0.044272 -0.060208
v -0.157681 0.062877 -0.061581
v -0.168846 0.062877 -0.012428
v -0.164788 0.044272 -0.012177
v -0.000172 0.044272 -0.165237
v -0.000384 0.062877 -0.169064
v -0.050218 0.062877 -0.161500
v -0.048869 0.044272 -0.157846
v -0.161056 0.044272 0.036936
v -0.161056 -0.044272 0.036936
v -0.164788 -0.044272 -0.012177
v -0.164788 0.044272 -0.012177
v -0.161056 -0.044272 0.036936
v -0.216531 -0.112101 0.049658
v -0.221548 -0.112101 -0.016371
v -0.164788 -0.044272 -0.012177
v -0.216531 -0.112101 0.049658
v -0.301524 -0.127477 0.069150
v -0.308510 -0.127477 -0.022797
v -0.221548 -0.112101 -0.016371
v -0.301524 -0.127477 0.069150
v -0.405802 -0.083204 0.093065
v -0.415205 -0.083204 -0.030682
v -0.308510 -0.127477 -0.022797
v -0.405802 -0.083204 0.093065
v -0.419706 -0.033190 0.096994
v -0.429434 -0.033190 -0.031031
v -0.415205 -0.083204 -0.030682
v -0.429434 -0.033190 -0.031031
v -0.416365 0.037667 -0.028650
v -0.388773 0.037667 -0.150118
v -0.400994 -0.033190 -0.156235
v -0.093223 0.044272 -0.136429
v -0.095610 0.062877 -0.139583
v -0.132524 0.062877 -0.105260
v -0.129295 0.044272 -0.102890
v 0.048540 0.044272 -0.157947
v 0.049466 0.062877 -0.161603
v -0.000384 0.062877 -0.169064
v -0.000172 0.044272 -0.165237
v -0.164788 0.044272 -0.012177
v -0.164788 -0.044272 -0.012177
v -0.153878 -0.044272 -0.060208
v -0.153878 0.044272 -0.060208
v -0.164788 -0.044272 -0.012177
v -0.221548 -0.112101 -0.016371
v -0.206880 -0.112101 -0.080947
v -0.153878 -0.044272 -0.060208
v -0.221548 -0.112101 -0.016371
v -0.308510 -0.127477 -0.022797
v -0.288085 -0.127477 -0.112720
v -0.206880 -0.112101 -0.080947
v -0.308510 -0.127477 -0.022797
v -0.415205 -0.083204 -0.030682
v -0.387715 -0.083204 -0.151703
v -0.288085 -0.127477 -0.112720
v -0.415205 -0.083204 -0.030682
v -0.429434 -0.033190 -0.031031
v -0.400994 -0.033190 -0.156235
v -0.387715 -0.083204 -0.151703
v -0.400994 -0.033190 -0.156235
v -0.388773 0.037667 -0.150118
v -0.336560 0.005458 -0.265980
v -0.336912 -0.033190 -0.267494
v -0.143014 0.044272 0.082767
v -0.146564 0.062877 0.084735
v -0.115095 0.062877 0.124111
v -0.112264 0.044272 0.121244
v -0.153878 0.044272 -0.060208
v -0.153878 -0.044272 -0.060208
v -0.129295 -0.044272 -0.102890
v -0.129295 0.044272 -0.102890
v -0.153878 -0.044272 -0.060208
v -0.206880 -0.112101 -0.080947
v -0.173830 -0.112101 -0.138329
v -0.129295 -0.044272 -0.102890
v -0.206880 -0.112101 -0.080947
v -0.288085 -0.127477 -0.112720
v -0.242061 -0.127477 -0.192626
v -0.173830 -0.112101 -0.138329
v -0.288085 -0.127477 -0.112720
v -0.387715 -0.083204 -0.151703
v -0.325775 -0.083204 -0.259244
v -0.242061 -0.127477 -0.192626
v -0.387715 -0.083204 -0.151703
v -0.400994 -0.033190 -0.156235
v -0.336912 -0.033190 -0.267494
v -0.325775 -0.083204 -0.259244
v -0.336912 -0.033190 -0.267494
v -0.336560 0.005458 -0.265980
v -0.269006 0.006824 -0.328063
v -0.242884 -0.033190 -0.354922
v -0.164788 0.044272 -0.012177
v -0.168846 0.062877 -0.012428
v -0.165027 0.062877 0.037833
v -0.161056 0.044272 0.036936
v 0.129081 0.044272 -0.103158
v 0.131889 0.062877 -0.105534
v 0.094903 0.062877 -0.139780
v 0.092940 0.044272 -0.136622
v -0.129295 0.044272 -0.102890
v -0.129295 -0.044272 -0.102890
v -0.093223 -0.044272 -0.136429
v -0.093223 0.044272 -0.136429
v -0.129295 -0.044272 -0.102890
v -0.173830 -0.112101 -0.138329
v -0.125334 -0.112101 -0.183421
v -0.093223 -0.044272 -0.136429
v -0.173830 -0.112101 -0.138329
v -0.242061 -0.127477 -0.192626
v -0.174529 -0.127477 -0.255417
v -0.125334 -0.112101 -0.183421
v -0.242061 -0.127477 -0.192626
v -0.325775 -0.083204 -0.259244
v -0.234888 -0.083204 -0.343750
v -0.174529 -0.127477 -0.255417
v -0.325775 -0.083204 -0.259244
v -0.336912 -0.033190 -0.267494
v -0.242884 -0.033190 -0.354922
v -0.234888 -0.083204 -0.343750
v -0.242884 -0.033190 -0.354922
v -0.235382 0.037667 -0.342875
v -0.115274 0.042582 -0.381621
v -0.127263 -0.033190 -0.410750
v 0.112516 0.044272 0.121011
v 0.114936 0.062877 0.123872
v 0.146323 0.062877 0.084431
v 0.143185 0.044272 0.082470
v -0.161056 0.044272 0.036936
v -0.165027 0.062877 0.037833
v -0.146564 0.062877 0.084735
v -0.143014 0.044272 0.082767
v -0.093223 0.044272 -0.136429
v -0.093223 -0.044272 -0.136429
v -0.048869 -0.044272 -0.157846
v -0.048869 0.044272 -0.157846
v -0.093223 -0.044272 -0.136429
v -0.125334 -0.112101 -0.183421
v -0.065701 -0.112101 -0.212215
v -0.048869 -0.044272 -0.157846
v -0.125334 -0.112101 -0.183421
v -0.174529 -0.127477 -0.255417
v -0.091490 -0.127477 -0.295513
v -0.065701 -0.112101 -0.212215
v -0.174529 -0.127477 -0.255417
v -0.234888 -0.083204 -0.343750
v -0.123131 -0.083204 -0.397713
v -0.091490 -0.127477 -0.295513
v -0.234888 -0.083204 -0.343750
v -0.242884 -0.033190 -0.354922
v -0.127263 -0.033190 -0.410750
v -0.123131 -0.083204 -0.397713
v -0.127263 -0.033190 -0.410750
v -0.115274 0.042582 -0.381621
v -0.000060 0.037667 -0.415730
v -0.000323 -0.033190 -0.430017
v 0.143185 0.044272 0.082470
v 0.146323 0.062877 0.084431
v 0.164689 0.062877 0.037491
v 0.161133 0.044272 0.036601
v -0.048869 0.044272 -0.157846
v -0.050218 0.062877 -0.161500
v -0.095610 0.062877 -0.139583
v -0.093223 0.044272 -0.136429
v -0.048869 0.044272 -0.157846
v -0.048869 -0.044272 -0.157846
v -0.000172 -0.044272 -0.165237
v -0.000172 0.044272 -0.165237
v -0.048869 -0.044272 -0.157846
v -0.065701 -0.112101 -0.212215
v -0.000231 -0.112101 -0.222152
v -0.000172 -0.044272 -0.165237
v -0.065701 -0.112101 -0.212215
v -0.091490 -0.127477 -0.295513
v -0.000321 -0.127477 -0.309351
v -0.000231 -0.112101 -0.222152
v -0.091490 -0.127477 -0.295513
v -0.123131 -0.083204 -0.397713
v -0.000432 -0.083204 -0.416337
v -0.000321 -0.127477 -0.309351
v -0.123131 -0.083204 -0.397713
v -0.127263 -0.033190 -0.410750
v -0.000323 -0.033190 -0.430017
v -0.000432 -0.083204 -0.416337
v 0.068658 0.002534 -0.419322
v 0.123130 0.037667 -0.397293
v 0.126656 -0.033190 -0.411013
v -0.000323 -0.033190 -0.430017
v -0.000060 0.037667 -0.415730
v -0.071539 0.044272 0.148948
v -0.073419 0.062877 0.152462
v -0.025237 0.062877 0.167269
v -0.024458 0.044272 0.163417
v 0.071848 0.044272 0.148799
v 0.073319 0.062877 0.152310
v 0.114936 0.062877 0.123872
v 0.112516 0.044272 0.121011
v -0.000172 0.044272 -0.165237
v -0.000172 -0.044272 -0.165237
v 0.048540 -0.044272 -0.157947
v 0.048540 0.044272 -0.157947
v -0.000172 -0.044272 -0.165237
v -0.000231 -0.112101 -0.222152
v 0.065260 -0.112101 -0.212351
v 0.048540 -0.044272 -0.157947
v -0.000231 -0.112101 -0.222152
v -0.000321 -0.127477 -0.309351
v 0.090876 -0.127477 -0.295703
v 0.065260 -0.112101 -0.212351
v -0.000321 -0.127477 -0.309351
v -0.000432 -0.083204 -0.416337
v 0.122304 -0.083204 -0.397968
v 0.090876 -0.127477 -0.295703
v -0.000432 -0.083204 -0.416337
v -0.000323 -0.033190 -0.430017
v 0.126656 -0.033190 -0.411013
v 0.122304 -0.083204 -0.397968
v 0.126656 -0.033190 -0.411013
v 0.123130 0.037667 -0.397293
v 0.235413 0.037667 -0.343364
v 0.242393 -0.033190 -0.355425
v 0.092940 0.044272 -0.136622
v 0.094903 0.062877 -0.139780
v 0.049466 0.062877 -0.161603
v 0.048540 0.044272 -0.157947
v -0.112264 0.044272 0.121244
v -0.115095 0.062877 0.124111
v -0.073419 0.062877 0.152462
v -0.071539 0.044272 0.148948
v 0.048540 0.044272 -0.157947
v 0.048540 -0.044272 -0.157947
v 0.092940 -0.044272 -0.136622
v 0.092940 0.044272 -0.136622
v 0.048540 -0.044272 -0.157947
v 0.065260 -0.112101 -0.212351
v 0.124952 -0.112101 -0.183681
v 0.092940 -0.044272 -0.136622
v 0.065260 -0.112101 -0.212351
v 0.090876 -0.127477 -0.295703
v 0.173999 -0.127477 -0.255779
v 0.124952 -0.112101 -0.183681
v 0.090876 -0.127477 -0.295703
v 0.122304 -0.083204 -0.397968
v 0.234174 -0.083204 -0.344237
v 0.173999 -0.127477 -0.255779
v 0.122304 -0.083204 -0.397968
v 0.126656 -0.033190 -0.411013
v 0.242393 -0.033190 -0.355425
v 0.234174 -0.083204 -0.344237
v 0.242393 -0.033190 -0.355425
v 0.235413 0.037667 -0.343364
v 0.340185 -0.005669 -0.269423
v 0.336603 -0.033190 -0.268193
v 0.161133 0.044272 0.036601
v 0.164689 0.062877 0.037491
v 0.168404 0.062877 -0.012778
v 0.164762 0.044272 -0.012519
v 0.092940 0.044272 -0.136622
v 0.092940 -0.044272 -0.136622
v 0.129081 -0.044272 -0.103158
v 0.129081 0.044272 -0.103158
v 0.092940 -0.044272 -0.136622
v 0.124952 -0.112101 -0.183681
v 0.173542 -0.112101 -0.138690
v 0.129081 -0.044272 -0.103158
v 0.124952 -0.112101 -0.183681
v 0.173999 -0.127477 -0.255779
v 0.241660 -0.127477 -0.193129
v 0.173542 -0.112101 -0.138690
v 0.173999 -0.127477 -0.255779
v 0.234174 -0.083204 -0.344237
v 0.325236 -0.083204 -0.259920
v 0.241660 -0.127477 -0.193129
v 0.234174 -0.083204 -0.344237
v 0.242393 -0.033190 -0.355425
v 0.336603 -0.033190 -0.268193
v 0.325236 -0.083204 -0.259920
v 0.336603 -0.033190 -0.268193
v 0.340185 -0.005669 -0.269423
v 0.404420 -0.003727 -0.156916
v 0.400915 -0.033190 -0.157068
v 0.129081 0.044272 -0.103158
v 0.129081 -0.044272 -0.103158
v 0.153752 -0.044272 -0.060528
v 0.153752 0.044272 -0.060528
v 0.129081 -0.044272 -0.103158
v 0.173542 -0.112101 -0.138690
v 0.206712 -0.112101 -0.081376
v 0.153752 -0.044272 -0.060528
v 0.173542 -0.112101 -0.138690
v 0.241660 -0.127477 -0.193129
v 0.287850 -0.127477 -0.113318
v 0.206712 -0.112101 -0.081376
v 0.241660 -0.127477 -0.193129
v 0.325236 -0.083204 -0.259920
v 0.387399 -0.083204 -0.152508
v 0.287850 -0.127477 -0.113318
v 0.325236 -0.083204 -0.259920
v 0.336603 -0.033190 -0.268193
v 0.400915 -0.033190 -0.157068
v 0.387399 -0.083204 -0.152508
v 0.024797 0.044272 0.163366
v 0.025168 0.062877 0.167217
v 0.073319 0.062877 0.152310
v 0.071848 0.044272 0.148799
v 0.153752 0.044272 -0.060528
v 0.157137 0.062877 -0.061908
v 0.131889 0.062877 -0.105534
v 0.129081 0.044272 -0.103158
v -0.129295 0.044272 -0.102890
v -0.132524 0.062877 -0.105260
v -0.157681 0.062877 -0.061581
v -0.153878 0.044272 -0.060208
v 0.164762 0.044272 -0.012519
v 0.168404 0.062877 -0.012778
v 0.157137 0.062877 -0.061908
v 0.153752 0.044272 -0.060528
v -0.398091 0.057130 -0.153639
v -0.309329 0.102719 -0.245957
v -0.344658 0.024168 -0.272208
v -0.000295 0.057130 -0.425457
v 0.125773 0.057130 -0.406589
v 0.070029 0.021175 -0.429133
v 0.240679 0.057130 -0.351400
v 0.308401 0.102719 -0.246598
v 0.347900 0.012781 -0.275732
v 0.429572 0.024922 0.099726
v 0.385031 0.102719 0.087541
v 0.370717 0.057130 0.215616
v -0.191703 0.017920 0.401626
v -0.171246 0.102719 0.356142
v -0.290394 0.057130 0.315965
v 0.186094 0.057130 0.387278
v 0.059077 0.102719 0.390613
v 0.065845 0.031477 0.434997
v 0.340185 -0.005669 -0.269423
v 0.347900 0.012781 -0.275732
v 0.413636 0.014768 -0.160596
v 0.404420 -0.003727 -0.156916
v 0.441551 -0.024537 -0.031377
v 0.451634 -0.006528 -0.032124
v 0.429572 0.024922 0.099726
v 0.419993 0.006195 0.097462
v -0.283535 0.037667 0.308764
v -0.369975 0.057130 0.216385
v -0.361299 0.037667 0.211458
v -0.290394 0.057130 0.315965
v -0.187097 -0.000647 0.392469
v -0.191703 0.017920 0.401626
v 0.123130 0.037667 -0.397293
v 0.125773 0.057130 -0.406589
v 0.240679 0.057130 -0.351400
v 0.235413 0.037667 -0.343364
v 0.347900 0.012781 -0.275732
v 0.340185 -0.005669 -0.269423
v 0.182074 0.037667 0.378449
v 0.186094 0.057130 0.387278
v 0.065845 0.031477 0.434997
v 0.064570 0.012600 0.425078
v 0.064570 0.012600 0.425078
v 0.065845 0.031477 0.434997
v -0.065005 0.025376 0.437516
v -0.063292 0.006639 0.427540
v 0.068658 0.002534 -0.419322
v 0.070029 0.021175 -0.429133
v 0.125773 0.057130 -0.406589
v 0.123130 0.037667 -0.397293
v -0.063292 0.006639 0.427540
v -0.065005 0.025376 0.437516
v -0.191703 0.017920 0.401626
v -0.187097 -0.000647 0.392469
v -0.000060 0.037667 -0.415730
v 0.070029 0.021175 -0.429133
v 0.068658 0.002534 -0.419322
v -0.000295 0.057130 -0.425457
v -0.115274 0.042582 -0.381621
v -0.118201 0.062160 -0.390551
v -0.235382 0.037667 -0.342875
v -0.241115 0.057130 -0.350900
v 0.284919 0.037667 0.308174
v 0.291342 0.057130 0.315361
v 0.186094 0.057130 0.387278
v 0.182074 0.037667 0.378449
v -0.416365 0.037667 -0.028650
v -0.426327 0.057130 -0.029333
v -0.398091 0.057130 -0.153639
v -0.388773 0.037667 -0.150118
v -0.388773 0.037667 -0.150118
v -0.398091 0.057130 -0.153639
v -0.344658 0.024168 -0.272208
v -0.336560 0.005458 -0.265980
v 0.362481 0.037667 0.210707
v 0.370717 0.057130 0.215616
v 0.291342 0.057130 0.315361
v 0.284919 0.037667 0.308174
v 0.348728 0.128035 -0.137288
v 0.294367 0.148026 -0.115932
v 0.315462 0.148026 -0.023952
v 0.373711 0.128035 -0.028353
v -0.269006 0.006824 -0.328063
v -0.275525 0.025566 -0.335741
v -0.241115 0.057130 -0.350900
v -0.235382 0.037667 -0.342875
v 0.419993 0.006195 0.097462
v 0.429572 0.024922 0.099726
v 0.370717 0.057130 0.215616
v 0.362481 0.037667 0.210707
v -0.336560 0.005458 -0.265980
v -0.344658 0.024168 -0.272208
v -0.275525 0.025566 -0.335741
v -0.269006 0.006824 -0.328063
v -0.361299 0.037667 0.211458
v -0.369975 0.057130 0.216385
v -0.397426 0.070145 0.084553
v -0.388123 0.050385 0.082635
v -0.388123 0.050385 0.082635
v -0.397426 0.070145 0.084553
v -0.426327 0.057130 -0.029333
v -0.416365 0.037667 -0.028650
v 0.404420 -0.003727 -0.156916
v 0.413636 0.014768 -0.160596
v 0.451634 -0.006528 -0.032124
v 0.441551 -0.024537 -0.031377
v 0.294367 0.148026 -0.115932
v 0.211333 0.132291 -0.083244
v 0.226482 0.132291 -0.017191
v 0.315462 0.148026 -0.023952
v 0.211333 0.132291 -0.083244
v 0.157137 0.062877 -0.061908
v 0.168404 0.062877 -0.012778
v 0.226482 0.132291 -0.017191
v 0.373711 0.128035 -0.028353
v 0.315462 0.148026 -0.023952
v 0.308507 0.148026 0.070159
v 0.365474 0.128035 0.083105
v 0.315462 0.148026 -0.023952
v 0.226482 0.132291 -0.017191
v 0.221487 0.132291 0.050392
v 0.308507 0.148026 0.070159
v 0.226482 0.132291 -0.017191
v 0.168404 0.062877 -0.012778
v 0.164689 0.062877 0.037491
v 0.221487 0.132291 0.050392
v 0.365474 0.128035 0.083105
v 0.308507 0.148026 0.070159
v 0.274122 0.148026 0.158039
v 0.339816 0.104016 0.196884
v 0.308507 0.148026 0.070159
v 0.221487 0.132291 0.050392
v 0.196795 0.132291 0.113501
v 0.274122 0.148026 0.158039
v 0.221487 0.132291 0.050392
v 0.164689 0.062877 0.037491
v 0.146323 0.062877 0.084431
v 0.196795 0.132291 0.113501
v 0.339816 0.104016 0.196884
v 0.274122 0.148026 0.158039
v 0.215362 0.148026 0.231879
v 0.267038 0.104016 0.288340
v 0.274122 0.148026 0.158039
v 0.196795 0.132291 0.113501
v 0.154597 0.132291 0.166528
v 0.215362 0.148026 0.231879
v 0.196795 0.132291 0.113501
v 0.146323 0.062877 0.084431
v 0.114936 0.062877 0.123872
v 0.154597 0.132291 0.166528
v 0.267038 0.104016 0.288340
v 0.215362 0.148026 0.231879
v 0.137447 0.148026 0.285120
v 0.170536 0.104016 0.354281
v 0.215362 0.148026 0.231879
v 0.154597 0.132291 0.166528
v 0.098645 0.132291 0.204760
v 0.137447 0.148026 0.285120
v 0.154597 0.132291 0.166528
v 0.114936 0.062877 0.123872
v 0.073319 0.062877 0.152310
v 0.098645 0.132291 0.204760
v 0.170536 0.104016 0.354281
v 0.137447 0.148026 0.285120
v 0.047301 0.148026 0.313028
v 0.056120 0.128035 0.370742
v 0.137447 0.148026 0.285120
v 0.098645 0.132291 0.204760
v 0.033909 0.132291 0.224802
v 0.047301 0.148026 0.313028
v 0.098645 0.132291 0.204760
v 0.073319 0.062877 0.152310
v 0.025168 0.062877 0.167217
v 0.033909 0.132291 0.224802
v 0.056120 0.128035 0.370742
v 0.047301 0.148026 0.313028
v -0.047067 0.148026 0.313126
v -0.055642 0.128035 0.370858
v 0.047301 0.148026 0.313028
v 0.033909 0.132291 0.224802
v -0.033858 0.132291 0.224873
v -0.047067 0.148026 0.313126
v 0.033909 0.132291 0.224802
v 0.025168 0.062877 0.167217
v -0.025237 0.062877 0.167269
v -0.033858 0.132291 0.224873
v -0.055642 0.128035 0.370858
v -0.047067 0.148026 0.313126
v -0.137271 0.148026 0.285405
v -0.162473 0.128035 0.338027
v -0.047067 0.148026 0.313126
v -0.033858 0.132291 0.224873
v -0.098636 0.132291 0.204965
v -0.137271 0.148026 0.285405
v -0.033858 0.132291 0.224873
v -0.025237 0.062877 0.167269
v -0.073419 0.062877 0.152462
v -0.098636 0.132291 0.204965
v -0.162473 0.128035 0.338027
v -0.137271 0.148026 0.285405
v -0.215296 0.148026 0.232327
v -0.266357 0.104016 0.288894
v -0.137271 0.148026 0.285405
v -0.098636 0.132291 0.204965
v -0.154668 0.132291 0.166849
v -0.215296 0.148026 0.232327
v -0.098636 0.132291 0.204965
v -0.073419 0.062877 0.152462
v -0.115095 0.062877 0.124111
v -0.154668 0.132291 0.166849
v -0.266357 0.104016 0.288894
v -0.215296 0.148026 0.232327
v -0.274210 0.148026 0.158608
v -0.339325 0.104016 0.197589
v -0.215296 0.148026 0.232327
v -0.154668 0.132291 0.166849
v -0.196975 0.132291 0.113910
v -0.274210 0.148026 0.158608
v -0.154668 0.132291 0.166849
v -0.115095 0.062877 0.124111
v -0.146564 0.062877 0.084735
v -0.196975 0.132291 0.113910
v -0.339325 0.104016 0.197589
v -0.274210 0.148026 0.158608
v -0.308777 0.148026 0.070800
v -0.372000 0.110873 0.081868
v -0.274210 0.148026 0.158608
v -0.196975 0.132291 0.113910
v -0.221799 0.132291 0.050853
v -0.308777 0.148026 0.070800
v -0.196975 0.132291 0.113910
v -0.146564 0.062877 0.084735
v -0.165027 0.062877 0.037833
v -0.221799 0.132291 0.050853
v -0.372000 0.110873 0.081868
v -0.308777 0.148026 0.070800
v -0.315927 0.148026 -0.023296
v -0.390995 0.104016 -0.027710
v -0.308777 0.148026 0.070800
v -0.221799 0.132291 0.050853
v -0.226933 0.132291 -0.016720
v -0.315927 0.148026 -0.023296
v -0.221799 0.132291 0.050853
v -0.165027 0.062877 0.037833
v -0.168846 0.062877 -0.012428
v -0.226933 0.132291 -0.016720
v -0.390995 0.104016 -0.027710
v -0.315927 0.148026 -0.023296
v -0.295024 0.148026 -0.115320
v -0.365105 0.104016 -0.141687
v -0.315927 0.148026 -0.023296
v -0.226933 0.132291 -0.016720
v -0.211922 0.132291 -0.082804
v -0.295024 0.148026 -0.115320
v -0.226933 0.132291 -0.016720
v -0.168846 0.062877 -0.012428
v -0.157681 0.062877 -0.061581
v -0.211922 0.132291 -0.082804
v -0.365105 0.104016 -0.141687
v -0.295024 0.148026 -0.115320
v -0.247925 0.148026 -0.197093
v -0.293524 0.128035 -0.233410
v -0.295024 0.148026 -0.115320
v -0.211922 0.132291 -0.082804
v -0.178099 0.132291 -0.141528
v -0.247925 0.148026 -0.197093
v -0.211922 0.132291 -0.082804
v -0.157681 0.062877 -0.061581
v -0.132524 0.062877 -0.105260
v -0.178099 0.132291 -0.141528
v -0.293524 0.128035 -0.233410
v -0.247925 0.148026 -0.197093
v -0.178815 0.148026 -0.261351
v -0.221174 0.104016 -0.322556
v -0.247925 0.148026 -0.197093
v -0.178099 0.132291 -0.141528
v -0.128470 0.132291 -0.187673
v -0.178815 0.148026 -0.261351
v -0.178099 0.132291 -0.141528
v -0.132524 0.062877 -0.105260
v -0.095610 0.062877 -0.139583
v -0.128470 0.132291 -0.187673
v -0.221174 0.104016 -0.322556
v -0.178815 0.148026 -0.261351
v -0.093836 0.148026 -0.302384
v -0.111642 0.106666 -0.365065
v -0.178815 0.148026 -0.261351
v -0.128470 0.132291 -0.187673
v -0.067444 0.132291 -0.217139
v -0.093836 0.148026 -0.302384
v -0.128470 0.132291 -0.187673
v -0.095610 0.062877 -0.139583
v -0.050218 0.062877 -0.161500
v -0.067444 0.132291 -0.217139
v -0.111642 0.106666 -0.365065
v -0.093836 0.148026 -0.302384
v -0.000537 0.148026 -0.316546
v -0.000365 0.104016 -0.390917
v -0.093836 0.148026 -0.302384
v -0.067444 0.132291 -0.217139
v -0.000444 0.132291 -0.227309
v -0.000537 0.148026 -0.316546
v -0.067444 0.132291 -0.217139
v -0.050218 0.062877 -0.161500
v -0.000384 0.062877 -0.169064
v -0.000444 0.132291 -0.227309
v -0.000365 0.104016 -0.390917
v -0.000537 0.148026 -0.316546
v 0.092791 0.148026 -0.302578
v 0.115227 0.104016 -0.373617
v -0.000537 0.148026 -0.316546
v -0.000444 0.132291 -0.227309
v 0.066577 0.132291 -0.217279
v 0.092791 0.148026 -0.302578
v -0.000444 0.132291 -0.227309
v -0.000384 0.062877 -0.169064
v 0.049466 0.062877 -0.161603
v 0.066577 0.132291 -0.217279
v 0.115227 0.104016 -0.373617
v 0.092791 0.148026 -0.302578
v 0.177856 0.148026 -0.261722
v 0.220585 0.104016 -0.323014
v 0.092791 0.148026 -0.302578
v 0.066577 0.132291 -0.217279
v 0.127664 0.132291 -0.187939
v 0.177856 0.148026 -0.261722
v 0.066577 0.132291 -0.217279
v 0.049466 0.062877 -0.161603
v 0.094903 0.062877 -0.139780
v 0.127664 0.132291 -0.187939
v 0.220585 0.104016 -0.323014
v 0.177856 0.148026 -0.261722
v 0.247099 0.148026 -0.197607
v 0.292747 0.128035 -0.234018
v 0.177856 0.148026 -0.261722
v 0.127664 0.132291 -0.187939
v 0.177389 0.132291 -0.141897
v 0.247099 0.148026 -0.197607
v 0.127664 0.132291 -0.187939
v 0.094903 0.062877 -0.139780
v 0.131889 0.062877 -0.105534
v 0.177389 0.132291 -0.141897
v 0.292747 0.128035 -0.234018
v 0.247099 0.148026 -0.197607
v 0.294367 0.148026 -0.115932
v 0.348728 0.128035 -0.137288
v 0.247099 0.148026 -0.197607
v 0.177389 0.132291 -0.141897
v 0.211333 0.132291 -0.083244
v 0.294367 0.148026 -0.115932
v 0.177389 0.132291 -0.141897
v 0.131889 0.062877 -0.105534
v 0.157137 0.062877 -0.061908
v 0.211333 0.132291 -0.083244
v -0.344658 0.024168 -0.272208
v -0.309329 0.102719 -0.245957
v -0.241115 0.057130 -0.350900
v -0.275525 0.025566 -0.335741
v 0.451634 -0.006528 -0.032124
v 0.393709 0.102719 -0.029898
v 0.385031 0.102719 0.087541
v 0.429572 0.024922 0.099726
v 0.347900 0.012781 -0.275732
v 0.308401 0.102719 -0.246598
v 0.367386 0.102719 -0.144677
v 0.413636 0.014768 -0.160596
v 0.413636 0.014768 -0.160596
v 0.367386 0.102719 -0.144677
v 0.393709 0.102719 -0.029898
v 0.451634 -0.006528 -0.032124
v -0.065005 0.025376 0.437516
v -0.058682 0.102719 0.390735
v -0.171246 0.102719 0.356142
v -0.191703 0.017920 0.401626
v 0.065845 0.031477 0.434997
v 0.059077 0.102719 0.390613
v -0.058682 0.102719 0.390735
v -0.065005 0.025376 0.437516
v 0.308401 0.102719 -0.246598
v 0.292747 0.128035 -0.234018
v 0.348728 0.128035 -0.137288
v 0.367386 0.102719 -0.144677
v 0.240679 0.057130 -0.351400
v 0.220585 0.104016 -0.323014
v 0.292747 0.128035 -0.234018
v 0.308401 0.102719 -0.246598
v 0.125773 0.057130 -0.406589
v 0.115227 0.104016 -0.373617
v 0.220585 0.104016 -0.323014
v 0.240679 0.057130 -0.351400
v -0.000295 0.057130 -0.425457
v -0.000365 0.104016 -0.390917
v 0.115227 0.104016 -0.373617
v 0.125773 0.057130 -0.406589
v -0.118201 0.062160 -0.390551
v -0.111642 0.106666 -0.365065
v -0.000365 0.104016 -0.390917
v -0.000295 0.057130 -0.425457
v -0.241115 0.057130 -0.350900
v -0.221174 0.104016 -0.322556
v -0.111642 0.106666 -0.365065
v -0.118201 0.062160 -0.390551
v -0.309329 0.102719 -0.245957
v -0.293524 0.128035 -0.233410
v -0.221174 0.104016 -0.322556
v -0.241115 0.057130 -0.350900
v -0.398091 0.057130 -0.153639
v -0.365105 0.104016 -0.141687
v -0.293524 0.128035 -0.233410
v -0.309329 0.102719 -0.245957
v -0.426327 0.057130 -0.029333
v -0.390995 0.104016 -0.027710
v -0.365105 0.104016 -0.141687
v -0.398091 0.057130 -0.153639
v -0.397426 0.070145 0.084553
v -0.372000 0.110873 0.081868
v -0.390995 0.104016 -0.027710
v -0.426327 0.057130 -0.029333
v -0.369975 0.057130 0.216385
v -0.339325 0.104016 0.197589
v -0.372000 0.110873 0.081868
v -0.397426 0.070145 0.084553
v -0.290394 0.057130 0.315965
v -0.266357 0.104016 0.288894
v -0.339325 0.104016 0.197589
v -0.369975 0.057130 0.216385
v -0.171246 0.102719 0.356142
v -0.162473 0.128035 0.338027
v -0.266357 0.104016 0.288894
v -0.290394 0.057130 0.315965
v -0.058682 0.102719 0.390735
v -0.055642 0.128035 0.370858
v -0.162473 0.128035 0.338027
v -0.171246 0.102719 0.356142
v 0.059077 0.102719 0.390613
v 0.056120 0.128035 0.370742
v -0.055642 0.128035 0.370858
v -0.058682 0.102719 0.390735
v 0.186094 0.057130 0.387278
v 0.170536 0.104016 0.354281
v 0.056120 0.128035 0.370742
v 0.059077 0.102719 0.390613
v 0.291342 0.057130 0.315361
v 0.267038 0.104016 0.288340
v 0.170536 0.104016 0.354281
v 0.186094 0.057130 0.387278
v 0.370717 0.057130 0.215616
v 0.339816 0.104016 0.196884
v 0.267038 0.104016 0.288340
v 0.291342 0.057130 0.315361
v 0.385031 0.102719 0.087541
v 0.365474 0.128035 0.083105
v 0.339816 0.104016 0.196884
v 0.370717 0.057130 0.215616
v 0.393709 0.102719 -0.029898
v 0.373711 0.128035 -0.028353
v 0.365474 0.128035 0.083105
v 0.385031 0.102719 0.087541
v 0.367386 0.102719 -0.144677
v 0.348728 0.128035 -0.137288
v 0.373711 0.128035 -0.028353
v 0.393709 0.102719 -0.029898
v -0.366665 0.091695 0.192272
v -0.339621 0.088485 0.159318
v -0.333316 0.094168 0.163939
v -0.360361 0.097378 0.196893
v -0.339621 0.088485 0.159318
v -0.343655 0.096268 0.155250
v -0.337350 0.101951 0.159870
v -0.333316 0.094168 0.163939
v -0.343655 0.096268 0.155250
v -0.370700 0.099477 0.188203
v -0.364395 0.105161 0.192824
v -0.337350 0.101951 0.159870
v -0.370700 0.099477 0.188203
v -0.366665 0.091695 0.192272
v -0.360361 0.097378 0.196893
v -0.364395 0.105161 0.192824
v -0.339621 0.088485 0.159318
v -0.366665 0.091695 0.192272
v -0.370700 0.099477 0.188203
v -0.343655 0.096268 0.155250
v -0.337350 0.101951 0.159870
v -0.364395 0.105161 0.192824
v -0.360361 0.097378 0.196893
v -0.333316 0.094168 0.163939
v 0.070740 0.059330 -0.167558
v 0.043438 0.081162 -0.179859
v 0.051137 0.087517 -0.184964
v 0.080108 0.065271 -0.174112
v 0.043438 0.081162 -0.179859
v 0.040417 0.086292 -0.167920
v 0.049785 0.092234 -0.174474
v 0.051137 0.087517 -0.184964
v 0.040417 0.086292 -0.167920
v 0.069388 0.064046 -0.157068
v 0.077086 0.070402 -0.162173
v 0.049785 0.092234 -0.174474
v 0.069388 0.064046 -0.157068
v 0.070740 0.059330 -0.167558
v 0.080108 0.065271 -0.174112
v 0.077086 0.070402 -0.162173
v 0.043438 0.081162 -0.179859
v 0.070740 0.059330 -0.167558
v 0.069388 0.064046 -0.157068
v 0.040417 0.086292 -0.167920
v 0.049785 0.092234 -0.174474
v 0.077086 0.070402 -0.162173
v 0.080108 0.065271 -0.174112
v 0.051137 0.087517 -0.184964
v 0.292018 0.105927 0.220806
v 0.258437 0.118807 0.239791
v 0.259082 0.125546 0.231478
v 0.293039 0.112338 0.211366
v 0.258437 0.118807 0.239791
v 0.263035 0.125180 0.246306
v 0.264057 0.131591 0.236866
v 0.259082 0.125546 0.231478
v 0.263035 0.125180 0.246306
v 0.296993 0.111973 0.226194
v 0.297638 0.118711 0.217882
v 0.264057 0.131591 0.236866
v 0.296993 0.111973 0.226194
v 0.292018 0.105927 0.220806
v 0.293039 0.112338 0.211366
v 0.297638 0.118711 0.217882
v 0.258437 0.118807 0.239791
v 0.292018 0.105927 0.220806
v 0.296993 0.111973 0.226194
v 0.263035 0.125180 0.246306
v 0.264057 0.131591 0.236866
v 0.297638 0.118711 0.217882
v 0.293039 0.112338 0.211366
v 0.259082 0.125546 0.231478
v 0.223546 0.138580 -0.217153
v 0.262803 0.145315 -0.221487
v 0.260599 0.144206 -0.208351
v 0.223006 0.136974 -0.205965
v 0.262803 0.145315 -0.221487
v 0.259096 0.155100 -0.217578
v 0.258556 0.153494 -0.206390
v 0.260599 0.144206 -0.208351
v 0.259096 0.155100 -0.217578
v 0.221503 0.147868 -0.215191
v 0.219299 0.146759 -0.202056
v 0.258556 0.153494 -0.206390
v 0.221503 0.147868 -0.215191
v 0.223546 0.138580 -0.217153
v 0.223006 0.136974 -0.205965
v 0.219299 0.146759 -0.202056
v 0.262803 0.145315 -0.221487
v 0.223546 0.138580 -0.217153
v 0.221503 0.147868 -0.215191
v 0.259096 0.155100 -0.217578
v 0.258556 0.153494 -0.206390
v 0.219299 0.146759 -0.202056
v 0.223006 0.136974 -0.205965
v 0.260599 0.144206 -0.208351
v 0.191976 0.120541 0.139045
v 0.204571 0.141934 0.109093
v 0.215597 0.141574 0.110475
v 0.201150 0.120410 0.142173
v 0.204571 0.141934 0.109093
v 0.201768 0.150022 0.115772
v 0.210942 0.149891 0.118901
v 0.215597 0.141574 0.110475
v 0.201768 0.150022 0.115772
v 0.187321 0.128858 0.147471
v 0.198347 0.128498 0.148853
v 0.210942 0.149891 0.118901
v 0.187321 0.128858 0.147471
v 0.191976 0.120541 0.139045
v 0.201150 0.120410 0.142173
v 0.198347 0.128498 0.148853
v 0.204571 0.141934 0.109093
v 0.191976 0.120541 0.139045
v 0.187321 0.128858 0.147471
v 0.201768 0.150022 0.115772
v 0.210942 0.149891 0.118901
v 0.198347 0.128498 0.148853
v 0.201150 0.120410 0.142173
v 0.215597 0.141574 0.110475
v -0.251832 0.115145 -0.257267
v -0.231927 0.125892 -0.291420
v -0.222620 0.126746 -0.287344
v -0.243564 0.116136 -0.252633
v -0.231927 0.125892 -0.291420
v -0.235131 0.135186 -0.287877
v -0.226863 0.136177 -0.283243
v -0.222620 0.126746 -0.287344
v -0.235131 0.135186 -0.287877
v -0.256075 0.124576 -0.253166
v -0.246768 0.125431 -0.249090
v -0.226863 0.136177 -0.283243
v -0.256075 0.124576 -0.253166
v -0.251832 0.115145 -0.257267
v -0.243564 0.116136 -0.252633
v -0.246768 0.125431 -0.249090
v -0.231927 0.125892 -0.291420
v -0.251832 0.115145 -0.257267
v -0.256075 0.124576 -0.253166
v -0.235131 0.135186 -0.287877
v -0.226863 0.136177 -0.283243
v -0.246768 0.125431 -0.249090
v -0.243564 0.116136 -0.252633
v -0.222620 0.126746 -0.287344
v -0.204216 0.126011 -0.109537
v -0.241395 0.130752 -0.097082
v -0.241840 0.137325 -0.104776
v -0.203303 0.132348 -0.119337
v -0.241395 0.130752 -0.097082
v -0.240628 0.138084 -0.088425
v -0.239715 0.144421 -0.098224
v -0.241840 0.137325 -0.104776
v -0.240628 0.138084 -0.088425
v -0.202091 0.133107 -0.102985
v -0.202536 0.139680 -0.110680
v -0.239715 0.144421 -0.098224
v -0.202091 0.133107 -0.102985
v -0.204216 0.126011 -0.109537
v -0.203303 0.132348 -0.119337
v -0.202536 0.139680 -0.110680
v -0.241395 0.130752 -0.097082
v -0.204216 0.126011 -0.109537
v -0.202091 0.133107 -0.102985
v -0.240628 0.138084 -0.088425
v -0.239715 0.144421 -0.098224
v -0.202536 0.139680 -0.110680
v -0.203303 0.132348 -0.119337
v -0.241840 0.137325 -0.104776
v -0.309456 0.034676 -0.296118
v -0.277668 0.036999 -0.323371
v -0.275956 0.045400 -0.318241
v -0.307835 0.043043 -0.290350
v -0.277668 0.036999 -0.323371
v -0.282774 0.041961 -0.330343
v -0.281153 0.050328 -0.324574
v -0.275956 0.045400 -0.318241
v -0.282774 0.041961 -0.330343
v -0.314653 0.039604 -0.302452
v -0.312941 0.048005 -0.297321
v -0.281153 0.050328 -0.324574
v -0.314653 0.039604 -0.302452
v -0.309456 0.034676 -0.296118
v -0.307835 0.043043 -0.290350
v -0.312941 0.048005 -0.297321
v -0.277668 0.036999 -0.323371
v -0.309456 0.034676 -0.296118
v -0.314653 0.039604 -0.302452
v -0.282774 0.041961 -0.330343
v -0.281153 0.050328 -0.324574
v -0.312941 0.048005 -0.297321
v -0.307835 0.043043 -0.290350
v -0.275956 0.045400 -0.318241
v -0.313642 0.110366 -0.213356
v -0.285633 0.125442 -0.238463
v -0.289592 0.134401 -0.233518
v -0.317848 0.119402 -0.207290
v -0.285633 0.125442 -0.238463
v -0.291778 0.126314 -0.246521
v -0.295984 0.135349 -0.240455
v -0.289592 0.134401 -0.233518
v -0.291778 0.126314 -0.246521
v -0.320034 0.111315 -0.220294
v -0.323993 0.120273 -0.215349
v -0.295984 0.135349 -0.240455
v -0.320034 0.111315 -0.220294
v -0.313642 0.110366 -0.213356
v -0.317848 0.119402 -0.207290
v -0.323993 0.120273 -0.215349
v -0.285633 0.125442 -0.238463
v -0.313642 0.110366 -0.213356
v -0.320034 0.111315 -0.220294
v -0.291778 0.126314 -0.246521
v -0.295984 0.135349 -0.240455
v -0.323993 0.120273 -0.215349
v -0.317848 0.119402 -0.207290
v -0.289592 0.134401 -0.233518
v -0.163455 0.132499 -0.175647
v -0.194966 0.126305 -0.149565
v -0.200696 0.128611 -0.156899
v -0.168845 0.134676 -0.184002
v -0.194966 0.126305 -0.149565
v -0.196217 0.135756 -0.144775
v -0.201608 0.137933 -0.153130
v -0.200696 0.128611 -0.156899
v -0.196217 0.135756 -0.144775
v -0.164367 0.141821 -0.171878
v -0.170097 0.144127 -0.179211
v -0.201608 0.137933 -0.153130
v -0.164367 0.141821 -0.171878
v -0.163455 0.132499 -0.175647
v -0.168845 0.134676 -0.184002
v -0.170097 0.144127 -0.179211
v -0.194966 0.126305 -0.149565
v -0.163455 0.132499 -0.175647
v -0.164367 0.141821 -0.171878
v -0.196217 0.135756 -0.144775
v -0.201608 0.137933 -0.153130
v -0.170097 0.144127 -0.179211
v -0.168845 0.134676 -0.184002
v -0.200696 0.128611 -0.156899
v 0.012699 0.057340 0.415772
v -0.019877 0.039864 0.406935
v -0.024629 0.048416 0.406351
v 0.006739 0.066099 0.416139
v -0.019877 0.039864 0.406935
v -0.025009 0.039979 0.419358
v -0.030969 0.048739 0.419725
v -0.024629 0.048416 0.406351
v -0.025009 0.039979 0.419358
v 0.006359 0.057662 0.429146
v 0.001607 0.066215 0.428562
v -0.030969 0.048739 0.419725
v 0.006359 0.057662 0.429146
v 0.012699 0.057340 0.415772
v 0.006739 0.066099 0.416139
v 0.001607 0.066215 0.428562
v -0.019877 0.039864 0.406935
v 0.012699 0.057340 0.415772
v 0.006359 0.057662 0.429146
v -0.025009 0.039979 0.419358
v -0.030969 0.048739 0.419725
v 0.001607 0.066215 0.428562
v 0.006739 0.066099 0.416139
v -0.024629 0.048416 0.406351
v -0.273916 0.127935 0.177819
v -0.274769 0.150429 0.147155
v -0.264562 0.154483 0.147817
v -0.265405 0.131930 0.180180
v -0.274769 0.150429 0.147155
v -0.281176 0.157402 0.154325
v -0.272666 0.161397 0.156686
v -0.264562 0.154483 0.147817
v -0.281176 0.157402 0.154325
v -0.282020 0.134849 0.186688
v -0.271813 0.138902 0.187350
v -0.272666 0.161397 0.156686
v -0.282020 0.134849 0.186688
v -0.273916 0.127935 0.177819
v -0.265405 0.131930 0.180180
v -0.271813 0.138902 0.187350
v -0.274769 0.150429 0.147155
v -0.273916 0.127935 0.177819
v -0.282020 0.134849 0.186688
v -0.281176 0.157402 0.154325
v -0.272666 0.161397 0.156686
v -0.271813 0.138902 0.187350
v -0.265405 0.131930 0.180180
v -0.264562 0.154483 0.147817
v -0.297618 0.137093 0.166028
v -0.288364 0.129875 0.127682
v -0.280514 0.137435 0.125094
v -0.291361 0.144756 0.164861
v -0.288364 0.129875 0.127682
v -0.296230 0.135564 0.125824
v -0.289973 0.143228 0.124657
v -0.280514 0.137435 0.125094
v -0.296230 0.135564 0.125824
v -0.307077 0.142886 0.165591
v -0.299227 0.150446 0.163003
v -0.289973 0.143228 0.124657
v -0.307077 0.142886 0.165591
v -0.297618 0.137093 0.166028
v -0.291361 0.144756 0.164861
v -0.299227 0.150446 0.163003
v -0.288364 0.129875 0.127682
v -0.297618 0.137093 0.166028
v -0.307077 0.142886 0.165591
v -0.296230 0.135564 0.125824
v -0.289973 0.143228 0.124657
v -0.299227 0.150446 0.163003
v -0.291361 0.144756 0.164861
v -0.280514 0.137435 0.125094
v 0.235053 0.082499 0.324050
v 0.216333 0.054984 0.345799
v 0.208203 0.061661 0.351629
v 0.226103 0.089328 0.331587
v 0.216333 0.054984 0.345799
v 0.222144 0.056346 0.353255
v 0.213194 0.063175 0.360792
v 0.208203 0.061661 0.351629
v 0.222144 0.056346 0.353255
v 0.240043 0.084012 0.333213
v 0.231913 0.090690 0.339043
v 0.213194 0.063175 0.360792
v 0.240043 0.084012 0.333213
v 0.235053 0.082499 0.324050
v 0.226103 0.089328 0.331587
v 0.231913 0.090690 0.339043
v 0.216333 0.054984 0.345799
v 0.235053 0.082499 0.324050
v 0.240043 0.084012 0.333213
v 0.222144 0.056346 0.353255
v 0.213194 0.063175 0.360792
v 0.231913 0.090690 0.339043
v 0.226103 0.089328 0.331587
v 0.208203 0.061661 0.351629
v -0.063485 0.084500 0.396340
v -0.095679 0.078233 0.379126
v -0.093947 0.086374 0.372992
v -0.060581 0.092728 0.389396
v -0.095679 0.078233 0.379126
v -0.103768 0.083263 0.390137
v -0.100864 0.091491 0.383194
v -0.093947 0.086374 0.372992
v -0.103768 0.083263 0.390137
v -0.070402 0.089617 0.406541
v -0.068671 0.097758 0.400408
v -0.100864 0.091491 0.383194
v -0.070402 0.089617 0.406541
v -0.063485 0.084500 0.396340
v -0.060581 0.092728 0.389396
v -0.068671 0.097758 0.400408
v -0.095679 0.078233 0.379126
v -0.063485 0.084500 0.396340
v -0.070402 0.089617 0.406541
v -0.103768 0.083263 0.390137
v -0.100864 0.091491 0.383194
v -0.068671 0.097758 0.400408
v -0.060581 0.092728 0.389396
v -0.093947 0.086374 0.372992
v -0.211176 0.129288 0.309868
v -0.207715 0.110269 0.275792
v -0.198415 0.116288 0.269386
v -0.203412 0.135686 0.304736
v -0.207715 0.110269 0.275792
v -0.214875 0.115636 0.272432
v -0.207111 0.122034 0.267299
v -0.198415 0.116288 0.269386
v -0.214875 0.115636 0.272432
v -0.219872 0.135035 0.307782
v -0.210572 0.141053 0.301375
v -0.207111 0.122034 0.267299
v -0.219872 0.135035 0.307782
v -0.211176 0.129288 0.309868
v -0.203412 0.135686 0.304736
v -0.210572 0.141053 0.301375
v -0.207715 0.110269 0.275792
v -0.211176 0.129288 0.309868
v -0.219872 0.135035 0.307782
v -0.214875 0.115636 0.272432
v -0.207111 0.122034 0.267299
v -0.210572 0.141053 0.301375
v -0.203412 0.135686 0.304736
v -0.198415 0.116288 0.269386
v 0.337737 0.116787 -0.081785
v 0.351263 0.142921 -0.059122
v 0.340673 0.148371 -0.057066
v 0.328433 0.121734 -0.081599
v 0.351263 0.142921 -0.059122
v 0.356704 0.147730 -0.068764
v 0.347400 0.152677 -0.068578
v 0.340673 0.148371 -0.057066
v 0.356704 0.147730 -0.068764
v 0.344464 0.121093 -0.093298
v 0.333874 0.126543 -0.091242
v 0.347400 0.152677 -0.068578
v 0.344464 0.121093 -0.093298
v 0.337737 0.116787 -0.081785
v 0.328433 0.121734 -0.081599
v 0.333874 0.126543 -0.091242
v 0.351263 0.142921 -0.059122
v 0.337737 0.116787 -0.081785
v 0.344464 0.121093 -0.093298
v 0.356704 0.147730 -0.068764
v 0.347400 0.152677 -0.068578
v 0.333874 0.126543 -0.091242
v 0.328433 0.121734 -0.081599
v 0.340673 0.148371 -0.057066
v 0.403828 0.087745 0.066819
v 0.374643 0.080820 0.096509
v 0.372963 0.090315 0.099902
v 0.402132 0.097302 0.070861
v 0.374643 0.080820 0.096509
v 0.381241 0.079543 0.103246
v 0.379546 0.089100 0.107287
v 0.372963 0.090315 0.099902
v 0.381241 0.079543 0.103246
v 0.410411 0.086530 0.074205
v 0.408731 0.096025 0.077598
v 0.379546 0.089100 0.107287
v 0.410411 0.086530 0.074205
v 0.403828 0.087745 0.066819
v 0.402132 0.097302 0.070861
v 0.408731 0.096025 0.077598
v 0.374643 0.080820 0.096509
v 0.403828 0.087745 0.066819
v 0.410411 0.086530 0.074205
v 0.381241 0.079543 0.103246
v 0.379546 0.089100 0.107287
v 0.408731 0.096025 0.077598
v 0.402132 0.097302 0.070861
v 0.372963 0.090315 0.099902
v 0.274351 0.085380 -0.308052
v 0.274584 0.090733 -0.269429
v 0.263074 0.095024 -0.266483
v 0.264536 0.089789 -0.306968
v 0.274584 0.090733 -0.269429
v 0.278803 0.099283 -0.271146
v 0.268989 0.103692 -0.270061
v 0.263074 0.095024 -0.266483
v 0.278803 0.099283 -0.271146
v 0.280266 0.094048 -0.311630
v 0.268756 0.098339 -0.308685
v 0.268989 0.103692 -0.270061
v 0.280266 0.094048 -0.311630
v 0.274351 0.085380 -0.308052
v 0.264536 0.089789 -0.306968
v 0.268756 0.098339 -0.308685
v 0.274584 0.090733 -0.269429
v 0.274351 0.085380 -0.308052
v 0.280266 0.094048 -0.311630
v 0.278803 0.099283 -0.271146
v 0.268989 0.103692 -0.270061
v 0.268756 0.098339 -0.308685
v 0.264536 0.089789 -0.306968
v 0.263074 0.095024 -0.266483
v 0.073459 0.127331 0.218498
v 0.111452 0.129325 0.219361
v 0.109692 0.135506 0.228462
v 0.069891 0.133516 0.229851
v 0.111452 0.129325 0.219361
v 0.113439 0.136916 0.210815
v 0.109871 0.143101 0.222166
v 0.109692 0.135506 0.228462
v 0.113439 0.136916 0.210815
v 0.073638 0.134926 0.212202
v 0.071878 0.141107 0.221304
v 0.109871 0.143101 0.222166
v 0.073638 0.134926 0.212202
v 0.073459 0.127331 0.218498
v 0.069891 0.133516 0.229851
v 0.071878 0.141107 0.221304
v 0.111452 0.129325 0.219361
v 0.073459 0.127331 0.218498
v 0.073638 0.134926 0.212202
v 0.113439 0.136916 0.210815
v 0.109871 0.143101 0.222166
v 0.071878 0.141107 0.221304
v 0.069891 0.133516 0.229851
v 0.109692 0.135506 0.228462
v -0.067186 0.120388 -0.351219
v -0.035817 0.113428 -0.378682
v -0.031512 0.110017 -0.370249
v -0.063042 0.116681 -0.342769
v -0.035817 0.113428 -0.378682
v -0.032081 0.122360 -0.376883
v -0.027937 0.118654 -0.368433
v -0.031512 0.110017 -0.370249
v -0.032081 0.122360 -0.376883
v -0.063610 0.129024 -0.349404
v -0.059305 0.125613 -0.340970
v -0.027937 0.118654 -0.368433
v -0.063610 0.129024 -0.349404
v -0.067186 0.120388 -0.351219
v -0.063042 0.116681 -0.342769
v -0.059305 0.125613 -0.340970
v -0.035817 0.113428 -0.378682
v -0.067186 0.120388 -0.351219
v -0.063610 0.129024 -0.349404
v -0.032081 0.122360 -0.376883
v -0.027937 0.118654 -0.368433
v -0.059305 0.125613 -0.340970
v -0.063042 0.116681 -0.342769
v -0.031512 0.110017 -0.370249
v -0.145912 0.066737 0.113646
v -0.112690 0.071083 0.129412
v -0.117538 0.078548 0.136985
v -0.152422 0.074273 0.122506
v -0.112690 0.071083 0.129412
v -0.107499 0.077291 0.119413
v -0.114009 0.084827 0.128274
v -0.117538 0.078548 0.136985
v -0.107499 0.077291 0.119413
v -0.142383 0.073016 0.104935
v -0.147231 0.080480 0.112507
v -0.114009 0.084827 0.128274
v -0.142383 0.073016 0.104935
v -0.145912 0.066737 0.113646
v -0.152422 0.074273 0.122506
v -0.147231 0.080480 0.112507
v -0.112690 0.071083 0.129412
v -0.145912 0.066737 0.113646
v -0.142383 0.073016 0.104935
v -0.107499 0.077291 0.119413
v -0.114009 0.084827 0.128274
v -0.147231 0.080480 0.112507
v -0.152422 0.074273 0.122506
v -0.117538 0.078548 0.136985
v -0.142226 0.091894 -0.370449
v -0.107086 0.100382 -0.361155
v -0.111704 0.107083 -0.352722
v -0.148700 0.098605 -0.360087
v -0.107086 0.100382 -0.361155
v -0.104544 0.107215 -0.370737
v -0.111017 0.113926 -0.360375
v -0.111704 0.107083 -0.352722
v -0.104544 0.107215 -0.370737
v -0.141540 0.098737 -0.378102
v -0.146157 0.105439 -0.369669
v -0.111017 0.113926 -0.360375
v -0.141540 0.098737 -0.378102
v -0.142226 0.091894 -0.370449
v -0.148700 0.098605 -0.360087
v -0.146157 0.105439 -0.369669
v -0.107086 0.100382 -0.361155
v -0.142226 0.091894 -0.370449
v -0.141540 0.098737 -0.378102
v -0.104544 0.107215 -0.370737
v -0.111017 0.113926 -0.360375
v -0.146157 0.105439 -0.369669
v -0.148700 0.098605 -0.360087
v -0.111704 0.107083 -0.352722
v 0.225650 0.140277 0.231780
v 0.196139 0.126812 0.258200
v 0.189977 0.134212 0.256718
v 0.218198 0.148184 0.231810
v 0.196139 0.126812 0.258200
v 0.199219 0.131504 0.266654
v 0.191766 0.139410 0.266684
v 0.189977 0.134212 0.256718
v 0.199219 0.131504 0.266654
v 0.227439 0.145475 0.241745
v 0.221277 0.152875 0.240263
v 0.191766 0.139410 0.266684
v 0.227439 0.145475 0.241745
v 0.225650 0.140277 0.231780
v 0.218198 0.148184 0.231810
v 0.221277 0.152875 0.240263
v 0.196139 0.126812 0.258200
v 0.225650 0.140277 0.231780
v 0.227439 0.145475 0.241745
v 0.199219 0.131504 0.266654
v 0.191766 0.139410 0.266684
v 0.221277 0.152875 0.240263
v 0.218198 0.148184 0.231810
v 0.189977 0.134212 0.256718
v 0.363761 0.085262 -0.140889
v 0.389762 0.073005 -0.117750
v 0.386937 0.081120 -0.109734
v 0.360576 0.093568 -0.133348
v 0.389762 0.073005 -0.117750
v 0.399346 0.077200 -0.125878
v 0.396162 0.085506 -0.118337
v 0.386937 0.081120 -0.109734
v 0.399346 0.077200 -0.125878
v 0.372986 0.089648 -0.149491
v 0.370160 0.097763 -0.141475
v 0.396162 0.085506 -0.118337
v 0.372986 0.089648 -0.149491
v 0.363761 0.085262 -0.140889
v 0.360576 0.093568 -0.133348
v 0.370160 0.097763 -0.141475
v 0.389762 0.073005 -0.117750
v 0.363761 0.085262 -0.140889
v 0.372986 0.089648 -0.149491
v 0.399346 0.077200 -0.125878
v 0.396162 0.085506 -0.118337
v 0.370160 0.097763 -0.141475
v 0.360576 0.093568 -0.133348
v 0.386937 0.081120 -0.109734
v 0.009943 0.134902 -0.235644
v -0.025437 0.121703 -0.228850
v -0.026740 0.123127 -0.239271
v 0.010529 0.135936 -0.248376
v -0.025437 0.121703 -0.228850
v -0.030869 0.131048 -0.224024
v -0.030282 0.132082 -0.236756
v -0.026740 0.123127 -0.239271
v -0.030869 0.131048 -0.224024
v 0.006400 0.143857 -0.233129
v 0.005098 0.145281 -0.243551
v -0.030282 0.132082 -0.236756
v 0.006400 0.143857 -0.233129
v 0.009943 0.134902 -0.235644
v 0.010529 0.135936 -0.248376
v 0.005098 0.145281 -0.243551
v -0.025437 0.121703 -0.228850
v 0.009943 0.134902 -0.235644
v 0.006400 0.143857 -0.233129
v -0.030869 0.131048 -0.224024
v -0.030282 0.132082 -0.236756
v 0.005098 0.145281 -0.243551
v 0.010529 0.135936 -0.248376
v -0.026740 0.123127 -0.239271
v -0.167976 0.114565 -0.316145
v -0.140582 0.114832 -0.348866
v -0.133244 0.115268 -0.342461
v -0.160726 0.114963 -0.309875
v -0.140582 0.114832 -0.348866
v -0.141433 0.124557 -0.348359
v -0.134183 0.124955 -0.342089
v -0.133244 0.115268 -0.342461
v -0.141433 0.124557 -0.348359
v -0.168915 0.124252 -0.315772
v -0.161578 0.124688 -0.309367
v -0.134183 0.124955 -0.342089
v -0.168915 0.124252 -0.315772
v -0.167976 0.114565 -0.316145
v -0.160726 0.114963 -0.309875
v -0.161578 0.124688 -0.309367
v -0.140582 0.114832 -0.348866
v -0.167976 0.114565 -0.316145
v -0.168915 0.124252 -0.315772
v -0.141433 0.124557 -0.348359
v -0.134183 0.124955 -0.342089
v -0.161578 0.124688 -0.309367
v -0.160726 0.114963 -0.309875
v -0.133244 0.115268 -0.342461
v 0.070008 0.129080 -0.315951
v 0.100629 0.148422 -0.307635
v 0.093804 0.155305 -0.300810
v 0.061448 0.135872 -0.307401
v 0.100629 0.148422 -0.307635
v 0.102076 0.153459 -0.318727
v 0.093516 0.160252 -0.310177
v 0.093804 0.155305 -0.300810
v 0.102076 0.153459 -0.318727
v 0.069720 0.134026 -0.325318
v 0.062895 0.140910 -0.318493
v 0.093516 0.160252 -0.310177
v 0.069720 0.134026 -0.325318
v 0.070008 0.129080 -0.315951
v 0.061448 0.135872 -0.307401
v 0.062895 0.140910 -0.318493
v 0.100629 0.148422 -0.307635
v 0.070008 0.129080 -0.315951
v 0.069720 0.134026 -0.325318
v 0.102076 0.153459 -0.318727
v 0.093516 0.160252 -0.310177
v 0.062895 0.140910 -0.318493
v 0.061448 0.135872 -0.307401
v 0.093804 0.155305 -0.300810
v -0.412030 0.089552 -0.042685
v -0.378867 0.088804 -0.068643
v -0.374548 0.091969 -0.059902
v -0.407662 0.092361 -0.033824
v -0.378867 0.088804 -0.068643
v -0.380529 0.098237 -0.071060
v -0.376162 0.101046 -0.062199
v -0.374548 0.091969 -0.059902
v -0.380529 0.098237 -0.071060
v -0.413644 0.098629 -0.044983
v -0.409325 0.101794 -0.036241
v -0.376162 0.101046 -0.062199
v -0.413644 0.098629 -0.044983
v -0.412030 0.089552 -0.042685
v -0.407662 0.092361 -0.033824
v -0.409325 0.101794 -0.036241
v -0.378867 0.088804 -0.068643
v -0.412030 0.089552 -0.042685
v -0.413644 0.098629 -0.044983
v -0.380529 0.098237 -0.071060
v -0.376162 0.101046 -0.062199
v -0.409325 0.101794 -0.036241
v -0.407662 0.092361 -0.033824
v -0.374548 0.091969 -0.059902
v -0.146854 0.104545 0.372053
v -0.160273 0.080668 0.346339
v -0.162596 0.088135 0.339774
v -0.149646 0.111916 0.366568
v -0.160273 0.080668 0.346339
v -0.171547 0.080862 0.354152
v -0.174339 0.088232 0.348669
v -0.162596 0.088135 0.339774
v -0.171547 0.080862 0.354152
v -0.158598 0.104643 0.380947
v -0.160920 0.112110 0.374381
v -0.174339 0.088232 0.348669
v -0.158598 0.104643 0.380947
v -0.146854 0.104545 0.372053
v -0.149646 0.111916 0.366568
v -0.160920 0.112110 0.374381
v -0.160273 0.080668 0.346339
v -0.146854 0.104545 0.372053
v -0.158598 0.104643 0.380947
v -0.171547 0.080862 0.354152
v -0.174339 0.088232 0.348669
v -0.160920 0.112110 0.374381
v -0.149646 0.111916 0.366568
v -0.162596 0.088135 0.339774
v -0.326939 0.128520 0.067759
v -0.327431 0.141824 0.031853
v -0.315398 0.143990 0.029307
v -0.316916 0.130995 0.067571
v -0.327431 0.141824 0.031853
v -0.330465 0.150608 0.035994
v -0.320443 0.153084 0.035806
v -0.315398 0.143990 0.029307
v -0.330465 0.150608 0.035994
v -0.331983 0.137613 0.074258
v -0.319950 0.139779 0.071712
v -0.320443 0.153084 0.035806
v -0.331983 0.137613 0.074258
v -0.326939 0.128520 0.067759
v -0.316916 0.130995 0.067571
v -0.319950 0.139779 0.071712
v -0.327431 0.141824 0.031853
v -0.326939 0.128520 0.067759
v -0.331983 0.137613 0.074258
v -0.330465 0.150608 0.035994
v -0.320443 0.153084 0.035806
v -0.319950 0.139779 0.071712
v -0.316916 0.130995 0.067571
v -0.315398 0.143990 0.029307
v -0.179090 0.133572 0.216452
v -0.143495 0.141743 0.226966
v -0.149959 0.142634 0.240169
v -0.184875 0.134078 0.229134
v -0.143495 0.141743 0.226966
v -0.146268 0.151431 0.226757
v -0.152052 0.151937 0.239439
v -0.149959 0.142634 0.240169
v -0.146268 0.151431 0.226757
v -0.181183 0.142875 0.215721
v -0.187647 0.143766 0.228925
v -0.152052 0.151937 0.239439
v -0.181183 0.142875 0.215721
v -0.179090 0.133572 0.216452
v -0.184875 0.134078 0.229134
v -0.187647 0.143766 0.228925
v -0.143495 0.141743 0.226966
v -0.179090 0.133572 0.216452
v -0.181183 0.142875 0.215721
v -0.146268 0.151431 0.226757
v -0.152052 0.151937 0.239439
v -0.187647 0.143766 0.228925
v -0.184875 0.134078 0.229134
v -0.149959 0.142634 0.240169
v -0.023196 0.135731 -0.299751
v -0.045681 0.140030 -0.263973
v -0.054694 0.140060 -0.268087
v -0.032095 0.135982 -0.303943
v -0.045681 0.140030 -0.263973
v -0.045058 0.149527 -0.264909
v -0.053957 0.149778 -0.269102
v -0.054694 0.140060 -0.268087
v -0.045058 0.149527 -0.264909
v -0.022459 0.145449 -0.300766
v -0.031472 0.145479 -0.304879
v -0.053957 0.149778 -0.269102
v -0.022459 0.145449 -0.300766
v -0.023196 0.135731 -0.299751
v -0.032095 0.135982 -0.303943
v -0.031472 0.145479 -0.304879
v -0.045681 0.140030 -0.263973
v -0.023196 0.135731 -0.299751
v -0.022459 0.145449 -0.300766
v -0.045058 0.149527 -0.264909
v -0.053957 0.149778 -0.269102
v -0.031472 0.145479 -0.304879
v -0.032095 0.135982 -0.303943
v -0.054694 0.140060 -0.268087
v -0.064097 0.119793 -0.222315
v -0.091861 0.145101 -0.208067
v -0.097802 0.141057 -0.215280
v -0.070276 0.116045 -0.228425
v -0.091861 0.145101 -0.208067
v -0.086581 0.150939 -0.218188
v -0.092760 0.147190 -0.224299
v -0.097802 0.141057 -0.215280
v -0.086581 0.150939 -0.218188
v -0.059056 0.125927 -0.231334
v -0.064996 0.121883 -0.238546
v -0.092760 0.147190 -0.224299
v -0.059056 0.125927 -0.231334
v -0.064097 0.119793 -0.222315
v -0.070276 0.116045 -0.228425
v -0.064996 0.121883 -0.238546
v -0.091861 0.145101 -0.208067
v -0.064097 0.119793 -0.222315
v -0.059056 0.125927 -0.231334
v -0.086581 0.150939 -0.218188
v -0.092760 0.147190 -0.224299
v -0.064996 0.121883 -0.238546
v -0.070276 0.116045 -0.228425
v -0.097802 0.141057 -0.215280
v -0.233715 0.133479 -0.056905
v -0.237771 0.126821 -0.016859
v -0.248891 0.127042 -0.015515
v -0.245983 0.134296 -0.054108
v -0.237771 0.126821 -0.016859
v -0.237643 0.136136 -0.014768
v -0.249911 0.136953 -0.011971
v -0.248891 0.127042 -0.015515
v -0.237643 0.136136 -0.014768
v -0.234736 0.143390 -0.053361
v -0.245855 0.143611 -0.052017
v -0.249911 0.136953 -0.011971
v -0.234736 0.143390 -0.053361
v -0.233715 0.133479 -0.056905
v -0.245983 0.134296 -0.054108
v -0.245855 0.143611 -0.052017
v -0.237771 0.126821 -0.016859
v -0.233715 0.133479 -0.056905
v -0.234736 0.143390 -0.053361
v -0.237643 0.136136 -0.014768
v -0.249911 0.136953 -0.011971
v -0.245855 0.143611 -0.052017
v -0.245983 0.134296 -0.054108
v -0.248891 0.127042 -0.015515
v 0.009578 0.134468 0.357578
v -0.017426 0.122617 0.335312
v -0.015928 0.130783 0.328682
v 0.011299 0.142777 0.351374
v -0.017426 0.122617 0.335312
v -0.027245 0.126687 0.344858
v -0.025524 0.134996 0.338655
v -0.015928 0.130783 0.328682
v -0.027245 0.126687 0.344858
v -0.000018 0.138680 0.367551
v 0.001480 0.146847 0.360921
v -0.025524 0.134996 0.338655
v -0.000018 0.138680 0.367551
v 0.009578 0.134468 0.357578
v 0.011299 0.142777 0.351374
v 0.001480 0.146847 0.360921
v -0.017426 0.122617 0.335312
v 0.009578 0.134468 0.357578
v -0.000018 0.138680 0.367551
v -0.027245 0.126687 0.344858
v -0.025524 0.134996 0.338655
v 0.001480 0.146847 0.360921
v 0.011299 0.142777 0.351374
v -0.015928 0.130783 0.328682
v -0.109814 0.143244 0.280722
v -0.145055 0.136432 0.298748
v -0.149011 0.141580 0.291653
v -0.112911 0.148370 0.271961
v -0.145055 0.136432 0.298748
v -0.146229 0.144629 0.306903
v -0.149325 0.149755 0.298143
v -0.149011 0.141580 0.291653
v -0.146229 0.144629 0.306903
v -0.110128 0.151419 0.287211
v -0.114085 0.156567 0.280116
v -0.149325 0.149755 0.298143
v -0.110128 0.151419 0.287211
v -0.109814 0.143244 0.280722
v -0.112911 0.148370 0.271961
v -0.114085 0.156567 0.280116
v -0.145055 0.136432 0.298748
v -0.109814 0.143244 0.280722
v -0.110128 0.151419 0.287211
v -0.146229 0.144629 0.306903
v -0.149325 0.149755 0.298143
v -0.114085 0.156567 0.280116
v -0.112911 0.148370 0.271961
v -0.149011 0.141580 0.291653
v 0.342198 0.096784 0.193414
v 0.316208 0.084413 0.223408
v 0.312229 0.093653 0.227437
v 0.338369 0.106089 0.198063
v 0.316208 0.084413 0.223408
v 0.323196 0.084510 0.229788
v 0.319367 0.093814 0.234436
v 0.312229 0.093653 0.227437
v 0.323196 0.084510 0.229788
v 0.349336 0.096945 0.200414
v 0.345357 0.106185 0.204442
v 0.319367 0.093814 0.234436
v 0.349336 0.096945 0.200414
v 0.342198 0.096784 0.193414
v 0.338369 0.106089 0.198063
v 0.345357 0.106185 0.204442
v 0.316208 0.084413 0.223408
v 0.342198 0.096784 0.193414
v 0.349336 0.096945 0.200414
v 0.323196 0.084510 0.229788
v 0.319367 0.093814 0.234436
v 0.345357 0.106185 0.204442
v 0.338369 0.106089 0.198063
v 0.312229 0.093653 0.227437
vn -0.540484 0.196320 -0.818129
vn -0.540484 0.196320 -0.818129
vn -0.540484 0.196320 -0.818129
vn 0.895417 -0.357885 -0.264851
vn 0.895417 -0.357885 -0.264851
vn 0.895417 -0.357885 -0.264851
vn 0.895417 -0.357885 -0.264851
vn -0.974696 0.000000 0.223533
vn -0.974696 0.000000 0.223533
vn -0.974696 0.000000 0.223533
vn -0.974696 0.000000 0.223533
vn -0.750111 -0.638545 0.172027
vn -0.750111 -0.638545 0.172027
vn -0.750111 -0.638545 0.172027
vn -0.750111 -0.638545 0.172027
vn -0.171107 -0.984471 0.039241
vn -0.171107 -0.984471 0.039241
vn -0.171107 -0.984471 0.039241
vn -0.171107 -0.984471 0.039241
vn 0.376278 -0.922479 -0.086294
vn 0.376278 -0.922479 -0.086294
vn 0.376278 -0.922479 -0.086294
vn 0.376278 -0.922479 -0.086294
vn 0.937671 -0.273002 -0.215042
vn 0.937671 -0.273002 -0.215042
vn 0.937671 -0.273002 -0.215042
vn 0.937671 -0.273002 -0.215042
vn 0.959699 -0.240907 0.144710
vn 0.959699 -0.240907 0.144710
vn 0.959699 -0.240907 0.144710
vn 0.959699 -0.240907 0.144710
vn -0.997281 0.000000 -0.073695
vn -0.997281 0.000000 -0.073695
vn -0.997281 0.000000 -0.073695
vn -0.997281 0.000000 -0.073695
vn -0.767492 -0.638545 -0.056714
vn -0.767492 -0.638545 -0.056714
vn -0.767492 -0.638545 -0.056714
vn -0.767492 -0.638545 -0.056714
vn -0.175072 -0.984471 -0.012937
vn -0.175072 -0.984471 -0.012937
vn -0.175072 -0.984471 -0.012937
vn -0.175072 -0.984471 -0.012937
vn 0.384997 -0.922480 0.028450
vn 0.384997 -0.922480 0.028450
vn 0.384997 -0.922480 0.028450
vn 0.384997 -0.922480 0.028450
vn 0.958312 -0.276810 0.070815
vn 0.958312 -0.276810 0.070815
vn 0.958312 -0.276810 0.070815
vn 0.958312 -0.276810 0.070815
vn 0.912807 0.104540 0.394786
vn 0.912807 0.104540 0.394786
vn 0.912807 0.104540 0.394786
vn 0.912807 0.104540 0.394786
vn -0.931253 0.000000 -0.364375
vn -0.931253 0.000000 -0.364375
vn -0.931253 0.000000 -0.364375
vn -0.931253 0.000000 -0.364375
vn -0.716677 -0.638545 -0.280417
vn -0.716677 -0.638545 -0.280417
vn -0.716677 -0.638545 -0.280417
vn -0.716677 -0.638545 -0.280417
vn -0.163481 -0.984471 -0.063966
vn -0.163481 -0.984471 -0.063966
vn -0.163481 -0.984471 -0.063966
vn -0.163481 -0.984471 -0.063966
vn 0.359507 -0.922479 0.140666
vn 0.359507 -0.922479 0.140666
vn 0.359507 -0.922479 0.140666
vn 0.359507 -0.922479 0.140666
vn 0.893913 -0.280330 0.349765
vn 0.893913 -0.280330 0.349765
vn 0.893913 -0.280330 0.349765
vn 0.893913 -0.280330 0.349765
vn 0.772160 0.161869 0.614466
vn 0.772160 0.161869 0.614466
vn 0.772160 0.161869 0.614466
vn 0.772160 0.161869 0.614466
vn -0.782479 0.000000 -0.622677
vn -0.782479 0.000000 -0.622677
vn -0.782479 0.000000 -0.622677
vn -0.782479 0.000000 -0.622677
vn -0.602183 -0.638545 -0.479203
vn -0.602183 -0.638545 -0.479203
vn -0.602183 -0.638545 -0.479203
vn -0.602183 -0.638545 -0.479203
vn -0.137364 -0.984471 -0.109311
vn -0.137364 -0.984471 -0.109311
vn -0.137364 -0.984471 -0.109311
vn -0.137364 -0.984471 -0.109311
vn 0.302073 -0.922479 0.240383
vn 0.302073 -0.922479 0.240383
vn 0.302073 -0.922479 0.240383
vn 0.302073 -0.922479 0.240383
vn 0.750433 -0.283250 0.597177
vn 0.750433 -0.283250 0.597177
vn 0.750433 -0.283250 0.597177
vn 0.750433 -0.283250 0.597177
vn 0.557031 0.158661 0.815195
vn 0.557031 0.158661 0.815195
vn 0.557031 0.158661 0.815195
vn 0.557031 0.158661 0.815195
vn -0.564178 0.000000 -0.825653
vn -0.564178 0.000000 -0.825653
vn -0.564178 0.000000 -0.825653
vn -0.564178 0.000000 -0.825653
vn -0.434182 -0.638545 -0.635410
vn -0.434182 -0.638545 -0.635410
vn -0.434182 -0.638545 -0.635410
vn -0.434182 -0.638545 -0.635410
vn -0.099041 -0.984471 -0.144943
vn -0.099041 -0.984471 -0.144943
vn -0.099041 -0.984471 -0.144943
vn -0.099041 -0.984471 -0.144943
vn 0.217799 -0.922479 0.318741
vn 0.217799 -0.922479 0.318741
vn 0.217799 -0.922479 0.318741
vn 0.217799 -0.922479 0.318741
vn 0.540727 -0.285318 0.791333
vn 0.540727 -0.285318 0.791333
vn 0.540727 -0.285318 0.791333
vn 0.540727 -0.285318 0.791333
vn 0.320146 0.108992 0.941078
vn 0.320146 0.108992 0.941078
vn 0.320146 0.108992 0.941078
vn 0.320146 0.108992 0.941078
vn -0.295747 0.000000 -0.955266
vn -0.295747 0.000000 -0.955266
vn -0.295747 0.000000 -0.955266
vn -0.295747 0.000000 -0.955266
vn -0.227602 -0.638545 -0.735158
vn -0.227602 -0.638545 -0.735158
vn -0.227602 -0.638545 -0.735158
vn -0.227602 -0.638545 -0.735158
vn -0.051918 -0.984471 -0.167696
vn -0.051918 -0.984471 -0.167696
vn -0.051918 -0.984471 -0.167696
vn -0.051918 -0.984471 -0.167696
vn 0.114172 -0.922479 0.368777
vn 0.114172 -0.922479 0.368777
vn 0.114172 -0.922479 0.368777
vn 0.114172 -0.922479 0.368777
vn 0.283362 -0.286356 0.915263
vn 0.283362 -0.286356 0.915263
vn 0.283362 -0.286356 0.915263
vn 0.283362 -0.286356 0.915263
vn 0.009951 0.007482 0.999923
vn 0.009951 0.007482 0.999923
vn 0.009951 0.007482 0.999923
vn 0.009951 0.007482 0.999923
vn -0.001039 0.000000 -1.000000
vn -0.001039 0.000000 -1.000000
vn -0.001039 0.000000 -1.000000
vn -0.001039 0.000000 -1.000000
vn -0.000799 -0.638545 -0.769584
vn -0.000799 -0.638545 -0.769584
vn -0.000799 -0.638545 -0.769584
vn -0.000799 -0.638545 -0.769584
vn -0.000182 -0.984471 -0.175549
vn -0.000182 -0.984471 -0.175549
vn -0.000182 -0.984471 -0.175549
vn -0.000182 -0.984471 -0.175549
vn 0.000401 -0.922479 0.386046
vn 0.000401 -0.922479 0.386046
vn 0.000401 -0.922479 0.386046
vn 0.000401 -0.922479 0.386046
vn 0.000995 -0.286272 0.958148
vn 0.000995 -0.286272 0.958148
vn 0.000995 -0.286272 0.958148
vn 0.000995 -0.286272 0.958148
vn -0.281068 -0.058901 0.957879
vn -0.281068 -0.058901 0.957879
vn -0.281068 -0.058901 0.957879
vn -0.281068 -0.058901 0.957879
vn 0.293763 0.000000 -0.955878
vn 0.293763 0.000000 -0.955878
vn 0.293763 0.000000 -0.955878
vn 0.293763 0.000000 -0.955878
vn 0.226075 -0.638545 -0.735629
vn 0.226075 -0.638545 -0.735629
vn 0.226075 -0.638545 -0.735629
vn 0.226075 -0.638545 -0.735629
vn 0.051570 -0.984471 -0.167804
vn 0.051570 -0.984471 -0.167804
vn 0.051570 -0.984471 -0.167804
vn 0.051570 -0.984471 -0.167804
vn -0.113406 -0.922479 0.369014
vn -0.113406 -0.922479 0.369014
vn -0.113406 -0.922479 0.369014
vn -0.113406 -0.922479 0.369014
vn -0.281573 -0.285075 0.916215
vn -0.281573 -0.285075 0.916215
vn -0.281573 -0.285075 0.916215
vn -0.281573 -0.285075 0.916215
vn -0.597987 0.082454 0.797254
vn -0.597987 0.082454 0.797254
vn -0.597987 0.082454 0.797254
vn -0.597987 0.082454 0.797254
vn 0.562462 0.000000 -0.826823
vn 0.562462 0.000000 -0.826823
vn 0.562462 0.000000 -0.826823
vn 0.562462 0.000000 -0.826823
vn 0.432862 -0.638545 -0.636310
vn 0.432862 -0.638545 -0.636310
vn 0.432862 -0.638545 -0.636310
vn 0.432862 -0.638545 -0.636310
vn 0.098740 -0.984471 -0.145148
vn 0.098740 -0.984471 -0.145148
vn 0.098740 -0.984471 -0.145148
vn 0.098740 -0.984471 -0.145148
vn -0.217136 -0.922479 0.319192
vn -0.217136 -0.922479 0.319192
vn -0.217136 -0.922479 0.319192
vn -0.217136 -0.922479 0.319192
vn -0.539490 -0.282868 0.793055
vn -0.539490 -0.282868 0.793055
vn -0.539490 -0.282868 0.793055
vn -0.539490 -0.282868 0.793055
vn -0.770196 0.167133 0.615520
vn -0.770196 0.167133 0.615520
vn -0.770196 0.167133 0.615520
vn -0.770196 0.167133 0.615520
vn 0.781184 0.000000 -0.624301
vn 0.781184 0.000000 -0.624301
vn 0.781184 0.000000 -0.624301
vn 0.781184 0.000000 -0.624301
vn 0.601187 -0.638545 -0.480453
vn 0.601187 -0.638545 -0.480453
vn 0.601187 -0.638545 -0.480453
vn 0.601187 -0.638545 -0.480453
vn 0.137136 -0.984471 -0.109596
vn 0.137136 -0.984471 -0.109596
vn 0.137136 -0.984471 -0.109596
vn 0.137136 -0.984471 -0.109596
vn -0.301573 -0.922479 0.241009
vn -0.301573 -0.922479 0.241009
vn -0.301573 -0.922479 0.241009
vn -0.301573 -0.922479 0.241009
vn -0.749972 -0.279842 0.599358
vn -0.749972 -0.279842 0.599358
vn -0.749972 -0.279842 0.599358
vn -0.749972 -0.279842 0.599358
vn -0.913163 0.289941 0.286475
vn -0.913163 0.289941 0.286475
vn -0.913163 0.289941 0.286475
vn -0.913163 0.289941 0.286475
vn -0.001017 0.202711 -0.979238
vn -0.001017 0.202711 -0.979238
vn -0.001017 0.202711 -0.979238
vn -0.001017 0.202711 -0.979238
vn 0.930494 0.000000 -0.366307
vn 0.930494 0.000000 -0.366307
vn 0.930494 0.000000 -0.366307
vn 0.930494 0.000000 -0.366307
vn 0.716094 -0.638545 -0.281904
vn 0.716094 -0.638545 -0.281904
vn 0.716094 -0.638545 -0.281904
vn 0.716094 -0.638545 -0.281904
vn 0.163348 -0.984471 -0.064305
vn 0.163348 -0.984471 -0.064305
vn 0.163348 -0.984471 -0.064305
vn 0.163348 -0.984471 -0.064305
vn -0.359214 -0.922479 0.141412
vn -0.359214 -0.922479 0.141412
vn -0.359214 -0.922479 0.141412
vn -0.359214 -0.922479 0.141412
vn -0.894282 -0.276260 0.352052
vn -0.894282 -0.276260 0.352052
vn -0.894282 -0.276260 0.352052
vn -0.894282 -0.276260 0.352052
vn -0.948947 0.284887 0.135422
vn -0.948947 0.284887 0.135422
vn -0.948947 0.284887 0.135422
vn -0.948947 0.284887 0.135422
vn 0.953234 0.210857 0.216528
vn 0.953234 0.210857 0.216528
vn 0.953234 0.210857 0.216528
vn 0.953234 0.210857 0.216528
vn 0.147010 0.200898 0.968519
vn 0.147010 0.200898 0.968519
vn 0.147010 0.200898 0.968519
vn 0.147010 0.200898 0.968519
vn 0.997126 0.000000 -0.075766
vn 0.997126 0.000000 -0.075766
vn 0.997126 0.000000 -0.075766
vn 0.997126 0.000000 -0.075766
vn 0.767372 -0.638545 -0.058308
vn 0.767372 -0.638545 -0.058308
vn 0.767372 -0.638545 -0.058308
vn 0.767372 -0.638545 -0.058308
vn 0.175045 -0.984471 -0.013301
vn 0.175045 -0.984471 -0.013301
vn 0.175045 -0.984471 -0.013301
vn 0.175045 -0.984471 -0.013301
vn -0.384937 -0.922479 0.029249
vn -0.384937 -0.922479 0.029249
vn -0.384937 -0.922479 0.029249
vn -0.384937 -0.922479 0.029249
vn -0.959408 -0.272436 0.072900
vn -0.959408 -0.272436 0.072900
vn -0.959408 -0.272436 0.072900
vn -0.959408 -0.272436 0.072900
vn -0.958489 0.184109 -0.217722
vn -0.958489 0.184109 -0.217722
vn -0.958489 0.184109 -0.217722
vn -0.958489 0.184109 -0.217722
vn 0.666198 0.206909 0.716498
vn 0.666198 0.206909 0.716498
vn 0.666198 0.206909 0.716498
vn 0.666198 0.206909 0.716498
vn -0.145092 0.197760 0.969453
vn -0.145092 0.197760 0.969453
vn -0.145092 0.197760 0.969453
vn -0.145092 0.197760 0.969453
vn 0.975159 0.000000 0.221508
vn 0.975159 0.000000 0.221508
vn 0.975159 0.000000 0.221508
vn 0.975159 0.000000 0.221508
vn 0.750467 -0.638545 0.170469
vn 0.750467 -0.638545 0.170469
vn 0.750467 -0.638545 0.170469
vn 0.750467 -0.638545 0.170469
vn 0.171189 -0.984471 0.038886
vn 0.171189 -0.984471 0.038886
vn 0.171189 -0.984471 0.038886
vn 0.171189 -0.984471 0.038886
vn -0.376457 -0.922479 -0.085512
vn -0.376457 -0.922479 -0.085512
vn -0.376457 -0.922479 -0.085512
vn -0.376457 -0.922479 -0.085512
vn -0.939293 -0.268711 -0.213362
vn -0.939293 -0.268711 -0.213362
vn -0.939293 -0.268711 -0.213362
vn -0.939293 -0.268711 -0.213362
vn -0.874430 0.132917 -0.466590
vn -0.874430 0.132917 -0.466590
vn -0.874430 0.132917 -0.466590
vn -0.874430 0.132917 -0.466590
vn 0.763720 0.210267 -0.610344
vn 0.763720 0.210267 -0.610344
vn 0.763720 0.210267 -0.610344
vn 0.763720 0.210267 -0.610344
vn 0.866544 0.000000 0.499100
vn 0.866544 0.000000 0.499100
vn 0.866544 0.000000 0.499100
vn 0.866544 0.000000 0.499100
vn 0.666879 -0.638545 0.384100
vn 0.666879 -0.638545 0.384100
vn 0.666879 -0.638545 0.384100
vn 0.666879 -0.638545 0.384100
vn 0.152121 -0.984471 0.087617
vn 0.152121 -0.984471 0.087617
vn 0.152121 -0.984471 0.087617
vn 0.152121 -0.984471 0.087617
vn -0.334526 -0.922479 -0.192676
vn -0.334526 -0.922479 -0.192676
vn -0.334526 -0.922479 -0.192676
vn -0.334526 -0.922479 -0.192676
vn -0.835465 -0.265417 -0.481199
vn -0.835465 -0.265417 -0.481199
vn -0.835465 -0.265417 -0.481199
vn -0.835465 -0.265417 -0.481199
vn -0.678745 0.042094 -0.733167
vn -0.678745 0.042094 -0.733167
vn -0.678745 0.042094 -0.733167
vn -0.678745 0.042094 -0.733167
vn 0.974549 0.211591 -0.074051
vn 0.974549 0.211591 -0.074051
vn 0.974549 0.211591 -0.074051
vn 0.974549 0.211591 -0.074051
vn -0.666692 0.192589 0.720021
vn -0.666692 0.192589 0.720021
vn -0.666692 0.192589 0.720021
vn -0.666692 0.192589 0.720021
vn 0.680933 0.000000 0.732346
vn 0.680933 0.000000 0.732346
vn 0.680933 0.000000 0.732346
vn 0.680933 0.000000 0.732346
vn 0.524036 -0.638545 0.563602
vn 0.524036 -0.638545 0.563602
vn 0.524036 -0.638545 0.563602
vn 0.524036 -0.638545 0.563602
vn 0.119538 -0.984471 0.128563
vn 0.119538 -0.984471 0.128563
vn 0.119538 -0.984471 0.128563
vn 0.119538 -0.984471 0.128563
vn -0.262872 -0.922479 -0.282719
vn -0.262872 -0.922479 -0.282719
vn -0.262872 -0.922479 -0.282719
vn -0.262872 -0.922479 -0.282719
vn -0.656989 -0.262852 -0.706594
vn -0.656989 -0.262852 -0.706594
vn -0.656989 -0.262852 -0.706594
vn -0.656989 -0.262852 -0.706594
vn -0.360944 0.296296 -0.884267
vn -0.360944 0.296296 -0.884267
vn -0.360944 0.296296 -0.884267
vn -0.360944 0.296296 -0.884267
vn -0.767639 0.193832 -0.610868
vn -0.767639 0.193832 -0.610868
vn -0.767639 0.193832 -0.610868
vn -0.767639 0.193832 -0.610868
vn 0.909467 0.211388 -0.358030
vn 0.909467 0.211388 -0.358030
vn 0.909467 0.211388 -0.358030
vn 0.909467 0.211388 -0.358030
vn 0.434819 0.000000 0.900518
vn 0.434819 0.000000 0.900518
vn 0.434819 0.000000 0.900518
vn 0.434819 0.000000 0.900518
vn 0.334630 -0.638545 0.693024
vn 0.334630 -0.638545 0.693024
vn 0.334630 -0.638545 0.693024
vn 0.334630 -0.638545 0.693024
vn 0.076332 -0.984471 0.158086
vn 0.076332 -0.984471 0.158086
vn 0.076332 -0.984471 0.158086
vn 0.076332 -0.984471 0.158086
vn -0.167860 -0.922479 -0.347642
vn -0.167860 -0.922479 -0.347642
vn -0.167860 -0.922479 -0.347642
vn -0.167860 -0.922479 -0.347642
vn -0.419719 -0.261250 -0.869244
vn -0.419719 -0.261250 -0.869244
vn -0.419719 -0.261250 -0.869244
vn -0.419719 -0.261250 -0.869244
vn -0.200093 0.293508 -0.934781
vn -0.200093 0.293508 -0.934781
vn -0.200093 0.293508 -0.934781
vn -0.200093 0.293508 -0.934781
vn -0.913960 0.191816 -0.357608
vn -0.913960 0.191816 -0.357608
vn -0.913960 0.191816 -0.357608
vn -0.913960 0.191816 -0.357608
vn 0.425672 0.204041 0.881573
vn 0.425672 0.204041 0.881573
vn 0.425672 0.204041 0.881573
vn 0.425672 0.204041 0.881573
vn 0.150069 0.000000 0.988676
vn 0.150069 0.000000 0.988676
vn 0.150069 0.000000 0.988676
vn 0.150069 0.000000 0.988676
vn 0.115491 -0.638545 0.760869
vn 0.115491 -0.638545 0.760869
vn 0.115491 -0.638545 0.760869
vn 0.115491 -0.638545 0.760869
vn 0.026345 -0.984471 0.173562
vn 0.026345 -0.984471 0.173562
vn 0.026345 -0.984471 0.173562
vn 0.026345 -0.984471 0.173562
vn -0.057934 -0.922479 -0.381675
vn -0.057934 -0.922479 -0.381675
vn -0.057934 -0.922479 -0.381675
vn -0.057934 -0.922479 -0.381675
vn -0.144877 -0.260757 -0.954472
vn -0.144877 -0.260757 -0.954472
vn -0.144877 -0.260757 -0.954472
vn -0.144877 -0.260757 -0.954472
vn 0.146646 0.135661 -0.979842
vn 0.146646 0.135661 -0.979842
vn 0.146646 0.135661 -0.979842
vn 0.146646 0.135661 -0.979842
vn 0.146646 0.135661 -0.979842
vn 0.287479 0.205729 -0.935431
vn 0.287479 0.205729 -0.935431
vn 0.287479 0.205729 -0.935431
vn 0.287479 0.205729 -0.935431
vn -0.553180 0.196485 -0.809559
vn -0.553180 0.196485 -0.809559
vn -0.553180 0.196485 -0.809559
vn -0.553180 0.196485 -0.809559
vn -0.148015 0.000000 0.988985
vn -0.148015 0.000000 0.988985
vn -0.148015 0.000000 0.988985
vn -0.148015 0.000000 0.988985
vn -0.113910 -0.638545 0.761108
vn -0.113910 -0.638545 0.761108
vn -0.113910 -0.638545 0.761108
vn -0.113910 -0.638545 0.761108
vn -0.025984 -0.984471 0.173616
vn -0.025984 -0.984471 0.173616
vn -0.025984 -0.984471 0.173616
vn -0.025984 -0.984471 0.173616
vn 0.057141 -0.922479 -0.381794
vn 0.057141 -0.922479 -0.381794
vn 0.057141 -0.922479 -0.381794
vn 0.057141 -0.922479 -0.381794
vn 0.142868 -0.261418 -0.954594
vn 0.142868 -0.261418 -0.954594
vn 0.142868 -0.261418 -0.954594
vn 0.142868 -0.261418 -0.954594
vn 0.424856 0.192432 -0.884572
vn 0.424856 0.192432 -0.884572
vn 0.424856 0.192432 -0.884572
vn 0.424856 0.192432 -0.884572
vn -0.424645 0.194905 0.884132
vn -0.424645 0.194905 0.884132
vn -0.424645 0.194905 0.884132
vn -0.424645 0.194905 0.884132
vn 0.550121 0.208325 -0.808683
vn 0.550121 0.208325 -0.808683
vn 0.550121 0.208325 -0.808683
vn 0.550121 0.208325 -0.808683
vn -0.432948 0.000000 0.901419
vn -0.432948 0.000000 0.901419
vn -0.432948 0.000000 0.901419
vn -0.432948 0.000000 0.901419
vn -0.333190 -0.638545 0.693718
vn -0.333190 -0.638545 0.693718
vn -0.333190 -0.638545 0.693718
vn -0.333190 -0.638545 0.693718
vn -0.076004 -0.984471 0.158244
vn -0.076004 -0.984471 0.158244
vn -0.076004 -0.984471 0.158244
vn -0.076004 -0.984471 0.158244
vn 0.167138 -0.922479 -0.347989
vn 0.167138 -0.922479 -0.347989
vn 0.167138 -0.922479 -0.347989
vn 0.167138 -0.922479 -0.347989
vn 0.417686 -0.263175 -0.869642
vn 0.417686 -0.263175 -0.869642
vn 0.417686 -0.263175 -0.869642
vn 0.417686 -0.263175 -0.869642
vn 0.639703 0.105922 -0.761289
vn 0.639703 0.105922 -0.761289
vn 0.639703 0.105922 -0.761289
vn 0.639703 0.105922 -0.761289
vn -0.978995 0.190617 -0.072344
vn -0.978995 0.190617 -0.072344
vn -0.978995 0.190617 -0.072344
vn -0.978995 0.190617 -0.072344
vn -0.679411 0.000000 0.733758
vn -0.679411 0.000000 0.733758
vn -0.679411 0.000000 0.733758
vn -0.679411 0.000000 0.733758
vn -0.522864 -0.638545 0.564689
vn -0.522864 -0.638545 0.564689
vn -0.522864 -0.638545 0.564689
vn -0.522864 -0.638545 0.564689
vn -0.119270 -0.984471 0.128811
vn -0.119270 -0.984471 0.128811
vn -0.119270 -0.984471 0.128811
vn -0.119270 -0.984471 0.128811
vn 0.262284 -0.922479 -0.283265
vn 0.262284 -0.922479 -0.283265
vn 0.262284 -0.922479 -0.283265
vn 0.262284 -0.922479 -0.283265
vn 0.654960 -0.265863 -0.707351
vn 0.654960 -0.265863 -0.707351
vn 0.654960 -0.265863 -0.707351
vn 0.654960 -0.265863 -0.707351
vn 0.861509 -0.116493 -0.494197
vn 0.861509 -0.116493 -0.494197
vn 0.861509 -0.116493 -0.494197
vn 0.861509 -0.116493 -0.494197
vn -0.865506 0.000000 0.500899
vn -0.865506 0.000000 0.500899
vn -0.865506 0.000000 0.500899
vn -0.865506 0.000000 0.500899
vn -0.666080 -0.638545 0.385484
vn -0.666080 -0.638545 0.385484
vn -0.666080 -0.638545 0.385484
vn -0.666080 -0.638545 0.385484
vn -0.151939 -0.984471 0.087933
vn -0.151939 -0.984471 0.087933
vn -0.151939 -0.984471 0.087933
vn -0.151939 -0.984471 0.087933
vn 0.334125 -0.922480 -0.193370
vn 0.334125 -0.922480 -0.193370
vn 0.334125 -0.922480 -0.193370
vn 0.334125 -0.922480 -0.193370
vn 0.833545 -0.269240 -0.482402
vn 0.833545 -0.269240 -0.482402
vn 0.833545 -0.269240 -0.482402
vn 0.833545 -0.269240 -0.482402
vn -0.289800 0.199535 -0.936057
vn -0.289800 0.199535 -0.936057
vn -0.289800 0.199535 -0.936057
vn -0.289800 0.199535 -0.936057
vn -0.849568 0.191022 0.491675
vn -0.849568 0.191022 0.491675
vn -0.849568 0.191022 0.491675
vn -0.849568 0.191022 0.491675
vn 0.847361 0.209249 0.488052
vn 0.847361 0.209249 0.488052
vn 0.847361 0.209249 0.488052
vn 0.847361 0.209249 0.488052
vn -0.956877 0.190344 0.219446
vn -0.956877 0.190344 0.219446
vn -0.956877 0.190344 0.219446
vn -0.956877 0.190344 0.219446
vn -0.737045 0.487817 -0.467760
vn -0.737045 0.487817 -0.467760
vn -0.737045 0.487817 -0.467760
vn 0.137869 0.363857 -0.921195
vn 0.137869 0.363857 -0.921195
vn 0.137869 0.363857 -0.921195
vn 0.629996 0.475556 -0.613964
vn 0.629996 0.475556 -0.613964
vn 0.629996 0.475556 -0.613964
vn 0.815915 0.509837 0.272671
vn 0.815915 0.509837 0.272671
vn 0.815915 0.509837 0.272671
vn -0.442936 0.504414 0.741198
vn -0.442936 0.504414 0.741198
vn -0.442936 0.504414 0.741198
vn 0.212188 0.531179 0.820259
vn 0.212188 0.531179 0.820259
vn 0.212188 0.531179 0.820259
vn 0.770172 -0.469618 -0.431618
vn 0.770172 -0.469618 -0.431618
vn 0.770172 -0.469618 -0.431618
vn 0.770172 -0.469618 -0.431618
vn 0.848632 -0.464650 0.252833
vn 0.848632 -0.464650 0.252833
vn 0.848632 -0.464650 0.252833
vn 0.848632 -0.464650 0.252833
vn -0.696950 -0.451697 0.556984
vn -0.696950 -0.451697 0.556984
vn -0.696950 -0.451697 0.556984
vn -0.696950 -0.451697 0.556984
vn -0.680201 -0.452953 0.576334
vn -0.680201 -0.452953 0.576334
vn 0.388881 -0.439552 -0.809670
vn 0.388881 -0.439552 -0.809670
vn 0.388881 -0.439552 -0.809670
vn 0.388881 -0.439552 -0.809670
vn 0.389398 -0.439583 -0.809405
vn 0.389398 -0.439583 -0.809405
vn 0.410725 -0.445676 0.795411
vn 0.410725 -0.445676 0.795411
vn 0.410725 -0.445676 0.795411
vn 0.410725 -0.445676 0.795411
vn 0.038773 -0.466842 0.883491
vn 0.038773 -0.466842 0.883491
vn 0.038773 -0.466842 0.883491
vn 0.038773 -0.466842 0.883491
vn 0.559143 -0.417939 -0.716021
vn 0.559143 -0.417939 -0.716021
vn 0.559143 -0.417939 -0.716021
vn 0.559143 -0.417939 -0.716021
vn -0.214003 -0.474239 0.853991
vn -0.214003 -0.474239 0.853991
vn -0.214003 -0.474239 0.853991
vn -0.214003 -0.474239 0.853991
vn -0.272838 -0.432739 -0.859241
vn -0.266618 -0.433459 -0.860830
vn -0.266618 -0.433459 -0.860830
vn -0.272838 -0.432739 -0.859241
vn -0.272838 -0.432739 -0.859241
vn -0.272838 -0.432739 -0.859241
vn -0.260705 -0.432659 -0.863040
vn -0.260705 -0.432659 -0.863040
vn 0.506408 -0.440806 0.741109
vn 0.506408 -0.440806 0.741109
vn 0.506408 -0.440806 0.741109
vn 0.506408 -0.440806 0.741109
vn -0.869780 -0.452160 -0.197571
vn -0.869780 -0.452160 -0.197571
vn -0.869780 -0.452160 -0.197571
vn -0.869780 -0.452160 -0.197571
vn -0.852496 -0.454771 -0.257748
vn -0.852496 -0.454771 -0.257748
vn -0.852496 -0.454771 -0.257748
vn -0.852496 -0.454771 -0.257748
vn 0.703162 -0.438698 0.559560
vn 0.703162 -0.438698 0.559560
vn 0.703162 -0.438698 0.559560
vn 0.703162 -0.438698 0.559560
vn 0.318792 0.945001 -0.073111
vn 0.318792 0.945001 -0.073111
vn 0.318792 0.945001 -0.073111
vn 0.318792 0.945001 -0.073111
vn -0.045066 -0.392124 -0.918808
vn -0.045066 -0.392124 -0.918808
vn -0.045066 -0.392124 -0.918808
vn -0.045066 -0.392124 -0.918808
vn 0.744565 -0.441392 0.500796
vn 0.744565 -0.441392 0.500796
vn 0.744565 -0.441392 0.500796
vn 0.744565 -0.441392 0.500796
vn -0.590884 -0.473239 -0.653376
vn -0.590884 -0.473239 -0.653376
vn -0.590884 -0.473239 -0.653376
vn -0.590884 -0.473239 -0.653376
vn -0.890097 -0.432887 0.142602
vn -0.890097 -0.432887 0.142602
vn -0.890097 -0.432887 0.142602
vn -0.890097 -0.432887 0.142602
vn -0.861394 -0.431532 0.267918
vn -0.861394 -0.431532 0.267918
vn -0.861394 -0.431532 0.267918
vn -0.861394 -0.431532 0.267918
vn 0.820615 -0.472757 -0.321080
vn 0.820615 -0.472757 -0.321080
vn 0.820615 -0.472757 -0.321080
vn 0.820615 -0.472757 -0.321080
vn -0.171107 0.984471 0.039241
vn -0.171107 0.984471 0.039241
vn -0.171107 0.984471 0.039241
vn -0.171107 0.984471 0.039241
vn -0.750111 0.638545 0.172028
vn -0.750111 0.638545 0.172028
vn -0.750111 0.638545 0.172028
vn -0.750111 0.638545 0.172028
vn 0.326142 0.945014 0.024100
vn 0.326142 0.945014 0.024100
vn 0.326142 0.945014 0.024100
vn 0.326142 0.945014 0.024100
vn -0.175072 0.984471 -0.012937
vn -0.175072 0.984471 -0.012937
vn -0.175072 0.984471 -0.012937
vn -0.175072 0.984471 -0.012937
vn -0.767492 0.638545 -0.056714
vn -0.767492 0.638545 -0.056714
vn -0.767492 0.638545 -0.056714
vn -0.767492 0.638545 -0.056714
vn 0.376896 0.899895 0.219404
vn 0.376896 0.899895 0.219404
vn 0.376896 0.899895 0.219404
vn 0.376896 0.899895 0.219404
vn -0.163481 0.984471 -0.063966
vn -0.163481 0.984471 -0.063966
vn -0.163481 0.984471 -0.063966
vn -0.163481 0.984471 -0.063966
vn -0.716677 0.638545 -0.280417
vn -0.716677 0.638545 -0.280417
vn -0.716677 0.638545 -0.280417
vn -0.716677 0.638545 -0.280417
vn 0.393697 0.864205 0.313294
vn 0.393697 0.864205 0.313294
vn 0.393697 0.864205 0.313294
vn 0.393697 0.864205 0.313294
vn -0.137363 0.984471 -0.109311
vn -0.137363 0.984471 -0.109311
vn -0.137363 0.984471 -0.109311
vn -0.137363 0.984471 -0.109311
vn -0.602183 0.638545 -0.479203
vn -0.602183 0.638545 -0.479203
vn -0.602183 0.638545 -0.479203
vn -0.602183 0.638545 -0.479203
vn 0.283359 0.864722 0.414685
vn 0.283359 0.864722 0.414685
vn 0.283359 0.864722 0.414685
vn 0.283359 0.864722 0.414685
vn -0.099041 0.984471 -0.144943
vn -0.099041 0.984471 -0.144943
vn -0.099041 0.984471 -0.144943
vn -0.099041 0.984471 -0.144943
vn -0.434182 0.638545 -0.635410
vn -0.434182 0.638545 -0.635410
vn -0.434182 0.638545 -0.635410
vn -0.434182 0.638545 -0.635410
vn 0.190574 0.900349 0.391220
vn 0.190574 0.900349 0.391220
vn 0.190574 0.900349 0.391220
vn 0.190574 0.900349 0.391220
vn -0.051918 0.984471 -0.167697
vn -0.051918 0.984471 -0.167697
vn -0.051918 0.984471 -0.167697
vn -0.051918 0.984471 -0.167697
vn -0.227603 0.638545 -0.735158
vn -0.227603 0.638545 -0.735158
vn -0.227603 0.638545 -0.735158
vn -0.227603 0.638545 -0.735158
vn 0.000340 0.944938 0.327250
vn 0.000340 0.944938 0.327250
vn 0.000340 0.944938 0.327250
vn 0.000340 0.944938 0.327250
vn -0.000182 0.984471 -0.175549
vn -0.000182 0.984471 -0.175549
vn -0.000182 0.984471 -0.175549
vn -0.000182 0.984471 -0.175549
vn -0.000799 0.638545 -0.769584
vn -0.000799 0.638545 -0.769584
vn -0.000799 0.638545 -0.769584
vn -0.000799 0.638545 -0.769584
vn -0.096163 0.944904 0.312904
vn -0.096163 0.944904 0.312904
vn -0.096163 0.944904 0.312904
vn -0.096163 0.944904 0.312904
vn 0.051570 0.984471 -0.167804
vn 0.051570 0.984471 -0.167804
vn 0.051570 0.984471 -0.167804
vn 0.051570 0.984471 -0.167804
vn 0.226075 0.638545 -0.735629
vn 0.226075 0.638545 -0.735629
vn 0.226075 0.638545 -0.735629
vn 0.226075 0.638545 -0.735629
vn -0.298086 0.899620 0.319106
vn -0.298086 0.899620 0.319106
vn -0.298086 0.899620 0.319106
vn -0.298086 0.899620 0.319106
vn 0.098740 0.984471 -0.145148
vn 0.098740 0.984471 -0.145148
vn 0.098740 0.984471 -0.145148
vn 0.098740 0.984471 -0.145148
vn 0.432862 0.638545 -0.636310
vn 0.432862 0.638545 -0.636310
vn 0.432862 0.638545 -0.636310
vn 0.432862 0.638545 -0.636310
vn -0.394562 0.863072 0.315323
vn -0.394562 0.863072 0.315323
vn -0.394562 0.863072 0.315323
vn -0.394562 0.863072 0.315323
vn 0.137136 0.984471 -0.109596
vn 0.137136 0.984471 -0.109596
vn 0.137136 0.984471 -0.109596
vn 0.137136 0.984471 -0.109596
vn 0.601187 0.638545 -0.480453
vn 0.601187 0.638545 -0.480453
vn 0.601187 0.638545 -0.480453
vn 0.601187 0.638545 -0.480453
vn -0.472650 0.861574 0.185183
vn -0.472650 0.861574 0.185183
vn -0.472650 0.861574 0.185183
vn -0.472650 0.861574 0.185183
vn 0.163348 0.984471 -0.064305
vn 0.163348 0.984471 -0.064305
vn 0.163348 0.984471 -0.064305
vn 0.163348 0.984471 -0.064305
vn 0.716093 0.638545 -0.281905
vn 0.716093 0.638545 -0.281905
vn 0.716093 0.638545 -0.281905
vn 0.716093 0.638545 -0.281905
vn -0.504561 0.862637 0.035724
vn -0.504561 0.862637 0.035724
vn -0.504561 0.862637 0.035724
vn -0.504561 0.862637 0.035724
vn 0.175045 0.984471 -0.013301
vn 0.175045 0.984471 -0.013301
vn 0.175045 0.984471 -0.013301
vn 0.175045 0.984471 -0.013301
vn 0.767372 0.638545 -0.058308
vn 0.767372 0.638545 -0.058308
vn 0.767372 0.638545 -0.058308
vn 0.767372 0.638545 -0.058308
vn -0.497565 0.860032 -0.113022
vn -0.497565 0.860032 -0.113022
vn -0.497565 0.860032 -0.113022
vn -0.497565 0.860032 -0.113022
vn 0.171189 0.984471 0.038886
vn 0.171189 0.984471 0.038886
vn 0.171189 0.984471 0.038886
vn 0.171189 0.984471 0.038886
vn 0.750467 0.638545 0.170469
vn 0.750467 0.638545 0.170469
vn 0.750467 0.638545 0.170469
vn 0.750467 0.638545 0.170469
vn -0.411501 0.897750 -0.157199
vn -0.411501 0.897750 -0.157199
vn -0.411501 0.897750 -0.157199
vn -0.411501 0.897750 -0.157199
vn 0.152121 0.984471 0.087617
vn 0.152121 0.984471 0.087617
vn 0.152121 0.984471 0.087617
vn 0.152121 0.984471 0.087617
vn 0.666879 0.638545 0.384100
vn 0.666879 0.638545 0.384100
vn 0.666879 0.638545 0.384100
vn 0.666879 0.638545 0.384100
vn -0.245765 0.897128 -0.367098
vn -0.245765 0.897128 -0.367098
vn -0.245765 0.897128 -0.367098
vn -0.245765 0.897128 -0.367098
vn 0.119538 0.984471 0.128563
vn 0.119538 0.984471 0.128563
vn 0.119538 0.984471 0.128563
vn 0.119538 0.984471 0.128563
vn 0.524036 0.638545 0.563601
vn 0.524036 0.638545 0.563601
vn 0.524036 0.638545 0.563601
vn 0.524036 0.638545 0.563601
vn -0.217704 0.849871 -0.479921
vn -0.217704 0.849871 -0.479921
vn -0.217704 0.849871 -0.479921
vn -0.217704 0.849871 -0.479921
vn 0.076332 0.984471 0.158085
vn 0.076332 0.984471 0.158085
vn 0.076332 0.984471 0.158085
vn 0.076332 0.984471 0.158085
vn 0.334630 0.638545 0.693024
vn 0.334630 0.638545 0.693024
vn 0.334630 0.638545 0.693024
vn 0.334630 0.638545 0.693024
vn -0.090330 0.850504 -0.518154
vn -0.090330 0.850504 -0.518154
vn -0.090330 0.850504 -0.518154
vn -0.090330 0.850504 -0.518154
vn 0.026345 0.984471 0.173561
vn 0.026345 0.984471 0.173561
vn 0.026345 0.984471 0.173561
vn 0.026345 0.984471 0.173561
vn 0.115491 0.638545 0.760869
vn 0.115491 0.638545 0.760869
vn 0.115491 0.638545 0.760869
vn 0.115491 0.638545 0.760869
vn 0.075979 0.858196 -0.507668
vn 0.075979 0.858196 -0.507668
vn 0.075979 0.858196 -0.507668
vn 0.075979 0.858196 -0.507668
vn -0.025984 0.984471 0.173616
vn -0.025984 0.984471 0.173616
vn -0.025984 0.984471 0.173616
vn -0.025984 0.984471 0.173616
vn -0.113910 0.638545 0.761108
vn -0.113910 0.638545 0.761108
vn -0.113910 0.638545 0.761108
vn -0.113910 0.638545 0.761108
vn 0.221859 0.858724 -0.461922
vn 0.221859 0.858724 -0.461922
vn 0.221859 0.858724 -0.461922
vn 0.221859 0.858724 -0.461922
vn -0.076004 0.984471 0.158244
vn -0.076004 0.984471 0.158244
vn -0.076004 0.984471 0.158244
vn -0.076004 0.984471 0.158244
vn -0.333190 0.638545 0.693718
vn -0.333190 0.638545 0.693718
vn -0.333190 0.638545 0.693718
vn -0.333190 0.638545 0.693718
vn 0.244605 0.897601 -0.366716
vn 0.244605 0.897601 -0.366716
vn 0.244605 0.897601 -0.366716
vn 0.244605 0.897601 -0.366716
vn -0.119270 0.984471 0.128811
vn -0.119270 0.984471 0.128811
vn -0.119270 0.984471 0.128811
vn -0.119270 0.984471 0.128811
vn -0.522864 0.638545 0.564688
vn -0.522864 0.638545 0.564688
vn -0.522864 0.638545 0.564688
vn -0.522864 0.638545 0.564688
vn 0.283133 0.944979 -0.163859
vn 0.283133 0.944979 -0.163859
vn 0.283133 0.944979 -0.163859
vn 0.283133 0.944979 -0.163859
vn -0.151939 0.984471 0.087932
vn -0.151939 0.984471 0.087932
vn -0.151939 0.984471 0.087932
vn -0.151939 0.984471 0.087932
vn -0.666080 0.638545 0.385484
vn -0.666080 0.638545 0.385484
vn -0.666080 0.638545 0.385484
vn -0.666080 0.638545 0.385484
vn -0.625482 0.459651 -0.630471
vn -0.625482 0.459651 -0.630471
vn -0.625482 0.459651 -0.630471
vn -0.625482 0.459651 -0.630471
vn 0.874992 0.481840 0.047108
vn 0.874992 0.481840 0.047108
vn 0.874992 0.481840 0.047108
vn 0.874992 0.481840 0.047108
vn 0.759742 0.477887 -0.440926
vn 0.759742 0.477887 -0.440926
vn 0.759742 0.477887 -0.440926
vn 0.759742 0.477887 -0.440926
vn 0.861509 0.472267 -0.186457
vn 0.861509 0.472267 -0.186457
vn 0.861509 0.472267 -0.186457
vn 0.861509 0.472267 -0.186457
vn -0.257701 0.509667 0.820871
vn -0.257701 0.509667 0.820871
vn -0.257701 0.509667 0.820871
vn -0.257701 0.509667 0.820871
vn -0.003777 0.522951 0.852355
vn -0.003777 0.522951 0.852355
vn -0.003777 0.522951 0.852355
vn -0.003777 0.522951 0.852355
vn 0.681098 0.617034 -0.394176
vn 0.681098 0.617034 -0.394176
vn 0.681098 0.617034 -0.394176
vn 0.681098 0.617034 -0.394176
vn 0.529431 0.601543 -0.598206
vn 0.529431 0.601543 -0.598206
vn 0.529431 0.601543 -0.598206
vn 0.529431 0.601543 -0.598206
vn 0.349471 0.590293 -0.727616
vn 0.349471 0.590293 -0.727616
vn 0.349471 0.590293 -0.727616
vn 0.349471 0.590293 -0.727616
vn 0.119619 0.588970 -0.799253
vn 0.119619 0.588970 -0.799253
vn 0.119619 0.588970 -0.799253
vn 0.119619 0.588970 -0.799253
vn -0.197158 0.547941 -0.812951
vn -0.197158 0.547941 -0.812951
vn -0.197158 0.547941 -0.812951
vn -0.197158 0.547941 -0.812951
vn -0.294989 0.546989 -0.783444
vn -0.294989 0.546989 -0.783444
vn -0.294989 0.546989 -0.783444
vn -0.294989 0.546989 -0.783444
vn -0.529176 0.601139 -0.598836
vn -0.529176 0.601139 -0.598836
vn -0.529176 0.601139 -0.598836
vn -0.529176 0.601139 -0.598836
vn -0.700338 0.602917 -0.382122
vn -0.700338 0.602917 -0.382122
vn -0.700338 0.602917 -0.382122
vn -0.700338 0.602917 -0.382122
vn -0.782924 0.596157 -0.177842
vn -0.782924 0.596157 -0.177842
vn -0.782924 0.596157 -0.177842
vn -0.782924 0.596157 -0.177842
vn -0.814671 0.566460 0.124237
vn -0.814671 0.566460 0.124237
vn -0.814671 0.566460 0.124237
vn -0.814671 0.566460 0.124237
vn -0.790729 0.564281 0.237349
vn -0.790729 0.564281 0.237349
vn -0.790729 0.564281 0.237349
vn -0.790729 0.564281 0.237349
vn -0.621664 0.605563 0.496818
vn -0.621664 0.605563 0.496818
vn -0.621664 0.605563 0.496818
vn -0.621664 0.605563 0.496818
vn -0.451135 0.611699 0.649848
vn -0.451135 0.611699 0.649848
vn -0.451135 0.611699 0.649848
vn -0.451135 0.611699 0.649848
vn -0.230982 0.617860 0.751596
vn -0.230982 0.617860 0.751596
vn -0.230982 0.617860 0.751596
vn -0.230982 0.617860 0.751596
vn 0.000817 0.617492 0.786576
vn 0.000817 0.617492 0.786576
vn 0.000817 0.617492 0.786576
vn 0.000817 0.617492 0.786576
vn 0.238456 0.612808 0.753396
vn 0.238456 0.612808 0.753396
vn 0.238456 0.612808 0.753396
vn 0.238456 0.612808 0.753396
vn 0.447383 0.609245 0.654728
vn 0.447383 0.609245 0.654728
vn 0.447383 0.609245 0.654728
vn 0.447383 0.609245 0.654728
vn 0.621636 0.607337 0.494683
vn 0.621636 0.607337 0.494683
vn 0.621636 0.607337 0.494683
vn 0.621636 0.607337 0.494683
vn 0.735378 0.609171 0.296866
vn 0.735378 0.609171 0.296866
vn 0.735378 0.609171 0.296866
vn 0.735378 0.609171 0.296866
vn 0.785092 0.616656 0.058015
vn 0.785092 0.616656 0.058015
vn 0.785092 0.616656 0.058015
vn 0.785092 0.616656 0.058015
vn 0.767206 0.616797 -0.175948
vn 0.767206 0.616797 -0.175948
vn 0.767206 0.616797 -0.175948
vn 0.767206 0.616797 -0.175948
vn 0.417418 -0.805303 0.421009
vn 0.417418 -0.805303 0.421009
vn 0.417418 -0.805303 0.421009
vn 0.417418 -0.805303 0.421009
vn 0.632606 -0.075087 -0.770826
vn 0.632606 -0.075087 -0.770826
vn 0.632606 -0.075087 -0.770826
vn 0.632606 -0.075087 -0.770826
vn -0.417417 0.805303 -0.421010
vn -0.417417 0.805303 -0.421010
vn -0.417417 0.805303 -0.421010
vn -0.417417 0.805303 -0.421010
vn -0.632603 0.075085 0.770828
vn -0.632603 0.075085 0.770828
vn -0.632603 0.075085 0.770828
vn -0.632603 0.075085 0.770828
vn -0.652359 -0.588090 -0.478098
vn -0.652359 -0.588090 -0.478098
vn -0.652359 -0.588090 -0.478098
vn -0.652359 -0.588090 -0.478098
vn 0.652360 0.588090 0.478097
vn 0.652360 0.588090 0.478097
vn 0.652360 0.588090 0.478097
vn 0.652360 0.588090 0.478097
vn -0.127258 -0.583697 -0.801937
vn -0.127258 -0.583697 -0.801937
vn -0.127258 -0.583697 -0.801937
vn -0.127258 -0.583697 -0.801937
vn -0.699452 0.594112 -0.397237
vn -0.699452 0.594112 -0.397237
vn -0.699452 0.594112 -0.397237
vn -0.699452 0.594112 -0.397237
vn 0.127252 0.583691 0.801943
vn 0.127252 0.583691 0.801943
vn 0.127252 0.583691 0.801943
vn 0.127252 0.583691 0.801943
vn 0.699451 -0.594113 0.397237
vn 0.699451 -0.594113 0.397237
vn 0.699451 -0.594113 0.397237
vn 0.699451 -0.594113 0.397237
vn -0.653154 -0.731954 0.193995
vn -0.653154 -0.731954 0.193995
vn -0.653154 -0.731954 0.193995
vn -0.653154 -0.731954 0.193995
vn 0.653153 0.731954 -0.193995
vn 0.653153 0.731954 -0.193995
vn 0.653153 0.731954 -0.193995
vn 0.653153 0.731954 -0.193995
vn -0.554277 -0.643113 -0.528377
vn -0.554277 -0.643113 -0.528377
vn -0.554277 -0.643113 -0.528377
vn -0.554277 -0.643113 -0.528377
vn -0.866683 0.436312 0.241855
vn -0.866683 0.436312 0.241855
vn -0.866683 0.436312 0.241855
vn -0.866683 0.436312 0.241855
vn 0.554273 0.643107 0.528389
vn 0.554273 0.643107 0.528389
vn 0.554273 0.643107 0.528389
vn 0.554273 0.643107 0.528389
vn 0.866680 -0.436319 -0.241849
vn 0.866680 -0.436319 -0.241849
vn 0.866680 -0.436319 -0.241849
vn 0.866680 -0.436319 -0.241849
vn 0.108461 -0.730183 0.674588
vn 0.108461 -0.730183 0.674588
vn 0.108461 -0.730183 0.674588
vn 0.108461 -0.730183 0.674588
vn -0.108456 0.730194 -0.674577
vn -0.108456 0.730194 -0.674577
vn -0.108456 0.730194 -0.674577
vn -0.108456 0.730194 -0.674577
vn 0.170442 -0.981221 -0.090303
vn 0.170442 -0.981221 -0.090303
vn 0.170442 -0.981221 -0.090303
vn 0.170442 -0.981221 -0.090303
vn 0.959349 0.247373 0.135856
vn 0.959349 0.247373 0.135856
vn 0.959349 0.247373 0.135856
vn 0.959349 0.247373 0.135856
vn -0.170442 0.981221 0.090303
vn -0.170442 0.981221 0.090303
vn -0.170442 0.981221 0.090303
vn -0.170442 0.981221 0.090303
vn -0.959350 -0.247370 -0.135853
vn -0.959350 -0.247370 -0.135853
vn -0.959350 -0.247370 -0.135853
vn -0.959350 -0.247370 -0.135853
vn -0.130234 0.255608 -0.957968
vn -0.130234 0.255608 -0.957968
vn -0.130234 0.255608 -0.957968
vn -0.130234 0.255608 -0.957968
vn 0.130234 -0.255607 0.957969
vn 0.130234 -0.255607 0.957969
vn 0.130234 -0.255607 0.957969
vn 0.130234 -0.255607 0.957969
vn 0.099187 -0.838718 -0.535457
vn 0.099187 -0.838718 -0.535457
vn 0.099187 -0.838718 -0.535457
vn 0.099187 -0.838718 -0.535457
vn 0.170172 0.708249 -0.685145
vn 0.170172 0.708249 -0.685145
vn 0.170172 0.708249 -0.685145
vn 0.170172 0.708249 -0.685145
vn -0.099196 0.838722 0.535450
vn -0.099196 0.838722 0.535450
vn -0.099196 0.838722 0.535450
vn -0.099196 0.838722 0.535450
vn -0.170154 -0.708256 0.685144
vn -0.170154 -0.708256 0.685144
vn -0.170154 -0.708256 0.685144
vn -0.170154 -0.708256 0.685144
vn -0.908109 -0.028206 -0.417784
vn -0.908109 -0.028206 -0.417784
vn -0.908109 -0.028206 -0.417784
vn -0.908109 -0.028206 -0.417784
vn 0.908111 0.028188 0.417779
vn 0.908111 0.028188 0.417779
vn 0.908111 0.028188 0.417779
vn 0.908111 0.028188 0.417779
vn 0.192683 -0.963744 -0.184583
vn 0.192683 -0.963744 -0.184583
vn 0.192683 -0.963744 -0.184583
vn 0.192683 -0.963744 -0.184583
vn 0.351765 0.470266 -0.809389
vn 0.351765 0.470266 -0.809389
vn 0.351765 0.470266 -0.809389
vn 0.351765 0.470266 -0.809389
vn -0.192684 0.963744 0.184584
vn -0.192684 0.963744 0.184584
vn -0.192684 0.963744 0.184584
vn -0.192684 0.963744 0.184584
vn -0.351767 -0.470266 0.809389
vn -0.351767 -0.470266 0.809389
vn -0.351767 -0.470266 0.809389
vn -0.351767 -0.470266 0.809389
vn -0.838131 -0.115742 -0.533049
vn -0.838131 -0.115742 -0.533049
vn -0.838131 -0.115742 -0.533049
vn -0.838131 -0.115742 -0.533049
vn 0.838131 0.115740 0.533049
vn 0.838131 0.115740 0.533049
vn 0.838131 0.115740 0.533049
vn 0.838131 0.115740 0.533049
vn -0.301805 -0.763247 -0.571287
vn -0.301805 -0.763247 -0.571287
vn -0.301805 -0.763247 -0.571287
vn -0.301805 -0.763247 -0.571287
vn -0.989572 0.127280 0.067433
vn -0.989572 0.127280 0.067433
vn -0.989572 0.127280 0.067433
vn -0.989572 0.127280 0.067433
vn 0.301805 0.763242 0.571293
vn 0.301805 0.763242 0.571293
vn 0.301805 0.763242 0.571293
vn 0.301805 0.763242 0.571293
vn 0.989572 -0.127283 -0.067434
vn 0.989572 -0.127283 -0.067434
vn 0.989572 -0.127283 -0.067434
vn 0.989572 -0.127283 -0.067434
vn 0.143938 -0.731449 0.666532
vn 0.143938 -0.731449 0.666532
vn 0.143938 -0.731449 0.666532
vn 0.143938 -0.731449 0.666532
vn -0.143935 0.731454 -0.666527
vn -0.143935 0.731454 -0.666527
vn -0.143935 0.731454 -0.666527
vn -0.143935 0.731454 -0.666527
vn 0.580066 -0.521874 0.625437
vn 0.580066 -0.521874 0.625437
vn 0.580066 -0.521874 0.625437
vn 0.580066 -0.521874 0.625437
vn 0.836609 0.171794 -0.520165
vn 0.836609 0.171794 -0.520165
vn 0.836609 0.171794 -0.520165
vn 0.836609 0.171794 -0.520165
vn -0.580068 0.521872 -0.625436
vn -0.580068 0.521872 -0.625436
vn -0.580068 0.521872 -0.625436
vn -0.580068 0.521872 -0.625436
vn -0.836612 -0.171798 0.520159
vn -0.836612 -0.171798 0.520159
vn -0.836612 -0.171798 0.520159
vn -0.836612 -0.171798 0.520159
vn -0.294246 -0.861945 -0.412880
vn -0.294246 -0.861945 -0.412880
vn -0.294246 -0.861945 -0.412880
vn -0.294246 -0.861945 -0.412880
vn 0.294244 0.861946 0.412879
vn 0.294244 0.861946 0.412879
vn 0.294244 0.861946 0.412879
vn 0.294244 0.861946 0.412879
vn 0.701780 -0.112071 0.703524
vn 0.701780 -0.112071 0.703524
vn 0.701780 -0.112071 0.703524
vn 0.701780 -0.112071 0.703524
vn 0.654288 0.587923 -0.475661
vn 0.654288 0.587923 -0.475661
vn 0.654288 0.587923 -0.475661
vn 0.654288 0.587923 -0.475661
vn -0.701780 0.112068 -0.703524
vn -0.701780 0.112068 -0.703524
vn -0.701780 0.112068 -0.703524
vn -0.701780 0.112068 -0.703524
vn -0.654289 -0.587924 0.475659
vn -0.654289 -0.587924 0.475659
vn -0.654289 -0.587924 0.475659
vn -0.654289 -0.587924 0.475659
vn 0.223061 -0.927789 -0.299083
vn 0.223061 -0.927789 -0.299083
vn 0.223061 -0.927789 -0.299083
vn 0.223061 -0.927789 -0.299083
vn -0.223059 0.927790 0.299083
vn -0.223059 0.927790 0.299083
vn -0.223059 0.927790 0.299083
vn -0.223059 0.927790 0.299083
vn -0.028104 -0.966220 -0.256183
vn -0.028104 -0.966220 -0.256183
vn -0.028104 -0.966220 -0.256183
vn -0.028104 -0.966220 -0.256183
vn -0.814308 -0.315879 0.486953
vn -0.814308 -0.315879 0.486953
vn -0.814308 -0.315879 0.486953
vn -0.814308 -0.315879 0.486953
vn 0.028103 0.966220 0.256183
vn 0.028103 0.966220 0.256183
vn 0.028103 0.966220 0.256183
vn 0.028103 0.966220 0.256183
vn 0.814309 0.315879 -0.486952
vn 0.814309 0.315879 -0.486952
vn 0.814309 0.315879 -0.486952
vn 0.814309 0.315879 -0.486952
vn 0.650320 -0.251831 0.716704
vn 0.650320 -0.251831 0.716704
vn 0.650320 -0.251831 0.716704
vn 0.650320 -0.251831 0.716704
vn -0.650320 0.251833 -0.716704
vn -0.650320 0.251833 -0.716704
vn -0.650320 0.251833 -0.716704
vn -0.650320 0.251833 -0.716704
vn 0.215533 0.121263 -0.968938
vn 0.215533 0.121263 -0.968938
vn 0.215533 0.121263 -0.968938
vn 0.215533 0.121263 -0.968938
vn -0.796034 -0.496907 -0.345563
vn -0.796034 -0.496907 -0.345563
vn -0.796034 -0.496907 -0.345563
vn -0.796034 -0.496907 -0.345563
vn -0.215533 -0.121262 0.968938
vn -0.215533 -0.121262 0.968938
vn -0.215533 -0.121262 0.968938
vn -0.215533 -0.121262 0.968938
vn 0.796033 0.496909 0.345564
vn 0.796033 0.496909 0.345564
vn 0.796033 0.496909 0.345564
vn 0.796033 0.496909 0.345564
vn 0.425344 -0.881709 0.204136
vn 0.425344 -0.881709 0.204136
vn 0.425344 -0.881709 0.204136
vn 0.425344 -0.881709 0.204136
vn -0.425346 0.881708 -0.204138
vn -0.425346 0.881708 -0.204138
vn -0.425346 0.881708 -0.204138
vn -0.425346 0.881708 -0.204138
vn 0.405616 -0.743602 -0.531537
vn 0.405616 -0.743602 -0.531537
vn 0.405616 -0.743602 -0.531537
vn 0.405616 -0.743602 -0.531537
vn -0.168309 0.664798 -0.727815
vn -0.168309 0.664798 -0.727815
vn -0.168309 0.664798 -0.727815
vn -0.168309 0.664798 -0.727815
vn -0.405620 0.743600 0.531537
vn -0.405620 0.743600 0.531537
vn -0.405620 0.743600 0.531537
vn -0.405620 0.743600 0.531537
vn 0.168309 -0.664797 0.727817
vn 0.168309 -0.664797 0.727817
vn 0.168309 -0.664797 0.727817
vn 0.168309 -0.664797 0.727817
vn -0.817831 -0.468228 -0.334537
vn -0.817831 -0.468228 -0.334537
vn -0.817831 -0.468228 -0.334537
vn -0.817831 -0.468228 -0.334537
vn 0.817831 0.468229 0.334536
vn 0.817831 0.468229 0.334536
vn 0.817831 0.468229 0.334536
vn 0.817831 0.468229 0.334536
vn 0.735228 -0.606757 0.302136
vn 0.735228 -0.606757 0.302136
vn 0.735228 -0.606757 0.302136
vn 0.735228 -0.606757 0.302136
vn -0.018756 -0.223053 -0.974626
vn -0.018756 -0.223053 -0.974626
vn -0.018756 -0.223053 -0.974626
vn -0.018756 -0.223053 -0.974626
vn -0.735229 0.606754 -0.302138
vn -0.735229 0.606754 -0.302138
vn -0.735229 0.606754 -0.302138
vn -0.735229 0.606754 -0.302138
vn 0.018738 0.223048 0.974627
vn 0.018738 0.223048 0.974627
vn 0.018738 0.223048 0.974627
vn 0.018738 0.223048 0.974627
vn -0.553559 -0.832715 0.012545
vn -0.553559 -0.832715 0.012545
vn -0.553559 -0.832715 0.012545
vn -0.553559 -0.832715 0.012545
vn 0.553560 0.832715 -0.012546
vn 0.553560 0.832715 -0.012546
vn 0.553560 0.832715 -0.012546
vn 0.553560 0.832715 -0.012546
vn -0.666984 -0.114908 -0.736158
vn -0.666984 -0.114908 -0.736158
vn -0.666984 -0.114908 -0.736158
vn -0.666984 -0.114908 -0.736158
vn -0.367673 -0.846338 0.385394
vn -0.367673 -0.846338 0.385394
vn -0.367673 -0.846338 0.385394
vn -0.367673 -0.846338 0.385394
vn 0.666985 0.114909 0.736157
vn 0.666985 0.114909 0.736157
vn 0.666985 0.114909 0.736157
vn 0.666985 0.114909 0.736157
vn 0.367675 0.846337 -0.385395
vn 0.367675 0.846337 -0.385395
vn 0.367675 0.846337 -0.385395
vn 0.367675 0.846337 -0.385395
vn 0.664022 -0.678541 -0.314099
vn 0.664022 -0.678541 -0.314099
vn 0.664022 -0.678541 -0.314099
vn 0.664022 -0.678541 -0.314099
vn -0.664020 0.678541 0.314101
vn -0.664020 0.678541 0.314101
vn -0.664020 0.678541 0.314101
vn -0.664020 0.678541 0.314101
vn 0.446426 -0.632287 -0.633181
vn 0.446426 -0.632287 -0.633181
vn 0.446426 -0.632287 -0.633181
vn 0.446426 -0.632287 -0.633181
vn -0.841108 -0.171590 -0.512928
vn -0.841108 -0.171590 -0.512928
vn -0.841108 -0.171590 -0.512928
vn -0.841108 -0.171590 -0.512928
vn -0.446429 0.632270 0.633195
vn -0.446429 0.632270 0.633195
vn -0.446429 0.632270 0.633195
vn -0.446429 0.632270 0.633195
vn 0.841107 0.171591 0.512928
vn 0.841107 0.171591 0.512928
vn 0.841107 0.171591 0.512928
vn 0.841107 0.171591 0.512928
vn -0.035264 -0.911037 0.410814
vn -0.035264 -0.911037 0.410814
vn -0.035264 -0.911037 0.410814
vn -0.035264 -0.911037 0.410814
vn 0.035255 0.911044 -0.410799
vn 0.035255 0.911044 -0.410799
vn 0.035255 0.911044 -0.410799
vn 0.035255 0.911044 -0.410799
vn 0.701336 -0.584071 0.408644
vn 0.701336 -0.584071 0.408644
vn 0.701336 -0.584071 0.408644
vn 0.701336 -0.584071 0.408644
vn -0.126630 -0.576347 -0.807335
vn -0.126630 -0.576347 -0.807335
vn -0.126630 -0.576347 -0.807335
vn -0.126630 -0.576347 -0.807335
vn -0.701350 0.584054 -0.408643
vn -0.701350 0.584054 -0.408643
vn -0.701350 0.584054 -0.408643
vn -0.701350 0.584054 -0.408643
vn 0.126600 0.576349 0.807338
vn 0.126600 0.576349 0.807338
vn 0.126600 0.576349 0.807338
vn 0.126600 0.576349 0.807338
vn -0.615103 -0.719225 0.323054
vn -0.615103 -0.719225 0.323054
vn -0.615103 -0.719225 0.323054
vn -0.615103 -0.719225 0.323054
vn 0.615108 0.719223 -0.323050
vn 0.615108 0.719223 -0.323050
vn 0.615108 0.719223 -0.323050
vn 0.615108 0.719223 -0.323050
vn -0.219871 -0.588494 0.778031
vn -0.219871 -0.588494 0.778031
vn -0.219871 -0.588494 0.778031
vn -0.219871 -0.588494 0.778031
vn 0.433498 0.709822 0.555186
vn 0.433498 0.709822 0.555186
vn 0.433498 0.709822 0.555186
vn 0.433498 0.709822 0.555186
vn 0.219866 0.588495 -0.778031
vn 0.219866 0.588495 -0.778031
vn 0.219866 0.588495 -0.778031
vn 0.219866 0.588495 -0.778031
vn -0.433526 -0.709800 -0.555193
vn -0.433526 -0.709800 -0.555193
vn -0.433526 -0.709800 -0.555193
vn -0.433526 -0.709800 -0.555193
vn 0.792261 -0.573411 0.208619
vn 0.792261 -0.573411 0.208619
vn 0.792261 -0.573411 0.208619
vn 0.792261 -0.573411 0.208619
vn -0.792264 0.573405 -0.208626
vn -0.792264 0.573405 -0.208626
vn -0.792264 0.573405 -0.208626
vn -0.792264 0.573405 -0.208626
vn -0.718747 0.138521 -0.681333
vn -0.718747 0.138521 -0.681333
vn -0.718747 0.138521 -0.681333
vn -0.718747 0.138521 -0.681333
vn -0.712690 -0.360989 0.601465
vn -0.712690 -0.360989 0.601465
vn -0.712690 -0.360989 0.601465
vn -0.712690 -0.360989 0.601465
vn 0.718748 -0.138521 0.681332
vn 0.718748 -0.138521 0.681332
vn 0.718748 -0.138521 0.681332
vn 0.718748 -0.138521 0.681332
vn 0.712691 0.360993 -0.601461
vn 0.712691 0.360993 -0.601461
vn 0.712691 0.360993 -0.601461
vn 0.712691 0.360993 -0.601461
vn 0.030710 -0.979028 -0.201400
vn 0.030710 -0.979028 -0.201400
vn 0.030710 -0.979028 -0.201400
vn 0.030710 -0.979028 -0.201400
vn -0.030711 0.979028 0.201399
vn -0.030711 0.979028 0.201399
vn -0.030711 0.979028 0.201399
vn -0.030711 0.979028 0.201399
vn -0.355840 -0.926998 0.118541
vn -0.355840 -0.926998 0.118541
vn -0.355840 -0.926998 0.118541
vn -0.355840 -0.926998 0.118541
vn 0.242950 0.151669 0.958109
vn 0.242950 0.151669 0.958109
vn 0.242950 0.151669 0.958109
vn 0.242950 0.151669 0.958109
vn 0.355842 0.926998 -0.118542
vn 0.355842 0.926998 -0.118542
vn 0.355842 0.926998 -0.118542
vn 0.355842 0.926998 -0.118542
vn -0.242957 -0.151671 -0.958107
vn -0.242957 -0.151671 -0.958107
vn -0.242957 -0.151671 -0.958107
vn -0.242957 -0.151671 -0.958107
vn 0.869505 -0.487601 0.078774
vn 0.869505 -0.487601 0.078774
vn 0.869505 -0.487601 0.078774
vn 0.869505 -0.487601 0.078774
vn -0.869504 0.487605 -0.078774
vn -0.869504 0.487605 -0.078774
vn -0.869504 0.487605 -0.078774
vn -0.869504 0.487605 -0.078774
vn 0.047046 -0.849325 0.525770
vn 0.047046 -0.849325 0.525770
vn 0.047046 -0.849325 0.525770
vn 0.047046 -0.849325 0.525770
vn 0.974763 0.068576 0.212450
vn 0.974763 0.068576 0.212450
vn 0.974763 0.068576 0.212450
vn 0.974763 0.068576 0.212450
vn -0.047041 0.849317 -0.525783
vn -0.047041 0.849317 -0.525783
vn -0.047041 0.849317 -0.525783
vn -0.047041 0.849317 -0.525783
vn -0.974767 -0.068580 -0.212430
vn -0.974767 -0.068580 -0.212430
vn -0.974767 -0.068580 -0.212430
vn -0.974767 -0.068580 -0.212430
vn 0.031086 -0.700895 -0.712587
vn 0.031086 -0.700895 -0.712587
vn 0.031086 -0.700895 -0.712587
vn 0.031086 -0.700895 -0.712587
vn -0.031082 0.700908 0.712574
vn -0.031082 0.700908 0.712574
vn -0.031082 0.700908 0.712574
vn -0.031082 0.700908 0.712574
vn -0.369486 -0.907929 -0.197853
vn -0.369486 -0.907929 -0.197853
vn -0.369486 -0.907929 -0.197853
vn -0.369486 -0.907929 -0.197853
vn 0.824803 -0.237731 -0.513015
vn 0.824803 -0.237731 -0.513015
vn 0.824803 -0.237731 -0.513015
vn 0.824803 -0.237731 -0.513015
vn 0.369485 0.907929 0.197854
vn 0.369485 0.907929 0.197854
vn 0.369485 0.907929 0.197854
vn 0.369485 0.907929 0.197854
vn -0.824801 0.237738 0.513015
vn -0.824801 0.237738 0.513015
vn -0.824801 0.237738 0.513015
vn -0.824801 0.237738 0.513015
vn -0.558913 0.383873 -0.735023
vn -0.558913 0.383873 -0.735023
vn -0.558913 0.383873 -0.735023
vn -0.558913 0.383873 -0.735023
vn 0.558916 -0.383861 0.735026
vn 0.558916 -0.383861 0.735026
vn 0.558916 -0.383861 0.735026
vn 0.558916 -0.383861 0.735026
vn -0.167003 -0.782942 0.599259
vn -0.167003 -0.782942 0.599259
vn -0.167003 -0.782942 0.599259
vn -0.167003 -0.782942 0.599259
vn 0.865429 0.123273 0.485629
vn 0.865429 0.123273 0.485629
vn 0.865429 0.123273 0.485629
vn 0.865429 0.123273 0.485629
vn 0.167010 0.782936 -0.599266
vn 0.167010 0.782936 -0.599266
vn 0.167010 0.782936 -0.599266
vn 0.167010 0.782936 -0.599266
vn -0.865430 -0.123306 -0.485620
vn -0.865430 -0.123306 -0.485620
vn -0.865430 -0.123306 -0.485620
vn -0.865430 -0.123306 -0.485620
vn 0.298642 -0.852223 -0.429569
vn 0.298642 -0.852223 -0.429569
vn 0.298642 -0.852223 -0.429569
vn 0.298642 -0.852223 -0.429569
vn -0.298642 0.852226 0.429562
vn -0.298642 0.852226 0.429562
vn -0.298642 0.852226 0.429562
vn -0.298642 0.852226 0.429562
vn 0.049482 -0.798957 0.599349
vn 0.049482 -0.798957 0.599349
vn 0.049482 -0.798957 0.599349
vn 0.049482 -0.798957 0.599349
vn 0.901325 0.240860 0.360001
vn 0.901325 0.240860 0.360001
vn 0.901325 0.240860 0.360001
vn 0.901325 0.240860 0.360001
vn -0.049483 0.798957 -0.599349
vn -0.049483 0.798957 -0.599349
vn -0.049483 0.798957 -0.599349
vn -0.049483 0.798957 -0.599349
vn -0.901324 -0.240862 -0.360002
vn -0.901324 -0.240862 -0.360002
vn -0.901324 -0.240862 -0.360002
vn -0.901324 -0.240862 -0.360002
vn 0.309719 -0.772219 -0.554755
vn 0.309719 -0.772219 -0.554755
vn 0.309719 -0.772219 -0.554755
vn 0.309719 -0.772219 -0.554755
vn -0.309718 0.772220 0.554753
vn -0.309718 0.772220 0.554753
vn -0.309718 0.772220 0.554753
vn -0.309718 0.772220 0.554753
vn -0.449785 -0.472037 -0.758205
vn -0.449785 -0.472037 -0.758205
vn -0.449785 -0.472037 -0.758205
vn -0.449785 -0.472037 -0.758205
vn -0.678080 -0.557738 0.478681
vn -0.678080 -0.557738 0.478681
vn -0.678080 -0.557738 0.478681
vn -0.678080 -0.557738 0.478681
vn 0.449786 0.472037 0.758204
vn 0.449786 0.472037 0.758204
vn 0.449786 0.472037 0.758204
vn 0.449786 0.472037 0.758204
vn 0.678080 0.557741 -0.478677
vn 0.678080 0.557741 -0.478677
vn 0.678080 0.557741 -0.478677
vn 0.678080 0.557741 -0.478677
vn 0.590567 -0.765652 0.254968
vn 0.590567 -0.765652 0.254968
vn 0.590567 -0.765652 0.254968
vn 0.590567 -0.765652 0.254968
vn -0.590565 0.765653 -0.254967
vn -0.590565 0.765653 -0.254967
vn -0.590565 0.765653 -0.254967
vn -0.590565 0.765653 -0.254967
vn -0.661466 -0.628993 0.408449
vn -0.661466 -0.628993 0.408449
vn -0.661466 -0.628993 0.408449
vn -0.661466 -0.628993 0.408449
vn 0.706951 -0.332581 0.624188
vn 0.706951 -0.332581 0.624188
vn 0.706951 -0.332581 0.624188
vn 0.706951 -0.332581 0.624188
vn 0.661464 0.628996 -0.408448
vn 0.661464 0.628996 -0.408448
vn 0.661464 0.628996 -0.408448
vn 0.661464 0.628996 -0.408448
vn -0.706937 0.332609 -0.624189
vn -0.706937 0.332609 -0.624189
vn -0.706937 0.332609 -0.624189
vn -0.706937 0.332609 -0.624189
vn -0.006116 -0.886942 -0.461841
vn -0.006116 -0.886942 -0.461841
vn -0.006116 -0.886942 -0.461841
vn -0.006116 -0.886942 -0.461841
vn 0.006118 0.886942 0.461841
vn 0.006118 0.886942 0.461841
vn 0.006118 0.886942 0.461841
vn 0.006118 0.886942 0.461841
vn 0.313628 -0.943177 -0.109796
vn 0.313628 -0.943177 -0.109796
vn 0.313628 -0.943177 -0.109796
vn 0.313628 -0.943177 -0.109796
vn -0.900584 -0.434298 -0.018248
vn -0.900584 -0.434298 -0.018248
vn -0.900584 -0.434298 -0.018248
vn -0.900584 -0.434298 -0.018248
vn -0.313627 0.943177 0.109797
vn -0.313627 0.943177 0.109797
vn -0.313627 0.943177 0.109797
vn -0.313627 0.943177 0.109797
vn 0.900582 0.434302 0.018251
vn 0.900582 0.434302 0.018251
vn 0.900582 0.434302 0.018251
vn 0.900582 0.434302 0.018251
vn 0.286578 -0.232289 0.929470
vn 0.286578 -0.232289 0.929470
vn 0.286578 -0.232289 0.929470
vn 0.286578 -0.232289 0.929470
vn -0.286575 0.232281 -0.929473
vn -0.286575 0.232281 -0.929473
vn -0.286575 0.232281 -0.929473
vn -0.286575 0.232281 -0.929473
vn 0.037419 -0.999042 0.022686
vn 0.037419 -0.999042 0.022686
vn 0.037419 -0.999042 0.022686
vn 0.037419 -0.999042 0.022686
vn 0.649902 0.094143 -0.754165
vn 0.649902 0.094143 -0.754165
vn 0.649902 0.094143 -0.754165
vn 0.649902 0.094143 -0.754165
vn -0.037419 0.999042 -0.022685
vn -0.037419 0.999042 -0.022685
vn -0.037419 0.999042 -0.022685
vn -0.037419 0.999042 -0.022685
vn -0.649899 -0.094156 0.754166
vn -0.649899 -0.094156 0.754166
vn -0.649899 -0.094156 0.754166
vn -0.649899 -0.094156 0.754166
vn -0.764768 -0.041443 -0.642972
vn -0.764768 -0.041443 -0.642972
vn -0.764768 -0.041443 -0.642972
vn -0.764768 -0.041443 -0.642972
vn 0.764767 0.041446 0.642972
vn 0.764767 0.041446 0.642972
vn 0.764767 0.041446 0.642972
vn 0.764767 0.041446 0.642972
vn 0.203574 -0.621490 0.756511
vn 0.203574 -0.621490 0.756511
vn 0.203574 -0.621490 0.756511
vn 0.203574 -0.621490 0.756511
vn 0.785049 0.537985 0.307034
vn 0.785049 0.537985 0.307034
vn 0.785049 0.537985 0.307034
vn 0.785049 0.537985 0.307034
vn -0.203572 0.621486 -0.756514
vn -0.203572 0.621486 -0.756514
vn -0.203572 0.621486 -0.756514
vn -0.203572 0.621486 -0.756514
vn -0.785046 -0.537988 -0.307037
vn -0.785046 -0.537988 -0.307037
vn -0.785046 -0.537988 -0.307037
vn -0.785046 -0.537988 -0.307037
vn 0.550073 -0.762387 -0.340861
vn 0.550073 -0.762387 -0.340861
vn 0.550073 -0.762387 -0.340861
vn 0.550073 -0.762387 -0.340861
vn -0.550073 0.762385 0.340864
vn -0.550073 0.762385 0.340864
vn -0.550073 0.762385 0.340864
vn -0.550073 0.762385 0.340864
vn 0.171682 -0.955572 0.239600
vn 0.171682 -0.955572 0.239600
vn 0.171682 -0.955572 0.239600
vn 0.171682 -0.955572 0.239600
vn 0.890236 0.042065 -0.453553
vn 0.890236 0.042065 -0.453553
vn 0.890236 0.042065 -0.453553
vn 0.890236 0.042065 -0.453553
vn -0.171684 0.955571 -0.239602
vn -0.171684 0.955571 -0.239602
vn -0.171684 0.955571 -0.239602
vn -0.171684 0.955571 -0.239602
vn -0.890237 -0.042064 0.453552
vn -0.890237 -0.042064 0.453552
vn -0.890237 -0.042064 0.453552
vn -0.890237 -0.042064 0.453552
vn -0.593047 -0.295744 -0.748886
vn -0.593047 -0.295744 -0.748886
vn -0.593047 -0.295744 -0.748886
vn -0.593047 -0.295744 -0.748886
vn 0.593047 0.295754 0.748882
vn 0.593047 0.295754 0.748882
vn 0.593047 0.295754 0.748882
vn 0.593047 0.295754 0.748882
vn 0.904813 -0.032885 -0.424537
vn 0.904813 -0.032885 -0.424537
vn 0.904813 -0.032885 -0.424537
vn 0.904813 -0.032885 -0.424537
vn -0.451234 -0.651120 -0.610271
vn -0.451234 -0.651120 -0.610271
vn -0.451234 -0.651120 -0.610271
vn -0.451234 -0.651120 -0.610271
vn -0.904813 0.032886 0.424537
vn -0.904813 0.032886 0.424537
vn -0.904813 0.032886 0.424537
vn -0.904813 0.032886 0.424537
vn 0.451208 0.651144 0.610265
vn 0.451208 0.651144 0.610265
vn 0.451208 0.651144 0.610265
vn 0.451208 0.651144 0.610265
vn 0.366128 -0.773150 0.517870
vn 0.366128 -0.773150 0.517870
vn 0.366128 -0.773150 0.517870
vn 0.366128 -0.773150 0.517870
vn -0.366144 0.773145 -0.517867
vn -0.366144 0.773145 -0.517867
vn -0.366144 0.773145 -0.517867
vn -0.366144 0.773145 -0.517867
vn 0.155392 -0.931728 -0.328232
vn 0.155392 -0.931728 -0.328232
vn 0.155392 -0.931728 -0.328232
vn 0.155392 -0.931728 -0.328232
vn -0.200024 0.432812 -0.879013
vn -0.200024 0.432812 -0.879013
vn -0.200024 0.432812 -0.879013
vn -0.200024 0.432812 -0.879013
vn -0.155394 0.931728 0.328231
vn -0.155394 0.931728 0.328231
vn -0.155394 0.931728 0.328231
vn -0.155394 0.931728 0.328231
vn 0.200013 -0.432817 0.879013
vn 0.200013 -0.432817 0.879013
vn 0.200013 -0.432817 0.879013
vn 0.200013 -0.432817 0.879013
vn -0.930546 -0.340878 -0.133739
vn -0.930546 -0.340878 -0.133739
vn -0.930546 -0.340878 -0.133739
vn -0.930546 -0.340878 -0.133739
vn 0.930547 0.340878 0.133736
vn 0.930547 0.340878 0.133736
vn 0.930547 0.340878 0.133736
vn 0.930547 0.340878 0.133736
vn 0.187470 -0.972075 0.141154
vn 0.187470 -0.972075 0.141154
vn 0.187470 -0.972075 0.141154
vn 0.187470 -0.972075 0.141154
vn 0.881253 0.245723 0.403749
vn 0.881253 0.245723 0.403749
vn 0.881253 0.245723 0.403749
vn 0.881253 0.245723 0.403749
vn -0.187470 0.972076 -0.141150
vn -0.187470 0.972076 -0.141150
vn -0.187470 0.972076 -0.141150
vn -0.187470 0.972076 -0.141150
vn -0.881255 -0.245740 -0.403734
vn -0.881255 -0.245740 -0.403734
vn -0.881255 -0.245740 -0.403734
vn -0.881255 -0.245740 -0.403734
vn 0.286522 0.026036 -0.957720
vn 0.286522 0.026036 -0.957720
vn 0.286522 0.026036 -0.957720
vn 0.286522 0.026036 -0.957720
vn -0.286510 -0.026055 0.957723
vn -0.286510 -0.026055 0.957723
vn -0.286510 -0.026055 0.957723
vn -0.286510 -0.026055 0.957723
vn -0.053832 -0.995137 0.082491
vn -0.053832 -0.995137 0.082491
vn -0.053832 -0.995137 0.082491
vn -0.053832 -0.995137 0.082491
vn -0.416033 0.120953 0.901270
vn -0.416033 0.120953 0.901270
vn -0.416033 0.120953 0.901270
vn -0.416033 0.120953 0.901270
vn 0.053833 0.995137 -0.082492
vn 0.053833 0.995137 -0.082492
vn 0.053833 0.995137 -0.082492
vn 0.053833 0.995137 -0.082492
vn 0.416029 -0.120965 -0.901270
vn 0.416029 -0.120965 -0.901270
vn 0.416029 -0.120965 -0.901270
vn 0.416029 -0.120965 -0.901270
vn 0.846021 -0.005748 0.533119
vn 0.846021 -0.005748 0.533119
vn 0.846021 -0.005748 0.533119
vn 0.846021 -0.005748 0.533119
vn -0.846021 0.005752 -0.533119
vn -0.846021 0.005752 -0.533119
vn -0.846021 0.005752 -0.533119
vn -0.846021 0.005752 -0.533119
vn -0.292888 -0.684980 0.667097
vn -0.292888 -0.684980 0.667097
vn -0.292888 -0.684980 0.667097
vn -0.292888 -0.684980 0.667097
vn -0.635387 0.760633 0.133124
vn -0.635387 0.760633 0.133124
vn -0.635387 0.760633 0.133124
vn -0.635387 0.760633 0.133124
vn 0.292888 0.684981 -0.667096
vn 0.292888 0.684981 -0.667096
vn 0.292888 0.684981 -0.667096
vn 0.292888 0.684981 -0.667096
vn 0.635388 -0.760631 -0.133126
vn 0.635388 -0.760631 -0.133126
vn 0.635388 -0.760631 -0.133126
vn 0.635388 -0.760631 -0.133126
vn 0.674513 0.405153 0.617157
vn 0.674513 0.405153 0.617157
vn 0.674513 0.405153 0.617157
vn 0.674513 0.405153 0.617157
vn -0.674513 -0.405153 -0.617157
vn -0.674513 -0.405153 -0.617157
vn -0.674513 -0.405153 -0.617157
vn -0.674513 -0.405153 -0.617157
vn -0.075446 -0.980737 -0.180177
vn -0.075446 -0.980737 -0.180177
vn -0.075446 -0.980737 -0.180177
vn -0.075446 -0.980737 -0.180177
vn 0.156156 -0.271074 0.949807
vn 0.156156 -0.271074 0.949807
vn 0.156156 -0.271074 0.949807
vn 0.156156 -0.271074 0.949807
vn 0.075446 0.980737 0.180177
vn 0.075446 0.980737 0.180177
vn 0.075446 0.980737 0.180177
vn 0.075446 0.980737 0.180177
vn -0.156150 0.271068 -0.949810
vn -0.156150 0.271068 -0.949810
vn -0.156150 0.271068 -0.949810
vn -0.156150 0.271068 -0.949810
vn 0.995608 0.019392 0.091594
vn 0.995608 0.019392 0.091594
vn 0.995608 0.019392 0.091594
vn 0.995608 0.019392 0.091594
vn -0.995608 -0.019388 -0.091592
vn -0.995608 -0.019388 -0.091592
vn -0.995608 -0.019388 -0.091592
vn -0.995608 -0.019388 -0.091592
vn 0.666075 -0.535022 -0.519707
vn 0.666075 -0.535022 -0.519707
vn 0.666075 -0.535022 -0.519707
vn 0.666075 -0.535022 -0.519707
vn -0.736103 -0.320538 -0.596161
vn -0.736103 -0.320538 -0.596161
vn -0.736103 -0.320538 -0.596161
vn -0.736103 -0.320538 -0.596161
vn -0.666075 0.535014 0.519716
vn -0.666075 0.535014 0.519716
vn -0.666075 0.535014 0.519716
vn -0.666075 0.535014 0.519716
vn 0.736085 0.320569 0.596166
vn 0.736085 0.320569 0.596166
vn 0.736085 0.320569 0.596166
vn 0.736085 0.320569 0.596166
vn 0.043500 -0.903385 0.426618
vn 0.043500 -0.903385 0.426618
vn 0.043500 -0.903385 0.426618
vn 0.043500 -0.903385 0.426618
vn -0.043510 0.903386 -0.426615
vn -0.043510 0.903386 -0.426615
vn -0.043510 0.903386 -0.426615
vn -0.043510 0.903386 -0.426615
vn -0.105178 -0.855276 -0.507385
vn -0.105178 -0.855276 -0.507385
vn -0.105178 -0.855276 -0.507385
vn -0.105178 -0.855276 -0.507385
vn -0.930304 -0.287872 0.227296
vn -0.930304 -0.287872 0.227296
vn -0.930304 -0.287872 0.227296
vn -0.930304 -0.287872 0.227296
vn 0.105177 0.855277 0.507385
vn 0.105177 0.855277 0.507385
vn 0.105177 0.855277 0.507385
vn 0.105177 0.855277 0.507385
vn 0.930304 0.287872 -0.227297
vn 0.930304 0.287872 -0.227297
vn 0.930304 0.287872 -0.227297
vn 0.930304 0.287872 -0.227297
vn 0.467171 -0.565514 0.679666
vn 0.467171 -0.565514 0.679666
vn 0.467171 -0.565514 0.679666
vn 0.467171 -0.565514 0.679666
vn -0.467171 0.565515 -0.679665
vn -0.467171 0.565515 -0.679665
vn -0.467171 0.565515 -0.679665
vn -0.467171 0.565515 -0.679665
vn -0.750088 -0.006372 -0.661307
vn -0.750088 -0.006372 -0.661307
vn -0.750088 -0.006372 -0.661307
vn -0.750088 -0.006372 -0.661307
vn -0.576879 -0.532651 0.619269
vn -0.576879 -0.532651 0.619269
vn -0.576879 -0.532651 0.619269
vn -0.576879 -0.532651 0.619269
vn 0.750087 0.006372 0.661308
vn 0.750087 0.006372 0.661308
vn 0.750087 0.006372 0.661308
vn 0.750087 0.006372 0.661308
vn 0.576879 0.532651 -0.619269
vn 0.576879 0.532651 -0.619269
vn 0.576879 0.532651 -0.619269
vn 0.576879 0.532651 -0.619269
vn 0.215584 -0.953805 -0.209237
vn 0.215584 -0.953805 -0.209237
vn 0.215584 -0.953805 -0.209237
vn 0.215584 -0.953805 -0.209237
vn -0.215585 0.953805 0.209236
vn -0.215585 0.953805 0.209236
vn -0.215585 0.953805 0.209236
vn -0.215585 0.953805 0.209236
g Donut4_LightYellow
usemtl LightYellow
f 1 2 3
f 4 5 6
f 4 6 7
f 8 9 10
f 8 10 11
f 12 13 14
f 12 14 15
f 16 17 18
f 16 18 19
f 20 21 22
f 20 22 23
f 24 25 26
f 24 26 27
f 28 29 30
f 28 30 31
f 32 33 34
f 32 34 35
f 36 37 38
f 36 38 39
f 40 41 42
f 40 42 43
f 44 45 46
f 44 46 47
f 48 49 50
f 48 50 51
f 52 53 54
f 52 54 55
f 56 57 58
f 56 58 59
f 60 61 62
f 60 62 63
f 64 65 66
f 64 66 67
f 68 69 70
f 68 70 71
f 72 73 74
f 72 74 75
f 76 77 78
f 76 78 79
f 80 81 82
f 80 82 83
f 84 85 86
f 84 86 87
f 88 89 90
f 88 90 91
f 92 93 94
f 92 94 95
f 96 97 98
f 96 98 99
f 100 101 102
f 100 102 103
f 104 105 106
f 104 106 107
f 108 109 110
f 108 110 111
f 112 113 114
f 112 114 115
f 116 117 118
f 116 118 119
f 120 121 122
f 120 122 123
f 124 125 126
f 124 126 127
f 128 129 130
f 128 130 131
f 132 133 134
f 132 134 135
f 136 137 138
f 136 138 139
f 140 141 142
f 140 142 143
f 144 145 146
f 144 146 147
f 148 149 150
f 148 150 151
f 152 153 154
f 152 154 155
f 156 157 158
f 156 158 159
f 160 161 162
f 160 162 163
f 164 165 166
f 164 166 167
f 168 169 170
f 168 170 171
f 172 173 174
f 172 174 175
f 176 177 178
f 176 178 179
f 180 181 182
f 180 182 183
f 184 185 186
f 184 186 187
f 188 189 190
f 188 190 191
f 192 193 194
f 192 194 195
f 196 197 198
f 196 198 199
f 200 201 202
f 200 202 203
f 204 205 206
f 204 206 207
f 208 209 210
f 208 210 211
f 212 213 214
f 212 214 215
f 216 217 218
f 216 218 219
f 220 221 222
f 220 222 223
f 224 225 226
f 224 226 227
f 228 229 230
f 228 230 231
f 232 233 234
f 232 234 235
f 236 237 238
f 236 238 239
f 240 241 242
f 240 242 243
f 244 245 246
f 244 246 247
f 248 249 250
f 248 250 251
f 252 253 254
f 252 254 255
f 256 257 258
f 256 258 259
f 260 261 262
f 260 262 263
f 264 265 266
f 264 266 267
f 268 269 270
f 268 270 271
f 272 273 274
f 272 274 275
f 276 277 278
f 276 278 279
f 280 281 282
f 280 282 283
f 284 285 286
f 284 286 287
f 288 289 290
f 288 290 291
f 292 293 294
f 292 294 295
f 296 297 298
f 296 298 299
f 300 301 302
f 300 302 303
f 304 305 306
f 304 306 307
f 308 309 310
f 308 310 311
f 312 313 314
f 312 314 315
f 316 317 318
f 316 318 319
f 320 321 322
f 320 322 323
f 324 325 326
f 324 326 327
f 328 329 330
f 328 330 331
f 332 333 334
f 332 334 335
f 336 337 338
f 336 338 339
f 340 341 342
f 340 342 343
f 344 345 346
f 344 346 347
f 348 349 350
f 348 350 351
f 352 353 354
f 352 354 355
f 356 357 358
f 356 358 359
f 360 361 362
f 360 362 363
f 364 365 366
f 364 366 367
f 368 369 370
f 368 370 371
f 372 373 374
f 372 374 375
f 376 377 378
f 376 378 379
f 380 381 382
f 380 382 383
f 384 385 386
f 384 386 387
f 388 389 390
f 388 390 391
f 392 393 394
f 392 394 395
f 396 397 398
f 396 398 399
f 400 401 402
f 400 402 403
f 404 405 406
f 404 406 407
f 408 409 410
f 408 410 411
f 412 413 414
f 412 414 415
f 416 417 418
f 416 418 419
f 420 421 422
f 420 422 423
f 424 425 426
f 424 426 427
f 428 429 430
f 428 430 431
f 432 433 434
f 432 434 435
f 436 437 438
f 436 438 439
f 440 441 442
f 440 442 443
f 444 445 446
f 444 446 447
f 448 449 450
f 448 450 451
f 452 453 454
f 452 454 455
f 456 457 458
f 456 458 459
f 460 461 462
f 462 463 460
f 464 460 463
f 465 466 467
f 465 467 468
f 469 470 471
f 469 471 472
f 473 474 475
f 473 475 476
f 477 478 479
f 477 479 480
f 481 482 483
f 481 483 484
f 485 486 487
f 485 487 488
f 489 490 491
f 489 491 492
f 493 494 495
f 493 495 496
f 497 498 499
f 497 499 500
f 501 502 503
f 501 503 504
f 505 506 507
f 505 507 508
f 509 510 511
f 509 511 512
f 513 514 515
f 513 515 516
f 517 518 519
f 517 519 520
f 521 522 523
f 521 523 524
f 525 526 527
f 525 527 528
f 529 530 531
f 529 531 532
f 533 534 535
f 533 535 536
f 537 538 539
f 537 539 540
f 541 542 543
f 541 543 544
f 545 546 547
f 545 547 548
f 549 550 551
f 549 551 552
f 553 554 555
f 553 555 556
f 557 558 559
f 557 559 560
f 561 562 563
f 561 563 564
f 565 566 567
f 565 567 568
f 569 570 571
f 569 571 572
f 573 574 575
f 573 575 576
f 577 578 579
f 577 579 580
f 581 582 583
f 581 583 584
f 585 586 587
f 585 587 588
f 589 590 591
f 589 591 592
g Donut4_DarkBrown
usemtl DarkBrown
f 593 594 595
f 596 597 598
f 599 600 601
f 602 603 604
f 605 606 607
f 608 609 610
f 611 612 613
f 611 613 614
f 615 616 617
f 615 617 618
f 619 620 621
f 619 622 620
f 623 622 619
f 623 624 622
f 625 626 627
f 625 627 628
f 628 627 629
f 628 629 630
f 631 632 633
f 631 633 634
f 635 636 637
f 635 637 638
f 639 640 641
f 639 641 642
f 643 644 645
f 643 645 646
f 647 648 649
f 647 650 648
f 651 650 647
f 651 652 650
f 653 652 651
f 653 654 652
f 655 656 657
f 655 657 658
f 659 660 661
f 659 661 662
f 663 664 665
f 663 665 666
f 667 668 669
f 667 669 670
f 671 672 673
f 671 673 674
f 675 676 677
f 675 677 678
f 679 680 681
f 679 681 682
f 683 684 685
f 683 685 686
f 687 688 689
f 687 689 690
f 691 692 693
f 691 693 694
f 695 696 697
f 695 697 698
f 699 700 701
f 699 701 702
f 703 704 705
f 703 705 706
f 707 708 709
f 707 709 710
f 711 712 713
f 711 713 714
f 715 716 717
f 715 717 718
f 719 720 721
f 719 721 722
f 723 724 725
f 723 725 726
f 727 728 729
f 727 729 730
f 731 732 733
f 731 733 734
f 735 736 737
f 735 737 738
f 739 740 741
f 739 741 742
f 743 744 745
f 743 745 746
f 747 748 749
f 747 749 750
f 751 752 753
f 751 753 754
f 755 756 757
f 755 757 758
f 759 760 761
f 759 761 762
f 763 764 765
f 763 765 766
f 767 768 769
f 767 769 770
f 771 772 773
f 771 773 774
f 775 776 777
f 775 777 778
f 779 780 781
f 779 781 782
f 783 784 785
f 783 785 786
f 787 788 789
f 787 789 790
f 791 792 793
f 791 793 794
f 795 796 797
f 795 797 798
f 799 800 801
f 799 801 802
f 803 804 805
f 803 805 806
f 807 808 809
f 807 809 810
f 811 812 813
f 811 813 814
f 815 816 817
f 815 817 818
f 819 820 821
f 819 821 822
f 823 824 825
f 823 825 826
f 827 828 829
f 827 829 830
f 831 832 833
f 831 833 834
f 835 836 837
f 835 837 838
f 839 840 841
f 839 841 842
f 843 844 845
f 843 845 846
f 847 848 849
f 847 849 850
f 851 852 853
f 851 853 854
f 855 856 857
f 855 857 858
f 859 860 861
f 859 861 862
f 863 864 865
f 863 865 866
f 867 868 869
f 867 869 870
f 871 872 873
f 871 873 874
f 875 876 877
f 875 877 878
f 879 880 881
f 879 881 882
f 883 884 885
f 883 885 886
f 887 888 889
f 887 889 890
f 891 892 893
f 891 893 894
f 895 896 897
f 895 897 898
f 899 900 901
f 899 901 902
f 903 904 905
f 903 905 906
f 907 908 909
f 907 909 910
f 911 912 913
f 911 913 914
f 915 916 917
f 915 917 918
f 919 920 921
f 919 921 922
f 923 924 925
f 923 925 926
f 927 928 929
f 927 929 930
f 931 932 933
f 931 933 934
f 935 936 937
f 935 937 938
f 939 940 941
f 939 941 942
f 943 944 945
f 943 945 946
f 947 948 949
f 947 949 950
f 951 952 953
f 951 953 954
f 955 956 957
f 955 957 958
f 959 960 961
f 959 961 962
f 963 964 965
f 963 965 966
f 967 968 969
f 967 969 970
f 971 972 973
f 971 973 974
f 975 976 977
f 975 977 978
f 979 980 981
f 979 981 982
f 983 984 985
f 983 985 986
f 987 988 989
f 987 989 990
f 991 992 993
f 991 993 994
f 995 996 997
f 995 997 998
f 999 1000 1001
f 999 1001 1002
f 1003 1004 1005
f 1003 1005 1006
f 1007 1008 1009
f 1007 1009 1010
f 1011 1012 1013
f 1011 1013 1014
f 1015 1016 1017
f 1015 1017 1018
f 1019 1020 1021
f 1019 1021 1022
f 1023 1024 1025
f 1023 1025 1026
f 1027 1028 1029
f 1027 1029 1030
f 1031 1032 1033
f 1031 1033 1034
f 1035 1036 1037
f 1035 1037 1038
f 1039 1040 1041
f 1039 1041 1042
f 1043 1044 1045
f 1043 1045 1046
f 1047 1048 1049
f 1047 1049 1050
f 1051 1052 1053
f 1051 1053 1054
g Donut4_White
usemtl White
f 1055 1056 1057
f 1055 1057 1058
f 1059 1060 1061
f 1059 1061 1062
f 1063 1064 1065
f 1063 1065 1066
f 1067 1068 1069
f 1067 1069 1070
f 1071 1072 1073
f 1071 1073 1074
f 1075 1076 1077
f 1075 1077 1078
f 1079 1080 1081
f 1079 1081 1082
f 1083 1084 1085
f 1083 1085 1086
f 1087 1088 1089
f 1087 1089 1090
f 1091 1092 1093
f 1091 1093 1094
f 1095 1096 1097
f 1095 1097 1098
f 1099 1100 1101
f 1099 1101 1102
f 1103 1104 1105
f 1103 1105 1106
f 1107 1108 1109
f 1107 1109 1110
f 1111 1112 1113
f 1111 1113 1114
f 1115 1116 1117
f 1115 1117 1118
f 1119 1120 1121
f 1119 1121 1122
f 1123 1124 1125
f 1123 1125 1126
f 1127 1128 1129
f 1127 1129 1130
f 1131 1132 1133
f 1131 1133 1134
f 1135 1136 1137
f 1135 1137 1138
f 1139 1140 1141
f 1139 1141 1142
f 1143 1144 1145
f 1143 1145 1146
f 1147 1148 1149
f 1147 1149 1150
f 1151 1152 1153
f 1151 1153 1154
f 1155 1156 1157
f 1155 1157 1158
f 1159 1160 1161
f 1159 1161 1162
f 1163 1164 1165
f 1163 1165 1166
f 1167 1168 1169
f 1167 1169 1170
f 1171 1172 1173
f 1171 1173 1174
f 1175 1176 1177
f 1175 1177 1178
f 1179 1180 1181
f 1179 1181 1182
f 1183 1184 1185
f 1183 1185 1186
f 1187 1188 1189
f 1187 1189 1190
f 1191 1192 1193
f 1191 1193 1194
f 1195 1196 1197
f 1195 1197 1198
f 1199 1200 1201
f 1199 1201 1202
f 1203 1204 1205
f 1203 1205 1206
f 1207 1208 1209
f 1207 1209 1210
f 1211 1212 1213
f 1211 1213 1214
f 1215 1216 1217
f 1215 1217 1218
f 1219 1220 1221
f 1219 1221 1222
f 1223 1224 1225
f 1223 1225 1226
f 1227 1228 1229
f 1227 1229 1230
f 1231 1232 1233
f 1231 1233 1234
f 1235 1236 1237
f 1235 1237 1238
f 1239 1240 1241
f 1239 1241 1242
f 1243 1244 1245
f 1243 1245 1246
f 1247 1248 1249
f 1247 1249 1250
f 1251 1252 1253
f 1251 1253 1254
f 1255 1256 1257
f 1255 1257 1258
f 1259 1260 1261
f 1259 1261 1262
f 1263 1264 1265
f 1263 1265 1266
f 1267 1268 1269
f 1267 1269 1270
f 1271 1272 1273
f 1271 1273 1274
f 1275 1276 1277
f 1275 1277 1278
f 1279 1280 1281
f 1279 1281 1282
f 1283 1284 1285
f 1283 1285 1286
f 1287 1288 1289
f 1287 1289 1290
f 1291 1292 1293
f 1291 1293 1294
f 1295 1296 1297
f 1295 1297 1298
f 1299 1300 1301
f 1299 1301 1302
f 1303 1304 1305
f 1303 1305 1306
f 1307 1308 1309
f 1307 1309 1310
f 1311 1312 1313
f 1311 1313 1314
f 1315 1316 1317
f 1315 1317 1318
f 1319 1320 1321
f 1319 1321 1322
f 1323 1324 1325
f 1323 1325 1326
f 1327 1328 1329
f 1327 1329 1330
f 1331 1332 1333
f 1331 1333 1334
f 1335 1336 1337
f 1335 1337 1338
f 1339 1340 1341
f 1339 1341 1342
f 1343 1344 1345
f 1343 1345 1346
f 1347 1348 1349
f 1347 1349 1350
f 1351 1352 1353
f 1351 1353 1354
f 1355 1356 1357
f 1355 1357 1358
f 1359 1360 1361
f 1359 1361 1362
f 1363 1364 1365
f 1363 1365 1366
f 1367 1368 1369
f 1367 1369 1370
f 1371 1372 1373
f 1371 1373 1374
f 1375 1376 1377
f 1375 1377 1378
f 1379 1380 1381
f 1379 1381 1382
f 1383 1384 1385
f 1383 1385 1386
f 1387 1388 1389
f 1387 1389 1390
f 1391 1392 1393
f 1391 1393 1394
f 1395 1396 1397
f 1395 1397 1398
f 1399 1400 1401
f 1399 1401 1402
f 1403 1404 1405
f 1403 1405 1406
f 1407 1408 1409
f 1407 1409 1410
f 1411 1412 1413
f 1411 1413 1414
f 1415 1416 1417
f 1415 1417 1418
f 1419 1420 1421
f 1419 1421 1422
f 1423 1424 1425
f 1423 1425 1426
f 1427 1428 1429
f 1427 1429 1430
f 1431 1432 1433
f 1431 1433 1434
f 1435 1436 1437
f 1435 1437 1438
f 1439 1440 1441
f 1439 1441 1442
f 1443 1444 1445
f 1443 1445 1446
f 1447 1448 1449
f 1447 1449 1450
f 1451 1452 1453
f 1451 1453 1454
f 1455 1456 1457
f 1455 1457 1458
f 1459 1460 1461
f 1459 1461 1462
f 1463 1464 1465
f 1463 1465 1466
f 1467 1468 1469
f 1467 1469 1470
f 1471 1472 1473
f 1471 1473 1474
f 1475 1476 1477
f 1475 1477 1478
f 1479 1480 1481
f 1479 1481 1482
f 1483 1484 1485
f 1483 1485 1486
f 1487 1488 1489
f 1487 1489 1490
f 1491 1492 1493
f 1491 1493 1494
f 1495 1496 1497
f 1495 1497 1498
f 1499 1500 1501
f 1499 1501 1502
f 1503 1504 1505
f 1503 1505 1506
f 1507 1508 1509
f 1507 1509 1510
f 1511 1512 1513
f 1511 1513 1514
f 1515 1516 1517
f 1515 1517 1518
f 1519 1520 1521
f 1519 1521 1522
f 1523 1524 1525
f 1523 1525 1526
f 1527 1528 1529
f 1527 1529 1530
f 1531 1532 1533
f 1531 1533 1534
f 1535 1536 1537
f 1535 1537 1538
f 1539 1540 1541
f 1539 1541 1542
f 1543 1544 1545
f 1543 1545 1546
f 1547 1548 1549
f 1547 1549 1550
f 1551 1552 1553
f 1551 1553 1554
f 1555 1556 1557
f 1555 1557 1558
f 1559 1560 1561
f 1559 1561 1562
f 1563 1564 1565
f 1563 1565 1566
f 1567 1568 1569
f 1567 1569 1570
f 1571 1572 1573
f 1571 1573 1574
f 1575 1576 1577
f 1575 1577 1578
f 1579 1580 1581
f 1579 1581 1582
f 1583 1584 1585
f 1583 1585 1586
f 1587 1588 1589
f 1587 1589 1590
f 1591 1592 1593
f 1591 1593 1594
f 1595 1596 1597
f 1595 1597 1598
f 1599 1600 1601
f 1599 1601 1602
f 1603 1604 1605
f 1603 1605 1606
f 1607 1608 1609
f 1607 1609 1610
f 1611 1612 1613
f 1611 1613 1614
f 1615 1616 1617
f 1615 1617 1618
f 1619 1620 1621
f 1619 1621 1622
f 1623 1624 1625
f 1623 1625 1626
f 1627 1628 1629
f 1627 1629 1630
f 1631 1632 1633
f 1631 1633 1634
f 1635 1636 1637
f 1635 1637 1638
f 1639 1640 1641
f 1639 1641 1642
f 1643 1644 1645
f 1643 1645 1646
f 1647 1648 1649
f 1647 1649 1650
f 1651 1652 1653
f 1651 1653 1654
f 1655 1656 1657
f 1655 1657 1658
f 1659 1660 1661
f 1659 1661 1662
f 1663 1664 1665
f 1663 1665 1666
f 1667 1668 1669
f 1667 1669 1670
f 1671 1672 1673
f 1671 1673 1674
f 1675 1676 1677
f 1675 1677 1678
f 1679 1680 1681
f 1679 1681 1682
f 1683 1684 1685
f 1683 1685 1686
f 1687 1688 1689
f 1687 1689 1690
f 1691 1692 1693
f 1691 1693 1694
f 1695 1696 1697
f 1695 1697 1698
f 1699 1700 1701
f 1699 1701 1702
f 1703 1704 1705
f 1703 1705 1706
f 1707 1708 1709
f 1707 1709 1710
f 1711 1712 1713
f 1711 1713 1714
f 1715 1716 1717
f 1715 1717 1718
f 1719 1720 1721
f 1719 1721 1722
f 1723 1724 1725
f 1723 1725 1726
f 1727 1728 1729
f 1727 1729 1730
f 1731 1732 1733
f 1731 1733 1734
f 1735 1736 1737
f 1735 1737 1738
f 1739 1740 1741
f 1739 1741 1742
f 1743 1744 1745
f 1743 1745 1746
f 1747 1748 1749
f 1747 1749 1750
f 1751 1752 1753
f 1751 1753 1754
f 1755 1756 1757
f 1755 1757 1758
f 1759 1760 1761
f 1759 1761 1762
f 1763 1764 1765
f 1763 1765 1766
f 1767 1768 1769
f 1767 1769 1770
f 1771 1772 1773
f 1771 1773 1774
f 1775 1776 1777
f 1775 1777 1778
f 1779 1780 1781
f 1779 1781 1782
f 1783 1784 1785
f 1783 1785 1786
f 1787 1788 1789
f 1787 1789 1790
f 1791 1792 1793
f 1791 1793 1794
f 1795 1796 1797
f 1795 1797 1798
f 1799 1800 1801
f 1799 1801 1802
f 1803 1804 1805
f 1803 1805 1806
f 1807 1808 1809
f 1807 1809 1810
f 1811 1812 1813
f 1811 1813 1814
f 1815 1816 1817
f 1815 1817 1818
f 1819 1820 1821
f 1819 1821 1822
f 1823 1824 1825
f 1823 1825 1826
f 1827 1828 1829
f 1827 1829 1830
f 1831 1832 1833
f 1831 1833 1834
f 1835 1836 1837
f 1835 1837 1838
f 1839 1840 1841
f 1839 1841 1842
f 1843 1844 1845
f 1843 1845 1846
f 1847 1848 1849
f 1847 1849 1850
f 1851 1852 1853
f 1851 1853 1854
f 1855 1856 1857
f 1855 1857 1858
f 1859 1860 1861
f 1859 1861 1862
f 1863 1864 1865
f 1863 1865 1866
f 1867 1868 1869
f 1867 1869 1870
f 1871 1872 1873
f 1871 1873 1874
f 1875 1876 1877
f 1875 1877 1878
f 1879 1880 1881
f 1879 1881 1882
f 1883 1884 1885
f 1883 1885 1886
f 1887 1888 1889
f 1887 1889 1890
f 1891 1892 1893
f 1891 1893 1894
f 1895 1896 1897
f 1895 1897 1898
f 1899 1900 1901
f 1899 1901 1902
f 1903 1904 1905
f 1903 1905 1906
f 1907 1908 1909
f 1907 1909 1910
f 1911 1912 1913
f 1911 1913 1914
f 1915 1916 1917
f 1915 1917 1918
f 1919 1920 1921
f 1919 1921 1922
f 1923 1924 1925
f 1923 1925 1926
f 1927 1928 1929
f 1927 1929 1930
f 1931 1932 1933
f 1931 1933 1934
f 1935 1936 1937
f 1935 1937 1938
f 1939 1940 1941
f 1939 1941 1942
f 1943 1944 1945
f 1943 1945 1946
f 1947 1948 1949
f 1947 1949 1950
f 1951 1952 1953
f 1951 1953 1954
f 1955 1956 1957
f 1955 1957 1958
f 1959 1960 1961
f 1959 1961 1962
f 1963 1964 1965
f 1963 1965 1966
