mtllib Materials.mtl
# Ultimate Food Pack - Donut1
o Donut1
v 0.403799 0.006824 -0.130137
v 0.405265 0.037667 -0.093424
v 0.419222 -0.033190 -0.095992
v -0.000708 -0.033189 0.430584
v -0.002133 -0.003727 0.433790
v -0.132547 -0.024537 0.422354
v -0.127668 -0.033189 0.411448
v 0.000000 0.044272 0.165237
v 0.000000 -0.044272 0.165237
v -0.048705 -0.044272 0.157896
v -0.048705 0.044272 0.157896
v 0.000000 -0.044272 0.165237
v 0.000000 -0.112101 0.222152
v -0.065481 -0.112101 0.212283
v -0.048705 -0.044272 0.157896
v 0.000000 -0.112101 0.222152
v 0.000000 -0.127477 0.309352
v -0.091183 -0.127477 0.295608
v -0.065481 -0.112101 0.212283
v 0.000000 -0.127477 0.309352
v 0.000000 -0.083204 0.416337
v -0.122718 -0.083204 0.397841
v -0.091183 -0.127477 0.295608
v 0.000000 -0.083204 0.416337
v -0.000708 -0.033189 0.430584
v -0.127668 -0.033189 0.411448
v -0.122718 -0.083204 0.397841
v -0.127668 -0.033189 0.411448
v -0.132547 -0.024537 0.422354
v -0.244534 0.006195 0.355099
v -0.243346 -0.033189 0.355740
v -0.048705 0.044272 0.157896
v -0.048705 -0.044272 0.157896
v -0.093081 -0.044272 0.136525
v -0.093081 0.044272 0.136525
v -0.048705 -0.044272 0.157896
v -0.065481 -0.112101 0.212283
v -0.125143 -0.112101 0.183551
v -0.093081 -0.044272 0.136525
v -0.065481 -0.112101 0.212283
v -0.091183 -0.127477 0.295608
v -0.174264 -0.127477 0.255598
v -0.125143 -0.112101 0.183551
v -0.091183 -0.127477 0.295608
v -0.122718 -0.083204 0.397841
v -0.234531 -0.083204 0.343994
v -0.174264 -0.127477 0.255598
v -0.122718 -0.083204 0.397841
v -0.127668 -0.033189 0.411448
v -0.243346 -0.033189 0.355740
v -0.234531 -0.083204 0.343994
v -0.243346 -0.033189 0.355740
v -0.244534 0.006195 0.355099
v -0.328841 0.037667 0.260103
v -0.337466 -0.033190 0.268410
v -0.093081 0.044272 0.136525
v -0.093081 -0.044272 0.136525
v -0.129188 -0.044272 0.103024
v -0.129188 0.044272 0.103024
v -0.093081 -0.044272 0.136525
v -0.125143 -0.112101 0.183551
v -0.173686 -0.112101 0.138510
v -0.129188 -0.044272 0.103024
v -0.125143 -0.112101 0.183551
v -0.174264 -0.127477 0.255598
v -0.241861 -0.127477 0.192878
v -0.173686 -0.112101 0.138510
v -0.174264 -0.127477 0.255598
v -0.234531 -0.083204 0.343994
v -0.325506 -0.083204 0.259582
v -0.241861 -0.127477 0.192878
v -0.234531 -0.083204 0.343994
v -0.243346 -0.033189 0.355740
v -0.337466 -0.033190 0.268410
v -0.325506 -0.083204 0.259582
v -0.337466 -0.033190 0.268410
v -0.328841 0.037667 0.260103
v -0.391122 0.037667 0.152229
v -0.401663 -0.033190 0.157218
v -0.129188 0.044272 0.103024
v -0.129188 -0.044272 0.103024
v -0.153815 -0.044272 0.060368
v -0.153815 0.044272 0.060368
v -0.129188 -0.044272 0.103024
v -0.173686 -0.112101 0.138510
v -0.206796 -0.112101 0.081161
v -0.153815 -0.044272 0.060368
v -0.173686 -0.112101 0.138510
v -0.241861 -0.127477 0.192878
v -0.287967 -0.127477 0.113019
v -0.206796 -0.112101 0.081161
v -0.241861 -0.127477 0.192878
v -0.325506 -0.083204 0.259582
v -0.387558 -0.083204 0.152105
v -0.287967 -0.127477 0.113019
v -0.325506 -0.083204 0.259582
v -0.337466 -0.033190 0.268410
v -0.401663 -0.033190 0.157218
v -0.387558 -0.083204 0.152105
v -0.401663 -0.033190 0.157218
v -0.391122 0.037667 0.152229
v -0.418840 0.037667 0.030790
v -0.430233 -0.033190 0.032043
v -0.153815 0.044272 0.060368
v -0.153815 -0.044272 0.060368
v -0.164775 -0.044272 0.012348
v -0.164775 0.044272 0.012348
v -0.153815 -0.044272 0.060368
v -0.206796 -0.112101 0.081161
v -0.221531 -0.112101 0.016601
v -0.164775 -0.044272 0.012348
v -0.206796 -0.112101 0.081161
v -0.287967 -0.127477 0.113019
v -0.308487 -0.127477 0.023118
v -0.221531 -0.112101 0.016601
v -0.287967 -0.127477 0.113019
v -0.387558 -0.083204 0.152105
v -0.415173 -0.083204 0.031113
v -0.308487 -0.127477 0.023118
v -0.387558 -0.083204 0.152105
v -0.401663 -0.033190 0.157218
v -0.430233 -0.033190 0.032043
v -0.415173 -0.083204 0.031113
v -0.430233 -0.033190 0.032043
v -0.418840 0.037667 0.030790
v -0.419185 0.012600 -0.095627
v -0.420638 -0.033190 -0.095991
v -0.164775 0.044272 0.012348
v -0.164775 -0.044272 0.012348
v -0.161094 -0.044272 -0.036769
v -0.161094 0.044272 -0.036769
v -0.164775 -0.044272 0.012348
v -0.221531 -0.112101 0.016601
v -0.216583 -0.112101 -0.049434
v -0.161094 -0.044272 -0.036769
v -0.221531 -0.112101 0.016601
v -0.308487 -0.127477 0.023118
v -0.301596 -0.127477 -0.068837
v -0.216583 -0.112101 -0.049434
v -0.308487 -0.127477 0.023118
v -0.415173 -0.083204 0.031113
v -0.405899 -0.083204 -0.092644
v -0.301596 -0.127477 -0.068837
v -0.415173 -0.083204 0.031113
v -0.430233 -0.033190 0.032043
v -0.420638 -0.033190 -0.095991
v -0.405899 -0.083204 -0.092644
v -0.420638 -0.033190 -0.095991
v -0.419185 0.012600 -0.095627
v -0.374639 0.006639 -0.215504
v -0.373730 -0.033190 -0.215510
v -0.161094 0.044272 -0.036769
v -0.161094 -0.044272 -0.036769
v -0.143100 -0.044272 -0.082619
v -0.143100 0.044272 -0.082619
v -0.161094 -0.044272 -0.036769
v -0.216583 -0.112101 -0.049434
v -0.192390 -0.112101 -0.111076
v -0.143100 -0.044272 -0.082619
v -0.216583 -0.112101 -0.049434
v -0.301596 -0.127477 -0.068837
v -0.267906 -0.127477 -0.154676
v -0.192390 -0.112101 -0.111076
v -0.301596 -0.127477 -0.068837
v -0.405899 -0.083204 -0.092644
v -0.360559 -0.083204 -0.208169
v -0.267906 -0.127477 -0.154676
v -0.405899 -0.083204 -0.092644
v -0.420638 -0.033190 -0.095991
v -0.373730 -0.033190 -0.215510
v -0.360559 -0.083204 -0.208169
v -0.373730 -0.033190 -0.215510
v -0.374639 0.006639 -0.215504
v -0.296655 -0.000647 -0.317857
v -0.293678 -0.033190 -0.315892
v -0.143100 0.044272 -0.082619
v -0.143100 -0.044272 -0.082619
v -0.112390 -0.044272 -0.121128
v -0.112390 0.044272 -0.121128
v -0.143100 -0.044272 -0.082619
v -0.192390 -0.112101 -0.111076
v -0.151102 -0.112101 -0.162849
v -0.112390 -0.044272 -0.121128
v -0.192390 -0.112101 -0.111076
v -0.267906 -0.127477 -0.154676
v -0.210413 -0.127477 -0.226771
v -0.151102 -0.112101 -0.162849
v -0.267906 -0.127477 -0.154676
v -0.360559 -0.083204 -0.208169
v -0.283181 -0.083204 -0.305197
v -0.210413 -0.127477 -0.226771
v -0.360559 -0.083204 -0.208169
v -0.373730 -0.033190 -0.215510
v -0.293678 -0.033190 -0.315892
v -0.283181 -0.083204 -0.305197
v -0.293678 -0.033190 -0.315892
v -0.296655 -0.000647 -0.317857
v -0.183442 0.037667 -0.376930
v -0.187594 -0.033190 -0.388219
v -0.112390 0.044272 -0.121128
v -0.112390 -0.044272 -0.121128
v -0.071694 -0.044272 -0.148874
v -0.071694 0.044272 -0.148874
v -0.112390 -0.044272 -0.121128
v -0.151102 -0.112101 -0.162849
v -0.096388 -0.112101 -0.200152
v -0.071694 -0.044272 -0.148874
v -0.151102 -0.112101 -0.162849
v -0.210413 -0.127477 -0.226771
v -0.134223 -0.127477 -0.278716
v -0.096388 -0.112101 -0.200152
v -0.210413 -0.127477 -0.226771
v -0.283181 -0.083204 -0.305197
v -0.180642 -0.083204 -0.375107
v -0.134223 -0.127477 -0.278716
v -0.283181 -0.083204 -0.305197
v -0.293678 -0.033190 -0.315892
v -0.187594 -0.033190 -0.388219
v -0.180642 -0.083204 -0.375107
v -0.187594 -0.033190 -0.388219
v -0.183442 0.037667 -0.376930
v -0.064414 0.037667 -0.413645
v -0.064905 -0.033190 -0.426064
v -0.071694 0.044272 -0.148874
v -0.071694 -0.044272 -0.148874
v -0.024627 -0.044272 -0.163392
v -0.024627 0.044272 -0.163392
v -0.071694 -0.044272 -0.148874
v -0.096388 -0.112101 -0.200152
v -0.033110 -0.112101 -0.219671
v -0.024627 -0.044272 -0.163392
v -0.096388 -0.112101 -0.200152
v -0.134223 -0.127477 -0.278716
v -0.046106 -0.127477 -0.305896
v -0.033110 -0.112101 -0.219671
v -0.134223 -0.127477 -0.278716
v -0.180642 -0.083204 -0.375107
v -0.062052 -0.083204 -0.411687
v -0.046106 -0.127477 -0.305896
v -0.180642 -0.083204 -0.375107
v -0.187594 -0.033190 -0.388219
v -0.064905 -0.033190 -0.426064
v -0.062052 -0.083204 -0.411687
v -0.064905 -0.033190 -0.426064
v -0.064414 0.037667 -0.413645
v 0.065280 0.050385 -0.391416
v 0.063489 -0.033190 -0.426064
v -0.143100 0.044272 -0.082619
v -0.146399 0.062877 -0.084755
v -0.164814 0.062877 -0.037834
v -0.161094 0.044272 -0.036769
v -0.024627 0.044272 -0.163392
v -0.024627 -0.044272 -0.163392
v 0.024627 -0.044272 -0.163392
v 0.024627 0.044272 -0.163392
v -0.024627 -0.044272 -0.163392
v -0.033110 -0.112101 -0.219671
v 0.033110 -0.112101 -0.219671
v 0.024627 -0.044272 -0.163392
v -0.033110 -0.112101 -0.219671
v -0.046106 -0.127477 -0.305896
v 0.046106 -0.127477 -0.305896
v 0.033110 -0.112101 -0.219671
v -0.046106 -0.127477 -0.305896
v -0.062052 -0.083204 -0.411687
v 0.062052 -0.083204 -0.411687
v 0.046106 -0.127477 -0.305896
v -0.062052 -0.083204 -0.411687
v -0.064905 -0.033190 -0.426064
v 0.063489 -0.033190 -0.426064
v 0.062052 -0.083204 -0.411687
v 0.063489 -0.033190 -0.426064
v 0.065280 0.050385 -0.391416
v 0.179176 0.037667 -0.376930
v 0.186179 -0.033190 -0.388219
v 0.112390 0.044272 -0.121128
v 0.115061 0.062877 -0.124164
v 0.073414 0.062877 -0.152558
v 0.071694 0.044272 -0.148874
v 0.153815 0.044272 0.060368
v 0.157454 0.062877 0.061572
v 0.168670 0.062877 0.012431
v 0.164775 0.044272 0.012348
v 0.024627 0.044272 -0.163392
v 0.024627 -0.044272 -0.163392
v 0.071694 -0.044272 -0.148874
v 0.071694 0.044272 -0.148874
v 0.024627 -0.044272 -0.163392
v 0.033110 -0.112101 -0.219671
v 0.096388 -0.112101 -0.200152
v 0.071694 -0.044272 -0.148874
v 0.033110 -0.112101 -0.219671
v 0.046106 -0.127477 -0.305896
v 0.134223 -0.127477 -0.278716
v 0.096388 -0.112101 -0.200152
v 0.046106 -0.127477 -0.305896
v 0.062052 -0.083204 -0.411687
v 0.180642 -0.083204 -0.375107
v 0.134223 -0.127477 -0.278716
v 0.062052 -0.083204 -0.411687
v 0.063489 -0.033190 -0.426064
v 0.186179 -0.033190 -0.388219
v 0.180642 -0.083204 -0.375107
v 0.186179 -0.033190 -0.388219
v 0.179176 0.037667 -0.376930
v 0.282094 0.037667 -0.306762
v 0.292263 -0.033190 -0.315892
v 0.161094 0.044272 -0.036769
v 0.164903 0.062877 -0.037834
v 0.146488 0.062877 -0.084755
v 0.143100 0.044272 -0.082619
v 0.129188 0.044272 0.103024
v 0.132251 0.062877 0.105225
v 0.157454 0.062877 0.061572
v 0.153815 0.044272 0.060368
v 0.071694 0.044272 -0.148874
v 0.071694 -0.044272 -0.148874
v 0.112390 -0.044272 -0.121128
v 0.112390 0.044272 -0.121128
v 0.071694 -0.044272 -0.148874
v 0.096388 -0.112101 -0.200152
v 0.151102 -0.112101 -0.162849
v 0.112390 -0.044272 -0.121128
v 0.096388 -0.112101 -0.200152
v 0.134223 -0.127477 -0.278716
v 0.210413 -0.127477 -0.226771
v 0.151102 -0.112101 -0.162849
v 0.134223 -0.127477 -0.278716
v 0.180642 -0.083204 -0.375107
v 0.283181 -0.083204 -0.305197
v 0.210413 -0.127477 -0.226771
v 0.180642 -0.083204 -0.375107
v 0.186179 -0.033190 -0.388219
v 0.292263 -0.033190 -0.315892
v 0.283181 -0.083204 -0.305197
v 0.292263 -0.033190 -0.315892
v 0.282094 0.037667 -0.306762
v 0.370777 0.005458 -0.215737
v 0.372315 -0.033190 -0.215510
v -0.024627 0.044272 -0.163392
v -0.025158 0.062877 -0.167416
v -0.073324 0.062877 -0.152558
v -0.071694 0.044272 -0.148874
v 0.112390 0.044272 -0.121128
v 0.112390 -0.044272 -0.121128
v 0.143100 -0.044272 -0.082619
v 0.143100 0.044272 -0.082619
v 0.112390 -0.044272 -0.121128
v 0.151102 -0.112101 -0.162849
v 0.192390 -0.112101 -0.111076
v 0.143100 -0.044272 -0.082619
v 0.151102 -0.112101 -0.162849
v 0.210413 -0.127477 -0.226771
v 0.267906 -0.127477 -0.154676
v 0.192390 -0.112101 -0.111076
v 0.210413 -0.127477 -0.226771
v 0.283181 -0.083204 -0.305197
v 0.360559 -0.083204 -0.208169
v 0.267906 -0.127477 -0.154676
v 0.283181 -0.083204 -0.305197
v 0.292263 -0.033190 -0.315892
v 0.372315 -0.033190 -0.215510
v 0.360559 -0.083204 -0.208169
v 0.372315 -0.033190 -0.215510
v 0.370777 0.005458 -0.215737
v 0.403799 0.006824 -0.130137
v 0.419222 -0.033190 -0.095992
v 0.071694 0.044272 -0.148874
v 0.073414 0.062877 -0.152558
v 0.025247 0.062877 -0.167416
v 0.024627 0.044272 -0.163392
v 0.048705 0.044272 0.157896
v 0.049887 0.062877 0.161379
v 0.095301 0.062877 0.139509
v 0.093081 0.044272 0.136525
v 0.143100 0.044272 -0.082619
v 0.143100 -0.044272 -0.082619
v 0.161094 -0.044272 -0.036769
v 0.161094 0.044272 -0.036769
v 0.143100 -0.044272 -0.082619
v 0.192390 -0.112101 -0.111076
v 0.216583 -0.112101 -0.049434
v 0.161094 -0.044272 -0.036769
v 0.192390 -0.112101 -0.111076
v 0.267906 -0.127477 -0.154676
v 0.301596 -0.127477 -0.068837
v 0.216583 -0.112101 -0.049434
v 0.267906 -0.127477 -0.154676
v 0.360559 -0.083204 -0.208169
v 0.405899 -0.083204 -0.092644
v 0.301596 -0.127477 -0.068837
v 0.360559 -0.083204 -0.208169
v 0.372315 -0.033190 -0.215510
v 0.419222 -0.033190 -0.095992
v 0.405899 -0.083204 -0.092644
v 0.419222 -0.033190 -0.095992
v 0.405265 0.037667 -0.093424
v 0.397321 0.042582 0.032529
v 0.428817 -0.033190 0.032043
v -0.153815 0.044272 0.060368
v -0.157364 0.062877 0.061572
v -0.132162 0.062877 0.105225
v -0.129188 0.044272 0.103024
v 0.024627 0.044272 -0.163392
v 0.025247 0.062877 -0.167416
v -0.025158 0.062877 -0.167416
v -0.024627 0.044272 -0.163392
v 0.161094 0.044272 -0.036769
v 0.161094 -0.044272 -0.036769
v 0.164775 -0.044272 0.012348
v 0.164775 0.044272 0.012348
v 0.161094 -0.044272 -0.036769
v 0.216583 -0.112101 -0.049434
v 0.221531 -0.112101 0.016601
v 0.164775 -0.044272 0.012348
v 0.216583 -0.112101 -0.049434
v 0.301596 -0.127477 -0.068837
v 0.308487 -0.127477 0.023118
v 0.221531 -0.112101 0.016601
v 0.301596 -0.127477 -0.068837
v 0.405899 -0.083204 -0.092644
v 0.415173 -0.083204 0.031113
v 0.308487 -0.127477 0.023118
v 0.405899 -0.083204 -0.092644
v 0.419222 -0.033190 -0.095992
v 0.428817 -0.033190 0.032043
v 0.415173 -0.083204 0.031113
v 0.428817 -0.033190 0.032043
v 0.397321 0.042582 0.032529
v 0.386856 0.037667 0.152229
v 0.400247 -0.033190 0.157218
v -0.129188 0.044272 0.103024
v -0.132162 0.062877 0.105225
v -0.095212 0.062877 0.139509
v -0.093081 0.044272 0.136525
v 0.164775 0.044272 0.012348
v 0.168670 0.062877 0.012431
v 0.164903 0.062877 -0.037834
v 0.161094 0.044272 -0.036769
v 0.164775 0.044272 0.012348
v 0.164775 -0.044272 0.012348
v 0.153815 -0.044272 0.060368
v 0.153815 0.044272 0.060368
v 0.164775 -0.044272 0.012348
v 0.221531 -0.112101 0.016601
v 0.206796 -0.112101 0.081161
v 0.153815 -0.044272 0.060368
v 0.221531 -0.112101 0.016601
v 0.308487 -0.127477 0.023118
v 0.287967 -0.127477 0.113019
v 0.206796 -0.112101 0.081161
v 0.308487 -0.127477 0.023118
v 0.415173 -0.083204 0.031113
v 0.387558 -0.083204 0.152105
v 0.287967 -0.127477 0.113019
v 0.415173 -0.083204 0.031113
v 0.428817 -0.033190 0.032043
v 0.400247 -0.033190 0.157218
v 0.387558 -0.083204 0.152105
v 0.365027 0.002534 0.217487
v 0.324575 0.037667 0.260103
v 0.336050 -0.033190 0.268410
v 0.400247 -0.033190 0.157218
v 0.386856 0.037667 0.152229
v -0.112390 0.044272 -0.121128
v -0.114971 0.062877 -0.124164
v -0.146399 0.062877 -0.084755
v -0.143100 0.044272 -0.082619
v -0.164775 0.044272 0.012348
v -0.168581 0.062877 0.012431
v -0.157364 0.062877 0.061572
v -0.153815 0.044272 0.060368
v 0.153815 0.044272 0.060368
v 0.153815 -0.044272 0.060368
v 0.129188 -0.044272 0.103024
v 0.129188 0.044272 0.103024
v 0.153815 -0.044272 0.060368
v 0.206796 -0.112101 0.081161
v 0.173686 -0.112101 0.138510
v 0.129188 -0.044272 0.103024
v 0.206796 -0.112101 0.081161
v 0.287967 -0.127477 0.113019
v 0.241861 -0.127477 0.192877
v 0.173686 -0.112101 0.138510
v 0.287967 -0.127477 0.113019
v 0.387558 -0.083204 0.152105
v 0.325506 -0.083204 0.259582
v 0.241861 -0.127477 0.192877
v 0.387558 -0.083204 0.152105
v 0.400247 -0.033190 0.157218
v 0.336050 -0.033190 0.268410
v 0.325506 -0.083204 0.259582
v 0.336050 -0.033190 0.268410
v 0.324575 0.037667 0.260103
v 0.233264 0.037667 0.344827
v 0.241931 -0.033189 0.355740
v 0.093081 0.044272 0.136525
v 0.095301 0.062877 0.139509
v 0.132251 0.062877 0.105225
v 0.129188 0.044272 0.103024
v -0.071694 0.044272 -0.148874
v -0.073324 0.062877 -0.152558
v -0.114971 0.062877 -0.124164
v -0.112390 0.044272 -0.121128
v 0.129188 0.044272 0.103024
v 0.129188 -0.044272 0.103024
v 0.093081 -0.044272 0.136525
v 0.093081 0.044272 0.136525
v 0.129188 -0.044272 0.103024
v 0.173686 -0.112101 0.138510
v 0.125143 -0.112101 0.183551
v 0.093081 -0.044272 0.136525
v 0.173686 -0.112101 0.138510
v 0.241861 -0.127477 0.192877
v 0.174264 -0.127477 0.255598
v 0.125143 -0.112101 0.183551
v 0.241861 -0.127477 0.192877
v 0.325506 -0.083204 0.259582
v 0.234531 -0.083204 0.343994
v 0.174264 -0.127477 0.255598
v 0.325506 -0.083204 0.259582
v 0.336050 -0.033190 0.268410
v 0.241931 -0.033189 0.355740
v 0.234531 -0.083204 0.343994
v 0.241931 -0.033189 0.355740
v 0.233264 0.037667 0.344827
v 0.126084 -0.005669 0.415232
v 0.126252 -0.033189 0.411448
v -0.093081 0.044272 0.136525
v -0.095212 0.062877 0.139509
v -0.049798 0.062877 0.161379
v -0.048705 0.044272 0.157896
v 0.093081 0.044272 0.136525
v 0.093081 -0.044272 0.136525
v 0.048705 -0.044272 0.157896
v 0.048705 0.044272 0.157896
v 0.093081 -0.044272 0.136525
v 0.125143 -0.112101 0.183551
v 0.065481 -0.112101 0.212283
v 0.048705 -0.044272 0.157896
v 0.125143 -0.112101 0.183551
v 0.174264 -0.127477 0.255598
v 0.091183 -0.127477 0.295608
v 0.065481 -0.112101 0.212283
v 0.174264 -0.127477 0.255598
v 0.234531 -0.083204 0.343994
v 0.122718 -0.083204 0.397841
v 0.091183 -0.127477 0.295608
v 0.234531 -0.083204 0.343994
v 0.241931 -0.033189 0.355740
v 0.126252 -0.033189 0.411448
v 0.122718 -0.083204 0.397841
v 0.126252 -0.033189 0.411448
v 0.126084 -0.005669 0.415232
v -0.002133 -0.003727 0.433790
v -0.000708 -0.033189 0.430584
v 0.048705 0.044272 0.157896
v 0.048705 -0.044272 0.157896
v 0.000000 -0.044272 0.165237
v 0.000000 0.044272 0.165237
v 0.048705 -0.044272 0.157896
v 0.065481 -0.112101 0.212283
v 0.000000 -0.112101 0.222152
v 0.000000 -0.044272 0.165237
v 0.065481 -0.112101 0.212283
v 0.091183 -0.127477 0.295608
v 0.000000 -0.127477 0.309352
v 0.000000 -0.112101 0.222152
v 0.091183 -0.127477 0.295608
v 0.122718 -0.083204 0.397841
v 0.000000 -0.083204 0.416337
v 0.000000 -0.127477 0.309352
v 0.122718 -0.083204 0.397841
v 0.126252 -0.033189 0.411448
v -0.000708 -0.033189 0.430584
v 0.000000 -0.083204 0.416337
v -0.161094 0.044272 -0.036769
v -0.164814 0.062877 -0.037834
v -0.168581 0.062877 0.012431
v -0.164775 0.044272 0.012348
v 0.000000 0.044272 0.165237
v 0.000045 0.062877 0.168892
v 0.049887 0.062877 0.161379
v 0.048705 0.044272 0.157896
v 0.143100 0.044272 -0.082619
v 0.146488 0.062877 -0.084755
v 0.115061 0.062877 -0.124164
v 0.112390 0.044272 -0.121128
v -0.048705 0.044272 0.157896
v -0.049798 0.062877 0.161379
v 0.000045 0.062877 0.168892
v 0.000000 0.044272 0.165237
v 0.288784 0.057130 -0.314142
v 0.342171 0.102719 -0.197733
v 0.379538 0.024168 -0.220991
v 0.395993 0.057130 0.155573
v 0.332257 0.057130 0.265968
v 0.373654 0.021175 0.222356
v 0.238813 0.057130 0.352671
v 0.116489 0.102719 0.377296
v 0.129128 0.012781 0.424721
v -0.250149 0.024922 0.363184
v -0.222497 0.102719 0.326202
v -0.336426 0.057130 0.265968
v -0.303488 0.017920 -0.325497
v -0.268660 0.102719 -0.289801
v -0.187630 0.057130 -0.385950
v -0.428528 0.057130 0.031297
v -0.385103 0.102719 -0.088114
v -0.428882 0.031477 -0.098074
v 0.126084 -0.005669 0.415232
v 0.129128 0.012781 0.424721
v -0.002085 0.014768 0.443713
v -0.002133 -0.003727 0.433790
v -0.132547 -0.024537 0.422354
v -0.135546 -0.006528 0.432010
v -0.250149 0.024922 0.363184
v -0.244534 0.006195 0.355099
v -0.183442 0.037667 -0.376930
v -0.065821 0.057130 -0.423523
v -0.064414 0.037667 -0.413645
v -0.187630 0.057130 -0.385950
v -0.296655 -0.000647 -0.317857
v -0.303488 0.017920 -0.325497
v 0.324575 0.037667 0.260103
v 0.332257 0.057130 0.265968
v 0.238813 0.057130 0.352671
v 0.233264 0.037667 0.344827
v 0.129128 0.012781 0.424721
v 0.126084 -0.005669 0.415232
v -0.418840 0.037667 0.030790
v -0.428528 0.057130 0.031297
v -0.428882 0.031477 -0.098074
v -0.419185 0.012600 -0.095627
v -0.419185 0.012600 -0.095627
v -0.428882 0.031477 -0.098074
v -0.383294 0.025376 -0.220752
v -0.374639 0.006639 -0.215504
v 0.365027 0.002534 0.217487
v 0.373654 0.021175 0.222356
v 0.332257 0.057130 0.265968
v 0.324575 0.037667 0.260103
v -0.374639 0.006639 -0.215504
v -0.383294 0.025376 -0.220752
v -0.303488 0.017920 -0.325497
v -0.296655 -0.000647 -0.317857
v 0.386856 0.037667 0.152229
v 0.373654 0.021175 0.222356
v 0.365027 0.002534 0.217487
v 0.395993 0.057130 0.155573
v 0.397321 0.042582 0.032529
v 0.406703 0.062160 0.033076
v 0.405265 0.037667 -0.093424
v 0.414832 0.057130 -0.095819
v -0.391122 0.037667 0.152229
v -0.400162 0.057130 0.155573
v -0.428528 0.057130 0.031297
v -0.418840 0.037667 0.030790
v 0.179176 0.037667 -0.376930
v 0.183461 0.057130 -0.385950
v 0.288784 0.057130 -0.314142
v 0.282094 0.037667 -0.306762
v 0.282094 0.037667 -0.306762
v 0.288784 0.057130 -0.314142
v 0.379538 0.024168 -0.220991
v 0.370777 0.005458 -0.215737
v -0.328841 0.037667 0.260103
v -0.336426 0.057130 0.265968
v -0.400162 0.057130 0.155573
v -0.391122 0.037667 0.152229
v 0.000004 0.128035 0.374779
v 0.000045 0.148026 0.316374
v -0.093269 0.148026 0.302309
v -0.110510 0.128035 0.358121
v 0.403799 0.006824 -0.130137
v 0.413332 0.025566 -0.133390
v 0.414832 0.057130 -0.095819
v 0.405265 0.037667 -0.093424
v -0.244534 0.006195 0.355099
v -0.250149 0.024922 0.363184
v -0.336426 0.057130 0.265968
v -0.328841 0.037667 0.260103
v 0.370777 0.005458 -0.215737
v 0.379538 0.024168 -0.220991
v 0.413332 0.025566 -0.133390
v 0.403799 0.006824 -0.130137
v -0.064414 0.037667 -0.413645
v -0.065821 0.057130 -0.423523
v 0.066904 0.070145 -0.400774
v 0.065280 0.050385 -0.391416
v 0.065280 0.050385 -0.391416
v 0.066904 0.070145 -0.400774
v 0.183461 0.057130 -0.385950
v 0.179176 0.037667 -0.376930
v -0.002133 -0.003727 0.433790
v -0.002085 0.014768 0.443713
v -0.135546 -0.006528 0.432010
v -0.132547 -0.024537 0.422354
v 0.000045 0.148026 0.316374
v 0.000045 0.132291 0.227137
v -0.066966 0.132291 0.217037
v -0.093269 0.148026 0.302309
v 0.000045 0.132291 0.227137
v 0.000045 0.062877 0.168892
v -0.049798 0.062877 0.161379
v -0.066966 0.132291 0.217037
v -0.110510 0.128035 0.358121
v -0.093269 0.148026 0.302309
v -0.178291 0.148026 0.261364
v -0.211205 0.128035 0.309630
v -0.093269 0.148026 0.302309
v -0.066966 0.132291 0.217037
v -0.128022 0.132291 0.187634
v -0.178291 0.148026 0.261364
v -0.066966 0.132291 0.217037
v -0.049798 0.062877 0.161379
v -0.095212 0.062877 0.139509
v -0.128022 0.132291 0.187634
v -0.211205 0.128035 0.309630
v -0.178291 0.148026 0.261364
v -0.247467 0.148026 0.197178
v -0.307677 0.104016 0.244077
v -0.178291 0.148026 0.261364
v -0.128022 0.132291 0.187634
v -0.177699 0.132291 0.141540
v -0.247467 0.148026 0.197178
v -0.128022 0.132291 0.187634
v -0.095212 0.062877 0.139509
v -0.132162 0.062877 0.105225
v -0.177699 0.132291 0.141540
v -0.307677 0.104016 0.244077
v -0.247467 0.148026 0.197178
v -0.294651 0.148026 0.115454
v -0.366116 0.104016 0.142856
v -0.247467 0.148026 0.197178
v -0.177699 0.132291 0.141540
v -0.211583 0.132291 0.082852
v -0.294651 0.148026 0.115454
v -0.177699 0.132291 0.141540
v -0.132162 0.062877 0.105225
v -0.157364 0.062877 0.061572
v -0.211583 0.132291 0.082852
v -0.366116 0.104016 0.142856
v -0.294651 0.148026 0.115454
v -0.315650 0.148026 0.023452
v -0.392125 0.104016 0.028907
v -0.294651 0.148026 0.115454
v -0.211583 0.132291 0.082852
v -0.226663 0.132291 0.016783
v -0.315650 0.148026 0.023452
v -0.211583 0.132291 0.082852
v -0.157364 0.062877 0.061572
v -0.168581 0.062877 0.012431
v -0.226663 0.132291 0.016783
v -0.392125 0.104016 0.028907
v -0.315650 0.148026 0.023452
v -0.308598 0.148026 -0.070652
v -0.365530 0.128035 -0.083586
v -0.315650 0.148026 0.023452
v -0.226663 0.132291 0.016783
v -0.221598 0.132291 -0.050795
v -0.308598 0.148026 -0.070652
v -0.226663 0.132291 0.016783
v -0.168581 0.062877 0.012431
v -0.164814 0.062877 -0.037834
v -0.221598 0.132291 -0.050795
v -0.365530 0.128035 -0.083586
v -0.308598 0.148026 -0.070652
v -0.274121 0.148026 -0.158496
v -0.324699 0.128035 -0.187623
v -0.308598 0.148026 -0.070652
v -0.221598 0.132291 -0.050795
v -0.196840 0.132291 -0.113878
v -0.274121 0.148026 -0.158496
v -0.221598 0.132291 -0.050795
v -0.164814 0.062877 -0.037834
v -0.146399 0.062877 -0.084755
v -0.196840 0.132291 -0.113878
v -0.324699 0.128035 -0.187623
v -0.274121 0.148026 -0.158496
v -0.215284 0.148026 -0.232275
v -0.255017 0.128035 -0.275002
v -0.274121 0.148026 -0.158496
v -0.196840 0.132291 -0.113878
v -0.154588 0.132291 -0.166860
v -0.215284 0.148026 -0.232275
v -0.196840 0.132291 -0.113878
v -0.146399 0.062877 -0.084755
v -0.114971 0.062877 -0.124164
v -0.154588 0.132291 -0.166860
v -0.255017 0.128035 -0.275002
v -0.215284 0.148026 -0.232275
v -0.137314 0.148026 -0.285435
v -0.171245 0.104016 -0.353667
v -0.215284 0.148026 -0.232275
v -0.154588 0.132291 -0.166860
v -0.098596 0.132291 -0.205035
v -0.137314 0.148026 -0.285435
v -0.154588 0.132291 -0.166860
v -0.114971 0.062877 -0.124164
v -0.073324 0.062877 -0.152558
v -0.098596 0.132291 -0.205035
v -0.171245 0.104016 -0.353667
v -0.137314 0.148026 -0.285435
v -0.047139 0.148026 -0.313250
v -0.059558 0.104016 -0.388118
v -0.137314 0.148026 -0.285435
v -0.098596 0.132291 -0.205035
v -0.033839 0.132291 -0.225010
v -0.047139 0.148026 -0.313250
v -0.098596 0.132291 -0.205035
v -0.073324 0.062877 -0.152558
v -0.025158 0.062877 -0.167416
v -0.033839 0.132291 -0.225010
v -0.059558 0.104016 -0.388118
v -0.047139 0.148026 -0.313250
v 0.047228 0.148026 -0.313250
v 0.060089 0.110873 -0.376133
v -0.047139 0.148026 -0.313250
v -0.033839 0.132291 -0.225010
v 0.033928 0.132291 -0.225010
v 0.047228 0.148026 -0.313250
v -0.033839 0.132291 -0.225010
v -0.025158 0.062877 -0.167416
v 0.025247 0.062877 -0.167416
v 0.033928 0.132291 -0.225010
v 0.060089 0.110873 -0.376133
v 0.047228 0.148026 -0.313250
v 0.137403 0.148026 -0.285435
v 0.169009 0.104016 -0.353667
v 0.047228 0.148026 -0.313250
v 0.033928 0.132291 -0.225010
v 0.098685 0.132291 -0.205035
v 0.137403 0.148026 -0.285435
v 0.033928 0.132291 -0.225010
v 0.025247 0.062877 -0.167416
v 0.073414 0.062877 -0.152558
v 0.098685 0.132291 -0.205035
v 0.169009 0.104016 -0.353667
v 0.137403 0.148026 -0.285435
v 0.215374 0.148026 -0.232276
v 0.265579 0.104016 -0.287827
v 0.137403 0.148026 -0.285435
v 0.098685 0.132291 -0.205035
v 0.154677 0.132291 -0.166860
v 0.215374 0.148026 -0.232276
v 0.098685 0.132291 -0.205035
v 0.073414 0.062877 -0.152558
v 0.115061 0.062877 -0.124164
v 0.154677 0.132291 -0.166860
v 0.265579 0.104016 -0.287827
v 0.215374 0.148026 -0.232276
v 0.274211 0.148026 -0.158496
v 0.324706 0.128035 -0.187623
v 0.215374 0.148026 -0.232276
v 0.154677 0.132291 -0.166860
v 0.196930 0.132291 -0.113878
v 0.274211 0.148026 -0.158496
v 0.154677 0.132291 -0.166860
v 0.115061 0.062877 -0.124164
v 0.146488 0.062877 -0.084755
v 0.196930 0.132291 -0.113878
v 0.324706 0.128035 -0.187623
v 0.274211 0.148026 -0.158496
v 0.308687 0.148026 -0.070652
v 0.381154 0.104016 -0.087646
v 0.274211 0.148026 -0.158496
v 0.196930 0.132291 -0.113878
v 0.221688 0.132291 -0.050795
v 0.308687 0.148026 -0.070652
v 0.196930 0.132291 -0.113878
v 0.146488 0.062877 -0.084755
v 0.164903 0.062877 -0.037834
v 0.221688 0.132291 -0.050795
v 0.381154 0.104016 -0.087646
v 0.308687 0.148026 -0.070652
v 0.315739 0.148026 0.023452
v 0.380586 0.106666 0.029844
v 0.308687 0.148026 -0.070652
v 0.221688 0.132291 -0.050795
v 0.226752 0.132291 0.016783
v 0.315739 0.148026 0.023452
v 0.221688 0.132291 -0.050795
v 0.164903 0.062877 -0.037834
v 0.168670 0.062877 0.012431
v 0.226752 0.132291 0.016783
v 0.380586 0.106666 0.029844
v 0.315739 0.148026 0.023452
v 0.294741 0.148026 0.115453
v 0.363880 0.104016 0.142856
v 0.315739 0.148026 0.023452
v 0.226752 0.132291 0.016783
v 0.211673 0.132291 0.082852
v 0.294741 0.148026 0.115453
v 0.226752 0.132291 0.016783
v 0.168670 0.062877 0.012431
v 0.157454 0.062877 0.061572
v 0.211673 0.132291 0.082852
v 0.363880 0.104016 0.142856
v 0.294741 0.148026 0.115453
v 0.247557 0.148026 0.197178
v 0.305440 0.104016 0.244077
v 0.294741 0.148026 0.115453
v 0.211673 0.132291 0.082852
v 0.177789 0.132291 0.141540
v 0.247557 0.148026 0.197178
v 0.211673 0.132291 0.082852
v 0.157454 0.062877 0.061572
v 0.132251 0.062877 0.105225
v 0.177789 0.132291 0.141540
v 0.305440 0.104016 0.244077
v 0.247557 0.148026 0.197178
v 0.178380 0.148026 0.261364
v 0.219761 0.104016 0.323575
v 0.247557 0.148026 0.197178
v 0.177789 0.132291 0.141540
v 0.128112 0.132291 0.187634
v 0.178380 0.148026 0.261364
v 0.177789 0.132291 0.141540
v 0.132251 0.062877 0.105225
v 0.095301 0.062877 0.139509
v 0.128112 0.132291 0.187634
v 0.219761 0.104016 0.323575
v 0.178380 0.148026 0.261364
v 0.093358 0.148026 0.302309
v 0.110517 0.128035 0.358121
v 0.178380 0.148026 0.261364
v 0.128112 0.132291 0.187634
v 0.067055 0.132291 0.217037
v 0.093358 0.148026 0.302309
v 0.128112 0.132291 0.187634
v 0.095301 0.062877 0.139509
v 0.049887 0.062877 0.161379
v 0.067055 0.132291 0.217037
v 0.110517 0.128035 0.358121
v 0.093358 0.148026 0.302309
v 0.000045 0.148026 0.316374
v 0.000004 0.128035 0.374779
v 0.093358 0.148026 0.302309
v 0.067055 0.132291 0.217037
v 0.000045 0.132291 0.227137
v 0.000045 0.148026 0.316374
v 0.067055 0.132291 0.217037
v 0.049887 0.062877 0.161379
v 0.000045 0.062877 0.168892
v 0.000045 0.132291 0.227137
v 0.379538 0.024168 -0.220991
v 0.342171 0.102719 -0.197733
v 0.414832 0.057130 -0.095819
v 0.413332 0.025566 -0.133390
v -0.135546 -0.006528 0.432010
v -0.116399 0.102719 0.377296
v -0.222497 0.102719 0.326202
v -0.250149 0.024922 0.363184
v 0.129128 0.012781 0.424721
v 0.116489 0.102719 0.377296
v 0.000045 0.102719 0.394847
v -0.002085 0.014768 0.443713
v -0.002085 0.014768 0.443713
v 0.000045 0.102719 0.394847
v -0.116399 0.102719 0.377296
v -0.135546 -0.006528 0.432010
v -0.383294 0.025376 -0.220752
v -0.342081 0.102719 -0.197733
v -0.268660 0.102719 -0.289801
v -0.303488 0.017920 -0.325497
v -0.428882 0.031477 -0.098074
v -0.385103 0.102719 -0.088114
v -0.342081 0.102719 -0.197733
v -0.383294 0.025376 -0.220752
v 0.116489 0.102719 0.377296
v 0.110517 0.128035 0.358121
v 0.000004 0.128035 0.374779
v 0.000045 0.102719 0.394847
v 0.238813 0.057130 0.352671
v 0.219761 0.104016 0.323575
v 0.110517 0.128035 0.358121
v 0.116489 0.102719 0.377296
v 0.332257 0.057130 0.265968
v 0.305440 0.104016 0.244077
v 0.219761 0.104016 0.323575
v 0.238813 0.057130 0.352671
v 0.395993 0.057130 0.155573
v 0.363880 0.104016 0.142856
v 0.305440 0.104016 0.244077
v 0.332257 0.057130 0.265968
v 0.406703 0.062160 0.033076
v 0.380586 0.106666 0.029844
v 0.363880 0.104016 0.142856
v 0.395993 0.057130 0.155573
v 0.414832 0.057130 -0.095819
v 0.381154 0.104016 -0.087646
v 0.380586 0.106666 0.029844
v 0.406703 0.062160 0.033076
v 0.342171 0.102719 -0.197733
v 0.324706 0.128035 -0.187623
v 0.381154 0.104016 -0.087646
v 0.414832 0.057130 -0.095819
v 0.288784 0.057130 -0.314142
v 0.265579 0.104016 -0.287827
v 0.324706 0.128035 -0.187623
v 0.342171 0.102719 -0.197733
v 0.183461 0.057130 -0.385950
v 0.169009 0.104016 -0.353667
v 0.265579 0.104016 -0.287827
v 0.288784 0.057130 -0.314142
v 0.066904 0.070145 -0.400774
v 0.060089 0.110873 -0.376133
v 0.169009 0.104016 -0.353667
v 0.183461 0.057130 -0.385950
v -0.065821 0.057130 -0.423523
v -0.059558 0.104016 -0.388118
v 0.060089 0.110873 -0.376133
v 0.066904 0.070145 -0.400774
v -0.187630 0.057130 -0.385950
v -0.171245 0.104016 -0.353667
v -0.059558 0.104016 -0.388118
v -0.065821 0.057130 -0.423523
v -0.268660 0.102719 -0.289801
v -0.255017 0.128035 -0.275002
v -0.171245 0.104016 -0.353667
v -0.187630 0.057130 -0.385950
v -0.342081 0.102719 -0.197733
v -0.324699 0.128035 -0.187623
v -0.255017 0.128035 -0.275002
v -0.268660 0.102719 -0.289801
v -0.385103 0.102719 -0.088114
v -0.365530 0.128035 -0.083586
v -0.324699 0.128035 -0.187623
v -0.342081 0.102719 -0.197733
v -0.428528 0.057130 0.031297
v -0.392125 0.104016 0.028907
v -0.365530 0.128035 -0.083586
v -0.385103 0.102719 -0.088114
v -0.400162 0.057130 0.155573
v -0.366116 0.104016 0.142856
v -0.392125 0.104016 0.028907
v -0.428528 0.057130 0.031297
v -0.336426 0.057130 0.265968
v -0.307677 0.104016 0.244077
v -0.366116 0.104016 0.142856
v -0.400162 0.057130 0.155573
v -0.222497 0.102719 0.326202
v -0.211205 0.128035 0.309630
v -0.307677 0.104016 0.244077
v -0.336426 0.057130 0.265968
v -0.116399 0.102719 0.377296
v -0.110510 0.128035 0.358121
v -0.211205 0.128035 0.309630
v -0.222497 0.102719 0.326202
v 0.000045 0.102719 0.394847
v 0.000004 0.128035 0.374779
v -0.110510 0.128035 0.358121
v -0.116399 0.102719 0.377296
v -0.048710 0.089753 -0.413184
v -0.026523 0.086322 -0.373383
v -0.035146 0.093738 -0.367937
v -0.057333 0.097169 -0.407738
v -0.026523 0.086322 -0.373383
v -0.019655 0.096477 -0.376336
v -0.028278 0.103892 -0.370890
v -0.035146 0.093738 -0.367937
v -0.019655 0.096477 -0.376336
v -0.041842 0.099908 -0.416137
v -0.050465 0.107324 -0.410691
v -0.028278 0.103892 -0.370890
v -0.041842 0.099908 -0.416137
v -0.048710 0.089753 -0.413184
v -0.057333 0.097169 -0.407738
v -0.050465 0.107324 -0.410691
v -0.026523 0.086322 -0.373383
v -0.048710 0.089753 -0.413184
v -0.041842 0.099908 -0.416137
v -0.019655 0.096477 -0.376336
v -0.028278 0.103892 -0.370890
v -0.050465 0.107324 -0.410691
v -0.057333 0.097169 -0.407738
v -0.035146 0.093738 -0.367937
v 0.118591 0.137109 0.287054
v 0.107200 0.144472 0.327868
v 0.093030 0.142805 0.319984
v 0.105688 0.134982 0.281506
v 0.107200 0.144472 0.327868
v 0.104611 0.157092 0.322234
v 0.091707 0.154965 0.316686
v 0.093030 0.142805 0.319984
v 0.104611 0.157092 0.322234
v 0.117269 0.149269 0.283756
v 0.103099 0.147602 0.275872
v 0.091707 0.154965 0.316686
v 0.117269 0.149269 0.283756
v 0.118591 0.137109 0.287054
v 0.105688 0.134982 0.281506
v 0.103099 0.147602 0.275872
v 0.107200 0.144472 0.327868
v 0.118591 0.137109 0.287054
v 0.117269 0.149269 0.283756
v 0.104611 0.157092 0.322234
v 0.091707 0.154965 0.316686
v 0.103099 0.147602 0.275872
v 0.105688 0.134982 0.281506
v 0.093030 0.142805 0.319984
v -0.202468 0.118490 0.126437
v -0.177524 0.141680 0.150634
v -0.184782 0.141307 0.162610
v -0.210766 0.118342 0.135994
v -0.177524 0.141680 0.150634
v -0.184051 0.152090 0.144432
v -0.192349 0.151942 0.153989
v -0.184782 0.141307 0.162610
v -0.184051 0.152090 0.144432
v -0.210035 0.129125 0.117816
v -0.217293 0.128753 0.129791
v -0.192349 0.151942 0.153989
v -0.210035 0.129125 0.117816
v -0.202468 0.118490 0.126437
v -0.210766 0.118342 0.135994
v -0.217293 0.128753 0.129791
v -0.177524 0.141680 0.150634
v -0.202468 0.118490 0.126437
v -0.210035 0.129125 0.117816
v -0.184051 0.152090 0.144432
v -0.192349 0.151942 0.153989
v -0.217293 0.128753 0.129791
v -0.210766 0.118342 0.135994
v -0.184782 0.141307 0.162610
v 0.328534 0.113108 -0.141539
v 0.354766 0.124870 -0.108421
v 0.345316 0.126061 -0.099434
v 0.318841 0.114416 -0.133727
v 0.354766 0.124870 -0.108421
v 0.352242 0.136906 -0.113703
v 0.342549 0.138214 -0.105891
v 0.345316 0.126061 -0.099434
v 0.352242 0.136906 -0.113703
v 0.325767 0.125262 -0.147996
v 0.316317 0.126452 -0.139009
v 0.342549 0.138214 -0.105891
v 0.325767 0.125262 -0.147996
v 0.328534 0.113108 -0.141539
v 0.318841 0.114416 -0.133727
v 0.316317 0.126452 -0.139009
v 0.354766 0.124870 -0.108421
v 0.328534 0.113108 -0.141539
v 0.325767 0.125262 -0.147996
v 0.352242 0.136906 -0.113703
v 0.342549 0.138214 -0.105891
v 0.316317 0.126452 -0.139009
v 0.318841 0.114416 -0.133727
v 0.345316 0.126061 -0.099434
v -0.050812 0.135335 -0.338373
v -0.016076 0.127546 -0.314325
v -0.016910 0.137440 -0.304311
v -0.052502 0.145355 -0.330404
v -0.016076 0.127546 -0.314325
v -0.009947 0.134966 -0.322827
v -0.011638 0.144986 -0.314858
v -0.016910 0.137440 -0.304311
v -0.009947 0.134966 -0.322827
v -0.045540 0.142880 -0.348919
v -0.046373 0.152774 -0.338906
v -0.011638 0.144986 -0.314858
v -0.045540 0.142880 -0.348919
v -0.050812 0.135335 -0.338373
v -0.052502 0.145355 -0.330404
v -0.046373 0.152774 -0.338906
v -0.016076 0.127546 -0.314325
v -0.050812 0.135335 -0.338373
v -0.045540 0.142880 -0.348919
v -0.009947 0.134966 -0.322827
v -0.011638 0.144986 -0.314858
v -0.046373 0.152774 -0.338906
v -0.052502 0.145355 -0.330404
v -0.016910 0.137440 -0.304311
v 0.183478 0.083217 0.369098
v 0.144698 0.088956 0.354400
v 0.147032 0.094568 0.340085
v 0.186992 0.088890 0.357106
v 0.144698 0.088956 0.354400
v 0.144702 0.100182 0.360236
v 0.148215 0.105855 0.348244
v 0.147032 0.094568 0.340085
v 0.144702 0.100182 0.360236
v 0.184662 0.094504 0.377257
v 0.186996 0.100116 0.362942
v 0.148215 0.105855 0.348244
v 0.184662 0.094504 0.377257
v 0.183478 0.083217 0.369098
v 0.186992 0.088890 0.357106
v 0.186996 0.100116 0.362942
v 0.144698 0.088956 0.354400
v 0.183478 0.083217 0.369098
v 0.184662 0.094504 0.377257
v 0.144702 0.100182 0.360236
v 0.148215 0.105855 0.348244
v 0.186996 0.100116 0.362942
v 0.186992 0.088890 0.357106
v 0.147032 0.094568 0.340085
v -0.055049 0.064510 -0.178303
v -0.084119 0.069219 -0.151197
v -0.090486 0.078838 -0.160095
v -0.062134 0.074224 -0.189226
v -0.084119 0.069219 -0.151197
v -0.074968 0.077340 -0.141246
v -0.082053 0.087054 -0.152169
v -0.090486 0.078838 -0.160095
v -0.074968 0.077340 -0.141246
v -0.046615 0.072726 -0.170376
v -0.052983 0.082344 -0.179275
v -0.082053 0.087054 -0.152169
v -0.046615 0.072726 -0.170376
v -0.055049 0.064510 -0.178303
v -0.062134 0.074224 -0.189226
v -0.052983 0.082344 -0.179275
v -0.084119 0.069219 -0.151197
v -0.055049 0.064510 -0.178303
v -0.046615 0.072726 -0.170376
v -0.074968 0.077340 -0.141246
v -0.082053 0.087054 -0.152169
v -0.052983 0.082344 -0.179275
v -0.062134 0.074224 -0.189226
v -0.090486 0.078838 -0.160095
v 0.352686 0.112970 -0.042395
v 0.374475 0.113366 -0.002316
v 0.363242 0.113921 0.003539
v 0.341585 0.113494 -0.036554
v 0.374475 0.113366 -0.002316
v 0.374373 0.126025 -0.003487
v 0.363271 0.126550 0.002354
v 0.363242 0.113921 0.003539
v 0.374373 0.126025 -0.003487
v 0.352715 0.125599 -0.043580
v 0.341482 0.126154 -0.037725
v 0.363271 0.126550 0.002354
v 0.352715 0.125599 -0.043580
v 0.352686 0.112970 -0.042395
v 0.341585 0.113494 -0.036554
v 0.341482 0.126154 -0.037725
v 0.374475 0.113366 -0.002316
v 0.352686 0.112970 -0.042395
v 0.352715 0.125599 -0.043580
v 0.374373 0.126025 -0.003487
v 0.363271 0.126550 0.002354
v 0.341482 0.126154 -0.037725
v 0.341585 0.113494 -0.036554
v 0.363242 0.113921 0.003539
v 0.187688 0.087677 -0.369360
v 0.200321 0.086992 -0.326121
v 0.187833 0.090992 -0.324756
v 0.175093 0.091392 -0.368002
v 0.200321 0.086992 -0.326121
v 0.204013 0.099206 -0.326985
v 0.191418 0.102921 -0.325627
v 0.187833 0.090992 -0.324756
v 0.204013 0.099206 -0.326985
v 0.191273 0.099606 -0.370232
v 0.178786 0.103606 -0.368867
v 0.191418 0.102921 -0.325627
v 0.191273 0.099606 -0.370232
v 0.187688 0.087677 -0.369360
v 0.175093 0.091392 -0.368002
v 0.178786 0.103606 -0.368867
v 0.200321 0.086992 -0.326121
v 0.187688 0.087677 -0.369360
v 0.191273 0.099606 -0.370232
v 0.204013 0.099206 -0.326985
v 0.191418 0.102921 -0.325627
v 0.178786 0.103606 -0.368867
v 0.175093 0.091392 -0.368002
v 0.187833 0.090992 -0.324756
v 0.224681 0.118494 0.022556
v 0.221640 0.145819 -0.010655
v 0.232972 0.140624 -0.014621
v 0.235124 0.113562 0.017892
v 0.221640 0.145819 -0.010655
v 0.230698 0.153422 -0.000249
v 0.241141 0.148490 -0.004913
v 0.232972 0.140624 -0.014621
v 0.230698 0.153422 -0.000249
v 0.232850 0.126360 0.032265
v 0.244181 0.121164 0.028298
v 0.241141 0.148490 -0.004913
v 0.232850 0.126360 0.032265
v 0.224681 0.118494 0.022556
v 0.235124 0.113562 0.017892
v 0.244181 0.121164 0.028298
v 0.221640 0.145819 -0.010655
v 0.224681 0.118494 0.022556
v 0.232850 0.126360 0.032265
v 0.230698 0.153422 -0.000249
v 0.241141 0.148490 -0.004913
v 0.244181 0.121164 0.028298
v 0.235124 0.113562 0.017892
v 0.232972 0.140624 -0.014621
v -0.341289 0.133101 -0.120480
v -0.308198 0.120292 -0.138840
v -0.301249 0.130975 -0.134263
v -0.334741 0.143900 -0.115907
v -0.308198 0.120292 -0.138840
v -0.314467 0.125564 -0.153966
v -0.307918 0.136362 -0.149393
v -0.301249 0.130975 -0.134263
v -0.314467 0.125564 -0.153966
v -0.347958 0.138488 -0.135611
v -0.341010 0.149172 -0.131034
v -0.307918 0.136362 -0.149393
v -0.347958 0.138488 -0.135611
v -0.341289 0.133101 -0.120480
v -0.334741 0.143900 -0.115907
v -0.341010 0.149172 -0.131034
v -0.308198 0.120292 -0.138840
v -0.341289 0.133101 -0.120480
v -0.347958 0.138488 -0.135611
v -0.314467 0.125564 -0.153966
v -0.307918 0.136362 -0.149393
v -0.341010 0.149172 -0.131034
v -0.334741 0.143900 -0.115907
v -0.301249 0.130975 -0.134263
v -0.306763 0.096022 0.248684
v -0.326321 0.082471 0.211071
v -0.329159 0.094397 0.204817
v -0.310161 0.108002 0.242280
v -0.326321 0.082471 0.211071
v -0.337496 0.082596 0.216578
v -0.340893 0.094577 0.210174
v -0.329159 0.094397 0.204817
v -0.337496 0.082596 0.216578
v -0.318497 0.096201 0.254041
v -0.321335 0.108127 0.247787
v -0.340893 0.094577 0.210174
v -0.318497 0.096201 0.254041
v -0.306763 0.096022 0.248684
v -0.310161 0.108002 0.242280
v -0.321335 0.108127 0.247787
v -0.326321 0.082471 0.211071
v -0.306763 0.096022 0.248684
v -0.318497 0.096201 0.254041
v -0.337496 0.082596 0.216578
v -0.340893 0.094577 0.210174
v -0.321335 0.108127 0.247787
v -0.310161 0.108002 0.242280
v -0.329159 0.094397 0.204817
v 0.126563 0.056791 0.127381
v 0.149806 0.080391 0.104869
v 0.151934 0.088617 0.116126
v 0.129544 0.064657 0.140747
v 0.149806 0.080391 0.104869
v 0.137358 0.086906 0.096690
v 0.140339 0.094773 0.110055
v 0.151934 0.088617 0.116126
v 0.137358 0.086906 0.096690
v 0.114968 0.062947 0.121311
v 0.117096 0.071173 0.132567
v 0.140339 0.094773 0.110055
v 0.114968 0.062947 0.121311
v 0.126563 0.056791 0.127381
v 0.129544 0.064657 0.140747
v 0.117096 0.071173 0.132567
v 0.149806 0.080391 0.104869
v 0.126563 0.056791 0.127381
v 0.114968 0.062947 0.121311
v 0.137358 0.086906 0.096690
v 0.140339 0.094773 0.110055
v 0.117096 0.071173 0.132567
v 0.129544 0.064657 0.140747
v 0.151934 0.088617 0.116126
v 0.172872 0.123739 -0.148767
v 0.175325 0.128843 -0.190738
v 0.184739 0.137426 -0.187826
v 0.183734 0.132084 -0.143696
v 0.175325 0.128843 -0.190738
v 0.164994 0.138348 -0.193275
v 0.175857 0.146693 -0.188204
v 0.184739 0.137426 -0.187826
v 0.164994 0.138348 -0.193275
v 0.163989 0.133006 -0.149145
v 0.173403 0.141589 -0.146233
v 0.175857 0.146693 -0.188204
v 0.163989 0.133006 -0.149145
v 0.172872 0.123739 -0.148767
v 0.183734 0.132084 -0.143696
v 0.173403 0.141589 -0.146233
v 0.175325 0.128843 -0.190738
v 0.172872 0.123739 -0.148767
v 0.163989 0.133006 -0.149145
v 0.164994 0.138348 -0.193275
v 0.175857 0.146693 -0.188204
v 0.173403 0.141589 -0.146233
v 0.183734 0.132084 -0.143696
v 0.184739 0.137426 -0.187826
v 0.308396 0.108245 -0.213747
v 0.322352 0.124680 -0.176061
v 0.318421 0.136216 -0.182735
v 0.303574 0.119851 -0.221147
v 0.322352 0.124680 -0.176061
v 0.334797 0.125864 -0.179872
v 0.329975 0.137470 -0.187272
v 0.318421 0.136216 -0.182735
v 0.334797 0.125864 -0.179872
v 0.319950 0.109500 -0.218284
v 0.316019 0.121036 -0.224958
v 0.329975 0.137470 -0.187272
v 0.319950 0.109500 -0.218284
v 0.308396 0.108245 -0.213747
v 0.303574 0.119851 -0.221147
v 0.316019 0.121036 -0.224958
v 0.322352 0.124680 -0.176061
v 0.308396 0.108245 -0.213747
v 0.319950 0.109500 -0.218284
v 0.334797 0.125864 -0.179872
v 0.329975 0.137470 -0.187272
v 0.316019 0.121036 -0.224958
v 0.303574 0.119851 -0.221147
v 0.318421 0.136216 -0.182735
v -0.389214 0.082504 0.101573
v -0.403420 0.052735 0.074466
v -0.406304 0.061221 0.062531
v -0.393360 0.091156 0.088161
v -0.403420 0.052735 0.074466
v -0.415285 0.054518 0.078067
v -0.419431 0.063170 0.064654
v -0.406304 0.061221 0.062531
v -0.415285 0.054518 0.078067
v -0.402341 0.084453 0.103697
v -0.405225 0.092939 0.091762
v -0.419431 0.063170 0.064654
v -0.402341 0.084453 0.103697
v -0.389214 0.082504 0.101573
v -0.393360 0.091156 0.088161
v -0.405225 0.092939 0.091762
v -0.403420 0.052735 0.074466
v -0.389214 0.082504 0.101573
v -0.402341 0.084453 0.103697
v -0.415285 0.054518 0.078067
v -0.419431 0.063170 0.064654
v -0.405225 0.092939 0.091762
v -0.393360 0.091156 0.088161
v -0.406304 0.061221 0.062531
v -0.211529 0.086905 0.352318
v -0.229489 0.079247 0.311606
v -0.232707 0.091565 0.308273
v -0.215289 0.099275 0.348668
v -0.229489 0.079247 0.311606
v -0.240879 0.077570 0.316480
v -0.244639 0.089940 0.312830
v -0.232707 0.091565 0.308273
v -0.240879 0.077570 0.316480
v -0.223461 0.085280 0.356875
v -0.226679 0.097598 0.353542
v -0.244639 0.089940 0.312830
v -0.223461 0.085280 0.356875
v -0.211529 0.086905 0.352318
v -0.215289 0.099275 0.348668
v -0.226679 0.097598 0.353542
v -0.229489 0.079247 0.311606
v -0.211529 0.086905 0.352318
v -0.223461 0.085280 0.356875
v -0.240879 0.077570 0.316480
v -0.244639 0.089940 0.312830
v -0.226679 0.097598 0.353542
v -0.215289 0.099275 0.348668
v -0.232707 0.091565 0.308273
v -0.232984 0.125159 -0.012726
v -0.249038 0.127353 0.024891
v -0.258871 0.135317 0.018831
v -0.244305 0.133172 -0.021373
v -0.249038 0.127353 0.024891
v -0.240094 0.137260 0.030541
v -0.251415 0.145273 0.021894
v -0.258871 0.135317 0.018831
v -0.240094 0.137260 0.030541
v -0.225528 0.135115 -0.009663
v -0.235360 0.143079 -0.015723
v -0.251415 0.145273 0.021894
v -0.225528 0.135115 -0.009663
v -0.232984 0.125159 -0.012726
v -0.244305 0.133172 -0.021373
v -0.235360 0.143079 -0.015723
v -0.249038 0.127353 0.024891
v -0.232984 0.125159 -0.012726
v -0.225528 0.135115 -0.009663
v -0.240094 0.137260 0.030541
v -0.251415 0.145273 0.021894
v -0.235360 0.143079 -0.015723
v -0.244305 0.133172 -0.021373
v -0.258871 0.135317 0.018831
v 0.349234 0.119864 0.064085
v 0.364080 0.112367 0.106116
v 0.351976 0.107835 0.107535
v 0.337156 0.115099 0.065360
v 0.364080 0.112367 0.106116
v 0.360112 0.123942 0.109743
v 0.348034 0.119177 0.111018
v 0.351976 0.107835 0.107535
v 0.360112 0.123942 0.109743
v 0.345292 0.131206 0.067568
v 0.333189 0.126674 0.068987
v 0.348034 0.119177 0.111018
v 0.345292 0.131206 0.067568
v 0.349234 0.119864 0.064085
v 0.337156 0.115099 0.065360
v 0.333189 0.126674 0.068987
v 0.364080 0.112367 0.106116
v 0.349234 0.119864 0.064085
v 0.345292 0.131206 0.067568
v 0.360112 0.123942 0.109743
v 0.348034 0.119177 0.111018
v 0.333189 0.126674 0.068987
v 0.337156 0.115099 0.065360
v 0.351976 0.107835 0.107535
v 0.393862 0.089525 0.002689
v 0.370522 0.098723 0.034209
v 0.362984 0.107335 0.025156
v 0.385108 0.098197 -0.008843
v 0.370522 0.098723 0.034209
v 0.380477 0.107623 0.040908
v 0.371722 0.116295 0.029375
v 0.362984 0.107335 0.025156
v 0.380477 0.107623 0.040908
v 0.402600 0.098485 0.006908
v 0.395062 0.107097 -0.002144
v 0.371722 0.116295 0.029375
v 0.402600 0.098485 0.006908
v 0.393862 0.089525 0.002689
v 0.385108 0.098197 -0.008843
v 0.395062 0.107097 -0.002144
v 0.370522 0.098723 0.034209
v 0.393862 0.089525 0.002689
v 0.402600 0.098485 0.006908
v 0.380477 0.107623 0.040908
v 0.371722 0.116295 0.029375
v 0.395062 0.107097 -0.002144
v 0.385108 0.098197 -0.008843
v 0.362984 0.107335 0.025156
v -0.300809 0.139121 0.127041
v -0.315408 0.124347 0.087340
v -0.310561 0.134031 0.080685
v -0.296943 0.149232 0.118545
v -0.315408 0.124347 0.087340
v -0.326985 0.130455 0.087268
v -0.323119 0.140566 0.078772
v -0.310561 0.134031 0.080685
v -0.326985 0.130455 0.087268
v -0.313366 0.145656 0.125128
v -0.308520 0.155340 0.118473
v -0.323119 0.140566 0.078772
v -0.313366 0.145656 0.125128
v -0.300809 0.139121 0.127041
v -0.296943 0.149232 0.118545
v -0.308520 0.155340 0.118473
v -0.315408 0.124347 0.087340
v -0.300809 0.139121 0.127041
v -0.313366 0.145656 0.125128
v -0.326985 0.130455 0.087268
v -0.323119 0.140566 0.078772
v -0.308520 0.155340 0.118473
v -0.296943 0.149232 0.118545
v -0.310561 0.134031 0.080685
v -0.224977 0.141560 -0.203136
v -0.228886 0.134097 -0.245337
v -0.218377 0.140869 -0.246868
v -0.213269 0.148295 -0.203145
v -0.228886 0.134097 -0.245337
v -0.237644 0.144704 -0.250025
v -0.225936 0.151438 -0.250034
v -0.218377 0.140869 -0.246868
v -0.237644 0.144704 -0.250025
v -0.232536 0.152130 -0.206302
v -0.222027 0.158902 -0.207833
v -0.225936 0.151438 -0.250034
v -0.232536 0.152130 -0.206302
v -0.224977 0.141560 -0.203136
v -0.213269 0.148295 -0.203145
v -0.222027 0.158902 -0.207833
v -0.228886 0.134097 -0.245337
v -0.224977 0.141560 -0.203136
v -0.232536 0.152130 -0.206302
v -0.237644 0.144704 -0.250025
v -0.225936 0.151438 -0.250034
v -0.222027 0.158902 -0.207833
v -0.213269 0.148295 -0.203145
v -0.218377 0.140869 -0.246868
v -0.315927 0.103437 0.191381
v -0.321445 0.117419 0.150498
v -0.311877 0.126130 0.154837
v -0.305498 0.111853 0.196573
v -0.321445 0.117419 0.150498
v -0.331266 0.125666 0.153202
v -0.320837 0.134081 0.158395
v -0.311877 0.126130 0.154837
v -0.331266 0.125666 0.153202
v -0.324886 0.111388 0.194938
v -0.315318 0.120099 0.199278
v -0.320837 0.134081 0.158395
v -0.324886 0.111388 0.194938
v -0.315927 0.103437 0.191381
v -0.305498 0.111853 0.196573
v -0.315318 0.120099 0.199278
v -0.321445 0.117419 0.150498
v -0.315927 0.103437 0.191381
v -0.324886 0.111388 0.194938
v -0.331266 0.125666 0.153202
v -0.320837 0.134081 0.158395
v -0.315318 0.120099 0.199278
v -0.305498 0.111853 0.196573
v -0.311877 0.126130 0.154837
v 0.384460 0.032502 -0.180521
v 0.398991 0.035136 -0.138173
v 0.392026 0.046038 -0.138299
v 0.376983 0.043383 -0.181028
v 0.398991 0.035136 -0.138173
v 0.409704 0.041622 -0.141166
v 0.402227 0.052503 -0.141673
v 0.392026 0.046038 -0.138299
v 0.409704 0.041622 -0.141166
v 0.394661 0.038966 -0.183894
v 0.387696 0.049868 -0.184020
v 0.402227 0.052503 -0.141673
v 0.394661 0.038966 -0.183894
v 0.384460 0.032502 -0.180521
v 0.376983 0.043383 -0.181028
v 0.387696 0.049868 -0.184020
v 0.398991 0.035136 -0.138173
v 0.384460 0.032502 -0.180521
v 0.394661 0.038966 -0.183894
v 0.409704 0.041622 -0.141166
v 0.402227 0.052503 -0.141673
v 0.387696 0.049868 -0.184020
v 0.376983 0.043383 -0.181028
v 0.392026 0.046038 -0.138299
v 0.219153 0.131058 -0.085723
v 0.205671 0.124232 -0.127326
v 0.217336 0.127259 -0.130895
v 0.231599 0.133973 -0.088513
v 0.205671 0.124232 -0.127326
v 0.200843 0.136459 -0.130742
v 0.213288 0.139374 -0.133533
v 0.217336 0.127259 -0.130895
v 0.200843 0.136459 -0.130742
v 0.215106 0.143173 -0.088360
v 0.226771 0.146200 -0.091929
v 0.213288 0.139374 -0.133533
v 0.215106 0.143173 -0.088360
v 0.219153 0.131058 -0.085723
v 0.231599 0.133973 -0.088513
v 0.226771 0.146200 -0.091929
v 0.205671 0.124232 -0.127326
v 0.219153 0.131058 -0.085723
v 0.215106 0.143173 -0.088360
v 0.200843 0.136459 -0.130742
v 0.213288 0.139374 -0.133533
v 0.226771 0.146200 -0.091929
v 0.231599 0.133973 -0.088513
v 0.217336 0.127259 -0.130895
v -0.395206 0.056801 -0.137992
v -0.373408 0.037920 -0.167032
v -0.370301 0.049073 -0.172375
v -0.392637 0.068169 -0.144823
v -0.373408 0.037920 -0.167032
v -0.385305 0.037909 -0.178226
v -0.382736 0.049277 -0.185057
v -0.370301 0.049073 -0.172375
v -0.385305 0.037909 -0.178226
v -0.407640 0.057006 -0.150674
v -0.404534 0.068158 -0.156017
v -0.382736 0.049277 -0.185057
v -0.407640 0.057006 -0.150674
v -0.395206 0.056801 -0.137992
v -0.392637 0.068169 -0.144823
v -0.404534 0.068158 -0.156017
v -0.373408 0.037920 -0.167032
v -0.395206 0.056801 -0.137992
v -0.407640 0.057006 -0.150674
v -0.385305 0.037909 -0.178226
v -0.382736 0.049277 -0.185057
v -0.404534 0.068158 -0.156017
v -0.392637 0.068169 -0.144823
v -0.370301 0.049073 -0.172375
v -0.068452 0.125425 -0.320381
v -0.037428 0.149776 -0.309326
v -0.043446 0.155029 -0.297956
v -0.075489 0.130680 -0.311273
v -0.037428 0.149776 -0.309326
v -0.042756 0.158651 -0.319850
v -0.049794 0.163906 -0.310742
v -0.043446 0.155029 -0.297956
v -0.042756 0.158651 -0.319850
v -0.074800 0.134302 -0.333166
v -0.080818 0.139556 -0.321797
v -0.049794 0.163906 -0.310742
v -0.074800 0.134302 -0.333166
v -0.068452 0.125425 -0.320381
v -0.075489 0.130680 -0.311273
v -0.080818 0.139556 -0.321797
v -0.037428 0.149776 -0.309326
v -0.068452 0.125425 -0.320381
v -0.074800 0.134302 -0.333166
v -0.042756 0.158651 -0.319850
v -0.049794 0.163906 -0.310742
v -0.080818 0.139556 -0.321797
v -0.075489 0.130680 -0.311273
v -0.043446 0.155029 -0.297956
v -0.350235 0.082796 -0.202705
v -0.320133 0.076001 -0.228207
v -0.313786 0.086644 -0.223478
v -0.343458 0.093483 -0.196590
v -0.320133 0.076001 -0.228207
v -0.328899 0.082507 -0.241886
v -0.322122 0.093195 -0.235770
v -0.313786 0.086644 -0.223478
v -0.328899 0.082507 -0.241886
v -0.358571 0.089347 -0.214997
v -0.352224 0.099990 -0.210268
v -0.322122 0.093195 -0.235770
v -0.358571 0.089347 -0.214997
v -0.350235 0.082796 -0.202705
v -0.343458 0.093483 -0.196590
v -0.352224 0.099990 -0.210268
v -0.320133 0.076001 -0.228207
v -0.350235 0.082796 -0.202705
v -0.358571 0.089347 -0.214997
v -0.328899 0.082507 -0.241886
v -0.322122 0.093195 -0.235770
v -0.352224 0.099990 -0.210268
v -0.343458 0.093483 -0.196590
v -0.313786 0.086644 -0.223478
v -0.216803 0.128302 -0.310774
v -0.184096 0.107723 -0.294153
v -0.181127 0.115620 -0.280884
v -0.214548 0.136549 -0.299435
v -0.184096 0.107723 -0.294153
v -0.176489 0.114773 -0.301199
v -0.174235 0.123020 -0.289860
v -0.181127 0.115620 -0.280884
v -0.176489 0.114773 -0.301199
v -0.209911 0.135703 -0.319751
v -0.206942 0.143599 -0.306481
v -0.174235 0.123020 -0.289860
v -0.209911 0.135703 -0.319751
v -0.216803 0.128302 -0.310774
v -0.214548 0.136549 -0.299435
v -0.206942 0.143599 -0.306481
v -0.184096 0.107723 -0.294153
v -0.216803 0.128302 -0.310774
v -0.209911 0.135703 -0.319751
v -0.176489 0.114773 -0.301199
v -0.174235 0.123020 -0.289860
v -0.206942 0.143599 -0.306481
v -0.214548 0.136549 -0.299435
v -0.181127 0.115620 -0.280884
v -0.051651 0.114273 0.344211
v -0.079743 0.142527 0.348945
v -0.076645 0.149419 0.336004
v -0.047288 0.120738 0.333252
v -0.079743 0.142527 0.348945
v -0.070978 0.148726 0.359343
v -0.066615 0.155191 0.348383
v -0.076645 0.149419 0.336004
v -0.070978 0.148726 0.359343
v -0.041621 0.120045 0.356591
v -0.038523 0.126936 0.343649
v -0.066615 0.155191 0.348383
v -0.041621 0.120045 0.356591
v -0.051651 0.114273 0.344211
v -0.047288 0.120738 0.333252
v -0.038523 0.126936 0.343649
v -0.079743 0.142527 0.348945
v -0.051651 0.114273 0.344211
v -0.041621 0.120045 0.356591
v -0.070978 0.148726 0.359343
v -0.066615 0.155191 0.348383
v -0.038523 0.126936 0.343649
v -0.047288 0.120738 0.333252
v -0.076645 0.149419 0.336004
v -0.004126 0.083883 0.388690
v -0.037719 0.070624 0.405699
v -0.045524 0.081129 0.399114
v -0.011463 0.094538 0.382006
v -0.037719 0.070624 0.405699
v -0.032902 0.076231 0.420054
v -0.040240 0.086885 0.413369
v -0.045524 0.081129 0.399114
v -0.032902 0.076231 0.420054
v 0.001158 0.089639 0.402945
v -0.006646 0.100145 0.396361
v -0.040240 0.086885 0.413369
v 0.001158 0.089639 0.402945
v -0.004126 0.083883 0.388690
v -0.011463 0.094538 0.382006
v -0.006646 0.100145 0.396361
v -0.037719 0.070624 0.405699
v -0.004126 0.083883 0.388690
v 0.001158 0.089639 0.402945
v -0.032902 0.076231 0.420054
v -0.040240 0.086885 0.413369
v -0.006646 0.100145 0.396361
v -0.011463 0.094538 0.382006
v -0.045524 0.081129 0.399114
v 0.210337 0.133847 0.097171
v 0.217694 0.119553 0.059183
v 0.230700 0.121462 0.062273
v 0.224855 0.135384 0.102960
v 0.217694 0.119553 0.059183
v 0.214953 0.131600 0.051158
v 0.229471 0.133137 0.056947
v 0.230700 0.121462 0.062273
v 0.214953 0.131600 0.051158
v 0.209109 0.145522 0.091845
v 0.222114 0.147431 0.094935
v 0.229471 0.133137 0.056947
v 0.209109 0.145522 0.091845
v 0.210337 0.133847 0.097171
v 0.224855 0.135384 0.102960
v 0.222114 0.147431 0.094935
v 0.217694 0.119553 0.059183
v 0.210337 0.133847 0.097171
v 0.209109 0.145522 0.091845
v 0.214953 0.131600 0.051158
v 0.229471 0.133137 0.056947
v 0.222114 0.147431 0.094935
v 0.224855 0.135384 0.102960
v 0.230700 0.121462 0.062273
v 0.264687 0.126543 0.180621
v 0.244137 0.147472 0.208020
v 0.239604 0.156273 0.197113
v 0.259090 0.135327 0.167432
v 0.244137 0.147472 0.208020
v 0.256411 0.154004 0.214082
v 0.250813 0.162789 0.200893
v 0.239604 0.156273 0.197113
v 0.256411 0.154004 0.214082
v 0.275896 0.133059 0.184401
v 0.271364 0.141860 0.173493
v 0.250813 0.162789 0.200893
v 0.275896 0.133059 0.184401
v 0.264687 0.126543 0.180621
v 0.259090 0.135327 0.167432
v 0.271364 0.141860 0.173493
v 0.244137 0.147472 0.208020
v 0.264687 0.126543 0.180621
v 0.275896 0.133059 0.184401
v 0.256411 0.154004 0.214082
v 0.250813 0.162789 0.200893
v 0.271364 0.141860 0.173493
v 0.259090 0.135327 0.167432
v 0.239604 0.156273 0.197113
v -0.297817 0.104319 -0.271153
v -0.266726 0.078566 -0.274623
v -0.257938 0.088315 -0.274594
v -0.289833 0.113982 -0.272026
v -0.266726 0.078566 -0.274623
v -0.270346 0.078796 -0.290848
v -0.262363 0.088459 -0.291720
v -0.257938 0.088315 -0.274594
v -0.270346 0.078796 -0.290848
v -0.302241 0.104463 -0.288280
v -0.293454 0.114212 -0.288251
v -0.262363 0.088459 -0.291720
v -0.302241 0.104463 -0.288280
v -0.297817 0.104319 -0.271153
v -0.289833 0.113982 -0.272026
v -0.293454 0.114212 -0.288251
v -0.266726 0.078566 -0.274623
v -0.297817 0.104319 -0.271153
v -0.302241 0.104463 -0.288280
v -0.270346 0.078796 -0.290848
v -0.262363 0.088459 -0.291720
v -0.293454 0.114212 -0.288251
v -0.289833 0.113982 -0.272026
v -0.257938 0.088315 -0.274594
v 0.052777 0.126248 -0.330146
v 0.088935 0.140661 -0.316723
v 0.085781 0.143633 -0.301949
v 0.048103 0.129525 -0.318201
v 0.088935 0.140661 -0.316723
v 0.085463 0.152078 -0.322120
v 0.080789 0.155355 -0.310175
v 0.085781 0.143633 -0.301949
v 0.085463 0.152078 -0.322120
v 0.047785 0.137970 -0.338372
v 0.044631 0.140942 -0.323598
v 0.080789 0.155355 -0.310175
v 0.047785 0.137970 -0.338372
v 0.052777 0.126248 -0.330146
v 0.048103 0.129525 -0.318201
v 0.044631 0.140942 -0.323598
v 0.088935 0.140661 -0.316723
v 0.052777 0.126248 -0.330146
v 0.047785 0.137970 -0.338372
v 0.085463 0.152078 -0.322120
v 0.080789 0.155355 -0.310175
v 0.044631 0.140942 -0.323598
v 0.048103 0.129525 -0.318201
v 0.085781 0.143633 -0.301949
v -0.137617 0.131763 -0.245781
v -0.162317 0.140629 -0.214368
v -0.174440 0.141554 -0.227209
v -0.149445 0.132334 -0.257785
v -0.162317 0.140629 -0.214368
v -0.160666 0.153175 -0.217337
v -0.172495 0.153745 -0.229341
v -0.174440 0.141554 -0.227209
v -0.160666 0.153175 -0.217337
v -0.135672 0.143955 -0.247913
v -0.147794 0.144880 -0.260754
v -0.172495 0.153745 -0.229341
v -0.135672 0.143955 -0.247913
v -0.137617 0.131763 -0.245781
v -0.149445 0.132334 -0.257785
v -0.147794 0.144880 -0.260754
v -0.162317 0.140629 -0.214368
v -0.137617 0.131763 -0.245781
v -0.135672 0.143955 -0.247913
v -0.160666 0.153175 -0.217337
v -0.172495 0.153745 -0.229341
v -0.147794 0.144880 -0.260754
v -0.149445 0.132334 -0.257785
v -0.174440 0.141554 -0.227209
v 0.283510 0.134104 0.090158
v 0.256604 0.138697 0.053867
v 0.265993 0.138782 0.045105
v 0.292940 0.134362 0.081530
v 0.256604 0.138697 0.053867
v 0.257428 0.151146 0.055054
v 0.266858 0.151405 0.046426
v 0.265993 0.138782 0.045105
v 0.257428 0.151146 0.055054
v 0.284374 0.146727 0.091479
v 0.293763 0.146812 0.082718
v 0.266858 0.151405 0.046426
v 0.284374 0.146727 0.091479
v 0.283510 0.134104 0.090158
v 0.292940 0.134362 0.081530
v 0.293763 0.146812 0.082718
v 0.256604 0.138697 0.053867
v 0.283510 0.134104 0.090158
v 0.284374 0.146727 0.091479
v 0.257428 0.151146 0.055054
v 0.266858 0.151405 0.046426
v 0.293763 0.146812 0.082718
v 0.292940 0.134362 0.081530
v 0.265993 0.138782 0.045105
v 0.136109 0.132355 -0.194647
v 0.097630 0.125027 -0.214129
v 0.101471 0.125313 -0.227706
v 0.138980 0.133166 -0.209891
v 0.097630 0.125027 -0.214129
v 0.095056 0.137266 -0.214890
v 0.097927 0.138077 -0.230134
v 0.101471 0.125313 -0.227706
v 0.095056 0.137266 -0.214890
v 0.132566 0.145119 -0.197075
v 0.136407 0.145405 -0.210653
v 0.097927 0.138077 -0.230134
v 0.132566 0.145119 -0.197075
v 0.136109 0.132355 -0.194647
v 0.138980 0.133166 -0.209891
v 0.136407 0.145405 -0.210653
v 0.097630 0.125027 -0.214129
v 0.136109 0.132355 -0.194647
v 0.132566 0.145119 -0.197075
v 0.095056 0.137266 -0.214890
v 0.097927 0.138077 -0.230134
v 0.136407 0.145405 -0.210653
v 0.138980 0.133166 -0.209891
v 0.101471 0.125313 -0.227706
vn 0.959248 0.196319 -0.203231
vn 0.959248 0.196319 -0.203231
vn 0.959248 0.196319 -0.203231
vn -0.081556 -0.357886 0.930197
vn -0.081556 -0.357886 0.930197
vn -0.081556 -0.357886 0.930197
vn -0.081556 -0.357886 0.930197
vn 0.149042 0.000000 -0.988831
vn 0.149042 0.000000 -0.988831
vn 0.149042 0.000000 -0.988831
vn 0.149042 0.000000 -0.988831
vn 0.114701 -0.638545 -0.760989
vn 0.114701 -0.638545 -0.760989
vn 0.114701 -0.638545 -0.760989
vn 0.114701 -0.638545 -0.760989
vn 0.026164 -0.984471 -0.173589
vn 0.026164 -0.984471 -0.173589
vn 0.026164 -0.984471 -0.173589
vn 0.026164 -0.984471 -0.173589
vn -0.057537 -0.922479 0.381735
vn -0.057537 -0.922479 0.381735
vn -0.057537 -0.922479 0.381735
vn -0.057537 -0.922479 0.381735
vn -0.143381 -0.273000 0.951269
vn -0.143381 -0.273000 0.951269
vn -0.143381 -0.273000 0.951269
vn -0.143381 -0.273000 0.951269
vn -0.486197 -0.240906 0.839986
vn -0.486197 -0.240906 0.839986
vn -0.486197 -0.240906 0.839986
vn -0.486197 -0.240906 0.839986
vn 0.433884 0.000000 -0.900969
vn 0.433884 0.000000 -0.900969
vn 0.433884 0.000000 -0.900969
vn 0.433884 0.000000 -0.900969
vn 0.333910 -0.638546 -0.693371
vn 0.333910 -0.638546 -0.693371
vn 0.333910 -0.638546 -0.693371
vn 0.333910 -0.638546 -0.693371
vn 0.076168 -0.984471 -0.158165
vn 0.076168 -0.984471 -0.158165
vn 0.076168 -0.984471 -0.158165
vn 0.076168 -0.984471 -0.158165
vn -0.167499 -0.922479 0.347816
vn -0.167499 -0.922479 0.347816
vn -0.167499 -0.922479 0.347816
vn -0.167499 -0.922479 0.347816
vn -0.416930 -0.276811 0.865763
vn -0.416930 -0.276811 0.865763
vn -0.416930 -0.276811 0.865763
vn -0.416930 -0.276811 0.865763
vn -0.701713 0.104540 0.704748
vn -0.701713 0.104540 0.704748
vn -0.701713 0.104540 0.704748
vn -0.701713 0.104540 0.704748
vn 0.680173 0.000000 -0.733052
vn 0.680173 0.000000 -0.733052
vn 0.680173 0.000000 -0.733052
vn 0.680173 0.000000 -0.733052
vn 0.523450 -0.638545 -0.564145
vn 0.523450 -0.638545 -0.564145
vn 0.523450 -0.638545 -0.564145
vn 0.523450 -0.638545 -0.564145
vn 0.119404 -0.984471 -0.128687
vn 0.119404 -0.984471 -0.128687
vn 0.119404 -0.984471 -0.128687
vn 0.119404 -0.984471 -0.128687
vn -0.262578 -0.922479 0.282992
vn -0.262578 -0.922479 0.282992
vn -0.262578 -0.922479 0.282992
vn -0.262578 -0.922479 0.282992
vn -0.652901 -0.280330 0.703659
vn -0.652901 -0.280330 0.703659
vn -0.652901 -0.280330 0.703659
vn -0.652901 -0.280330 0.703659
vn -0.854604 0.161870 0.493406
vn -0.854604 0.161870 0.493406
vn -0.854604 0.161870 0.493406
vn -0.854604 0.161870 0.493406
vn 0.866025 0.000000 -0.500000
vn 0.866025 0.000000 -0.500000
vn 0.866025 0.000000 -0.500000
vn 0.866025 0.000000 -0.500000
vn 0.666479 -0.638545 -0.384792
vn 0.666479 -0.638545 -0.384792
vn 0.666479 -0.638545 -0.384792
vn 0.666479 -0.638545 -0.384792
vn 0.152030 -0.984471 -0.087775
vn 0.152030 -0.984471 -0.087775
vn 0.152030 -0.984471 -0.087775
vn 0.152030 -0.984471 -0.087775
vn -0.334326 -0.922479 0.193023
vn -0.334326 -0.922479 0.193023
vn -0.334326 -0.922479 0.193023
vn -0.334326 -0.922479 0.193023
vn -0.830558 -0.283250 0.479523
vn -0.830558 -0.283250 0.479523
vn -0.830558 -0.283250 0.479523
vn -0.830558 -0.283250 0.479523
vn -0.962579 0.158661 0.219702
vn -0.962579 0.158661 0.219702
vn -0.962579 0.158661 0.219702
vn -0.962579 0.158661 0.219702
vn 0.974928 0.000000 -0.222521
vn 0.974928 0.000000 -0.222521
vn 0.974928 0.000000 -0.222521
vn 0.974928 0.000000 -0.222521
vn 0.750289 -0.638545 -0.171248
vn 0.750289 -0.638545 -0.171248
vn 0.750289 -0.638545 -0.171248
vn 0.750289 -0.638545 -0.171248
vn 0.171148 -0.984471 -0.039063
vn 0.171148 -0.984471 -0.039063
vn 0.171148 -0.984471 -0.039063
vn 0.171148 -0.984471 -0.039063
vn -0.376367 -0.922479 0.085904
vn -0.376367 -0.922479 0.085904
vn -0.376367 -0.922479 0.085904
vn -0.376367 -0.922479 0.085904
vn -0.934403 -0.285318 0.213271
vn -0.934403 -0.285318 0.213271
vn -0.934403 -0.285318 0.213271
vn -0.934403 -0.285318 0.213271
vn -0.992939 0.108992 -0.046829
vn -0.992939 0.108992 -0.046829
vn -0.992939 0.108992 -0.046829
vn -0.992939 0.108992 -0.046829
vn 0.997204 0.000000 0.074730
vn 0.997204 0.000000 0.074730
vn 0.997204 0.000000 0.074730
vn 0.997204 0.000000 0.074730
vn 0.767433 -0.638545 0.057511
vn 0.767433 -0.638545 0.057511
vn 0.767433 -0.638545 0.057511
vn 0.767433 -0.638545 0.057511
vn 0.175059 -0.984471 0.013119
vn 0.175059 -0.984471 0.013119
vn 0.175059 -0.984471 0.013119
vn 0.175059 -0.984471 0.013119
vn -0.384967 -0.922479 -0.028849
vn -0.384967 -0.922479 -0.028849
vn -0.384967 -0.922479 -0.028849
vn -0.384967 -0.922479 -0.028849
vn -0.955445 -0.286355 -0.071601
vn -0.955445 -0.286355 -0.071601
vn -0.955445 -0.286355 -0.071601
vn -0.955445 -0.286355 -0.071601
vn -0.934067 0.007481 -0.357020
vn -0.934067 0.007481 -0.357020
vn -0.934067 0.007481 -0.357020
vn -0.934067 0.007481 -0.357020
vn 0.930874 0.000000 0.365341
vn 0.930874 0.000000 0.365341
vn 0.930874 0.000000 0.365341
vn 0.930874 0.000000 0.365341
vn 0.716386 -0.638545 0.281161
vn 0.716386 -0.638545 0.281161
vn 0.716386 -0.638545 0.281161
vn 0.716386 -0.638545 0.281161
vn 0.163414 -0.984471 0.064136
vn 0.163414 -0.984471 0.064136
vn 0.163414 -0.984471 0.064136
vn 0.163414 -0.984471 0.064136
vn -0.359361 -0.922479 -0.141038
vn -0.359361 -0.922479 -0.141038
vn -0.359361 -0.922479 -0.141038
vn -0.359361 -0.922479 -0.141038
vn -0.891915 -0.286272 -0.350051
vn -0.891915 -0.286272 -0.350051
vn -0.891915 -0.286272 -0.350051
vn -0.891915 -0.286272 -0.350051
vn -0.788343 -0.058901 -0.612410
vn -0.788343 -0.058901 -0.612410
vn -0.788343 -0.058901 -0.612410
vn -0.788343 -0.058901 -0.612410
vn 0.781832 0.000000 0.623490
vn 0.781832 0.000000 0.623490
vn 0.781832 0.000000 0.623490
vn 0.781832 0.000000 0.623490
vn 0.601685 -0.638545 0.479828
vn 0.601685 -0.638545 0.479828
vn 0.601685 -0.638545 0.479828
vn 0.601685 -0.638545 0.479828
vn 0.137250 -0.984471 0.109453
vn 0.137250 -0.984471 0.109453
vn 0.137250 -0.984471 0.109453
vn 0.137250 -0.984471 0.109453
vn -0.301823 -0.922479 -0.240696
vn -0.301823 -0.922479 -0.240696
vn -0.301823 -0.922479 -0.240696
vn -0.301823 -0.922479 -0.240696
vn -0.749390 -0.285075 -0.597618
vn -0.749390 -0.285075 -0.597618
vn -0.749390 -0.285075 -0.597618
vn -0.749390 -0.285075 -0.597618
vn -0.522793 0.082455 -0.848463
vn -0.522793 0.082455 -0.848463
vn -0.522793 0.082455 -0.848463
vn -0.522793 0.082455 -0.848463
vn 0.563320 0.000000 0.826239
vn 0.563320 0.000000 0.826239
vn 0.563320 0.000000 0.826239
vn 0.563320 0.000000 0.826239
vn 0.433522 -0.638545 0.635860
vn 0.433522 -0.638545 0.635860
vn 0.433522 -0.638545 0.635860
vn 0.433522 -0.638545 0.635860
vn 0.098890 -0.984471 0.145046
vn 0.098890 -0.984471 0.145046
vn 0.098890 -0.984471 0.145046
vn 0.098890 -0.984471 0.145046
vn -0.217468 -0.922480 -0.318966
vn -0.217468 -0.922480 -0.318966
vn -0.217468 -0.922480 -0.318966
vn -0.217468 -0.922480 -0.318966
vn -0.540313 -0.282869 -0.792494
vn -0.540313 -0.282869 -0.792494
vn -0.540313 -0.282869 -0.792494
vn -0.540313 -0.282869 -0.792494
vn -0.290609 0.167133 -0.942132
vn -0.290609 0.167133 -0.942132
vn -0.290609 0.167133 -0.942132
vn -0.290609 0.167133 -0.942132
vn 0.294755 0.000000 0.955573
vn 0.294755 0.000000 0.955573
vn 0.294755 0.000000 0.955573
vn 0.294755 0.000000 0.955573
vn 0.226839 -0.638545 0.735394
vn 0.226839 -0.638545 0.735394
vn 0.226839 -0.638545 0.735394
vn 0.226839 -0.638545 0.735394
vn 0.051744 -0.984471 0.167750
vn 0.051744 -0.984471 0.167750
vn 0.051744 -0.984471 0.167750
vn 0.051744 -0.984471 0.167750
vn -0.113789 -0.922479 -0.368895
vn -0.113789 -0.922479 -0.368895
vn -0.113789 -0.922479 -0.368895
vn -0.113789 -0.922479 -0.368895
vn -0.282979 -0.279842 -0.917394
vn -0.282979 -0.279842 -0.917394
vn -0.282979 -0.279842 -0.917394
vn -0.282979 -0.279842 -0.917394
vn 0.067935 0.289941 -0.954630
vn 0.067935 0.289941 -0.954630
vn 0.067935 0.289941 -0.954630
vn 0.067935 0.289941 -0.954630
vn 0.911548 0.202711 0.357756
vn 0.911548 0.202711 0.357756
vn 0.911548 0.202711 0.357756
vn 0.911548 0.202711 0.357756
vn 0.000000 0.000000 1.000000
vn 0.000000 0.000000 1.000000
vn 0.000000 0.000000 1.000000
vn 0.000000 0.000000 1.000000
vn 0.000000 -0.638545 0.769584
vn 0.000000 -0.638545 0.769584
vn 0.000000 -0.638545 0.769584
vn 0.000000 -0.638545 0.769584
vn 0.000000 -0.984471 0.175550
vn 0.000000 -0.984471 0.175550
vn 0.000000 -0.984471 0.175550
vn 0.000000 -0.984471 0.175550
vn 0.000000 -0.922479 -0.386046
vn 0.000000 -0.922479 -0.386046
vn 0.000000 -0.922479 -0.386046
vn 0.000000 -0.922479 -0.386046
vn 0.000000 -0.276260 -0.961083
vn 0.000000 -0.276260 -0.961083
vn 0.000000 -0.276260 -0.961083
vn 0.000000 -0.276260 -0.961083
vn 0.221597 0.284886 -0.932596
vn 0.221597 0.284886 -0.932596
vn 0.221597 0.284886 -0.932596
vn 0.221597 0.284886 -0.932596
vn -0.550655 0.210857 0.807663
vn -0.550655 0.210857 0.807663
vn -0.550655 0.210857 0.807663
vn -0.550655 0.210857 0.807663
vn -0.955051 0.200898 -0.217984
vn -0.955051 0.200898 -0.217984
vn -0.955051 0.200898 -0.217984
vn -0.955051 0.200898 -0.217984
vn -0.294755 0.000000 0.955573
vn -0.294755 0.000000 0.955573
vn -0.294755 0.000000 0.955573
vn -0.294755 0.000000 0.955573
vn -0.226839 -0.638545 0.735394
vn -0.226839 -0.638545 0.735394
vn -0.226839 -0.638545 0.735394
vn -0.226839 -0.638545 0.735394
vn -0.051744 -0.984471 0.167750
vn -0.051744 -0.984471 0.167750
vn -0.051744 -0.984471 0.167750
vn -0.051744 -0.984471 0.167750
vn 0.113789 -0.922479 -0.368895
vn 0.113789 -0.922479 -0.368895
vn 0.113789 -0.922479 -0.368895
vn 0.113789 -0.922479 -0.368895
vn 0.283606 -0.272436 -0.919427
vn 0.283606 -0.272436 -0.919427
vn 0.283606 -0.272436 -0.919427
vn 0.283606 -0.272436 -0.919427
vn 0.553690 0.184109 -0.812115
vn 0.553690 0.184109 -0.812115
vn 0.553690 0.184109 -0.812115
vn 0.553690 0.184109 -0.812115
vn -0.910730 0.206908 0.357435
vn -0.910730 0.206908 0.357435
vn -0.910730 0.206908 0.357435
vn -0.910730 0.206908 0.357435
vn -0.848922 0.197760 -0.490125
vn -0.848922 0.197760 -0.490125
vn -0.848922 0.197760 -0.490125
vn -0.848922 0.197760 -0.490125
vn -0.563320 0.000000 0.826239
vn -0.563320 0.000000 0.826239
vn -0.563320 0.000000 0.826239
vn -0.563320 0.000000 0.826239
vn -0.433522 -0.638545 0.635861
vn -0.433522 -0.638545 0.635861
vn -0.433522 -0.638545 0.635861
vn -0.433522 -0.638545 0.635861
vn -0.098891 -0.984471 0.145046
vn -0.098891 -0.984471 0.145046
vn -0.098891 -0.984471 0.145046
vn -0.098891 -0.984471 0.145046
vn 0.217468 -0.922480 -0.318966
vn 0.217468 -0.922480 -0.318966
vn 0.217468 -0.922480 -0.318966
vn 0.217468 -0.922480 -0.318966
vn 0.542602 -0.268710 -0.795851
vn 0.542602 -0.268710 -0.795851
vn 0.542602 -0.268710 -0.795851
vn 0.542602 -0.268710 -0.795851
vn 0.754469 0.132916 -0.642736
vn 0.754469 0.132916 -0.642736
vn 0.754469 0.132916 -0.642736
vn 0.754469 0.132916 -0.642736
vn 0.288166 0.210267 0.934210
vn 0.288166 0.210267 0.934210
vn 0.288166 0.210267 0.934210
vn 0.288166 0.210267 0.934210
vn -0.781831 0.000000 0.623490
vn -0.781831 0.000000 0.623490
vn -0.781831 0.000000 0.623490
vn -0.781831 0.000000 0.623490
vn -0.601685 -0.638545 0.479828
vn -0.601685 -0.638545 0.479828
vn -0.601685 -0.638545 0.479828
vn -0.601685 -0.638545 0.479828
vn -0.137250 -0.984471 0.109453
vn -0.137250 -0.984471 0.109453
vn -0.137250 -0.984471 0.109453
vn -0.137250 -0.984471 0.109453
vn 0.301823 -0.922479 -0.240696
vn 0.301823 -0.922479 -0.240696
vn 0.301823 -0.922479 -0.240696
vn 0.301823 -0.922479 -0.240696
vn 0.753790 -0.265417 -0.601128
vn 0.753790 -0.265417 -0.601128
vn 0.753790 -0.265417 -0.601128
vn 0.753790 -0.265417 -0.601128
vn 0.930836 0.042093 -0.363004
vn 0.930836 0.042093 -0.363004
vn 0.930836 0.042093 -0.363004
vn 0.930836 0.042093 -0.363004
vn -0.288081 0.211591 0.933937
vn -0.288081 0.211591 0.933937
vn -0.288081 0.211591 0.933937
vn -0.288081 0.211591 0.933937
vn -0.425761 0.192589 -0.884102
vn -0.425761 0.192589 -0.884102
vn -0.425761 0.192589 -0.884102
vn -0.425761 0.192589 -0.884102
vn -0.930874 0.000000 0.365341
vn -0.930874 0.000000 0.365341
vn -0.930874 0.000000 0.365341
vn -0.930874 0.000000 0.365341
vn -0.716386 -0.638545 0.281161
vn -0.716386 -0.638545 0.281161
vn -0.716386 -0.638545 0.281161
vn -0.716386 -0.638545 0.281161
vn -0.163414 -0.984471 0.064136
vn -0.163414 -0.984471 0.064136
vn -0.163414 -0.984471 0.064136
vn -0.163414 -0.984471 0.064136
vn 0.359361 -0.922479 -0.141038
vn 0.359361 -0.922479 -0.141038
vn 0.359361 -0.922479 -0.141038
vn 0.359361 -0.922479 -0.141038
vn 0.898141 -0.262852 -0.352494
vn 0.898141 -0.262852 -0.352494
vn 0.898141 -0.262852 -0.352494
vn 0.898141 -0.262852 -0.352494
vn 0.955022 0.296296 -0.011943
vn 0.955022 0.296296 -0.011943
vn 0.955022 0.296296 -0.011943
vn 0.955022 0.296296 -0.011943
vn 0.849601 0.193833 -0.490518
vn 0.849601 0.193833 -0.490518
vn 0.849601 0.193833 -0.490518
vn 0.849601 0.193833 -0.490518
vn 0.000000 0.211389 0.977402
vn 0.000000 0.211389 0.977402
vn 0.000000 0.211389 0.977402
vn 0.000000 0.211389 0.977402
vn -0.997204 0.000000 0.074730
vn -0.997204 0.000000 0.074730
vn -0.997204 0.000000 0.074730
vn -0.997204 0.000000 0.074730
vn -0.767432 -0.638545 0.057511
vn -0.767432 -0.638545 0.057511
vn -0.767432 -0.638545 0.057511
vn -0.767432 -0.638545 0.057511
vn -0.175059 -0.984471 0.013119
vn -0.175059 -0.984471 0.013119
vn -0.175059 -0.984471 0.013119
vn -0.175059 -0.984471 0.013119
vn 0.384967 -0.922479 -0.028849
vn 0.384967 -0.922479 -0.028849
vn 0.384967 -0.922479 -0.028849
vn 0.384967 -0.922479 -0.028849
vn 0.962572 -0.261250 -0.072135
vn 0.962572 -0.261250 -0.072135
vn 0.962572 -0.261250 -0.072135
vn 0.962572 -0.261250 -0.072135
vn 0.943104 0.293508 0.156232
vn 0.943104 0.293508 0.156232
vn 0.943104 0.293508 0.156232
vn 0.943104 0.293508 0.156232
vn 0.667543 0.191815 -0.719440
vn 0.667543 0.191815 -0.719440
vn 0.667543 0.191815 -0.719440
vn 0.667543 0.191815 -0.719440
vn -0.976225 0.204040 0.073158
vn -0.976225 0.204040 0.073158
vn -0.976225 0.204040 0.073158
vn -0.976225 0.204040 0.073158
vn -0.974928 0.000000 -0.222521
vn -0.974928 0.000000 -0.222521
vn -0.974928 0.000000 -0.222521
vn -0.974928 0.000000 -0.222521
vn -0.750289 -0.638545 -0.171248
vn -0.750289 -0.638545 -0.171248
vn -0.750289 -0.638545 -0.171248
vn -0.750289 -0.638545 -0.171248
vn -0.171148 -0.984471 -0.039063
vn -0.171148 -0.984471 -0.039063
vn -0.171148 -0.984471 -0.039063
vn -0.171148 -0.984471 -0.039063
vn 0.376367 -0.922479 0.085904
vn 0.376367 -0.922479 0.085904
vn 0.376367 -0.922479 0.085904
vn 0.376367 -0.922479 0.085904
vn 0.941200 -0.260757 0.214823
vn 0.941200 -0.260757 0.214823
vn 0.941200 -0.260757 0.214823
vn 0.941200 -0.260757 0.214823
vn 0.858020 0.135661 0.495377
vn 0.858020 0.135661 0.495377
vn 0.858020 0.135661 0.495377
vn 0.858020 0.135661 0.495377
vn 0.858020 0.135661 0.495377
vn 0.765107 0.205729 0.610153
vn 0.765107 0.205729 0.610153
vn 0.765107 0.205729 0.610153
vn 0.765107 0.205729 0.610153
vn 0.955924 0.196485 -0.218183
vn 0.955924 0.196485 -0.218183
vn 0.955924 0.196485 -0.218183
vn 0.955924 0.196485 -0.218183
vn -0.866026 0.000000 -0.500000
vn -0.866026 0.000000 -0.500000
vn -0.866026 0.000000 -0.500000
vn -0.866026 0.000000 -0.500000
vn -0.666480 -0.638545 -0.384792
vn -0.666480 -0.638545 -0.384792
vn -0.666480 -0.638545 -0.384792
vn -0.666480 -0.638545 -0.384792
vn -0.152030 -0.984471 -0.087775
vn -0.152030 -0.984471 -0.087775
vn -0.152030 -0.984471 -0.087775
vn -0.152030 -0.984471 -0.087775
vn 0.334326 -0.922479 0.193023
vn 0.334326 -0.922479 0.193023
vn 0.334326 -0.922479 0.193023
vn 0.334326 -0.922479 0.193023
vn 0.835910 -0.261419 0.482612
vn 0.835910 -0.261419 0.482612
vn 0.835910 -0.261419 0.482612
vn 0.835910 -0.261419 0.482612
vn 0.667461 0.192431 0.719351
vn 0.667461 0.192431 0.719351
vn 0.667461 0.192431 0.719351
vn 0.667461 0.192431 0.719351
vn -0.667129 0.194904 -0.718993
vn -0.667129 0.194904 -0.718993
vn -0.667129 0.194904 -0.718993
vn -0.667129 0.194904 -0.718993
vn 0.550961 0.208325 0.808111
vn 0.550961 0.208325 0.808111
vn 0.550961 0.208325 0.808111
vn 0.550961 0.208325 0.808111
vn -0.680173 0.000000 -0.733052
vn -0.680173 0.000000 -0.733052
vn -0.680173 0.000000 -0.733052
vn -0.680173 0.000000 -0.733052
vn -0.523451 -0.638545 -0.564145
vn -0.523451 -0.638545 -0.564145
vn -0.523451 -0.638545 -0.564145
vn -0.523451 -0.638545 -0.564145
vn -0.119404 -0.984471 -0.128687
vn -0.119404 -0.984471 -0.128687
vn -0.119404 -0.984471 -0.128687
vn -0.119404 -0.984471 -0.128687
vn 0.262578 -0.922479 0.282992
vn 0.262578 -0.922479 0.282992
vn 0.262578 -0.922479 0.282992
vn 0.262578 -0.922479 0.282992
vn 0.656196 -0.263175 0.707210
vn 0.656196 -0.263175 0.707210
vn 0.656196 -0.263175 0.707210
vn 0.656196 -0.263175 0.707210
vn 0.474047 0.105920 0.874106
vn 0.474047 0.105920 0.874106
vn 0.474047 0.105920 0.874106
vn 0.474047 0.105920 0.874106
vn 0.425929 0.190617 -0.884449
vn 0.425929 0.190617 -0.884449
vn 0.425929 0.190617 -0.884449
vn 0.425929 0.190617 -0.884449
vn -0.433884 0.000000 -0.900969
vn -0.433884 0.000000 -0.900969
vn -0.433884 0.000000 -0.900969
vn -0.433884 0.000000 -0.900969
vn -0.333910 -0.638545 -0.693372
vn -0.333910 -0.638545 -0.693372
vn -0.333910 -0.638545 -0.693372
vn -0.333910 -0.638545 -0.693372
vn -0.076168 -0.984471 -0.158165
vn -0.076168 -0.984471 -0.158165
vn -0.076168 -0.984471 -0.158165
vn -0.076168 -0.984471 -0.158165
vn 0.167499 -0.922479 0.347816
vn 0.167499 -0.922479 0.347816
vn 0.167499 -0.922479 0.347816
vn 0.167499 -0.922479 0.347816
vn 0.418269 -0.265862 0.868544
vn 0.418269 -0.265862 0.868544
vn 0.418269 -0.265862 0.868544
vn 0.418269 -0.265862 0.868544
vn 0.144270 -0.116495 0.982657
vn 0.144270 -0.116495 0.982657
vn 0.144270 -0.116495 0.982657
vn 0.144270 -0.116495 0.982657
vn -0.149042 0.000000 -0.988831
vn -0.149042 0.000000 -0.988831
vn -0.149042 0.000000 -0.988831
vn -0.149042 0.000000 -0.988831
vn -0.114701 -0.638545 -0.760989
vn -0.114701 -0.638545 -0.760989
vn -0.114701 -0.638545 -0.760989
vn -0.114701 -0.638545 -0.760989
vn -0.026164 -0.984471 -0.173589
vn -0.026164 -0.984471 -0.173589
vn -0.026164 -0.984471 -0.173589
vn -0.026164 -0.984471 -0.173589
vn 0.057537 -0.922479 0.381735
vn 0.057537 -0.922479 0.381735
vn 0.057537 -0.922479 0.381735
vn 0.057537 -0.922479 0.381735
vn 0.143539 -0.269240 0.952316
vn 0.143539 -0.269240 0.952316
vn 0.143539 -0.269240 0.952316
vn 0.143539 -0.269240 0.952316
vn 0.977151 0.199535 0.073227
vn 0.977151 0.199535 0.073227
vn 0.977151 0.199535 0.073227
vn 0.977151 0.199535 0.073227
vn -0.146298 0.191021 -0.970622
vn -0.146298 0.191021 -0.970622
vn -0.146298 0.191021 -0.970622
vn -0.146298 0.191021 -0.970622
vn -0.764524 0.209248 0.609688
vn -0.764524 0.209248 0.609688
vn -0.764524 0.209248 0.609688
vn -0.764524 0.209248 0.609688
vn 0.146317 0.190343 -0.970753
vn 0.146317 0.190343 -0.970753
vn 0.146317 0.190343 -0.970753
vn 0.146317 0.190343 -0.970753
vn 0.705233 0.487817 -0.514471
vn 0.705233 0.487817 -0.514471
vn 0.705233 0.487817 -0.514471
vn 0.806664 0.363857 0.465727
vn 0.806664 0.363857 0.465727
vn 0.806664 0.363857 0.465727
vn 0.340517 0.475557 0.811107
vn 0.340517 0.475557 0.811107
vn 0.340517 0.475557 0.811107
vn -0.552595 0.509837 0.659322
vn -0.552595 0.509837 0.659322
vn -0.552595 0.509837 0.659322
vn -0.527430 0.504414 -0.683655
vn -0.527430 0.504414 -0.683655
vn -0.527430 0.504414 -0.683655
vn -0.840972 0.531179 -0.103028
vn -0.840972 0.531179 -0.103028
vn -0.840972 0.531179 -0.103028
vn 0.119498 -0.469617 0.874746
vn 0.119498 -0.469617 0.874746
vn 0.119498 -0.469617 0.874746
vn 0.119498 -0.469617 0.874746
vn -0.546120 -0.464649 0.697033
vn -0.546120 -0.464649 0.697033
vn -0.546120 -0.464649 0.697033
vn -0.546120 -0.464649 0.697033
vn -0.262972 -0.451698 -0.852535
vn -0.262972 -0.451698 -0.852535
vn -0.262972 -0.451698 -0.852535
vn -0.262972 -0.451698 -0.852535
vn -0.287113 -0.452953 -0.844038
vn -0.287113 -0.452953 -0.844038
vn 0.610944 -0.439549 0.658441
vn 0.610944 -0.439549 0.658441
vn 0.610944 -0.439549 0.658441
vn 0.610944 -0.439549 0.658441
vn 0.610508 -0.439580 0.658824
vn 0.610508 -0.439580 0.658824
vn -0.890576 -0.445677 0.090812
vn -0.890576 -0.445677 0.090812
vn -0.890576 -0.445677 0.090812
vn -0.890576 -0.445677 0.090812
vn -0.836285 -0.466841 -0.287552
vn -0.836285 -0.466841 -0.287552
vn -0.836285 -0.466841 -0.287552
vn -0.836285 -0.466841 -0.287552
vn 0.461435 -0.417939 0.782563
vn 0.461435 -0.417939 0.782563
vn 0.461435 -0.417939 0.782563
vn 0.461435 -0.417939 0.782563
vn -0.716242 -0.474241 -0.511951
vn -0.716242 -0.474241 -0.511951
vn -0.716242 -0.474241 -0.511951
vn -0.716242 -0.474241 -0.511951
vn 0.899461 -0.432740 0.060872
vn 0.898661 -0.433459 0.067243
vn 0.898661 -0.433459 0.067243
vn 0.899461 -0.432740 0.060872
vn 0.899461 -0.432740 0.060872
vn 0.899461 -0.432740 0.060872
vn 0.898552 -0.432659 0.073554
vn 0.898552 -0.432659 0.073554
vn -0.875098 -0.440805 0.199736
vn -0.875098 -0.440805 0.199736
vn -0.875098 -0.440805 0.199736
vn -0.875098 -0.440805 0.199736
vn 0.502446 -0.452159 -0.736953
vn 0.502446 -0.452159 -0.736953
vn 0.502446 -0.452159 -0.736953
vn 0.502446 -0.452159 -0.736953
vn 0.552109 -0.454770 -0.698827
vn 0.552109 -0.454770 -0.698827
vn 0.552109 -0.454770 -0.698827
vn 0.552109 -0.454770 -0.698827
vn -0.778240 -0.438698 0.449318
vn -0.778240 -0.438698 0.449318
vn -0.778240 -0.438698 0.449318
vn -0.778240 -0.438698 0.449318
vn -0.048747 0.945001 0.323415
vn -0.048747 0.945001 0.323415
vn -0.048747 0.945001 0.323415
vn -0.048747 0.945001 0.323415
vn 0.871454 -0.392124 0.294632
vn 0.871454 -0.392124 0.294632
vn 0.871454 -0.392124 0.294632
vn 0.871454 -0.392124 0.294632
vn -0.738727 -0.441392 0.509367
vn -0.738727 -0.441392 0.509367
vn -0.738727 -0.441392 0.509367
vn -0.738727 -0.441392 0.509367
vn 0.824408 -0.473238 -0.310478
vn 0.824408 -0.473238 -0.310478
vn 0.824408 -0.473238 -0.310478
vn 0.824408 -0.473238 -0.310478
vn 0.193359 -0.432887 -0.880467
vn 0.193359 -0.432887 -0.880467
vn 0.193359 -0.432887 -0.880467
vn 0.193359 -0.432887 -0.880467
vn 0.066239 -0.431533 -0.899662
vn 0.066239 -0.431533 -0.899662
vn 0.066239 -0.431533 -0.899662
vn 0.066239 -0.431533 -0.899662
vn -0.001834 -0.472758 0.881190
vn -0.001834 -0.472758 0.881190
vn -0.001834 -0.472758 0.881190
vn -0.001834 -0.472758 0.881190
vn 0.026164 0.984471 -0.173589
vn 0.026164 0.984471 -0.173589
vn 0.026164 0.984471 -0.173589
vn 0.026164 0.984471 -0.173589
vn 0.114700 0.638545 -0.760989
vn 0.114700 0.638545 -0.760989
vn 0.114700 0.638545 -0.760989
vn 0.114700 0.638545 -0.760989
vn -0.141893 0.945014 0.294645
vn -0.141893 0.945014 0.294645
vn -0.141893 0.945014 0.294645
vn -0.141893 0.945014 0.294645
vn 0.076168 0.984471 -0.158165
vn 0.076168 0.984471 -0.158165
vn 0.076168 0.984471 -0.158165
vn 0.076168 0.984471 -0.158165
vn 0.333910 0.638545 -0.693371
vn 0.333910 0.638545 -0.693371
vn 0.333910 0.638545 -0.693371
vn 0.333910 0.638545 -0.693371
vn -0.342214 0.899895 0.270330
vn -0.342214 0.899895 0.270330
vn -0.342214 0.899895 0.270330
vn -0.342214 0.899895 0.270330
vn 0.119404 0.984471 -0.128687
vn 0.119404 0.984471 -0.128687
vn 0.119404 0.984471 -0.128687
vn 0.119404 0.984471 -0.128687
vn 0.523450 0.638545 -0.564145
vn 0.523450 0.638545 -0.564145
vn 0.523450 0.638545 -0.564145
vn 0.523450 0.638545 -0.564145
vn -0.435732 0.864205 0.251570
vn -0.435732 0.864205 0.251570
vn -0.435732 0.864205 0.251570
vn -0.435732 0.864205 0.251570
vn 0.152030 0.984471 -0.087775
vn 0.152030 0.984471 -0.087775
vn 0.152030 0.984471 -0.087775
vn 0.152030 0.984471 -0.087775
vn 0.666480 0.638545 -0.384792
vn 0.666480 0.638545 -0.384792
vn 0.666480 0.638545 -0.384792
vn 0.666480 0.638545 -0.384792
vn -0.489659 0.864722 0.111761
vn -0.489659 0.864722 0.111761
vn -0.489659 0.864722 0.111761
vn -0.489659 0.864722 0.111761
vn 0.171148 0.984471 -0.039064
vn 0.171148 0.984471 -0.039064
vn 0.171148 0.984471 -0.039064
vn 0.171148 0.984471 -0.039064
vn 0.750289 0.638545 -0.171249
vn 0.750289 0.638545 -0.171249
vn 0.750289 0.638545 -0.171249
vn 0.750289 0.638545 -0.171249
vn -0.433837 0.900349 0.034021
vn -0.433837 0.900349 0.034021
vn -0.433837 0.900349 0.034021
vn -0.433837 0.900349 0.034021
vn 0.175058 0.984471 0.013119
vn 0.175058 0.984471 0.013119
vn 0.175058 0.984471 0.013119
vn 0.175058 0.984471 0.013119
vn 0.767432 0.638545 0.057511
vn 0.767432 0.638545 0.057511
vn 0.767432 0.638545 0.057511
vn 0.767432 0.638545 0.057511
vn -0.304629 0.944938 -0.119558
vn -0.304629 0.944938 -0.119558
vn -0.304629 0.944938 -0.119558
vn -0.304629 0.944938 -0.119558
vn 0.163415 0.984471 0.064135
vn 0.163415 0.984471 0.064135
vn 0.163415 0.984471 0.064135
vn 0.163415 0.984471 0.064135
vn 0.716386 0.638545 0.281161
vn 0.716386 0.638545 0.281161
vn 0.716386 0.638545 0.281161
vn 0.716386 0.638545 0.281161
vn -0.255931 0.944904 -0.204098
vn -0.255931 0.944904 -0.204098
vn -0.255931 0.944904 -0.204098
vn -0.255931 0.944904 -0.204098
vn 0.137250 0.984471 0.109453
vn 0.137250 0.984471 0.109453
vn 0.137250 0.984471 0.109453
vn 0.137250 0.984471 0.109453
vn 0.601686 0.638545 0.479828
vn 0.601686 0.638545 0.479828
vn 0.601686 0.638545 0.479828
vn 0.601686 0.638545 0.479828
vn -0.187736 0.899620 -0.394258
vn -0.187736 0.899620 -0.394258
vn -0.187736 0.899620 -0.394258
vn -0.187736 0.899620 -0.394258
vn 0.098890 0.984471 0.145046
vn 0.098890 0.984471 0.145046
vn 0.098890 0.984471 0.145046
vn 0.098890 0.984471 0.145046
vn 0.433523 0.638545 0.635860
vn 0.433523 0.638545 0.635860
vn 0.433523 0.638545 0.635860
vn 0.433523 0.638545 0.635860
vn -0.148875 0.863072 -0.482642
vn -0.148875 0.863072 -0.482642
vn -0.148875 0.863072 -0.482642
vn -0.148875 0.863072 -0.482642
vn 0.051744 0.984471 0.167750
vn 0.051744 0.984471 0.167750
vn 0.051744 0.984471 0.167750
vn 0.051744 0.984471 0.167750
vn 0.226839 0.638545 0.735394
vn 0.226839 0.638545 0.735394
vn 0.226839 0.638545 0.735394
vn 0.226839 0.638545 0.735394
vn 0.000824 0.861574 -0.507632
vn 0.000824 0.861574 -0.507632
vn 0.000824 0.861574 -0.507632
vn 0.000824 0.861574 -0.507632
vn 0.000000 0.984471 0.175549
vn 0.000000 0.984471 0.175549
vn 0.000000 0.984471 0.175549
vn 0.000000 0.984471 0.175549
vn 0.000000 0.638545 0.769584
vn 0.000000 0.638545 0.769584
vn 0.000000 0.638545 0.769584
vn 0.000000 0.638545 0.769584
vn 0.151584 0.862637 -0.482577
vn 0.151584 0.862637 -0.482577
vn 0.151584 0.862637 -0.482577
vn 0.151584 0.862637 -0.482577
vn -0.051744 0.984471 0.167750
vn -0.051744 0.984471 0.167750
vn -0.051744 0.984471 0.167750
vn -0.051744 0.984471 0.167750
vn -0.226839 0.638545 0.735394
vn -0.226839 0.638545 0.735394
vn -0.226839 0.638545 0.735394
vn -0.226839 0.638545 0.735394
vn 0.287428 0.860032 -0.421580
vn 0.287428 0.860032 -0.421580
vn 0.287428 0.860032 -0.421580
vn 0.287428 0.860032 -0.421580
vn -0.098890 0.984471 0.145046
vn -0.098890 0.984471 0.145046
vn -0.098890 0.984471 0.145046
vn -0.098890 0.984471 0.145046
vn -0.433522 0.638545 0.635861
vn -0.433522 0.638545 0.635861
vn -0.433522 0.638545 0.635861
vn -0.433522 0.638545 0.635861
vn 0.297009 0.897750 -0.325317
vn 0.297009 0.897750 -0.325317
vn 0.297009 0.897750 -0.325317
vn 0.297009 0.897750 -0.325317
vn -0.137250 0.984471 0.109453
vn -0.137250 0.984471 0.109453
vn -0.137250 0.984471 0.109453
vn -0.137250 0.984471 0.109453
vn -0.601685 0.638545 0.479828
vn -0.601685 0.638545 0.479828
vn -0.601685 0.638545 0.479828
vn -0.601685 0.638545 0.479828
vn 0.431608 0.897128 -0.094212
vn 0.431608 0.897128 -0.094212
vn 0.431608 0.897128 -0.094212
vn 0.431608 0.897128 -0.094212
vn -0.163414 0.984471 0.064135
vn -0.163414 0.984471 0.064135
vn -0.163414 0.984471 0.064135
vn -0.163414 0.984471 0.064135
vn -0.716386 0.638545 0.281161
vn -0.716386 0.638545 0.281161
vn -0.716386 0.638545 0.281161
vn -0.716386 0.638545 0.281161
vn 0.526310 0.849871 -0.026774
vn 0.526310 0.849871 -0.026774
vn 0.526310 0.849871 -0.026774
vn 0.526310 0.849871 -0.026774
vn -0.175059 0.984471 0.013119
vn -0.175059 0.984471 0.013119
vn -0.175059 0.984471 0.013119
vn -0.175059 0.984471 0.013119
vn -0.767433 0.638545 0.057511
vn -0.767433 0.638545 0.057511
vn -0.767433 0.638545 0.057511
vn -0.767433 0.638545 0.057511
vn 0.515227 0.850504 0.105751
vn 0.515227 0.850504 0.105751
vn 0.515227 0.850504 0.105751
vn 0.515227 0.850504 0.105751
vn -0.171148 0.984471 -0.039063
vn -0.171148 0.984471 -0.039063
vn -0.171148 0.984471 -0.039063
vn -0.171148 0.984471 -0.039063
vn -0.750289 0.638545 -0.171248
vn -0.750289 0.638545 -0.171248
vn -0.750289 0.638545 -0.171248
vn -0.750289 0.638545 -0.171248
vn 0.444550 0.858196 0.256661
vn 0.444550 0.858196 0.256661
vn 0.444550 0.858196 0.256661
vn 0.444550 0.858196 0.256661
vn -0.152030 0.984471 -0.087775
vn -0.152030 0.984471 -0.087775
vn -0.152030 0.984471 -0.087775
vn -0.152030 0.984471 -0.087775
vn -0.666480 0.638545 -0.384792
vn -0.666480 0.638545 -0.384792
vn -0.666480 0.638545 -0.384792
vn -0.666480 0.638545 -0.384792
vn 0.348547 0.858724 0.375644
vn 0.348547 0.858724 0.375644
vn 0.348547 0.858724 0.375644
vn 0.348547 0.858724 0.375644
vn -0.119404 0.984471 -0.128687
vn -0.119404 0.984471 -0.128687
vn -0.119404 0.984471 -0.128687
vn -0.119404 0.984471 -0.128687
vn -0.523451 0.638545 -0.564145
vn -0.523451 0.638545 -0.564145
vn -0.523451 0.638545 -0.564145
vn -0.523451 0.638545 -0.564145
vn 0.251626 0.897602 0.361934
vn 0.251626 0.897602 0.361934
vn 0.251626 0.897602 0.361934
vn 0.251626 0.897602 0.361934
vn -0.076168 0.984471 -0.158165
vn -0.076168 0.984471 -0.158165
vn -0.076168 0.984471 -0.158165
vn -0.076168 0.984471 -0.158165
vn -0.333910 0.638545 -0.693372
vn -0.333910 0.638545 -0.693372
vn -0.333910 0.638545 -0.693372
vn -0.333910 0.638545 -0.693372
vn 0.048756 0.944979 0.323476
vn 0.048756 0.944979 0.323476
vn 0.048756 0.944979 0.323476
vn 0.048756 0.944979 0.323476
vn -0.026164 0.984471 -0.173589
vn -0.026164 0.984471 -0.173589
vn -0.026164 0.984471 -0.173589
vn -0.026164 0.984471 -0.173589
vn -0.114700 0.638545 -0.760989
vn -0.114700 0.638545 -0.760989
vn -0.114700 0.638545 -0.760989
vn -0.114700 0.638545 -0.760989
vn 0.815768 0.459651 -0.351061
vn 0.815768 0.459651 -0.351061
vn 0.815768 0.459651 -0.351061
vn 0.815768 0.459651 -0.351061
vn -0.364350 0.481840 0.796919
vn -0.364350 0.481840 0.796919
vn -0.364350 0.481840 0.796919
vn -0.364350 0.481840 0.796919
vn 0.131980 0.477887 0.868450
vn 0.131980 0.477887 0.868450
vn 0.131980 0.477887 0.868450
vn 0.131980 0.477887 0.868450
vn -0.142080 0.472267 0.869929
vn -0.142080 0.472267 0.869929
vn -0.142080 0.472267 0.869929
vn -0.142080 0.472267 0.869929
vn -0.669418 0.509667 -0.540481
vn -0.669418 0.509667 -0.540481
vn -0.669418 0.509667 -0.540481
vn -0.669418 0.509667 -0.540481
vn -0.791727 0.522951 -0.315738
vn -0.791727 0.522951 -0.315738
vn -0.791727 0.522951 -0.315738
vn -0.791727 0.522951 -0.315738
vn 0.117287 0.617034 0.778147
vn 0.117287 0.617034 0.778147
vn 0.117287 0.617034 0.778147
vn 0.117287 0.617034 0.778147
vn 0.362692 0.601542 0.711759
vn 0.362692 0.601542 0.711759
vn 0.362692 0.601542 0.711759
vn 0.362692 0.601542 0.711759
vn 0.549028 0.590293 0.591711
vn 0.549028 0.590293 0.591711
vn 0.549028 0.590293 0.591711
vn 0.549028 0.590293 0.591711
vn 0.699883 0.588970 0.404077
vn 0.699883 0.588970 0.404077
vn 0.699883 0.588970 0.404077
vn 0.699883 0.588970 0.404077
vn 0.828667 0.547941 0.114335
vn 0.828667 0.547941 0.114335
vn 0.828667 0.547941 0.114335
vn 0.828667 0.547941 0.114335
vn 0.837046 0.546990 0.012496
vn 0.837046 0.546990 0.012496
vn 0.837046 0.546990 0.012496
vn 0.837046 0.546990 0.012496
vn 0.751054 0.601139 -0.273038
vn 0.751054 0.601139 -0.273038
vn 0.751054 0.601139 -0.273038
vn 0.751054 0.601139 -0.273038
vn 0.612102 0.602917 -0.511686
vn 0.612102 0.602917 -0.511686
vn 0.612102 0.602917 -0.511686
vn 0.612102 0.602917 -0.511686
vn 0.452271 0.596157 -0.663361
vn 0.452271 0.596157 -0.663361
vn 0.452271 0.596157 -0.663361
vn 0.452271 0.596157 -0.663361
vn 0.182818 0.566460 -0.803555
vn 0.182818 0.566460 -0.803555
vn 0.182818 0.566460 -0.803555
vn 0.182818 0.566460 -0.803555
vn 0.068799 0.564281 -0.822711
vn 0.068799 0.564281 -0.822711
vn 0.068799 0.564281 -0.822711
vn 0.068799 0.564281 -0.822711
vn -0.234566 0.605563 -0.760442
vn -0.234566 0.605563 -0.760442
vn -0.234566 0.605563 -0.760442
vn -0.234566 0.605563 -0.760442
vn -0.439426 0.611699 -0.657822
vn -0.439426 0.611699 -0.657822
vn -0.439426 0.611699 -0.657822
vn -0.439426 0.611699 -0.657822
vn -0.614745 0.617860 -0.490243
vn -0.614745 0.617860 -0.490243
vn -0.614745 0.617860 -0.490243
vn -0.614745 0.617860 -0.490243
vn -0.732204 0.617492 -0.287369
vn -0.732204 0.617492 -0.287369
vn -0.732204 0.617492 -0.287369
vn -0.732204 0.617492 -0.287369
vn -0.788378 0.612808 -0.054093
vn -0.788378 0.612808 -0.054093
vn -0.788378 0.612808 -0.054093
vn -0.788378 0.612808 -0.054093
vn -0.773101 0.609244 0.176455
vn -0.773101 0.609244 0.176455
vn -0.773101 0.609244 0.176455
vn -0.773101 0.609244 0.176455
vn -0.688009 0.607336 0.397222
vn -0.688009 0.607336 0.397222
vn -0.688009 0.607336 0.397222
vn -0.688009 0.607336 0.397222
vn -0.545606 0.609171 0.575521
vn -0.545606 0.609171 0.575521
vn -0.545606 0.609171 0.575521
vn -0.545606 0.609171 0.575521
vn -0.341568 0.616656 0.709272
vn -0.341568 0.616656 0.709272
vn -0.341568 0.616656 0.709272
vn -0.341568 0.616656 0.709272
vn -0.117315 0.616797 0.778330
vn -0.117315 0.616797 0.778330
vn -0.117315 0.616797 0.778330
vn -0.117315 0.616797 0.778330
vn -0.544649 -0.805303 0.234188
vn -0.544649 -0.805303 0.234188
vn -0.544649 -0.805303 0.234188
vn -0.544649 -0.805303 0.234188
vn 0.485524 -0.075083 0.870993
vn 0.485524 -0.075083 0.870993
vn 0.485524 -0.075083 0.870993
vn 0.485524 -0.075083 0.870993
vn 0.544650 0.805303 -0.234188
vn 0.544650 0.805303 -0.234188
vn 0.544650 0.805303 -0.234188
vn 0.544650 0.805303 -0.234188
vn -0.485524 0.075083 -0.870993
vn -0.485524 0.075083 -0.870993
vn -0.485524 0.075083 -0.870993
vn -0.485524 0.075083 -0.870993
vn 0.683829 -0.588091 -0.431889
vn 0.683829 -0.588091 -0.431889
vn 0.683829 -0.588091 -0.431889
vn 0.683829 -0.588091 -0.431889
vn -0.683829 0.588090 0.431889
vn -0.683829 0.588090 0.431889
vn -0.683829 0.588090 0.431889
vn -0.683829 0.588090 0.431889
vn 0.038383 -0.979212 0.199175
vn 0.038383 -0.979212 0.199175
vn 0.038383 -0.979212 0.199175
vn 0.038383 -0.979212 0.199175
vn -0.458243 0.236487 0.856789
vn -0.458243 0.236487 0.856789
vn -0.458243 0.236487 0.856789
vn -0.458243 0.236487 0.856789
vn -0.038382 0.979212 -0.199176
vn -0.038382 0.979212 -0.199176
vn -0.038382 0.979212 -0.199176
vn -0.038382 0.979212 -0.199176
vn 0.458243 -0.236482 -0.856790
vn 0.458243 -0.236482 -0.856790
vn 0.458243 -0.236482 -0.856790
vn 0.458243 -0.236482 -0.856790
vn 0.941673 0.235360 0.240536
vn 0.941673 0.235360 0.240536
vn 0.941673 0.235360 0.240536
vn 0.941673 0.235360 0.240536
vn -0.941673 -0.235360 -0.240536
vn -0.941673 -0.235360 -0.240536
vn -0.941673 -0.235360 -0.240536
vn -0.941673 -0.235360 -0.240536
vn 0.452680 -0.837238 0.306779
vn 0.452680 -0.837238 0.306779
vn 0.452680 -0.837238 0.306779
vn 0.452680 -0.837238 0.306779
vn 0.577131 0.691989 0.433672
vn 0.577131 0.691989 0.433672
vn 0.577131 0.691989 0.433672
vn 0.577131 0.691989 0.433672
vn -0.452681 0.837238 -0.306777
vn -0.452681 0.837238 -0.306777
vn -0.452681 0.837238 -0.306777
vn -0.452681 0.837238 -0.306777
vn -0.577132 -0.691988 -0.433673
vn -0.577132 -0.691988 -0.433673
vn -0.577132 -0.691988 -0.433673
vn -0.577132 -0.691988 -0.433673
vn 0.713351 -0.015769 -0.700630
vn 0.713351 -0.015769 -0.700630
vn 0.713351 -0.015769 -0.700630
vn 0.713351 -0.015769 -0.700630
vn -0.713350 0.015769 0.700631
vn -0.713350 0.015769 0.700631
vn -0.713350 0.015769 0.700631
vn -0.713350 0.015769 0.700631
vn 0.099335 -0.961509 0.256191
vn 0.099335 -0.961509 0.256191
vn 0.099335 -0.961509 0.256191
vn 0.099335 -0.961509 0.256191
vn 0.622066 0.447774 0.642287
vn 0.622066 0.447774 0.642287
vn 0.622066 0.447774 0.642287
vn 0.622066 0.447774 0.642287
vn -0.099335 0.961509 -0.256191
vn -0.099335 0.961509 -0.256191
vn -0.099335 0.961509 -0.256191
vn -0.099335 0.961509 -0.256191
vn -0.622067 -0.447775 -0.642286
vn -0.622067 -0.447775 -0.642286
vn -0.622067 -0.447775 -0.642286
vn -0.622067 -0.447775 -0.642286
vn 0.801197 -0.110170 -0.588172
vn 0.801197 -0.110170 -0.588172
vn 0.801197 -0.110170 -0.588172
vn 0.801197 -0.110170 -0.588172
vn -0.801197 0.110168 0.588172
vn -0.801197 0.110168 0.588172
vn -0.801197 0.110168 0.588172
vn -0.801197 0.110168 0.588172
vn -0.549772 -0.597126 0.584116
vn -0.549772 -0.597126 0.584116
vn -0.549772 -0.597126 0.584116
vn -0.549772 -0.597126 0.584116
vn 0.903383 -0.218640 0.368911
vn 0.903383 -0.218640 0.368911
vn 0.903383 -0.218640 0.368911
vn 0.903383 -0.218640 0.368911
vn 0.549772 0.597126 -0.584116
vn 0.549772 0.597126 -0.584116
vn 0.549772 0.597126 -0.584116
vn 0.549772 0.597126 -0.584116
vn -0.903383 0.218640 -0.368911
vn -0.903383 0.218640 -0.368911
vn -0.903383 0.218640 -0.368911
vn -0.903383 0.218640 -0.368911
vn 0.194670 -0.824530 -0.531276
vn 0.194670 -0.824530 -0.531276
vn 0.194670 -0.824530 -0.531276
vn 0.194670 -0.824530 -0.531276
vn -0.194671 0.824530 0.531276
vn -0.194671 0.824530 0.531276
vn -0.194671 0.824530 0.531276
vn -0.194671 0.824530 0.531276
vn 0.023499 -0.920644 -0.389696
vn 0.023499 -0.920644 -0.389696
vn 0.023499 -0.920644 -0.389696
vn 0.023499 -0.920644 -0.389696
vn -0.977035 0.147264 -0.154001
vn -0.977035 0.147264 -0.154001
vn -0.977035 0.147264 -0.154001
vn -0.977035 0.147264 -0.154001
vn -0.023500 0.920643 0.389698
vn -0.023500 0.920643 0.389698
vn -0.023500 0.920643 0.389698
vn -0.023500 0.920643 0.389698
vn 0.977035 -0.147266 0.154001
vn 0.977035 -0.147266 0.154001
vn 0.977035 -0.147266 0.154001
vn 0.977035 -0.147266 0.154001
vn -0.387448 -0.471895 0.791959
vn -0.387448 -0.471895 0.791959
vn -0.387448 -0.471895 0.791959
vn -0.387448 -0.471895 0.791959
vn 0.387448 0.471895 -0.791959
vn 0.387448 0.471895 -0.791959
vn 0.387448 0.471895 -0.791959
vn 0.387448 0.471895 -0.791959
vn -0.511772 -0.762318 -0.396183
vn -0.511772 -0.762318 -0.396183
vn -0.511772 -0.762318 -0.396183
vn -0.511772 -0.762318 -0.396183
vn -0.761354 0.122886 0.636584
vn -0.761354 0.122886 0.636584
vn -0.761354 0.122886 0.636584
vn -0.761354 0.122886 0.636584
vn 0.511771 0.762318 0.396183
vn 0.511771 0.762318 0.396183
vn 0.511771 0.762318 0.396183
vn 0.511771 0.762318 0.396183
vn 0.761354 -0.122887 -0.636584
vn 0.761354 -0.122887 -0.636584
vn 0.761354 -0.122887 -0.636584
vn 0.761354 -0.122887 -0.636584
vn 0.311150 -0.833847 0.455944
vn 0.311150 -0.833847 0.455944
vn 0.311150 -0.833847 0.455944
vn 0.311150 -0.833847 0.455944
vn -0.311150 0.833847 -0.455944
vn -0.311150 0.833847 -0.455944
vn -0.311150 0.833847 -0.455944
vn -0.311150 0.833847 -0.455944
vn -0.033453 -0.999037 0.028374
vn -0.033453 -0.999037 0.028374
vn -0.033453 -0.999037 0.028374
vn -0.033453 -0.999037 0.028374
vn 0.465496 0.083431 0.881109
vn 0.465496 0.083431 0.881109
vn 0.465496 0.083431 0.881109
vn 0.465496 0.083431 0.881109
vn 0.033452 0.999038 -0.028374
vn 0.033452 0.999038 -0.028374
vn 0.033452 0.999038 -0.028374
vn 0.033452 0.999038 -0.028374
vn -0.465496 -0.083437 -0.881108
vn -0.465496 -0.083437 -0.881108
vn -0.465496 -0.083437 -0.881108
vn -0.465496 -0.083437 -0.881108
vn 0.878613 -0.041748 -0.475707
vn 0.878613 -0.041748 -0.475707
vn 0.878613 -0.041748 -0.475707
vn 0.878613 -0.041748 -0.475707
vn -0.878613 0.041748 0.475706
vn -0.878613 0.041748 0.475706
vn -0.878613 0.041748 0.475706
vn -0.878613 0.041748 0.475706
vn -0.286055 -0.955509 0.071935
vn -0.286055 -0.955509 0.071935
vn -0.286055 -0.955509 0.071935
vn -0.286055 -0.955509 0.071935
vn 0.118675 0.035600 0.992295
vn 0.118675 0.035600 0.992295
vn 0.118675 0.035600 0.992295
vn 0.118675 0.035600 0.992295
vn 0.286055 0.955509 -0.071936
vn 0.286055 0.955509 -0.071936
vn 0.286055 0.955509 -0.071936
vn 0.286055 0.955509 -0.071936
vn -0.118676 -0.035598 -0.992295
vn -0.118676 -0.035598 -0.992295
vn -0.118676 -0.035598 -0.992295
vn -0.118676 -0.035598 -0.992295
vn 0.915670 -0.295603 -0.272337
vn 0.915670 -0.295603 -0.272337
vn 0.915670 -0.295603 -0.272337
vn 0.915670 -0.295603 -0.272337
vn -0.915669 0.295606 0.272337
vn -0.915669 0.295606 0.272337
vn -0.915669 0.295606 0.272337
vn -0.915669 0.295606 0.272337
vn -0.520931 -0.677391 -0.519396
vn -0.520931 -0.677391 -0.519396
vn -0.520931 -0.677391 -0.519396
vn -0.520931 -0.677391 -0.519396
vn 0.089823 0.750844 -0.654344
vn 0.089823 0.750844 -0.654344
vn 0.089823 0.750844 -0.654344
vn 0.089823 0.750844 -0.654344
vn 0.520932 0.677392 0.519395
vn 0.520932 0.677392 0.519395
vn 0.520932 0.677392 0.519395
vn 0.520932 0.677392 0.519395
vn -0.089821 -0.750843 0.654345
vn -0.089821 -0.750843 0.654345
vn -0.089821 -0.750843 0.654345
vn -0.089821 -0.750843 0.654345
vn -0.824945 0.401721 0.397600
vn -0.824945 0.401721 0.397600
vn -0.824945 0.401721 0.397600
vn -0.824945 0.401721 0.397600
vn 0.824946 -0.401720 -0.397599
vn 0.824946 -0.401720 -0.397599
vn 0.824946 -0.401720 -0.397599
vn 0.824946 -0.401720 -0.397599
vn 0.255554 -0.510315 0.821140
vn 0.255554 -0.510315 0.821140
vn 0.255554 -0.510315 0.821140
vn 0.255554 -0.510315 0.821140
vn 0.825084 -0.320091 -0.465594
vn 0.825084 -0.320091 -0.465594
vn 0.825084 -0.320091 -0.465594
vn 0.825084 -0.320091 -0.465594
vn -0.255555 0.510315 -0.821140
vn -0.255555 0.510315 -0.821140
vn -0.255555 0.510315 -0.821140
vn -0.255555 0.510315 -0.821140
vn -0.825084 0.320092 0.465594
vn -0.825084 0.320092 0.465594
vn -0.825084 0.320092 0.465594
vn -0.825084 0.320092 0.465594
vn -0.421382 -0.896672 -0.135704
vn -0.421382 -0.896672 -0.135704
vn -0.421382 -0.896672 -0.135704
vn -0.421382 -0.896672 -0.135704
vn 0.421382 0.896673 0.135703
vn 0.421382 0.896673 0.135703
vn 0.421382 0.896673 0.135703
vn 0.421382 0.896673 0.135703
vn 0.890733 -0.008293 -0.454452
vn 0.890733 -0.008293 -0.454452
vn 0.890733 -0.008293 -0.454452
vn 0.890733 -0.008293 -0.454452
vn -0.374512 -0.508296 -0.775485
vn -0.374512 -0.508296 -0.775485
vn -0.374512 -0.508296 -0.775485
vn -0.374512 -0.508296 -0.775485
vn -0.890732 0.008295 0.454453
vn -0.890732 0.008295 0.454453
vn -0.890732 0.008295 0.454453
vn -0.890732 0.008295 0.454453
vn 0.374510 0.508297 0.775484
vn 0.374510 0.508297 0.775484
vn 0.374510 0.508297 0.775484
vn 0.374510 0.508297 0.775484
vn 0.121091 -0.951725 0.282057
vn 0.121091 -0.951725 0.282057
vn 0.121091 -0.951725 0.282057
vn 0.121091 -0.951725 0.282057
vn -0.121091 0.951725 -0.282057
vn -0.121091 0.951725 -0.282057
vn -0.121091 0.951725 -0.282057
vn -0.121091 0.951725 -0.282057
vn 0.799394 -0.565273 0.203561
vn 0.799394 -0.565273 0.203561
vn 0.799394 -0.565273 0.203561
vn 0.799394 -0.565273 0.203561
vn 0.618267 0.592992 -0.515855
vn 0.618267 0.592992 -0.515855
vn 0.618267 0.592992 -0.515855
vn 0.618267 0.592992 -0.515855
vn -0.799394 0.565272 -0.203560
vn -0.799394 0.565272 -0.203560
vn -0.799394 0.565272 -0.203560
vn -0.799394 0.565272 -0.203560
vn -0.618267 -0.592992 0.515856
vn -0.618267 -0.592992 0.515856
vn -0.618267 -0.592992 0.515856
vn -0.618267 -0.592992 0.515856
vn 0.032439 -0.719076 -0.694174
vn 0.032439 -0.719076 -0.694174
vn 0.032439 -0.719076 -0.694174
vn 0.032439 -0.719076 -0.694174
vn -0.032439 0.719076 0.694174
vn -0.032439 0.719076 0.694174
vn -0.032439 0.719076 0.694174
vn -0.032439 0.719076 0.694174
vn 0.654525 -0.753232 -0.065099
vn 0.654525 -0.753232 -0.065099
vn 0.654525 -0.753232 -0.065099
vn 0.654525 -0.753232 -0.065099
vn 0.269364 0.127517 -0.954559
vn 0.269364 0.127517 -0.954559
vn 0.269364 0.127517 -0.954559
vn 0.269364 0.127517 -0.954559
vn -0.654526 0.753232 0.065100
vn -0.654526 0.753232 0.065100
vn -0.654526 0.753232 0.065100
vn -0.654526 0.753232 0.065100
vn -0.269364 -0.127519 0.954559
vn -0.269364 -0.127519 0.954559
vn -0.269364 -0.127519 0.954559
vn -0.269364 -0.127519 0.954559
vn -0.685240 -0.719215 -0.114786
vn -0.685240 -0.719215 -0.114786
vn -0.685240 -0.719215 -0.114786
vn -0.685240 -0.719215 -0.114786
vn 0.685239 0.719216 0.114785
vn 0.685239 0.719216 0.114785
vn 0.685239 0.719216 0.114785
vn 0.685239 0.719216 0.114785
vn -0.913698 -0.107158 0.392013
vn -0.913698 -0.107158 0.392013
vn -0.913698 -0.107158 0.392013
vn -0.913698 -0.107158 0.392013
vn 0.218903 0.566086 0.794750
vn 0.218903 0.566086 0.794750
vn 0.218903 0.566086 0.794750
vn 0.218903 0.566086 0.794750
vn 0.913698 0.107159 -0.392012
vn 0.913698 0.107159 -0.392012
vn 0.913698 0.107159 -0.392012
vn 0.913698 0.107159 -0.392012
vn -0.218903 -0.566087 -0.794750
vn -0.218903 -0.566087 -0.794750
vn -0.218903 -0.566087 -0.794750
vn -0.218903 -0.566087 -0.794750
vn 0.205543 -0.924603 0.320719
vn 0.205543 -0.924603 0.320719
vn 0.205543 -0.924603 0.320719
vn 0.205543 -0.924603 0.320719
vn -0.205544 0.924603 -0.320719
vn -0.205544 0.924603 -0.320719
vn -0.205544 0.924603 -0.320719
vn -0.205544 0.924603 -0.320719
vn 0.931972 -0.122389 -0.341246
vn 0.931972 -0.122389 -0.341246
vn 0.931972 -0.122389 -0.341246
vn 0.931972 -0.122389 -0.341246
vn -0.238515 -0.833914 -0.497692
vn -0.238515 -0.833914 -0.497692
vn -0.238515 -0.833914 -0.497692
vn -0.238515 -0.833914 -0.497692
vn -0.931973 0.122387 0.341246
vn -0.931973 0.122387 0.341246
vn -0.931973 0.122387 0.341246
vn -0.931973 0.122387 0.341246
vn 0.238514 0.833914 0.497694
vn 0.238514 0.833914 0.497694
vn 0.238514 0.833914 0.497694
vn 0.238514 0.833914 0.497694
vn 0.066612 -0.677396 0.732597
vn 0.066612 -0.677396 0.732597
vn 0.066612 -0.677396 0.732597
vn 0.066612 -0.677396 0.732597
vn -0.066612 0.677396 -0.732596
vn -0.066612 0.677396 -0.732596
vn -0.066612 0.677396 -0.732596
vn -0.066612 0.677396 -0.732596
vn 0.898419 0.135815 -0.417610
vn 0.898419 0.135815 -0.417610
vn 0.898419 0.135815 -0.417610
vn 0.898419 0.135815 -0.417610
vn -0.311081 -0.339031 -0.887855
vn -0.311081 -0.339031 -0.887855
vn -0.311081 -0.339031 -0.887855
vn -0.311081 -0.339031 -0.887855
vn -0.898419 -0.135814 0.417610
vn -0.898419 -0.135814 0.417610
vn -0.898419 -0.135814 0.417610
vn -0.898419 -0.135814 0.417610
vn 0.311079 0.339032 0.887856
vn 0.311079 0.339032 0.887856
vn 0.311079 0.339032 0.887856
vn 0.311079 0.339032 0.887856
vn 0.181327 -0.977676 0.106161
vn 0.181327 -0.977676 0.106161
vn 0.181327 -0.977676 0.106161
vn 0.181327 -0.977676 0.106161
vn -0.181327 0.977676 -0.106161
vn -0.181327 0.977676 -0.106161
vn -0.181327 0.977676 -0.106161
vn -0.181327 0.977676 -0.106161
vn -0.522352 -0.837810 -0.158817
vn -0.522352 -0.837810 -0.158817
vn -0.522352 -0.837810 -0.158817
vn -0.522352 -0.837810 -0.158817
vn -0.533077 0.070339 0.843138
vn -0.533077 0.070339 0.843138
vn -0.533077 0.070339 0.843138
vn -0.533077 0.070339 0.843138
vn 0.522351 0.837811 0.158817
vn 0.522351 0.837811 0.158817
vn 0.522351 0.837811 0.158817
vn 0.522351 0.837811 0.158817
vn 0.533076 -0.070340 -0.843138
vn 0.533076 -0.070340 -0.843138
vn 0.533076 -0.070340 -0.843138
vn 0.533076 -0.070340 -0.843138
vn 0.666658 -0.682178 0.300335
vn 0.666658 -0.682178 0.300335
vn 0.666658 -0.682178 0.300335
vn 0.666658 -0.682178 0.300335
vn -0.666658 0.682178 -0.300335
vn -0.666658 0.682178 -0.300335
vn -0.666658 0.682178 -0.300335
vn -0.666658 0.682178 -0.300335
vn 0.318859 -0.908080 -0.271515
vn 0.318859 -0.908080 -0.271515
vn 0.318859 -0.908080 -0.271515
vn 0.318859 -0.908080 -0.271515
vn 0.194278 -0.228892 0.953868
vn 0.194278 -0.228892 0.953868
vn 0.194278 -0.228892 0.953868
vn 0.194278 -0.228892 0.953868
vn -0.318858 0.908080 0.271514
vn -0.318858 0.908080 0.271514
vn -0.318858 0.908080 0.271514
vn -0.318858 0.908080 0.271514
vn -0.194279 0.228894 -0.953868
vn -0.194279 0.228894 -0.953868
vn -0.194279 0.228894 -0.953868
vn -0.194279 0.228894 -0.953868
vn 0.890038 0.383619 -0.246311
vn 0.890038 0.383619 -0.246311
vn 0.890038 0.383619 -0.246311
vn 0.890038 0.383619 -0.246311
vn -0.890038 -0.383620 0.246310
vn -0.890038 -0.383620 0.246310
vn -0.890038 -0.383620 0.246310
vn -0.890038 -0.383620 0.246310
vn -0.590840 -0.783954 -0.190587
vn -0.590840 -0.783954 -0.190587
vn -0.590840 -0.783954 -0.190587
vn -0.590840 -0.783954 -0.190587
vn -0.651424 0.242244 0.719003
vn -0.651424 0.242244 0.719003
vn -0.651424 0.242244 0.719003
vn -0.651424 0.242244 0.719003
vn 0.590841 0.783954 0.190586
vn 0.590841 0.783954 0.190586
vn 0.590841 0.783954 0.190586
vn 0.590841 0.783954 0.190586
vn 0.651426 -0.242244 -0.719001
vn 0.651426 -0.242244 -0.719001
vn 0.651426 -0.242244 -0.719001
vn 0.651426 -0.242244 -0.719001
vn 0.423877 -0.752124 0.504617
vn 0.423877 -0.752124 0.504617
vn 0.423877 -0.752124 0.504617
vn 0.423877 -0.752124 0.504617
vn -0.423876 0.752124 -0.504618
vn -0.423876 0.752124 -0.504618
vn -0.423876 0.752124 -0.504618
vn -0.423876 0.752124 -0.504618
vn 0.867150 -0.480881 -0.129636
vn 0.867150 -0.480881 -0.129636
vn 0.867150 -0.480881 -0.129636
vn 0.867150 -0.480881 -0.129636
vn -0.212068 -0.533410 -0.818841
vn -0.212068 -0.533410 -0.818841
vn -0.212068 -0.533410 -0.818841
vn -0.212068 -0.533410 -0.818841
vn -0.867149 0.480881 0.129636
vn -0.867149 0.480881 0.129636
vn -0.867149 0.480881 0.129636
vn -0.867149 0.480881 0.129636
vn 0.212068 0.533413 0.818839
vn 0.212068 0.533413 0.818839
vn 0.212068 0.533413 0.818839
vn 0.212068 0.533413 0.818839
vn -0.441657 -0.771078 0.458671
vn -0.441657 -0.771078 0.458671
vn -0.441657 -0.771078 0.458671
vn -0.441657 -0.771078 0.458671
vn 0.441657 0.771078 -0.458669
vn 0.441657 0.771078 -0.458669
vn 0.441657 0.771078 -0.458669
vn 0.441657 0.771078 -0.458669
vn 0.521888 -0.848019 0.092179
vn 0.521888 -0.848019 0.092179
vn 0.521888 -0.848019 0.092179
vn 0.521888 -0.848019 0.092179
vn 0.101636 -0.276163 -0.955722
vn 0.101636 -0.276163 -0.955722
vn 0.101636 -0.276163 -0.955722
vn 0.101636 -0.276163 -0.955722
vn -0.521886 0.848020 -0.092180
vn -0.521886 0.848020 -0.092180
vn -0.521886 0.848020 -0.092180
vn -0.521886 0.848020 -0.092180
vn -0.101634 0.276163 0.955722
vn -0.101634 0.276163 0.955722
vn -0.101634 0.276163 0.955722
vn -0.101634 0.276163 0.955722
vn -0.810394 -0.557043 0.181563
vn -0.810394 -0.557043 0.181563
vn -0.810394 -0.557043 0.181563
vn -0.810394 -0.557043 0.181563
vn 0.810394 0.557043 -0.181563
vn 0.810394 0.557043 -0.181563
vn 0.810394 0.557043 -0.181563
vn 0.810394 0.557043 -0.181563
vn 0.699643 -0.639140 -0.319374
vn 0.699643 -0.639140 -0.319374
vn 0.699643 -0.639140 -0.319374
vn 0.699643 -0.639140 -0.319374
vn 0.065903 0.425383 -0.902611
vn 0.065903 0.425383 -0.902611
vn 0.065903 0.425383 -0.902611
vn 0.065903 0.425383 -0.902611
vn -0.699642 0.639141 0.319374
vn -0.699642 0.639141 0.319374
vn -0.699642 0.639141 0.319374
vn -0.699642 0.639141 0.319374
vn -0.065901 -0.425384 0.902610
vn -0.065901 -0.425384 0.902610
vn -0.065901 -0.425384 0.902610
vn -0.065901 -0.425384 0.902610
vn -0.673968 -0.723300 -0.150348
vn -0.673968 -0.723300 -0.150348
vn -0.673968 -0.723300 -0.150348
vn -0.673968 -0.723300 -0.150348
vn 0.673968 0.723299 0.150349
vn 0.673968 0.723299 0.150349
vn 0.673968 0.723299 0.150349
vn 0.673968 0.723299 0.150349
vn -0.796718 -0.519239 0.309243
vn -0.796718 -0.519239 0.309243
vn -0.796718 -0.519239 0.309243
vn -0.796718 -0.519239 0.309243
vn 0.196485 0.158379 0.967631
vn 0.196485 0.158379 0.967631
vn 0.196485 0.158379 0.967631
vn 0.196485 0.158379 0.967631
vn 0.796716 0.519241 -0.309244
vn 0.796716 0.519241 -0.309244
vn 0.796716 0.519241 -0.309244
vn 0.796716 0.519241 -0.309244
vn -0.196486 -0.158380 -0.967631
vn -0.196486 -0.158380 -0.967631
vn -0.196486 -0.158380 -0.967631
vn -0.196486 -0.158380 -0.967631
vn 0.496277 -0.859964 -0.119045
vn 0.496277 -0.859964 -0.119045
vn 0.496277 -0.859964 -0.119045
vn 0.496277 -0.859964 -0.119045
vn -0.496279 0.859963 0.119046
vn -0.496279 0.859963 0.119046
vn -0.496279 0.859963 0.119046
vn -0.496279 0.859963 0.119046
vn 0.256241 -0.964019 0.070772
vn 0.256241 -0.964019 0.070772
vn 0.256241 -0.964019 0.070772
vn 0.256241 -0.964019 0.070772
vn -0.174401 -0.297056 -0.938798
vn -0.174401 -0.297056 -0.938798
vn -0.174401 -0.297056 -0.938798
vn -0.174401 -0.297056 -0.938798
vn -0.256239 0.964019 -0.070773
vn -0.256239 0.964019 -0.070773
vn -0.256239 0.964019 -0.070773
vn -0.256239 0.964019 -0.070773
vn 0.174401 0.297055 0.938799
vn 0.174401 0.297055 0.938799
vn 0.174401 0.297055 0.938799
vn 0.174401 0.297055 0.938799
vn -0.907691 -0.246513 0.339600
vn -0.907691 -0.246513 0.339600
vn -0.907691 -0.246513 0.339600
vn -0.907691 -0.246513 0.339600
vn 0.907691 0.246514 -0.339600
vn 0.907691 0.246514 -0.339600
vn 0.907691 0.246514 -0.339600
vn 0.907691 0.246514 -0.339600
vn 0.816399 0.101598 0.568480
vn 0.816399 0.101598 0.568480
vn 0.816399 0.101598 0.568480
vn 0.816399 0.101598 0.568480
vn 0.608336 -0.490585 -0.623902
vn 0.608336 -0.490585 -0.623902
vn 0.608336 -0.490585 -0.623902
vn 0.608336 -0.490585 -0.623902
vn -0.816400 -0.101599 -0.568479
vn -0.816400 -0.101599 -0.568479
vn -0.816400 -0.101599 -0.568479
vn -0.816400 -0.101599 -0.568479
vn -0.608337 0.490585 0.623901
vn -0.608337 0.490585 0.623901
vn -0.608337 0.490585 0.623901
vn -0.608337 0.490585 0.623901
vn -0.333136 -0.882368 0.332336
vn -0.333136 -0.882368 0.332336
vn -0.333136 -0.882368 0.332336
vn -0.333136 -0.882368 0.332336
vn 0.333137 0.882368 -0.332335
vn 0.333137 0.882368 -0.332335
vn 0.333137 0.882368 -0.332335
vn 0.333137 0.882368 -0.332335
vn 0.337362 -0.732684 0.591068
vn 0.337362 -0.732684 0.591068
vn 0.337362 -0.732684 0.591068
vn 0.337362 -0.732684 0.591068
vn 0.739274 0.660238 0.132511
vn 0.739274 0.660238 0.132511
vn 0.739274 0.660238 0.132511
vn 0.739274 0.660238 0.132511
vn -0.337361 0.732684 -0.591068
vn -0.337361 0.732684 -0.591068
vn -0.337361 0.732684 -0.591068
vn -0.337361 0.732684 -0.591068
vn -0.739273 -0.660239 -0.132511
vn -0.739273 -0.660239 -0.132511
vn -0.739273 -0.660239 -0.132511
vn -0.739273 -0.660239 -0.132511
vn 0.605084 -0.457546 -0.651556
vn 0.605084 -0.457546 -0.651556
vn 0.605084 -0.457546 -0.651556
vn 0.605084 -0.457546 -0.651556
vn -0.605085 0.457545 0.651556
vn -0.605085 0.457545 0.651556
vn -0.605085 0.457545 0.651556
vn -0.605085 0.457545 0.651556
vn 0.440806 -0.607282 0.660983
vn 0.440806 -0.607282 0.660983
vn 0.440806 -0.607282 0.660983
vn 0.440806 -0.607282 0.660983
vn 0.779901 -0.174236 -0.601163
vn 0.779901 -0.174236 -0.601163
vn 0.779901 -0.174236 -0.601163
vn 0.779901 -0.174236 -0.601163
vn -0.440806 0.607282 -0.660983
vn -0.440806 0.607282 -0.660983
vn -0.440806 0.607282 -0.660983
vn -0.440806 0.607282 -0.660983
vn -0.779900 0.174237 0.601163
vn -0.779900 0.174237 0.601163
vn -0.779900 0.174237 0.601163
vn -0.779900 0.174237 0.601163
vn -0.382378 -0.901748 -0.201589
vn -0.382378 -0.901748 -0.201589
vn -0.382378 -0.901748 -0.201589
vn -0.382378 -0.901748 -0.201589
vn 0.382379 0.901747 0.201590
vn 0.382379 0.901747 0.201590
vn 0.382379 0.901747 0.201590
vn 0.382379 0.901747 0.201590
vn -0.635232 -0.577003 0.513369
vn -0.635232 -0.577003 0.513369
vn -0.635232 -0.577003 0.513369
vn -0.635232 -0.577003 0.513369
vn 0.795343 -0.570326 0.205322
vn 0.795343 -0.570326 0.205322
vn 0.795343 -0.570326 0.205322
vn 0.795343 -0.570326 0.205322
vn 0.635232 0.577002 -0.513371
vn 0.635232 0.577002 -0.513371
vn 0.635232 0.577002 -0.513371
vn 0.635232 0.577002 -0.513371
vn -0.795344 0.570326 -0.205321
vn -0.795344 0.570326 -0.205321
vn -0.795344 0.570326 -0.205321
vn -0.795344 0.570326 -0.205321
vn -0.070745 -0.708065 -0.702595
vn -0.070745 -0.708065 -0.702595
vn -0.070745 -0.708065 -0.702595
vn -0.070745 -0.708065 -0.702595
vn 0.070745 0.708065 0.702595
vn 0.070745 0.708065 0.702595
vn 0.070745 0.708065 0.702595
vn 0.070745 0.708065 0.702595
vn -0.635128 -0.572701 -0.518291
vn -0.635128 -0.572701 -0.518291
vn -0.635128 -0.572701 -0.518291
vn -0.635128 -0.572701 -0.518291
vn -0.678043 0.711161 0.185761
vn -0.678043 0.711161 0.185761
vn -0.678043 0.711161 0.185761
vn -0.678043 0.711161 0.185761
vn 0.635128 0.572702 0.518290
vn 0.635128 0.572702 0.518290
vn 0.635128 0.572702 0.518290
vn 0.635128 0.572702 0.518290
vn 0.678042 -0.711162 -0.185761
vn 0.678042 -0.711162 -0.185761
vn 0.678042 -0.711162 -0.185761
vn 0.678042 -0.711162 -0.185761
vn -0.468225 -0.562074 0.681790
vn -0.468225 -0.562074 0.681790
vn -0.468225 -0.562074 0.681790
vn -0.468225 -0.562074 0.681790
vn 0.468224 0.562073 -0.681792
vn 0.468224 0.562073 -0.681792
vn 0.468224 0.562073 -0.681792
vn 0.468224 0.562073 -0.681792
vn -0.156873 -0.602832 -0.782295
vn -0.156873 -0.602832 -0.782295
vn -0.156873 -0.602832 -0.782295
vn -0.156873 -0.602832 -0.782295
vn -0.840119 -0.332402 0.428612
vn -0.840119 -0.332402 0.428612
vn -0.840119 -0.332402 0.428612
vn -0.840119 -0.332402 0.428612
vn 0.156872 0.602831 0.782295
vn 0.156872 0.602831 0.782295
vn 0.156872 0.602831 0.782295
vn 0.156872 0.602831 0.782295
vn 0.840118 0.332404 -0.428613
vn 0.840118 0.332404 -0.428613
vn 0.840118 0.332404 -0.428613
vn 0.840118 0.332404 -0.428613
vn 0.442146 -0.876177 0.191888
vn 0.442146 -0.876177 0.191888
vn 0.442146 -0.876177 0.191888
vn 0.442146 -0.876177 0.191888
vn -0.442145 0.876178 -0.191888
vn -0.442145 0.876178 -0.191888
vn -0.442145 0.876178 -0.191888
vn -0.442145 0.876178 -0.191888
vn 0.008482 -0.940804 0.338846
vn 0.008482 -0.940804 0.338846
vn 0.008482 -0.940804 0.338846
vn 0.008482 -0.940804 0.338846
vn 0.325762 -0.421695 -0.846199
vn 0.325762 -0.421695 -0.846199
vn 0.325762 -0.421695 -0.846199
vn 0.325762 -0.421695 -0.846199
vn -0.008481 0.940804 -0.338845
vn -0.008481 0.940804 -0.338845
vn -0.008481 0.940804 -0.338845
vn -0.008481 0.940804 -0.338845
vn -0.325761 0.421695 0.846199
vn -0.325761 0.421695 0.846199
vn -0.325761 0.421695 0.846199
vn -0.325761 0.421695 0.846199
vn -0.973365 -0.211992 -0.087293
vn -0.973365 -0.211992 -0.087293
vn -0.973365 -0.211992 -0.087293
vn -0.973365 -0.211992 -0.087293
vn 0.973365 0.211991 0.087294
vn 0.973365 0.211991 0.087294
vn 0.973365 0.211991 0.087294
vn 0.973365 0.211991 0.087294
vn -0.788863 -0.604702 -0.109685
vn -0.788863 -0.604702 -0.109685
vn -0.788863 -0.604702 -0.109685
vn -0.788863 -0.604702 -0.109685
vn -0.562116 0.537513 0.628574
vn -0.562116 0.537513 0.628574
vn -0.562116 0.537513 0.628574
vn -0.562116 0.537513 0.628574
vn 0.788863 0.604701 0.109686
vn 0.788863 0.604701 0.109686
vn 0.788863 0.604701 0.109686
vn 0.788863 0.604701 0.109686
vn 0.562115 -0.537514 -0.628574
vn 0.562115 -0.537514 -0.628574
vn 0.562115 -0.537514 -0.628574
vn 0.562115 -0.537514 -0.628574
vn 0.143368 -0.747328 0.648804
vn 0.143368 -0.747328 0.648804
vn 0.143368 -0.747328 0.648804
vn 0.143368 -0.747328 0.648804
vn -0.143369 0.747327 -0.648805
vn -0.143369 0.747327 -0.648805
vn -0.143369 0.747327 -0.648805
vn -0.143369 0.747327 -0.648805
vn 0.076753 -0.023013 0.996785
vn 0.076753 -0.023013 0.996785
vn 0.076753 -0.023013 0.996785
vn 0.076753 -0.023013 0.996785
vn 0.739557 -0.646986 -0.185645
vn 0.739557 -0.646986 -0.185645
vn 0.739557 -0.646986 -0.185645
vn 0.739557 -0.646986 -0.185645
vn -0.076753 0.023011 -0.996785
vn -0.076753 0.023011 -0.996785
vn -0.076753 0.023011 -0.996785
vn -0.076753 0.023011 -0.996785
vn -0.739559 0.646984 0.185645
vn -0.739559 0.646984 0.185645
vn -0.739559 0.646984 0.185645
vn -0.739559 0.646984 0.185645
vn -0.618020 -0.773525 0.140396
vn -0.618020 -0.773525 0.140396
vn -0.618020 -0.773525 0.140396
vn -0.618020 -0.773525 0.140396
vn 0.618020 0.773525 -0.140395
vn 0.618020 0.773525 -0.140395
vn 0.618020 0.773525 -0.140395
vn 0.618020 0.773525 -0.140395
vn 0.242281 -0.926572 0.287687
vn 0.242281 -0.926572 0.287687
vn 0.242281 -0.926572 0.287687
vn 0.242281 -0.926572 0.287687
vn 0.891912 0.421954 0.162628
vn 0.891912 0.421954 0.162628
vn 0.891912 0.421954 0.162628
vn 0.891912 0.421954 0.162628
vn -0.242281 0.926572 -0.287690
vn -0.242281 0.926572 -0.287690
vn -0.242281 0.926572 -0.287690
vn -0.242281 0.926572 -0.287690
vn -0.891911 -0.421956 -0.162628
vn -0.891911 -0.421956 -0.162628
vn -0.891911 -0.421956 -0.162628
vn -0.891911 -0.421956 -0.162628
vn 0.457309 -0.321010 -0.829350
vn 0.457309 -0.321010 -0.829350
vn 0.457309 -0.321010 -0.829350
vn 0.457309 -0.321010 -0.829350
vn -0.457308 0.321011 0.829350
vn -0.457308 0.321011 0.829350
vn -0.457308 0.321011 0.829350
vn -0.457308 0.321011 0.829350
vn -0.193871 -0.972596 0.128339
vn -0.193871 -0.972596 0.128339
vn -0.193871 -0.972596 0.128339
vn -0.193871 -0.972596 0.128339
vn -0.691447 0.240970 0.681054
vn -0.691447 0.240970 0.681054
vn -0.691447 0.240970 0.681054
vn -0.691447 0.240970 0.681054
vn 0.193871 0.972596 -0.128339
vn 0.193871 0.972596 -0.128339
vn 0.193871 0.972596 -0.128339
vn 0.193871 0.972596 -0.128339
vn 0.691445 -0.240971 -0.681055
vn 0.691445 -0.240971 -0.681055
vn 0.691445 -0.240971 -0.681055
vn 0.691445 -0.240971 -0.681055
vn 0.782244 0.014731 0.622798
vn 0.782244 0.014731 0.622798
vn 0.782244 0.014731 0.622798
vn 0.782244 0.014731 0.622798
vn -0.782244 -0.014730 -0.622798
vn -0.782244 -0.014730 -0.622798
vn -0.782244 -0.014730 -0.622798
vn -0.782244 -0.014730 -0.622798
vn -0.056860 -0.995073 -0.081219
vn -0.056860 -0.995073 -0.081219
vn -0.056860 -0.995073 -0.081219
vn -0.056860 -0.995073 -0.081219
vn -0.675077 0.118298 -0.728201
vn -0.675077 0.118298 -0.728201
vn -0.675077 0.118298 -0.728201
vn -0.675077 0.118298 -0.728201
vn 0.056860 0.995073 0.081219
vn 0.056860 0.995073 0.081219
vn 0.056860 0.995073 0.081219
vn 0.056860 0.995073 0.081219
vn 0.675073 -0.118299 0.728205
vn 0.675073 -0.118299 0.728205
vn 0.675073 -0.118299 0.728205
vn 0.675073 -0.118299 0.728205
vn -0.803928 -0.005388 0.594702
vn -0.803928 -0.005388 0.594702
vn -0.803928 -0.005388 0.594702
vn -0.803928 -0.005388 0.594702
vn 0.803927 0.005388 -0.594703
vn 0.803927 0.005388 -0.594703
vn 0.803927 0.005388 -0.594703
vn 0.803927 0.005388 -0.594703
vn 0.192372 -0.981294 0.007459
vn 0.192372 -0.981294 0.007459
vn 0.192372 -0.981294 0.007459
vn 0.192372 -0.981294 0.007459
vn -0.938553 -0.258733 -0.228421
vn -0.938553 -0.258733 -0.228421
vn -0.938553 -0.258733 -0.228421
vn -0.938553 -0.258733 -0.228421
vn -0.192374 0.981293 -0.007458
vn -0.192374 0.981293 -0.007458
vn -0.192374 0.981293 -0.007458
vn -0.192374 0.981293 -0.007458
vn 0.938552 0.258733 0.228422
vn 0.938552 0.258733 0.228422
vn 0.938552 0.258733 0.228422
vn 0.938552 0.258733 0.228422
vn -0.441625 0.006407 0.897177
vn -0.441625 0.006407 0.897177
vn -0.441625 0.006407 0.897177
vn -0.441625 0.006407 0.897177
vn 0.441626 -0.006407 -0.897177
vn 0.441626 -0.006407 -0.897177
vn 0.441626 -0.006407 -0.897177
vn 0.441626 -0.006407 -0.897177
g Donut1_LightYellow
usemtl LightYellow
f 1 2 3
f 4 5 6
f 4 6 7
f 8 9 10
f 8 10 11
f 12 13 14
f 12 14 15
f 16 17 18
f 16 18 19
f 20 21 22
f 20 22 23
f 24 25 26
f 24 26 27
f 28 29 30
f 28 30 31
f 32 33 34
f 32 34 35
f 36 37 38
f 36 38 39
f 40 41 42
f 40 42 43
f 44 45 46
f 44 46 47
f 48 49 50
f 48 50 51
f 52 53 54
f 52 54 55
f 56 57 58
f 56 58 59
f 60 61 62
f 60 62 63
f 64 65 66
f 64 66 67
f 68 69 70
f 68 70 71
f 72 73 74
f 72 74 75
f 76 77 78
f 76 78 79
f 80 81 82
f 80 82 83
f 84 85 86
f 84 86 87
f 88 89 90
f 88 90 91
f 92 93 94
f 92 94 95
f 96 97 98
f 96 98 99
f 100 101 102
f 100 102 103
f 104 105 106
f 104 106 107
f 108 109 110
f 108 110 111
f 112 113 114
f 112 114 115
f 116 117 118
f 116 118 119
f 120 121 122
f 120 122 123
f 124 125 126
f 124 126 127
f 128 129 130
f 128 130 131
f 132 133 134
f 132 134 135
f 136 137 138
f 136 138 139
f 140 141 142
f 140 142 143
f 144 145 146
f 144 146 147
f 148 149 150
f 148 150 151
f 152 153 154
f 152 154 155
f 156 157 158
f 156 158 159
f 160 161 162
f 160 162 163
f 164 165 166
f 164 166 167
f 168 169 170
f 168 170 171
f 172 173 174
f 172 174 175
f 176 177 178
f 176 178 179
f 180 181 182
f 180 182 183
f 184 185 186
f 184 186 187
f 188 189 190
f 188 190 191
f 192 193 194
f 192 194 195
f 196 197 198
f 196 198 199
f 200 201 202
f 200 202 203
f 204 205 206
f 204 206 207
f 208 209 210
f 208 210 211
f 212 213 214
f 212 214 215
f 216 217 218
f 216 218 219
f 220 221 222
f 220 222 223
f 224 225 226
f 224 226 227
f 228 229 230
f 228 230 231
f 232 233 234
f 232 234 235
f 236 237 238
f 236 238 239
f 240 241 242
f 240 242 243
f 244 245 246
f 244 246 247
f 248 249 250
f 248 250 251
f 252 253 254
f 252 254 255
f 256 257 258
f 256 258 259
f 260 261 262
f 260 262 263
f 264 265 266
f 264 266 267
f 268 269 270
f 268 270 271
f 272 273 274
f 272 274 275
f 276 277 278
f 276 278 279
f 280 281 282
f 280 282 283
f 284 285 286
f 284 286 287
f 288 289 290
f 288 290 291
f 292 293 294
f 292 294 295
f 296 297 298
f 296 298 299
f 300 301 302
f 300 302 303
f 304 305 306
f 304 306 307
f 308 309 310
f 308 310 311
f 312 313 314
f 312 314 315
f 316 317 318
f 316 318 319
f 320 321 322
f 320 322 323
f 324 325 326
f 324 326 327
f 328 329 330
f 328 330 331
f 332 333 334
f 332 334 335
f 336 337 338
f 336 338 339
f 340 341 342
f 340 342 343
f 344 345 346
f 344 346 347
f 348 349 350
f 348 350 351
f 352 353 354
f 352 354 355
f 356 357 358
f 356 358 359
f 360 361 362
f 360 362 363
f 364 365 366
f 364 366 367
f 368 369 370
f 368 370 371
f 372 373 374
f 372 374 375
f 376 377 378
f 376 378 379
f 380 381 382
f 380 382 383
f 384 385 386
f 384 386 387
f 388 389 390
f 388 390 391
f 392 393 394
f 392 394 395
f 396 397 398
f 396 398 399
f 400 401 402
f 400 402 403
f 404 405 406
f 404 406 407
f 408 409 410
f 408 410 411
f 412 413 414
f 412 414 415
f 416 417 418
f 416 418 419
f 420 421 422
f 420 422 423
f 424 425 426
f 424 426 427
f 428 429 430
f 428 430 431
f 432 433 434
f 432 434 435
f 436 437 438
f 436 438 439
f 440 441 442
f 440 442 443
f 444 445 446
f 444 446 447
f 448 449 450
f 448 450 451
f 452 453 454
f 452 454 455
f 456 457 458
f 456 458 459
f 460 461 462
f 462 463 460
f 463 464 460
f 465 466 467
f 465 467 468
f 469 470 471
f 469 471 472
f 473 474 475
f 473 475 476
f 477 478 479
f 477 479 480
f 481 482 483
f 481 483 484
f 485 486 487
f 485 487 488
f 489 490 491
f 489 491 492
f 493 494 495
f 493 495 496
f 497 498 499
f 497 499 500
f 501 502 503
f 501 503 504
f 505 506 507
f 505 507 508
f 509 510 511
f 509 511 512
f 513 514 515
f 513 515 516
f 517 518 519
f 517 519 520
f 521 522 523
f 521 523 524
f 525 526 527
f 525 527 528
f 529 530 531
f 529 531 532
f 533 534 535
f 533 535 536
f 537 538 539
f 537 539 540
f 541 542 543
f 541 543 544
f 545 546 547
f 545 547 548
f 549 550 551
f 549 551 552
f 553 554 555
f 553 555 556
f 557 558 559
f 557 559 560
f 561 562 563
f 561 563 564
f 565 566 567
f 565 567 568
f 569 570 571
f 569 571 572
f 573 574 575
f 573 575 576
f 577 578 579
f 577 579 580
f 581 582 583
f 581 583 584
f 585 586 587
f 585 587 588
f 589 590 591
f 589 591 592
g Donut1_PalePink
usemtl PalePink
f 593 594 595
f 596 597 598
f 599 600 601
f 602 603 604
f 605 606 607
f 608 609 610
f 611 612 613
f 611 613 614
f 615 616 617
f 615 617 618
f 619 620 621
f 619 622 620
f 623 622 619
f 623 624 622
f 625 626 627
f 625 627 628
f 628 627 629
f 628 629 630
f 631 632 633
f 631 633 634
f 635 636 637
f 635 637 638
f 639 640 641
f 639 641 642
f 643 644 645
f 643 645 646
f 647 648 649
f 647 650 648
f 651 650 647
f 651 652 650
f 653 652 651
f 653 654 652
f 655 656 657
f 655 657 658
f 659 660 661
f 659 661 662
f 663 664 665
f 663 665 666
f 667 668 669
f 667 669 670
f 671 672 673
f 671 673 674
f 675 676 677
f 675 677 678
f 679 680 681
f 679 681 682
f 683 684 685
f 683 685 686
f 687 688 689
f 687 689 690
f 691 692 693
f 691 693 694
f 695 696 697
f 695 697 698
f 699 700 701
f 699 701 702
f 703 704 705
f 703 705 706
f 707 708 709
f 707 709 710
f 711 712 713
f 711 713 714
f 715 716 717
f 715 717 718
f 719 720 721
f 719 721 722
f 723 724 725
f 723 725 726
f 727 728 729
f 727 729 730
f 731 732 733
f 731 733 734
f 735 736 737
f 735 737 738
f 739 740 741
f 739 741 742
f 743 744 745
f 743 745 746
f 747 748 749
f 747 749 750
f 751 752 753
f 751 753 754
f 755 756 757
f 755 757 758
f 759 760 761
f 759 761 762
f 763 764 765
f 763 765 766
f 767 768 769
f 767 769 770
f 771 772 773
f 771 773 774
f 775 776 777
f 775 777 778
f 779 780 781
f 779 781 782
f 783 784 785
f 783 785 786
f 787 788 789
f 787 789 790
f 791 792 793
f 791 793 794
f 795 796 797
f 795 797 798
f 799 800 801
f 799 801 802
f 803 804 805
f 803 805 806
f 807 808 809
f 807 809 810
f 811 812 813
f 811 813 814
f 815 816 817
f 815 817 818
f 819 820 821
f 819 821 822
f 823 824 825
f 823 825 826
f 827 828 829
f 827 829 830
f 831 832 833
f 831 833 834
f 835 836 837
f 835 837 838
f 839 840 841
f 839 841 842
f 843 844 845
f 843 845 846
f 847 848 849
f 847 849 850
f 851 852 853
f 851 853 854
f 855 856 857
f 855 857 858
f 859 860 861
f 859 861 862
f 863 864 865
f 863 865 866
f 867 868 869
f 867 869 870
f 871 872 873
f 871 873 874
f 875 876 877
f 875 877 878
f 879 880 881
f 879 881 882
f 883 884 885
f 883 885 886
f 887 888 889
f 887 889 890
f 891 892 893
f 891 893 894
f 895 896 897
f 895 897 898
f 899 900 901
f 899 901 902
f 903 904 905
f 903 905 906
f 907 908 909
f 907 909 910
f 911 912 913
f 911 913 914
f 915 916 917
f 915 917 918
f 919 920 921
f 919 921 922
f 923 924 925
f 923 925 926
f 927 928 929
f 927 929 930
f 931 932 933
f 931 933 934
f 935 936 937
f 935 937 938
f 939 940 941
f 939 941 942
f 943 944 945
f 943 945 946
f 947 948 949
f 947 949 950
f 951 952 953
f 951 953 954
f 955 956 957
f 955 957 958
f 959 960 961
f 959 961 962
f 963 964 965
f 963 965 966
f 967 968 969
f 967 969 970
f 971 972 973
f 971 973 974
f 975 976 977
f 975 977 978
f 979 980 981
f 979 981 982
f 983 984 985
f 983 985 986
f 987 988 989
f 987 989 990
f 991 992 993
f 991 993 994
f 995 996 997
f 995 997 998
f 999 1000 1001
f 999 1001 1002
f 1003 1004 1005
f 1003 1005 1006
f 1007 1008 1009
f 1007 1009 1010
f 1011 1012 1013
f 1011 1013 1014
f 1015 1016 1017
f 1015 1017 1018
f 1019 1020 1021
f 1019 1021 1022
f 1023 1024 1025
f 1023 1025 1026
f 1027 1028 1029
f 1027 1029 1030
f 1031 1032 1033
f 1031 1033 1034
f 1035 1036 1037
f 1035 1037 1038
f 1039 1040 1041
f 1039 1041 1042
f 1043 1044 1045
f 1043 1045 1046
f 1047 1048 1049
f 1047 1049 1050
f 1051 1052 1053
f 1051 1053 1054
g Donut1_Blue
usemtl Blue
f 1055 1056 1057
f 1055 1057 1058
f 1059 1060 1061
f 1059 1061 1062
f 1063 1064 1065
f 1063 1065 1066
f 1067 1068 1069
f 1067 1069 1070
f 1071 1072 1073
f 1071 1073 1074
f 1075 1076 1077
f 1075 1077 1078
f 1079 1080 1081
f 1079 1081 1082
f 1083 1084 1085
f 1083 1085 1086
f 1087 1088 1089
f 1087 1089 1090
f 1091 1092 1093
f 1091 1093 1094
f 1095 1096 1097
f 1095 1097 1098
f 1099 1100 1101
f 1099 1101 1102
f 1103 1104 1105
f 1103 1105 1106
f 1107 1108 1109
f 1107 1109 1110
f 1111 1112 1113
f 1111 1113 1114
f 1115 1116 1117
f 1115 1117 1118
f 1119 1120 1121
f 1119 1121 1122
f 1123 1124 1125
f 1123 1125 1126
f 1127 1128 1129
f 1127 1129 1130
f 1131 1132 1133
f 1131 1133 1134
f 1135 1136 1137
f 1135 1137 1138
f 1139 1140 1141
f 1139 1141 1142
f 1143 1144 1145
f 1143 1145 1146
f 1147 1148 1149
f 1147 1149 1150
f 1151 1152 1153
f 1151 1153 1154
f 1155 1156 1157
f 1155 1157 1158
f 1159 1160 1161
f 1159 1161 1162
f 1163 1164 1165
f 1163 1165 1166
f 1167 1168 1169
f 1167 1169 1170
f 1171 1172 1173
f 1171 1173 1174
f 1175 1176 1177
f 1175 1177 1178
f 1179 1180 1181
f 1179 1181 1182
f 1183 1184 1185
f 1183 1185 1186
f 1187 1188 1189
f 1187 1189 1190
f 1191 1192 1193
f 1191 1193 1194
f 1195 1196 1197
f 1195 1197 1198
f 1199 1200 1201
f 1199 1201 1202
f 1203 1204 1205
f 1203 1205 1206
f 1207 1208 1209
f 1207 1209 1210
f 1211 1212 1213
f 1211 1213 1214
f 1215 1216 1217
f 1215 1217 1218
f 1219 1220 1221
f 1219 1221 1222
f 1223 1224 1225
f 1223 1225 1226
f 1227 1228 1229
f 1227 1229 1230
f 1231 1232 1233
f 1231 1233 1234
f 1235 1236 1237
f 1235 1237 1238
f 1239 1240 1241
f 1239 1241 1242
f 1243 1244 1245
f 1243 1245 1246
f 1247 1248 1249
f 1247 1249 1250
f 1251 1252 1253
f 1251 1253 1254
f 1255 1256 1257
f 1255 1257 1258
f 1259 1260 1261
f 1259 1261 1262
f 1263 1264 1265
f 1263 1265 1266
f 1267 1268 1269
f 1267 1269 1270
f 1271 1272 1273
f 1271 1273 1274
f 1275 1276 1277
f 1275 1277 1278
f 1279 1280 1281
f 1279 1281 1282
f 1283 1284 1285
f 1283 1285 1286
f 1287 1288 1289
f 1287 1289 1290
f 1291 1292 1293
f 1291 1293 1294
f 1295 1296 1297
f 1295 1297 1298
f 1299 1300 1301
f 1299 1301 1302
f 1303 1304 1305
f 1303 1305 1306
f 1307 1308 1309
f 1307 1309 1310
f 1311 1312 1313
f 1311 1313 1314
f 1315 1316 1317
f 1315 1317 1318
f 1319 1320 1321
f 1319 1321 1322
f 1323 1324 1325
f 1323 1325 1326
f 1327 1328 1329
f 1327 1329 1330
f 1331 1332 1333
f 1331 1333 1334
f 1335 1336 1337
f 1335 1337 1338
f 1339 1340 1341
f 1339 1341 1342
g Donut1_Green
usemtl Green
f 1343 1344 1345
f 1343 1345 1346
f 1347 1348 1349
f 1347 1349 1350
f 1351 1352 1353
f 1351 1353 1354
f 1355 1356 1357
f 1355 1357 1358
f 1359 1360 1361
f 1359 1361 1362
f 1363 1364 1365
f 1363 1365 1366
f 1367 1368 1369
f 1367 1369 1370
f 1371 1372 1373
f 1371 1373 1374
f 1375 1376 1377
f 1375 1377 1378
f 1379 1380 1381
f 1379 1381 1382
f 1383 1384 1385
f 1383 1385 1386
f 1387 1388 1389
f 1387 1389 1390
f 1391 1392 1393
f 1391 1393 1394
f 1395 1396 1397
f 1395 1397 1398
f 1399 1400 1401
f 1399 1401 1402
f 1403 1404 1405
f 1403 1405 1406
f 1407 1408 1409
f 1407 1409 1410
f 1411 1412 1413
f 1411 1413 1414
f 1415 1416 1417
f 1415 1417 1418
f 1419 1420 1421
f 1419 1421 1422
f 1423 1424 1425
f 1423 1425 1426
f 1427 1428 1429
f 1427 1429 1430
f 1431 1432 1433
f 1431 1433 1434
f 1435 1436 1437
f 1435 1437 1438
f 1439 1440 1441
f 1439 1441 1442
f 1443 1444 1445
f 1443 1445 1446
f 1447 1448 1449
f 1447 1449 1450
f 1451 1452 1453
f 1451 1453 1454
f 1455 1456 1457
f 1455 1457 1458
f 1459 1460 1461
f 1459 1461 1462
f 1463 1464 1465
f 1463 1465 1466
f 1467 1468 1469
f 1467 1469 1470
f 1471 1472 1473
f 1471 1473 1474
f 1475 1476 1477
f 1475 1477 1478
f 1479 1480 1481
f 1479 1481 1482
f 1483 1484 1485
f 1483 1485 1486
f 1487 1488 1489
f 1487 1489 1490
f 1491 1492 1493
f 1491 1493 1494
f 1495 1496 1497
f 1495 1497 1498
f 1499 1500 1501
f 1499 1501 1502
f 1503 1504 1505
f 1503 1505 1506
f 1507 1508 1509
f 1507 1509 1510
f 1511 1512 1513
f 1511 1513 1514
f 1515 1516 1517
f 1515 1517 1518
f 1519 1520 1521
f 1519 1521 1522
f 1523 1524 1525
f 1523 1525 1526
f 1527 1528 1529
f 1527 1529 1530
f 1531 1532 1533
f 1531 1533 1534
f 1535 1536 1537
f 1535 1537 1538
f 1539 1540 1541
f 1539 1541 1542
f 1543 1544 1545
f 1543 1545 1546
f 1547 1548 1549
f 1547 1549 1550
f 1551 1552 1553
f 1551 1553 1554
f 1555 1556 1557
f 1555 1557 1558
f 1559 1560 1561
f 1559 1561 1562
f 1563 1564 1565
f 1563 1565 1566
f 1567 1568 1569
f 1567 1569 1570
f 1571 1572 1573
f 1571 1573 1574
f 1575 1576 1577
f 1575 1577 1578
f 1579 1580 1581
f 1579 1581 1582
g Donut1_Red
usemtl Red
f 1583 1584 1585
f 1583 1585 1586
f 1587 1588 1589
f 1587 1589 1590
f 1591 1592 1593
f 1591 1593 1594
f 1595 1596 1597
f 1595 1597 1598
f 1599 1600 1601
f 1599 1601 1602
f 1603 1604 1605
f 1603 1605 1606
f 1607 1608 1609
f 1607 1609 1610
f 1611 1612 1613
f 1611 1613 1614
f 1615 1616 1617
f 1615 1617 1618
f 1619 1620 1621
f 1619 1621 1622
f 1623 1624 1625
f 1623 1625 1626
f 1627 1628 1629
f 1627 1629 1630
f 1631 1632 1633
f 1631 1633 1634
f 1635 1636 1637
f 1635 1637 1638
f 1639 1640 1641
f 1639 1641 1642
f 1643 1644 1645
f 1643 1645 1646
f 1647 1648 1649
f 1647 1649 1650
f 1651 1652 1653
f 1651 1653 1654
f 1655 1656 1657
f 1655 1657 1658
f 1659 1660 1661
f 1659 1661 1662
f 1663 1664 1665
f 1663 1665 1666
f 1667 1668 1669
f 1667 1669 1670
f 1671 1672 1673
f 1671 1673 1674
f 1675 1676 1677
f 1675 1677 1678
f 1679 1680 1681
f 1679 1681 1682
f 1683 1684 1685
f 1683 1685 1686
f 1687 1688 1689
f 1687 1689 1690
f 1691 1692 1693
f 1691 1693 1694
f 1695 1696 1697
f 1695 1697 1698
f 1699 1700 1701
f 1699 1701 1702
f 1703 1704 1705
f 1703 1705 1706
f 1707 1708 1709
f 1707 1709 1710
f 1711 1712 1713
f 1711 1713 1714
f 1715 1716 1717
f 1715 1717 1718
f 1719 1720 1721
f 1719 1721 1722
f 1723 1724 1725
f 1723 1725 1726
f 1727 1728 1729
f 1727 1729 1730
f 1731 1732 1733
f 1731 1733 1734
f 1735 1736 1737
f 1735 1737 1738
f 1739 1740 1741
f 1739 1741 1742
f 1743 1744 1745
f 1743 1745 1746
f 1747 1748 1749
f 1747 1749 1750
f 1751 1752 1753
f 1751 1753 1754
f 1755 1756 1757
f 1755 1757 1758
f 1759 1760 1761
f 1759 1761 1762
f 1763 1764 1765
f 1763 1765 1766
f 1767 1768 1769
f 1767 1769 1770
f 1771 1772 1773
f 1771 1773 1774
f 1775 1776 1777
f 1775 1777 1778
f 1779 1780 1781
f 1779 1781 1782
f 1783 1784 1785
f 1783 1785 1786
f 1787 1788 1789
f 1787 1789 1790
f 1791 1792 1793
f 1791 1793 1794
f 1795 1796 1797
f 1795 1797 1798
f 1799 1800 1801
f 1799 1801 1802
f 1803 1804 1805
f 1803 1805 1806
f 1807 1808 1809
f 1807 1809 1810
f 1811 1812 1813
f 1811 1813 1814
f 1815 1816 1817
f 1815 1817 1818
f 1819 1820 1821
f 1819 1821 1822
f 1823 1824 1825
f 1823 1825 1826
f 1827 1828 1829
f 1827 1829 1830
f 1831 1832 1833
f 1831 1833 1834
f 1835 1836 1837
f 1835 1837 1838
f 1839 1840 1841
f 1839 1841 1842
f 1843 1844 1845
f 1843 1845 1846
f 1847 1848 1849
f 1847 1849 1850
f 1851 1852 1853
f 1851 1853 1854
f 1855 1856 1857
f 1855 1857 1858
f 1859 1860 1861
f 1859 1861 1862
f 1863 1864 1865
f 1863 1865 1866
f 1867 1868 1869
f 1867 1869 1870
f 1871 1872 1873
f 1871 1873 1874
f 1875 1876 1877
f 1875 1877 1878
f 1879 1880 1881
f 1879 1881 1882
f 1883 1884 1885
f 1883 1885 1886
f 1887 1888 1889
f 1887 1889 1890
f 1891 1892 1893
f 1891 1893 1894
f 1895 1896 1897
f 1895 1897 1898
f 1899 1900 1901
f 1899 1901 1902
f 1903 1904 1905
f 1903 1905 1906
f 1907 1908 1909
f 1907 1909 1910
f 1911 1912 1913
f 1911 1913 1914
f 1915 1916 1917
f 1915 1917 1918
f 1919 1920 1921
f 1919 1921 1922
f 1923 1924 1925
f 1923 1925 1926
f 1927 1928 1929
f 1927 1929 1930
f 1931 1932 1933
f 1931 1933 1934
f 1935 1936 1937
f 1935 1937 1938
f 1939 1940 1941
f 1939 1941 1942
f 1943 1944 1945
f 1943 1945 1946
f 1947 1948 1949
f 1947 1949 1950
f 1951 1952 1953
f 1951 1953 1954
f 1955 1956 1957
f 1955 1957 1958
f 1959 1960 1961
f 1959 1961 1962
f 1963 1964 1965
f 1963 1965 1966
