mtllib Materials.mtl
# Ultimate Food Pack - Donut2
o Donut2
v 0.197728 0.006825 0.375357
v 0.161816 0.037667 0.383123
v 0.166749 -0.033189 0.396430
v -0.424274 -0.033190 0.073451
v -0.427677 -0.003727 0.072599
v -0.438870 -0.024537 -0.057837
v -0.427286 -0.033190 -0.054908
v -0.162769 0.044272 0.028454
v -0.162769 -0.044272 0.028454
v -0.163925 -0.044272 -0.020787
v -0.163925 0.044272 -0.020787
v -0.162769 -0.044272 0.028454
v -0.218834 -0.112101 0.038255
v -0.220388 -0.112101 -0.027947
v -0.163925 -0.044272 -0.020787
v -0.218834 -0.112101 0.038255
v -0.304730 -0.127477 0.053271
v -0.306894 -0.127477 -0.038916
v -0.220388 -0.112101 -0.027947
v -0.304730 -0.127477 0.053271
v -0.410118 -0.083204 0.071694
v -0.413030 -0.083204 -0.052375
v -0.306894 -0.127477 -0.038916
v -0.410118 -0.083204 0.071694
v -0.424274 -0.033190 0.073451
v -0.427286 -0.033190 -0.054908
v -0.413030 -0.083204 -0.052375
v -0.427286 -0.033190 -0.054908
v -0.438870 -0.024537 -0.057837
v -0.391904 0.006195 -0.179732
v -0.392331 -0.033190 -0.178452
v -0.163925 0.044272 -0.020787
v -0.163925 -0.044272 -0.020787
v -0.150515 -0.044272 -0.068181
v -0.150515 0.044272 -0.068181
v -0.163925 -0.044272 -0.020787
v -0.220388 -0.112101 -0.027947
v -0.202359 -0.112101 -0.091666
v -0.150515 -0.044272 -0.068181
v -0.220388 -0.112101 -0.027947
v -0.306894 -0.127477 -0.038916
v -0.281789 -0.127477 -0.127646
v -0.202359 -0.112101 -0.091666
v -0.306894 -0.127477 -0.038916
v -0.413030 -0.083204 -0.052375
v -0.379242 -0.083204 -0.171791
v -0.281789 -0.127477 -0.127646
v -0.413030 -0.083204 -0.052375
v -0.427286 -0.033190 -0.054908
v -0.392331 -0.033190 -0.178452
v -0.379242 -0.083204 -0.171791
v -0.392331 -0.033190 -0.178452
v -0.391904 0.006195 -0.179732
v -0.312845 0.037667 -0.279138
v -0.322513 -0.033190 -0.286204
v -0.150515 0.044272 -0.068181
v -0.150515 -0.044272 -0.068181
v -0.123731 -0.044272 -0.109517
v -0.123731 0.044272 -0.109517
v -0.150515 -0.044272 -0.068181
v -0.202359 -0.112101 -0.091666
v -0.166350 -0.112101 -0.147240
v -0.123731 -0.044272 -0.109517
v -0.202359 -0.112101 -0.091666
v -0.281789 -0.127477 -0.127646
v -0.231645 -0.127477 -0.205034
v -0.166350 -0.112101 -0.147240
v -0.281789 -0.127477 -0.127646
v -0.379242 -0.083204 -0.171791
v -0.311757 -0.083204 -0.275942
v -0.231645 -0.127477 -0.205034
v -0.379242 -0.083204 -0.171791
v -0.392331 -0.033190 -0.178452
v -0.322513 -0.033190 -0.286204
v -0.311757 -0.083204 -0.275942
v -0.322513 -0.033190 -0.286204
v -0.312845 0.037667 -0.279138
v -0.217307 0.037667 -0.359065
v -0.224037 -0.033190 -0.368589
v -0.123731 0.044272 -0.109517
v -0.123731 -0.044272 -0.109517
v -0.085953 -0.044272 -0.141122
v -0.085953 0.044272 -0.141122
v -0.123731 -0.044272 -0.109517
v -0.166350 -0.112101 -0.147240
v -0.115560 -0.112101 -0.189731
v -0.085953 -0.044272 -0.141122
v -0.166350 -0.112101 -0.147240
v -0.231645 -0.127477 -0.205034
v -0.160919 -0.127477 -0.264203
v -0.115560 -0.112101 -0.189731
v -0.231645 -0.127477 -0.205034
v -0.311757 -0.083204 -0.275942
v -0.216571 -0.083204 -0.355575
v -0.160919 -0.127477 -0.264203
v -0.311757 -0.083204 -0.275942
v -0.322513 -0.033190 -0.286204
v -0.224037 -0.033190 -0.368589
v -0.216571 -0.083204 -0.355575
v -0.224037 -0.033190 -0.368589
v -0.217307 0.037667 -0.359065
v -0.102455 0.037667 -0.407281
v -0.105652 -0.033190 -0.418288
v -0.085953 0.044272 -0.141122
v -0.085953 -0.044272 -0.141122
v -0.040538 -0.044272 -0.160187
v -0.040538 0.044272 -0.160187
v -0.085953 -0.044272 -0.141122
v -0.115560 -0.112101 -0.189731
v -0.054502 -0.112101 -0.215363
v -0.040538 -0.044272 -0.160187
v -0.115560 -0.112101 -0.189731
v -0.160919 -0.127477 -0.264203
v -0.075895 -0.127477 -0.299897
v -0.054502 -0.112101 -0.215363
v -0.160919 -0.127477 -0.264203
v -0.216571 -0.083204 -0.355575
v -0.102142 -0.083204 -0.403613
v -0.075895 -0.127477 -0.299897
v -0.216571 -0.083204 -0.355575
v -0.224037 -0.033190 -0.368589
v -0.105652 -0.033190 -0.418288
v -0.102142 -0.083204 -0.403613
v -0.105652 -0.033190 -0.418288
v -0.102455 0.037667 -0.407281
v 0.022014 0.012600 -0.429391
v 0.022123 -0.033190 -0.430884
v -0.040538 0.044272 -0.160187
v -0.040538 -0.044272 -0.160187
v 0.008479 -0.044272 -0.165020
v 0.008479 0.044272 -0.165020
v -0.040538 -0.044272 -0.160187
v -0.054502 -0.112101 -0.215363
v 0.011399 -0.112101 -0.221860
v 0.008479 -0.044272 -0.165020
v -0.054502 -0.112101 -0.215363
v -0.075895 -0.127477 -0.299897
v 0.015873 -0.127477 -0.308944
v 0.011399 -0.112101 -0.221860
v -0.075895 -0.127477 -0.299897
v -0.102142 -0.083204 -0.403613
v 0.021363 -0.083204 -0.415789
v 0.015873 -0.127477 -0.308944
v -0.102142 -0.083204 -0.403613
v -0.105652 -0.033190 -0.418288
v 0.022123 -0.033190 -0.430884
v 0.021363 -0.083204 -0.415789
v 0.022123 -0.033190 -0.430884
v 0.022014 0.012600 -0.429391
v 0.147771 0.006638 -0.406153
v 0.147933 -0.033190 -0.405259
v 0.008479 0.044272 -0.165020
v 0.008479 -0.044272 -0.165020
v 0.056742 -0.044272 -0.155189
v 0.056742 0.044272 -0.155189
v 0.008479 -0.044272 -0.165020
v 0.011399 -0.112101 -0.221860
v 0.076287 -0.112101 -0.208643
v 0.056742 -0.044272 -0.155189
v 0.011399 -0.112101 -0.221860
v 0.015873 -0.127477 -0.308944
v 0.106231 -0.127477 -0.290540
v 0.076287 -0.112101 -0.208643
v 0.015873 -0.127477 -0.308944
v 0.021363 -0.083204 -0.415789
v 0.142970 -0.083204 -0.391020
v 0.106231 -0.127477 -0.290540
v 0.021363 -0.083204 -0.415789
v 0.022123 -0.033190 -0.430884
v 0.147933 -0.033190 -0.405259
v 0.142970 -0.083204 -0.391020
v 0.147933 -0.033190 -0.405259
v 0.147771 0.006638 -0.406153
v 0.262024 -0.000647 -0.346959
v 0.260601 -0.033190 -0.343689
v 0.056742 0.044272 -0.155189
v 0.056742 -0.044272 -0.155189
v 0.099964 -0.044272 -0.131569
v 0.099964 0.044272 -0.131569
v 0.056742 -0.044272 -0.155189
v 0.076287 -0.112101 -0.208643
v 0.134396 -0.112101 -0.176888
v 0.099964 -0.044272 -0.131569
v 0.076287 -0.112101 -0.208643
v 0.106231 -0.127477 -0.290540
v 0.187150 -0.127477 -0.246320
v 0.134396 -0.112101 -0.176888
v 0.106231 -0.127477 -0.290540
v 0.142970 -0.083204 -0.391020
v 0.251873 -0.083204 -0.331507
v 0.187150 -0.127477 -0.246320
v 0.142970 -0.083204 -0.391020
v 0.147933 -0.033190 -0.405259
v 0.260601 -0.033190 -0.343689
v 0.251873 -0.083204 -0.331507
v 0.260601 -0.033190 -0.343689
v 0.262024 -0.000647 -0.346959
v 0.339710 0.037667 -0.245610
v 0.350116 -0.033190 -0.251644
v 0.099964 0.044272 -0.131569
v 0.099964 -0.044272 -0.131569
v 0.134304 -0.044272 -0.096259
v 0.134304 0.044272 -0.096259
v 0.099964 -0.044272 -0.131569
v 0.134396 -0.112101 -0.176888
v 0.180564 -0.112101 -0.129415
v 0.134304 -0.044272 -0.096259
v 0.134396 -0.112101 -0.176888
v 0.187150 -0.127477 -0.246320
v 0.251439 -0.127477 -0.180213
v 0.180564 -0.112101 -0.129415
v 0.187150 -0.127477 -0.246320
v 0.251873 -0.083204 -0.331507
v 0.338397 -0.083204 -0.242538
v 0.251439 -0.127477 -0.180213
v 0.251873 -0.083204 -0.331507
v 0.260601 -0.033190 -0.343689
v 0.350116 -0.033190 -0.251644
v 0.338397 -0.083204 -0.242538
v 0.350116 -0.033190 -0.251644
v 0.339710 0.037667 -0.245610
v 0.396374 0.037667 -0.134682
v 0.408522 -0.033190 -0.137304
v 0.134304 0.044272 -0.096259
v 0.134304 -0.044272 -0.096259
v 0.156710 -0.044272 -0.052396
v 0.156710 0.044272 -0.052396
v 0.134304 -0.044272 -0.096259
v 0.180564 -0.112101 -0.129415
v 0.210688 -0.112101 -0.070443
v 0.156710 -0.044272 -0.052396
v 0.180564 -0.112101 -0.129415
v 0.251439 -0.127477 -0.180213
v 0.293387 -0.127477 -0.098094
v 0.210688 -0.112101 -0.070443
v 0.251439 -0.127477 -0.180213
v 0.338397 -0.083204 -0.242538
v 0.394852 -0.083204 -0.132018
v 0.293387 -0.127477 -0.098094
v 0.338397 -0.083204 -0.242538
v 0.350116 -0.033190 -0.251644
v 0.408522 -0.033190 -0.137304
v 0.394852 -0.083204 -0.132018
v 0.408522 -0.033190 -0.137304
v 0.396374 0.037667 -0.134682
v 0.396810 0.050385 -0.003098
v 0.430632 -0.033190 -0.010829
v 0.056742 0.044272 -0.155189
v 0.058279 0.062877 -0.158807
v 0.008887 0.062877 -0.168867
v 0.008479 0.044272 -0.165020
v 0.156710 0.044272 -0.052396
v 0.156710 -0.044272 -0.052396
v 0.165192 -0.044272 -0.003877
v 0.165192 0.044272 -0.003877
v 0.156710 -0.044272 -0.052396
v 0.210688 -0.112101 -0.070443
v 0.222091 -0.112101 -0.005212
v 0.165192 -0.044272 -0.003877
v 0.210688 -0.112101 -0.070443
v 0.293387 -0.127477 -0.098094
v 0.309266 -0.127477 -0.007258
v 0.222091 -0.112101 -0.005212
v 0.293387 -0.127477 -0.098094
v 0.394852 -0.083204 -0.132018
v 0.416223 -0.083204 -0.009769
v 0.309266 -0.127477 -0.007258
v 0.394852 -0.083204 -0.132018
v 0.408522 -0.033190 -0.137304
v 0.430632 -0.033190 -0.010829
v 0.416223 -0.083204 -0.009769
v 0.430632 -0.033190 -0.010829
v 0.396810 0.050385 -0.003098
v 0.402154 0.037667 0.111591
v 0.414480 -0.033190 0.116545
v 0.138672 0.044272 0.089852
v 0.142123 0.062877 0.091960
v 0.162921 0.062877 0.046046
v 0.158996 0.044272 0.044986
v -0.032979 0.044272 0.161913
v -0.033539 0.062877 0.165705
v 0.016800 0.062877 0.168291
v 0.016211 0.044272 0.164440
v 0.165192 0.044272 -0.003877
v 0.165192 -0.044272 -0.003877
v 0.158996 -0.044272 0.044986
v 0.158996 0.044272 0.044986
v 0.165192 -0.044272 -0.003877
v 0.222091 -0.112101 -0.005212
v 0.213761 -0.112101 0.060482
v 0.158996 -0.044272 0.044986
v 0.222091 -0.112101 -0.005212
v 0.309266 -0.127477 -0.007258
v 0.297666 -0.127477 0.084222
v 0.213761 -0.112101 0.060482
v 0.309266 -0.127477 -0.007258
v 0.416223 -0.083204 -0.009769
v 0.400611 -0.083204 0.113349
v 0.297666 -0.127477 0.084222
v 0.416223 -0.083204 -0.009769
v 0.430632 -0.033190 -0.010829
v 0.414480 -0.033190 0.116545
v 0.400611 -0.083204 0.113349
v 0.414480 -0.033190 0.116545
v 0.402154 0.037667 0.111591
v 0.350756 0.037667 0.225055
v 0.361502 -0.033190 0.233499
v 0.063960 0.044272 0.152356
v 0.065665 0.062877 0.155925
v 0.108715 0.062877 0.129705
v 0.106027 0.044272 0.126735
v -0.079238 0.044272 0.144999
v -0.080879 0.062877 0.148395
v -0.033539 0.062877 0.165705
v -0.032979 0.044272 0.161913
v 0.158996 0.044272 0.044986
v 0.158996 -0.044272 0.044986
v 0.138672 -0.044272 0.089853
v 0.138672 0.044272 0.089852
v 0.158996 -0.044272 0.044986
v 0.213761 -0.112101 0.060482
v 0.186437 -0.112101 0.120802
v 0.138672 -0.044272 0.089853
v 0.213761 -0.112101 0.060482
v 0.297666 -0.127477 0.084222
v 0.259617 -0.127477 0.168219
v 0.186437 -0.112101 0.120802
v 0.297666 -0.127477 0.084222
v 0.400611 -0.083204 0.113349
v 0.349402 -0.083204 0.226395
v 0.259617 -0.127477 0.168219
v 0.400611 -0.083204 0.113349
v 0.414480 -0.033190 0.116545
v 0.361502 -0.033190 0.233499
v 0.349402 -0.083204 0.226395
v 0.361502 -0.033190 0.233499
v 0.350756 0.037667 0.225055
v 0.276363 0.005458 0.328088
v 0.276404 -0.033190 0.329642
v 0.156710 0.044272 -0.052396
v 0.160582 0.062877 -0.053612
v 0.137653 0.062877 -0.098500
v 0.134304 0.044272 -0.096259
v 0.138672 0.044272 0.089852
v 0.138672 -0.044272 0.089853
v 0.106027 -0.044272 0.126735
v 0.106027 0.044272 0.126735
v 0.138672 -0.044272 0.089853
v 0.186437 -0.112101 0.120802
v 0.142547 -0.112101 0.170388
v 0.106027 -0.044272 0.126735
v 0.186437 -0.112101 0.120802
v 0.259617 -0.127477 0.168219
v 0.198499 -0.127477 0.237269
v 0.142547 -0.112101 0.170388
v 0.259617 -0.127477 0.168219
v 0.349402 -0.083204 0.226395
v 0.267148 -0.083204 0.319326
v 0.198499 -0.127477 0.237269
v 0.349402 -0.083204 0.226395
v 0.361502 -0.033190 0.233499
v 0.276404 -0.033190 0.329642
v 0.267148 -0.083204 0.319326
v 0.276404 -0.033190 0.329642
v 0.276363 0.005458 0.328088
v 0.197728 0.006825 0.375357
v 0.166749 -0.033189 0.396430
v 0.158996 0.044272 0.044986
v 0.162921 0.062877 0.046046
v 0.169262 0.062877 -0.003959
v 0.165192 0.044272 -0.003877
v -0.147151 0.044272 0.075167
v -0.150378 0.062877 0.076932
v -0.121014 0.062877 0.117901
v -0.118457 0.044272 0.115201
v 0.106027 0.044272 0.126735
v 0.106027 -0.044272 0.126735
v 0.063960 -0.044272 0.152356
v 0.063960 0.044272 0.152356
v 0.106027 -0.044272 0.126735
v 0.142547 -0.112101 0.170388
v 0.085991 -0.112101 0.204835
v 0.063960 -0.044272 0.152356
v 0.142547 -0.112101 0.170388
v 0.198499 -0.127477 0.237269
v 0.119744 -0.127477 0.285236
v 0.085991 -0.112101 0.204835
v 0.198499 -0.127477 0.237269
v 0.267148 -0.083204 0.319326
v 0.161157 -0.083204 0.383882
v 0.119744 -0.127477 0.285236
v 0.267148 -0.083204 0.319326
v 0.276404 -0.033190 0.329642
v 0.166749 -0.033189 0.396430
v 0.161157 -0.083204 0.383882
v 0.166749 -0.033189 0.396430
v 0.161816 0.037667 0.383123
v 0.036376 0.042582 0.396988
v 0.042279 -0.033189 0.427929
v -0.085953 0.044272 -0.141122
v -0.087751 0.062877 -0.144411
v -0.126412 0.062877 -0.112067
v -0.123731 0.044272 -0.109517
v 0.165192 0.044272 -0.003877
v 0.169262 0.062877 -0.003959
v 0.160582 0.062877 -0.053612
v 0.156710 0.044272 -0.052396
v 0.063960 0.044272 0.152356
v 0.063960 -0.044272 0.152356
v 0.016211 -0.044272 0.164440
v 0.016211 0.044272 0.164440
v 0.063960 -0.044272 0.152356
v 0.085991 -0.112101 0.204835
v 0.021795 -0.112101 0.221081
v 0.016211 -0.044272 0.164440
v 0.085991 -0.112101 0.204835
v 0.119744 -0.127477 0.285236
v 0.030350 -0.127477 0.307859
v 0.021795 -0.112101 0.221081
v 0.119744 -0.127477 0.285236
v 0.161157 -0.083204 0.383882
v 0.040846 -0.083204 0.414329
v 0.030350 -0.127477 0.307859
v 0.161157 -0.083204 0.383882
v 0.166749 -0.033189 0.396430
v 0.042279 -0.033189 0.427929
v 0.040846 -0.083204 0.414329
v 0.042279 -0.033189 0.427929
v 0.036376 0.042582 0.396988
v -0.083338 0.037667 0.407291
v -0.085946 -0.033189 0.421341
v -0.123731 0.044272 -0.109517
v -0.126412 0.062877 -0.112067
v -0.153821 0.062877 -0.069765
v -0.150515 0.044272 -0.068181
v 0.016211 0.044272 0.164440
v 0.016800 0.062877 0.168291
v 0.065665 0.062877 0.155925
v 0.063960 0.044272 0.152356
v 0.016211 0.044272 0.164440
v 0.016211 -0.044272 0.164440
v -0.032979 -0.044272 0.161913
v -0.032979 0.044272 0.161913
v 0.016211 -0.044272 0.164440
v 0.021795 -0.112101 0.221081
v -0.044338 -0.112101 0.217683
v -0.032979 -0.044272 0.161913
v 0.021795 -0.112101 0.221081
v 0.030350 -0.127477 0.307859
v -0.061742 -0.127477 0.303128
v -0.044338 -0.112101 0.217683
v 0.030350 -0.127477 0.307859
v 0.040846 -0.083204 0.414329
v -0.083094 -0.083204 0.407961
v -0.061742 -0.127477 0.303128
v 0.040846 -0.083204 0.414329
v 0.042279 -0.033189 0.427929
v -0.085946 -0.033189 0.421341
v -0.083094 -0.083204 0.407961
v -0.151380 0.002534 0.397026
v -0.200325 0.037667 0.364517
v -0.206532 -0.033189 0.377251
v -0.085946 -0.033189 0.421341
v -0.083338 0.037667 0.407291
v 0.099964 0.044272 -0.131569
v 0.102511 0.062877 -0.134635
v 0.058279 0.062877 -0.158807
v 0.056742 0.044272 -0.155189
v -0.040538 0.044272 -0.160187
v -0.041275 0.062877 -0.163922
v -0.087751 0.062877 -0.144411
v -0.085953 0.044272 -0.141122
v -0.032979 0.044272 0.161913
v -0.032979 -0.044272 0.161913
v -0.079238 -0.044272 0.144999
v -0.079238 0.044272 0.144999
v -0.032979 -0.044272 0.161913
v -0.044338 -0.112101 0.217683
v -0.106531 -0.112101 0.194943
v -0.079238 -0.044272 0.144999
v -0.044338 -0.112101 0.217683
v -0.061742 -0.127477 0.303128
v -0.148347 -0.127477 0.271462
v -0.106531 -0.112101 0.194943
v -0.061742 -0.127477 0.303128
v -0.083094 -0.083204 0.407961
v -0.199651 -0.083204 0.365344
v -0.148347 -0.127477 0.271462
v -0.083094 -0.083204 0.407961
v -0.085946 -0.033189 0.421341
v -0.206532 -0.033189 0.377251
v -0.199651 -0.083204 0.365344
v -0.206532 -0.033189 0.377251
v -0.200325 0.037667 0.364517
v -0.299507 0.037667 0.289160
v -0.308765 -0.033190 0.299576
v -0.118457 0.044272 0.115201
v -0.121014 0.062877 0.117901
v -0.080879 0.062877 0.148395
v -0.079238 0.044272 0.144999
v 0.134304 0.044272 -0.096259
v 0.137653 0.062877 -0.098500
v 0.102511 0.062877 -0.134635
v 0.099964 0.044272 -0.131569
v -0.079238 0.044272 0.144999
v -0.079238 -0.044272 0.144999
v -0.118457 -0.044272 0.115201
v -0.118457 0.044272 0.115201
v -0.079238 -0.044272 0.144999
v -0.106531 -0.112101 0.194943
v -0.159259 -0.112101 0.154881
v -0.118457 -0.044272 0.115201
v -0.106531 -0.112101 0.194943
v -0.148347 -0.127477 0.271462
v -0.221771 -0.127477 0.215675
v -0.159259 -0.112101 0.154881
v -0.148347 -0.127477 0.271462
v -0.199651 -0.083204 0.365344
v -0.298469 -0.083204 0.290264
v -0.221771 -0.127477 0.215675
v -0.199651 -0.083204 0.365344
v -0.206532 -0.033189 0.377251
v -0.308765 -0.033190 0.299576
v -0.298469 -0.083204 0.290264
v -0.308765 -0.033190 0.299576
v -0.299507 0.037667 0.289160
v -0.387317 -0.005669 0.195704
v -0.383561 -0.033190 0.195218
v -0.150515 0.044272 -0.068181
v -0.153821 0.062877 -0.069765
v -0.167544 0.062877 -0.021264
v -0.163925 0.044272 -0.020787
v -0.118457 0.044272 0.115201
v -0.118457 -0.044272 0.115201
v -0.147151 -0.044272 0.075167
v -0.147151 0.044272 0.075167
v -0.118457 -0.044272 0.115201
v -0.159259 -0.112101 0.154881
v -0.197836 -0.112101 0.101058
v -0.147151 -0.044272 0.075167
v -0.159259 -0.112101 0.154881
v -0.221771 -0.127477 0.215675
v -0.275490 -0.127477 0.140725
v -0.197836 -0.112101 0.101058
v -0.221771 -0.127477 0.215675
v -0.298469 -0.083204 0.290264
v -0.370765 -0.083204 0.189394
v -0.275490 -0.127477 0.140725
v -0.298469 -0.083204 0.290264
v -0.308765 -0.033190 0.299576
v -0.383561 -0.033190 0.195218
v -0.370765 -0.083204 0.189394
v -0.383561 -0.033190 0.195218
v -0.387317 -0.005669 0.195704
v -0.427677 -0.003727 0.072599
v -0.424274 -0.033190 0.073451
v -0.147151 0.044272 0.075167
v -0.147151 -0.044272 0.075167
v -0.162769 -0.044272 0.028454
v -0.162769 0.044272 0.028454
v -0.147151 -0.044272 0.075167
v -0.197836 -0.112101 0.101058
v -0.218834 -0.112101 0.038255
v -0.162769 -0.044272 0.028454
v -0.197836 -0.112101 0.101058
v -0.275490 -0.127477 0.140725
v -0.304730 -0.127477 0.053271
v -0.218834 -0.112101 0.038255
v -0.275490 -0.127477 0.140725
v -0.370765 -0.083204 0.189394
v -0.410118 -0.083204 0.071694
v -0.304730 -0.127477 0.053271
v -0.370765 -0.083204 0.189394
v -0.383561 -0.033190 0.195218
v -0.424274 -0.033190 0.073451
v -0.410118 -0.083204 0.071694
v 0.008479 0.044272 -0.165020
v 0.008887 0.062877 -0.168867
v -0.041275 0.062877 -0.163922
v -0.040538 0.044272 -0.160187
v -0.162769 0.044272 0.028454
v -0.166361 0.062877 0.029128
v -0.150378 0.062877 0.076932
v -0.147151 0.044272 0.075167
v 0.106027 0.044272 0.126735
v 0.108715 0.062877 0.129705
v 0.142123 0.062877 0.091960
v 0.138672 0.044272 0.089852
v -0.163925 0.044272 -0.020787
v -0.167544 0.062877 -0.021264
v -0.166361 0.062877 0.029128
v -0.162769 0.044272 0.028454
v 0.359179 0.057130 0.230374
v 0.253701 0.102719 0.303009
v 0.283047 0.024168 0.335814
v -0.085058 0.057130 0.416868
v -0.204779 0.057130 0.373094
v -0.154690 0.021175 0.406362
v -0.306279 0.057130 0.295976
v -0.351600 0.102719 0.179720
v -0.396140 0.012781 0.200337
v -0.400835 0.024922 -0.183872
v -0.359644 0.102719 -0.163000
v -0.319928 0.057130 -0.285600
v 0.268373 0.017920 -0.355006
v 0.239208 0.102719 -0.314551
v 0.347874 0.057130 -0.251289
v -0.104623 0.057130 -0.416737
v 0.020482 0.102719 -0.394524
v 0.022755 0.031477 -0.439363
v -0.387317 -0.005669 0.195704
v -0.396140 0.012781 0.200337
v -0.437443 0.014768 0.074355
v -0.427677 -0.003727 0.072599
v -0.438870 -0.024537 -0.057837
v -0.448897 -0.006528 -0.059128
v -0.400835 0.024922 -0.183872
v -0.391904 0.006195 -0.179732
v 0.339710 0.037667 -0.245610
v 0.405862 0.057130 -0.137769
v 0.396374 0.037667 -0.134682
v 0.347874 0.057130 -0.251289
v 0.262024 -0.000647 -0.346959
v 0.268373 0.017920 -0.355006
v -0.200325 0.037667 0.364517
v -0.204779 0.057130 0.373094
v -0.306279 0.057130 0.295976
v -0.299507 0.037667 0.289160
v -0.396140 0.012781 0.200337
v -0.387317 -0.005669 0.195704
v -0.102455 0.037667 -0.407281
v -0.104623 0.057130 -0.416737
v 0.022755 0.031477 -0.439363
v 0.022014 0.012600 -0.429391
v 0.022014 0.012600 -0.429391
v 0.022755 0.031477 -0.439363
v 0.151450 0.025376 -0.415582
v 0.147771 0.006638 -0.406153
v -0.151380 0.002534 0.397026
v -0.154690 0.021175 0.406362
v -0.204779 0.057130 0.373094
v -0.200325 0.037667 0.364517
v 0.147771 0.006638 -0.406153
v 0.151450 0.025376 -0.415582
v 0.268373 0.017920 -0.355006
v 0.262024 -0.000647 -0.346959
v -0.083338 0.037667 0.407291
v -0.154690 0.021175 0.406362
v -0.151380 0.002534 0.397026
v -0.085058 0.057130 0.416868
v 0.036376 0.042582 0.396988
v 0.037453 0.062160 0.406323
v 0.161816 0.037667 0.383123
v 0.165823 0.057130 0.392135
v -0.217307 0.037667 -0.359065
v -0.222158 0.057130 -0.367394
v -0.104623 0.057130 -0.416737
v -0.102455 0.037667 -0.407281
v 0.402154 0.037667 0.111591
v 0.411777 0.057130 0.114259
v 0.359179 0.057130 0.230374
v 0.350756 0.037667 0.225055
v 0.350756 0.037667 0.225055
v 0.359179 0.057130 0.230374
v 0.283047 0.024168 0.335814
v 0.276363 0.005458 0.328088
v -0.312845 0.037667 -0.279138
v -0.319928 0.057130 -0.285600
v -0.222158 0.057130 -0.367394
v -0.217307 0.037667 -0.359065
v -0.369180 0.128035 0.064541
v -0.311640 0.148026 0.054524
v -0.313854 0.148026 -0.039817
v -0.371802 0.128035 -0.047190
v 0.197728 0.006825 0.375357
v 0.202574 0.025566 0.384188
v 0.165823 0.057130 0.392135
v 0.161816 0.037667 0.383123
v -0.391904 0.006195 -0.179732
v -0.400835 0.024922 -0.183872
v -0.319928 0.057130 -0.285600
v -0.312845 0.037667 -0.279138
v 0.276363 0.005458 0.328088
v 0.283047 0.024168 0.335814
v 0.202574 0.025566 0.384188
v 0.197728 0.006825 0.375357
v 0.396374 0.037667 -0.134682
v 0.405862 0.057130 -0.137769
v 0.406308 0.070145 -0.003110
v 0.396810 0.050385 -0.003098
v 0.396810 0.050385 -0.003098
v 0.406308 0.070145 -0.003110
v 0.411777 0.057130 0.114259
v 0.402154 0.037667 0.111591
v -0.427677 -0.003727 0.072599
v -0.437443 0.014768 0.074355
v -0.448897 -0.006528 -0.059128
v -0.438870 -0.024537 -0.057837
v -0.311640 0.148026 0.054524
v -0.223736 0.132291 0.039158
v -0.225326 0.132291 -0.028591
v -0.313854 0.148026 -0.039817
v -0.223736 0.132291 0.039158
v -0.166361 0.062877 0.029128
v -0.167544 0.062877 -0.021264
v -0.225326 0.132291 -0.028591
v -0.371802 0.128035 -0.047190
v -0.313854 0.148026 -0.039817
v -0.288162 0.148026 -0.130620
v -0.341374 0.128035 -0.154731
v -0.313854 0.148026 -0.039817
v -0.225326 0.132291 -0.028591
v -0.206876 0.132291 -0.093799
v -0.288162 0.148026 -0.130620
v -0.225326 0.132291 -0.028591
v -0.167544 0.062877 -0.021264
v -0.153821 0.062877 -0.069765
v -0.206876 0.132291 -0.093799
v -0.341374 0.128035 -0.154731
v -0.288162 0.148026 -0.130620
v -0.236847 0.148026 -0.209816
v -0.293413 0.104016 -0.261050
v -0.288162 0.148026 -0.130620
v -0.206876 0.132291 -0.093799
v -0.170026 0.132291 -0.150671
v -0.236847 0.148026 -0.209816
v -0.206876 0.132291 -0.093799
v -0.153821 0.062877 -0.069765
v -0.126412 0.062877 -0.112067
v -0.170026 0.132291 -0.150671
v -0.293413 0.104016 -0.261050
v -0.236847 0.148026 -0.209816
v -0.164468 0.148026 -0.270368
v -0.203768 0.104016 -0.336047
v -0.236847 0.148026 -0.209816
v -0.170026 0.132291 -0.150671
v -0.118049 0.132291 -0.194155
v -0.164468 0.148026 -0.270368
v -0.170026 0.132291 -0.150671
v -0.126412 0.062877 -0.112067
v -0.087751 0.062877 -0.144411
v -0.118049 0.132291 -0.194155
v -0.203768 0.104016 -0.336047
v -0.164468 0.148026 -0.270368
v -0.077457 0.148026 -0.306896
v -0.096000 0.104016 -0.381289
v -0.164468 0.148026 -0.270368
v -0.118049 0.132291 -0.194155
v -0.055564 0.132291 -0.220387
v -0.077457 0.148026 -0.306896
v -0.118049 0.132291 -0.194155
v -0.087751 0.062877 -0.144411
v -0.041275 0.062877 -0.163922
v -0.055564 0.132291 -0.220387
v -0.096000 0.104016 -0.381289
v -0.077457 0.148026 -0.306896
v 0.016455 0.148026 -0.316154
v 0.019392 0.128035 -0.374464
v -0.077457 0.148026 -0.306896
v -0.055564 0.132291 -0.220387
v 0.011876 0.132291 -0.227035
v 0.016455 0.148026 -0.316154
v -0.055564 0.132291 -0.220387
v -0.041275 0.062877 -0.163922
v 0.008887 0.062877 -0.168867
v 0.011876 0.132291 -0.227035
v 0.019392 0.128035 -0.374464
v 0.016455 0.148026 -0.316154
v 0.108924 0.148026 -0.297320
v 0.128906 0.128035 -0.352158
v 0.016455 0.148026 -0.316154
v 0.011876 0.132291 -0.227035
v 0.078280 0.132291 -0.213510
v 0.108924 0.148026 -0.297320
v 0.011876 0.132291 -0.227035
v 0.008887 0.062877 -0.168867
v 0.058279 0.062877 -0.158807
v 0.078280 0.132291 -0.213510
v 0.128906 0.128035 -0.352158
v 0.108924 0.148026 -0.297320
v 0.191733 0.148026 -0.252067
v 0.226979 0.128035 -0.298563
v 0.108924 0.148026 -0.297320
v 0.078280 0.132291 -0.213510
v 0.137747 0.132291 -0.181012
v 0.191733 0.148026 -0.252067
v 0.078280 0.132291 -0.213510
v 0.058279 0.062877 -0.158807
v 0.102511 0.062877 -0.134635
v 0.137747 0.132291 -0.181012
v 0.226979 0.128035 -0.298563
v 0.191733 0.148026 -0.252067
v 0.257525 0.148026 -0.184415
v 0.318895 0.104016 -0.229590
v 0.191733 0.148026 -0.252067
v 0.137747 0.132291 -0.181012
v 0.184994 0.132291 -0.132431
v 0.257525 0.148026 -0.184415
v 0.137747 0.132291 -0.181012
v 0.102511 0.062877 -0.134635
v 0.137653 0.062877 -0.098500
v 0.184994 0.132291 -0.132431
v 0.318895 0.104016 -0.229590
v 0.257525 0.148026 -0.184415
v 0.300453 0.148026 -0.100377
v 0.372064 0.104016 -0.125503
v 0.257525 0.148026 -0.184415
v 0.184994 0.132291 -0.132431
v 0.215822 0.132291 -0.072081
v 0.300453 0.148026 -0.100377
v 0.184994 0.132291 -0.132431
v 0.137653 0.062877 -0.098500
v 0.160582 0.062877 -0.053612
v 0.215822 0.132291 -0.072081
v 0.372064 0.104016 -0.125503
v 0.300453 0.148026 -0.100377
v 0.316703 0.148026 -0.007419
v 0.380861 0.110873 -0.005580
v 0.300453 0.148026 -0.100377
v 0.215822 0.132291 -0.072081
v 0.227491 0.132291 -0.005326
v 0.316703 0.148026 -0.007419
v 0.215822 0.132291 -0.072081
v 0.160582 0.062877 -0.053612
v 0.169262 0.062877 -0.003959
v 0.227491 0.132291 -0.005326
v 0.380861 0.110873 -0.005580
v 0.316703 0.148026 -0.007419
v 0.304832 0.148026 0.086198
v 0.377488 0.104016 0.105581
v 0.316703 0.148026 -0.007419
v 0.227491 0.132291 -0.005326
v 0.218966 0.132291 0.061903
v 0.304832 0.148026 0.086198
v 0.227491 0.132291 -0.005326
v 0.169262 0.062877 -0.003959
v 0.162921 0.062877 0.046046
v 0.218966 0.132291 0.061903
v 0.377488 0.104016 0.105581
v 0.304832 0.148026 0.086198
v 0.265894 0.148026 0.172158
v 0.329261 0.104016 0.212047
v 0.304832 0.148026 0.086198
v 0.218966 0.132291 0.061903
v 0.191004 0.132291 0.123633
v 0.265894 0.148026 0.172158
v 0.218966 0.132291 0.061903
v 0.162921 0.062877 0.046046
v 0.142123 0.062877 0.091960
v 0.191004 0.132291 0.123633
v 0.329261 0.104016 0.212047
v 0.265894 0.148026 0.172158
v 0.203348 0.148026 0.242821
v 0.240735 0.128035 0.287547
v 0.265894 0.148026 0.172158
v 0.191004 0.132291 0.123633
v 0.146088 0.132291 0.174378
v 0.203348 0.148026 0.242821
v 0.191004 0.132291 0.123633
v 0.142123 0.062877 0.091960
v 0.108715 0.062877 0.129705
v 0.146088 0.132291 0.174378
v 0.240735 0.128035 0.287547
v 0.203348 0.148026 0.242821
v 0.122753 0.148026 0.291909
v 0.151972 0.104016 0.360367
v 0.203348 0.148026 0.242821
v 0.146088 0.132291 0.174378
v 0.088211 0.132291 0.209629
v 0.122753 0.148026 0.291909
v 0.146088 0.132291 0.174378
v 0.108715 0.062877 0.129705
v 0.065665 0.062877 0.155925
v 0.088211 0.132291 0.209629
v 0.151972 0.104016 0.360367
v 0.122753 0.148026 0.291909
v 0.031270 0.148026 0.315061
v 0.036139 0.106666 0.380040
v 0.122753 0.148026 0.291909
v 0.088211 0.132291 0.209629
v 0.022515 0.132291 0.226255
v 0.031270 0.148026 0.315061
v 0.088211 0.132291 0.209629
v 0.065665 0.062877 0.155925
v 0.016800 0.062877 0.168291
v 0.022515 0.132291 0.226255
v 0.036139 0.106666 0.380040
v 0.031270 0.148026 0.315061
v -0.062974 0.148026 0.310219
v -0.078061 0.104016 0.383044
v 0.031270 0.148026 0.315061
v 0.022515 0.132291 0.226255
v -0.045163 0.132291 0.222778
v -0.062974 0.148026 0.310219
v 0.022515 0.132291 0.226255
v 0.016800 0.062877 0.168291
v -0.033539 0.062877 0.165705
v -0.045163 0.132291 0.222778
v -0.078061 0.104016 0.383044
v -0.062974 0.148026 0.310219
v -0.151603 0.148026 0.277813
v -0.187833 0.104016 0.342908
v -0.062974 0.148026 0.310219
v -0.045163 0.132291 0.222778
v -0.108810 0.132291 0.199506
v -0.151603 0.148026 0.277813
v -0.045163 0.132291 0.222778
v -0.033539 0.062877 0.165705
v -0.080879 0.062877 0.148395
v -0.108810 0.132291 0.199506
v -0.187833 0.104016 0.342908
v -0.151603 0.148026 0.277813
v -0.226743 0.148026 0.220723
v -0.280898 0.104016 0.272198
v -0.151603 0.148026 0.277813
v -0.108810 0.132291 0.199506
v -0.162770 0.132291 0.158509
v -0.226743 0.148026 0.220723
v -0.108810 0.132291 0.199506
v -0.080879 0.062877 0.148395
v -0.121014 0.062877 0.117901
v -0.162770 0.132291 0.158509
v -0.280898 0.104016 0.272198
v -0.226743 0.148026 0.220723
v -0.281716 0.148026 0.144022
v -0.333740 0.128035 0.170536
v -0.226743 0.148026 0.220723
v -0.162770 0.132291 0.158509
v -0.202248 0.132291 0.103428
v -0.281716 0.148026 0.144022
v -0.162770 0.132291 0.158509
v -0.121014 0.062877 0.117901
v -0.150378 0.062877 0.076932
v -0.202248 0.132291 0.103428
v -0.333740 0.128035 0.170536
v -0.281716 0.148026 0.144022
v -0.311640 0.148026 0.054524
v -0.369180 0.128035 0.064541
v -0.281716 0.148026 0.144022
v -0.202248 0.132291 0.103428
v -0.223736 0.132291 0.039158
v -0.311640 0.148026 0.054524
v -0.202248 0.132291 0.103428
v -0.150378 0.062877 0.076932
v -0.166361 0.062877 0.029128
v -0.223736 0.132291 0.039158
v 0.283047 0.024168 0.335814
v 0.253701 0.102719 0.303009
v 0.165823 0.057130 0.392135
v 0.202574 0.025566 0.384188
v -0.448897 -0.006528 -0.059128
v -0.391704 0.102719 -0.049689
v -0.359644 0.102719 -0.163000
v -0.400835 0.024922 -0.183872
v -0.396140 0.012781 0.200337
v -0.351600 0.102719 0.179720
v -0.388941 0.102719 0.068038
v -0.437443 0.014768 0.074355
v -0.437443 0.014768 0.074355
v -0.388941 0.102719 0.068038
v -0.391704 0.102719 -0.049689
v -0.448897 -0.006528 -0.059128
v 0.151450 0.025376 -0.415582
v 0.135872 0.102719 -0.371021
v 0.239208 0.102719 -0.314551
v 0.268373 0.017920 -0.355006
v 0.022755 0.031477 -0.439363
v 0.020482 0.102719 -0.394524
v 0.135872 0.102719 -0.371021
v 0.151450 0.025376 -0.415582
v -0.351600 0.102719 0.179720
v -0.333740 0.128035 0.170536
v -0.369180 0.128035 0.064541
v -0.388941 0.102719 0.068038
v -0.306279 0.057130 0.295976
v -0.280898 0.104016 0.272198
v -0.333740 0.128035 0.170536
v -0.351600 0.102719 0.179720
v -0.204779 0.057130 0.373094
v -0.187833 0.104016 0.342908
v -0.280898 0.104016 0.272198
v -0.306279 0.057130 0.295976
v -0.085058 0.057130 0.416868
v -0.078061 0.104016 0.383044
v -0.187833 0.104016 0.342908
v -0.204779 0.057130 0.373094
v 0.037453 0.062160 0.406323
v 0.036139 0.106666 0.380040
v -0.078061 0.104016 0.383044
v -0.085058 0.057130 0.416868
v 0.165823 0.057130 0.392135
v 0.151972 0.104016 0.360367
v 0.036139 0.106666 0.380040
v 0.037453 0.062160 0.406323
v 0.253701 0.102719 0.303009
v 0.240735 0.128035 0.287547
v 0.151972 0.104016 0.360367
v 0.165823 0.057130 0.392135
v 0.359179 0.057130 0.230374
v 0.329261 0.104016 0.212047
v 0.240735 0.128035 0.287547
v 0.253701 0.102719 0.303009
v 0.411777 0.057130 0.114259
v 0.377488 0.104016 0.105581
v 0.329261 0.104016 0.212047
v 0.359179 0.057130 0.230374
v 0.406308 0.070145 -0.003110
v 0.380861 0.110873 -0.005580
v 0.377488 0.104016 0.105581
v 0.411777 0.057130 0.114259
v 0.405862 0.057130 -0.137769
v 0.372064 0.104016 -0.125503
v 0.380861 0.110873 -0.005580
v 0.406308 0.070145 -0.003110
v 0.347874 0.057130 -0.251289
v 0.318895 0.104016 -0.229590
v 0.372064 0.104016 -0.125503
v 0.405862 0.057130 -0.137769
v 0.239208 0.102719 -0.314551
v 0.226979 0.128035 -0.298563
v 0.318895 0.104016 -0.229590
v 0.347874 0.057130 -0.251289
v 0.135872 0.102719 -0.371021
v 0.128906 0.128035 -0.352158
v 0.226979 0.128035 -0.298563
v 0.239208 0.102719 -0.314551
v 0.020482 0.102719 -0.394524
v 0.019392 0.128035 -0.374464
v 0.128906 0.128035 -0.352158
v 0.135872 0.102719 -0.371021
v -0.104623 0.057130 -0.416737
v -0.096000 0.104016 -0.381289
v 0.019392 0.128035 -0.374464
v 0.020482 0.102719 -0.394524
v -0.222158 0.057130 -0.367394
v -0.203768 0.104016 -0.336047
v -0.096000 0.104016 -0.381289
v -0.104623 0.057130 -0.416737
v -0.319928 0.057130 -0.285600
v -0.293413 0.104016 -0.261050
v -0.203768 0.104016 -0.336047
v -0.222158 0.057130 -0.367394
v -0.359644 0.102719 -0.163000
v -0.341374 0.128035 -0.154731
v -0.293413 0.104016 -0.261050
v -0.319928 0.057130 -0.285600
v -0.391704 0.102719 -0.049689
v -0.371802 0.128035 -0.047190
v -0.341374 0.128035 -0.154731
v -0.359644 0.102719 -0.163000
v -0.388941 0.102719 0.068038
v -0.369180 0.128035 0.064541
v -0.371802 0.128035 -0.047190
v -0.391704 0.102719 -0.049689
v 0.398624 0.089753 -0.119134
v 0.363238 0.086322 -0.090424
v 0.356388 0.093738 -0.097980
v 0.391775 0.097169 -0.126690
v 0.363238 0.086322 -0.090424
v 0.367329 0.096477 -0.084167
v 0.360480 0.103893 -0.091724
v 0.356388 0.093738 -0.097980
v 0.367329 0.096477 -0.084167
v 0.402716 0.099908 -0.112877
v 0.395866 0.107324 -0.120433
v 0.360480 0.103893 -0.091724
v 0.402716 0.099908 -0.112877
v 0.398624 0.089753 -0.119134
v 0.391775 0.097169 -0.126690
v 0.395866 0.107324 -0.120433
v 0.363238 0.086322 -0.090424
v 0.398624 0.089753 -0.119134
v 0.402716 0.099908 -0.112877
v 0.367329 0.096477 -0.084167
v 0.360480 0.103893 -0.091724
v 0.395866 0.107324 -0.120433
v 0.391775 0.097169 -0.126690
v 0.356388 0.093738 -0.097980
v -0.103684 0.056791 0.146608
v -0.077505 0.080391 0.165627
v -0.088228 0.088617 0.169662
v -0.116336 0.064657 0.151846
v -0.077505 0.080391 0.165627
v -0.071592 0.086906 0.151956
v -0.084244 0.094773 0.157194
v -0.088228 0.088617 0.169662
v -0.071592 0.086906 0.151956
v -0.099701 0.062947 0.134140
v -0.110423 0.071173 0.138175
v -0.084244 0.094773 0.157194
v -0.099701 0.062947 0.134140
v -0.103684 0.056791 0.146608
v -0.116336 0.064657 0.151846
v -0.110423 0.071173 0.138175
v -0.077505 0.080391 0.165627
v -0.103684 0.056791 0.146608
v -0.099701 0.062947 0.134140
v -0.071592 0.086906 0.151956
v -0.084244 0.094773 0.157194
v -0.110423 0.071173 0.138175
v -0.116336 0.064657 0.151846
v -0.088228 0.088617 0.169662
v -0.242925 0.103437 -0.278251
v -0.203603 0.117419 -0.290727
v -0.206230 0.126130 -0.280555
v -0.246244 0.111853 -0.267084
v -0.203603 0.117419 -0.290727
v -0.207959 0.125666 -0.299935
v -0.211277 0.134081 -0.288768
v -0.206230 0.126130 -0.280555
v -0.207959 0.125666 -0.299935
v -0.247973 0.111388 -0.286464
v -0.250599 0.120099 -0.276292
v -0.211277 0.134081 -0.288768
v -0.247973 0.111388 -0.286464
v -0.242925 0.103437 -0.278251
v -0.246244 0.111853 -0.267084
v -0.250599 0.120099 -0.276292
v -0.203603 0.117419 -0.290727
v -0.242925 0.103437 -0.278251
v -0.247973 0.111388 -0.286464
v -0.207959 0.125666 -0.299935
v -0.211277 0.134081 -0.288768
v -0.250599 0.120099 -0.276292
v -0.246244 0.111853 -0.267084
v -0.206230 0.126130 -0.280555
v -0.262344 0.137109 0.166251
v -0.304511 0.144472 0.162058
v -0.299184 0.142805 0.146742
v -0.259101 0.134982 0.152585
v -0.304511 0.144472 0.162058
v -0.299406 0.157092 0.158538
v -0.296163 0.154965 0.144871
v -0.299184 0.142805 0.146742
v -0.299406 0.157092 0.158538
v -0.259324 0.149269 0.164380
v -0.253997 0.147602 0.149064
v -0.296163 0.154965 0.144871
v -0.259324 0.149269 0.164380
v -0.262344 0.137109 0.166251
v -0.259101 0.134982 0.152585
v -0.253997 0.147602 0.149064
v -0.304511 0.144472 0.162058
v -0.262344 0.137109 0.166251
v -0.259324 0.149269 0.164380
v -0.299406 0.157092 0.158538
v -0.296163 0.154965 0.144871
v -0.253997 0.147602 0.149064
v -0.259101 0.134982 0.152585
v -0.299184 0.142805 0.146742
v -0.159413 0.118490 -0.177670
v -0.178954 0.141680 -0.148933
v -0.192001 0.141307 -0.154020
v -0.170257 0.118342 -0.184199
v -0.178954 0.141680 -0.148933
v -0.173968 0.152090 -0.156430
v -0.184811 0.151942 -0.162958
v -0.192001 0.141307 -0.154020
v -0.173968 0.152090 -0.156430
v -0.152224 0.129125 -0.186609
v -0.165270 0.128752 -0.191696
v -0.184811 0.151942 -0.162958
v -0.152224 0.129125 -0.186609
v -0.159413 0.118490 -0.177670
v -0.170257 0.118342 -0.184199
v -0.165270 0.128752 -0.191696
v -0.178954 0.141680 -0.148933
v -0.159413 0.118490 -0.177670
v -0.152224 0.129125 -0.186609
v -0.173968 0.152090 -0.156430
v -0.184811 0.151942 -0.162958
v -0.165270 0.128752 -0.191696
v -0.170257 0.118342 -0.184199
v -0.192001 0.141307 -0.154020
v 0.195999 0.113108 0.299253
v 0.167893 0.124870 0.330796
v 0.157413 0.126061 0.323035
v 0.186635 0.114416 0.291050
v 0.167893 0.124870 0.330796
v 0.172661 0.136907 0.327400
v 0.163297 0.138214 0.319197
v 0.157413 0.126061 0.323035
v 0.172661 0.136907 0.327400
v 0.201883 0.125262 0.295415
v 0.191403 0.126452 0.287654
v 0.163297 0.138214 0.319197
v 0.201883 0.125262 0.295415
v 0.195999 0.113108 0.299253
v 0.186635 0.114416 0.291050
v 0.191403 0.126452 0.287654
v 0.167893 0.124870 0.330796
v 0.195999 0.113108 0.299253
v 0.201883 0.125262 0.295415
v 0.172661 0.136907 0.327400
v 0.163297 0.138214 0.319197
v 0.191403 0.126452 0.287654
v 0.186635 0.114416 0.291050
v 0.157413 0.126061 0.323035
v 0.176314 0.123739 0.144671
v 0.218080 0.128843 0.139861
v 0.216833 0.137427 0.149635
v 0.173189 0.132084 0.156245
v 0.218080 0.128843 0.139861
v 0.218800 0.138348 0.129247
v 0.215675 0.146693 0.140820
v 0.216833 0.137427 0.149635
v 0.218800 0.138348 0.129247
v 0.175156 0.133006 0.135857
v 0.173909 0.141589 0.145631
v 0.215675 0.146693 0.140820
v 0.175156 0.133006 0.135857
v 0.176314 0.123739 0.144671
v 0.173189 0.132084 0.156245
v 0.173909 0.141589 0.145631
v 0.218080 0.128843 0.139861
v 0.176314 0.123739 0.144671
v 0.175156 0.133006 0.135857
v 0.218800 0.138348 0.129247
v 0.215675 0.146693 0.140820
v 0.173909 0.141589 0.145631
v 0.173189 0.132084 0.156245
v 0.216833 0.137427 0.149635
v 0.244029 0.032502 0.347631
v 0.204817 0.035136 0.369237
v 0.203741 0.046038 0.362354
v 0.243241 0.043383 0.340178
v 0.204817 0.035136 0.369237
v 0.209609 0.041622 0.379275
v 0.208821 0.052503 0.371822
v 0.203741 0.046038 0.362354
v 0.209609 0.041622 0.379275
v 0.249109 0.038966 0.357098
v 0.248033 0.049868 0.350215
v 0.208821 0.052503 0.371822
v 0.249109 0.038966 0.357098
v 0.244029 0.032502 0.347631
v 0.243241 0.043383 0.340178
v 0.248033 0.049868 0.350215
v 0.204817 0.035136 0.369237
v 0.244029 0.032502 0.347631
v 0.249109 0.038966 0.357098
v 0.209609 0.041622 0.379275
v 0.208821 0.052503 0.371822
v 0.248033 0.049868 0.350215
v 0.243241 0.043383 0.340178
v 0.203741 0.046038 0.362354
v 0.263661 0.108245 0.266981
v 0.228941 0.124680 0.287218
v 0.234838 0.136216 0.282197
v 0.270120 0.119851 0.260957
v 0.228941 0.124680 0.287218
v 0.234838 0.125864 0.298821
v 0.241297 0.137470 0.292797
v 0.234838 0.136216 0.282197
v 0.234838 0.125864 0.298821
v 0.270119 0.109500 0.277581
v 0.276017 0.121036 0.272560
v 0.241297 0.137470 0.292797
v 0.270119 0.109500 0.277581
v 0.263661 0.108245 0.266981
v 0.270120 0.119851 0.260957
v 0.276017 0.121036 0.272560
v 0.228941 0.124680 0.287218
v 0.263661 0.108245 0.266981
v 0.270119 0.109500 0.277581
v 0.234838 0.125864 0.298821
v 0.241297 0.137470 0.292797
v 0.276017 0.121036 0.272560
v 0.270120 0.119851 0.260957
v 0.234838 0.136216 0.282197
v 0.122181 0.131058 0.201118
v 0.160841 0.124232 0.180673
v 0.166366 0.127259 0.191549
v 0.127073 0.133973 0.212897
v 0.160841 0.124232 0.180673
v 0.163375 0.136459 0.175329
v 0.168267 0.139374 0.187108
v 0.166366 0.127259 0.191549
v 0.163375 0.136459 0.175329
v 0.124082 0.143173 0.196676
v 0.129606 0.146200 0.207553
v 0.168267 0.139374 0.187108
v 0.124082 0.143173 0.196676
v 0.122181 0.131058 0.201118
v 0.127073 0.133973 0.212897
v 0.129606 0.146200 0.207553
v 0.160841 0.124232 0.180673
v 0.122181 0.131058 0.201118
v 0.124082 0.143173 0.196676
v 0.163375 0.136459 0.175329
v 0.168267 0.139374 0.187108
v 0.129606 0.146200 0.207553
v 0.127073 0.133973 0.212897
v 0.166366 0.127259 0.191549
v 0.067875 0.056801 -0.413064
v 0.100235 0.037920 -0.396593
v 0.106033 0.049073 -0.394453
v 0.075047 0.068169 -0.411710
v 0.100235 0.037920 -0.396593
v 0.109213 0.037909 -0.410240
v 0.116385 0.049277 -0.408885
v 0.106033 0.049073 -0.394453
v 0.109213 0.037909 -0.410240
v 0.078226 0.057006 -0.427496
v 0.084025 0.068158 -0.425357
v 0.116385 0.049277 -0.408885
v 0.078226 0.057006 -0.427496
v 0.067875 0.056801 -0.413064
v 0.075047 0.068169 -0.411710
v 0.084025 0.068158 -0.425357
v 0.100235 0.037920 -0.396593
v 0.067875 0.056801 -0.413064
v 0.078226 0.057006 -0.427496
v 0.109213 0.037909 -0.410240
v 0.116385 0.049277 -0.408885
v 0.084025 0.068158 -0.425357
v 0.075047 0.068169 -0.411710
v 0.106033 0.049073 -0.394453
v 0.303807 0.125425 -0.122600
v 0.298260 0.149776 -0.090135
v 0.286024 0.155029 -0.094106
v 0.293623 0.130680 -0.127963
v 0.298260 0.149776 -0.090135
v 0.307709 0.158651 -0.097197
v 0.297525 0.163906 -0.102560
v 0.286024 0.155029 -0.094106
v 0.307709 0.158651 -0.097197
v 0.315309 0.134302 -0.131054
v 0.303072 0.139556 -0.135025
v 0.297525 0.163906 -0.102560
v 0.315309 0.134302 -0.131054
v 0.303807 0.125425 -0.122600
v 0.293623 0.130680 -0.127963
v 0.303072 0.139556 -0.135025
v 0.298260 0.149776 -0.090135
v 0.303807 0.125425 -0.122600
v 0.315309 0.134302 -0.131054
v 0.307709 0.158651 -0.097197
v 0.297525 0.163906 -0.102560
v 0.303072 0.139556 -0.135025
v 0.293623 0.130680 -0.127963
v 0.286024 0.155029 -0.094106
v 0.324568 0.135335 -0.108321
v 0.306861 0.127546 -0.069963
v 0.296854 0.137440 -0.069060
v 0.316427 0.145355 -0.108614
v 0.306861 0.127546 -0.069963
v 0.316291 0.134966 -0.065390
v 0.308150 0.144986 -0.065683
v 0.296854 0.137440 -0.069060
v 0.316291 0.134966 -0.065390
v 0.335865 0.142880 -0.104944
v 0.325857 0.152774 -0.104041
v 0.308150 0.144986 -0.065683
v 0.335865 0.142880 -0.104944
v 0.324568 0.135335 -0.108321
v 0.316427 0.145355 -0.108614
v 0.325857 0.152774 -0.104041
v 0.306861 0.127546 -0.069963
v 0.324568 0.135335 -0.108321
v 0.335865 0.142880 -0.104944
v 0.316291 0.134966 -0.065390
v 0.308150 0.144986 -0.065683
v 0.325857 0.152774 -0.104041
v 0.316427 0.145355 -0.108614
v 0.296854 0.137440 -0.069060
v -0.167080 0.082504 -0.365909
v -0.142824 0.052735 -0.384571
v -0.131564 0.061221 -0.389467
v -0.154582 0.091156 -0.372303
v -0.142824 0.052735 -0.384571
v -0.148414 0.054518 -0.395638
v -0.135916 0.063170 -0.402032
v -0.131564 0.061221 -0.389467
v -0.148414 0.054518 -0.395638
v -0.171432 0.084453 -0.378474
v -0.160172 0.092939 -0.383370
v -0.135916 0.063170 -0.402032
v -0.171432 0.084453 -0.378474
v -0.167080 0.082504 -0.365909
v -0.154582 0.091156 -0.372303
v -0.160172 0.092939 -0.383370
v -0.142824 0.052735 -0.384571
v -0.167080 0.082504 -0.365909
v -0.171432 0.084453 -0.378474
v -0.148414 0.054518 -0.395638
v -0.135916 0.063170 -0.402032
v -0.160172 0.092939 -0.383370
v -0.154582 0.091156 -0.372303
v -0.131564 0.061221 -0.389467
v 0.139365 0.082796 -0.379910
v 0.169670 0.076001 -0.354649
v 0.166105 0.086644 -0.347581
v 0.134509 0.093483 -0.372181
v 0.169670 0.076001 -0.354649
v 0.181635 0.082507 -0.365639
v 0.176778 0.093195 -0.357910
v 0.166105 0.086644 -0.347581
v 0.181635 0.082507 -0.365639
v 0.150039 0.089347 -0.390238
v 0.146473 0.099990 -0.383171
v 0.176778 0.093195 -0.357910
v 0.150039 0.089347 -0.390238
v 0.139365 0.082796 -0.379910
v 0.134509 0.093483 -0.372181
v 0.146473 0.099990 -0.383171
v 0.169670 0.076001 -0.354649
v 0.139365 0.082796 -0.379910
v 0.150039 0.089347 -0.390238
v 0.181635 0.082507 -0.365639
v 0.176778 0.093195 -0.357910
v 0.146473 0.099990 -0.383171
v 0.134509 0.093483 -0.372181
v 0.166105 0.086644 -0.347581
v 0.268798 0.128302 -0.267080
v 0.258057 0.107723 -0.231999
v 0.245497 0.115620 -0.226790
v 0.258017 0.136549 -0.262906
v 0.258057 0.107723 -0.231999
v 0.266308 0.114773 -0.225720
v 0.255527 0.123020 -0.221546
v 0.245497 0.115620 -0.226790
v 0.266308 0.114773 -0.225720
v 0.278827 0.135703 -0.261837
v 0.266267 0.143599 -0.256627
v 0.255527 0.123020 -0.221546
v 0.278827 0.135703 -0.261837
v 0.268798 0.128302 -0.267080
v 0.258017 0.136549 -0.262906
v 0.266267 0.143599 -0.256627
v 0.258057 0.107723 -0.231999
v 0.268798 0.128302 -0.267080
v 0.278827 0.135703 -0.261837
v 0.266308 0.114773 -0.225720
v 0.255527 0.123020 -0.221546
v 0.266267 0.143599 -0.256627
v 0.258017 0.136549 -0.262906
v 0.245497 0.115620 -0.226790
v -0.347964 0.114273 0.008394
v -0.357465 0.142527 -0.018462
v -0.344183 0.149419 -0.017640
v -0.336417 0.120738 0.010805
v -0.357465 0.142527 -0.018462
v -0.366197 0.148726 -0.008038
v -0.354650 0.155191 -0.005627
v -0.344183 0.149419 -0.017640
v -0.366197 0.148726 -0.008038
v -0.358431 0.120045 0.020407
v -0.345150 0.126936 0.021230
v -0.354650 0.155191 -0.005627
v -0.358431 0.120045 0.020407
v -0.347964 0.114273 0.008394
v -0.336417 0.120738 0.010805
v -0.345150 0.126936 0.021230
v -0.357465 0.142527 -0.018462
v -0.347964 0.114273 0.008394
v -0.358431 0.120045 0.020407
v -0.366197 0.148726 -0.008038
v -0.354650 0.155191 -0.005627
v -0.345150 0.126936 0.021230
v -0.336417 0.120738 0.010805
v -0.344183 0.149419 -0.017640
v -0.383481 0.086905 -0.147700
v -0.346469 0.079246 -0.172402
v -0.343740 0.091564 -0.176146
v -0.380533 0.099275 -0.152032
v -0.346469 0.079246 -0.172402
v -0.353232 0.077570 -0.182782
v -0.350284 0.089940 -0.187114
v -0.343740 0.091564 -0.176146
v -0.353232 0.077570 -0.182782
v -0.390025 0.085280 -0.158668
v -0.387296 0.097598 -0.162412
v -0.350284 0.089940 -0.187114
v -0.390025 0.085280 -0.158668
v -0.383481 0.086905 -0.147700
v -0.380533 0.099275 -0.152032
v -0.387296 0.097598 -0.162412
v -0.346469 0.079246 -0.172402
v -0.383481 0.086905 -0.147700
v -0.390025 0.085280 -0.158668
v -0.353232 0.077570 -0.182782
v -0.350284 0.089940 -0.187114
v -0.387296 0.097598 -0.162412
v -0.380533 0.099275 -0.152032
v -0.343740 0.091564 -0.176146
v -0.331989 0.083217 0.244297
v -0.324188 0.088956 0.203565
v -0.309685 0.094568 0.203399
v -0.319571 0.088890 0.245693
v -0.324188 0.088956 0.203565
v -0.329936 0.100182 0.204574
v -0.317519 0.105855 0.205970
v -0.309685 0.094568 0.203399
v -0.329936 0.100182 0.204574
v -0.339822 0.094504 0.246868
v -0.325319 0.100116 0.246702
v -0.317519 0.105855 0.205970
v -0.339822 0.094504 0.246868
v -0.331989 0.083217 0.244297
v -0.319571 0.088890 0.245693
v -0.325319 0.100116 0.246702
v -0.324188 0.088956 0.203565
v -0.331989 0.083217 0.244297
v -0.339822 0.094504 0.246868
v -0.329936 0.100182 0.204574
v -0.317519 0.105855 0.205970
v -0.325319 0.100116 0.246702
v -0.319571 0.088890 0.245693
v -0.309685 0.094568 0.203399
v -0.027585 0.125159 -0.231695
v -0.067405 0.127353 -0.241032
v -0.063128 0.135317 -0.251761
v -0.021016 0.133172 -0.244336
v -0.067405 0.127353 -0.241032
v -0.071430 0.137260 -0.231248
v -0.064861 0.145273 -0.243889
v -0.063128 0.135317 -0.251761
v -0.071430 0.137260 -0.231248
v -0.029317 0.135115 -0.223823
v -0.025041 0.143079 -0.234552
v -0.064861 0.145273 -0.243889
v -0.029317 0.135115 -0.223823
v -0.027585 0.125159 -0.231695
v -0.021016 0.133172 -0.244336
v -0.025041 0.143079 -0.234552
v -0.067405 0.127353 -0.241032
v -0.027585 0.125159 -0.231695
v -0.029317 0.135115 -0.223823
v -0.071430 0.137260 -0.231248
v -0.064861 0.145273 -0.243889
v -0.025041 0.143079 -0.234552
v -0.021016 0.133172 -0.244336
v -0.063128 0.135317 -0.251761
v -0.002989 0.119864 0.355053
v -0.041835 0.112367 0.376914
v -0.045318 0.107835 0.365236
v -0.006324 0.115099 0.343374
v -0.041835 0.112367 0.376914
v -0.046092 0.123942 0.373631
v -0.049427 0.119177 0.361952
v -0.045318 0.107835 0.365236
v -0.046092 0.123942 0.373631
v -0.007098 0.131206 0.351769
v -0.010581 0.126674 0.340091
v -0.049427 0.119177 0.361952
v -0.007098 0.131206 0.351769
v -0.002989 0.119864 0.355053
v -0.006324 0.115099 0.343374
v -0.010581 0.126674 0.340091
v -0.041835 0.112367 0.376914
v -0.002989 0.119864 0.355053
v -0.007098 0.131206 0.351769
v -0.046092 0.123942 0.373631
v -0.049427 0.119177 0.361952
v -0.010581 0.126674 0.340091
v -0.006324 0.115099 0.343374
v -0.045318 0.107835 0.365236
v 0.166160 0.064510 -0.084930
v 0.134453 0.069219 -0.108899
v 0.142122 0.078838 -0.116703
v 0.175700 0.074224 -0.093791
v 0.134453 0.069219 -0.108899
v 0.126226 0.077340 -0.098171
v 0.135766 0.087054 -0.107031
v 0.142122 0.078838 -0.116703
v 0.126226 0.077340 -0.098171
v 0.159804 0.072726 -0.075258
v 0.167473 0.082344 -0.083063
v 0.135766 0.087054 -0.107031
v 0.159804 0.072726 -0.075258
v 0.166160 0.064510 -0.084930
v 0.175700 0.074224 -0.093791
v 0.167473 0.082344 -0.083063
v 0.134453 0.069219 -0.108899
v 0.166160 0.064510 -0.084930
v 0.159804 0.072726 -0.075258
v 0.126226 0.077340 -0.098171
v 0.135766 0.087054 -0.107031
v 0.167473 0.082344 -0.083063
v 0.175700 0.074224 -0.093791
v 0.142122 0.078838 -0.116703
v 0.065175 0.089525 0.388442
v 0.030107 0.098723 0.370878
v 0.037726 0.107335 0.361894
v 0.075028 0.098197 0.377832
v 0.030107 0.098723 0.370878
v 0.025222 0.107623 0.381838
v 0.035075 0.116295 0.371228
v 0.037726 0.107335 0.361894
v 0.025222 0.107623 0.381838
v 0.062523 0.098485 0.397776
v 0.070143 0.107097 0.388791
v 0.035075 0.116295 0.371228
v 0.062523 0.098485 0.397776
v 0.065175 0.089525 0.388442
v 0.075028 0.098197 0.377832
v 0.070143 0.107097 0.388791
v 0.030107 0.098723 0.370878
v 0.065175 0.089525 0.388442
v 0.062523 0.098485 0.397776
v 0.025222 0.107623 0.381838
v 0.035075 0.116295 0.371228
v 0.070143 0.107097 0.388791
v 0.075028 0.098197 0.377832
v 0.037726 0.107335 0.361894
v -0.176943 0.139121 -0.274439
v -0.140349 0.124347 -0.295656
v -0.132959 0.134031 -0.292028
v -0.167908 0.149232 -0.272093
v -0.140349 0.124347 -0.295656
v -0.142272 0.130455 -0.307072
v -0.133237 0.140566 -0.304727
v -0.132959 0.134031 -0.292028
v -0.142272 0.130455 -0.307072
v -0.177221 0.145656 -0.287138
v -0.169831 0.155340 -0.283510
v -0.133237 0.140566 -0.304727
v -0.177221 0.145656 -0.287138
v -0.176943 0.139121 -0.274439
v -0.167908 0.149232 -0.272093
v -0.169831 0.155340 -0.283510
v -0.140349 0.124347 -0.295656
v -0.176943 0.139121 -0.274439
v -0.177221 0.145656 -0.287138
v -0.142272 0.130455 -0.307072
v -0.133237 0.140566 -0.304727
v -0.169831 0.155340 -0.283510
v -0.167908 0.149232 -0.272093
v -0.132959 0.134031 -0.292028
v -0.383594 0.083883 0.062869
v -0.406134 0.070623 0.032707
v -0.400991 0.081129 0.023885
v -0.378273 0.094538 0.054490
v -0.406134 0.070623 0.032707
v -0.419445 0.076231 0.039923
v -0.414124 0.086885 0.031545
v -0.400991 0.081129 0.023885
v -0.419445 0.076231 0.039923
v -0.396727 0.089639 0.070529
v -0.391584 0.100145 0.061707
v -0.414124 0.086885 0.031545
v -0.396727 0.089639 0.070529
v -0.383594 0.083883 0.062869
v -0.378273 0.094538 0.054490
v -0.391584 0.100145 0.061707
v -0.406134 0.070623 0.032707
v -0.383594 0.083883 0.062869
v -0.396727 0.089639 0.070529
v -0.419445 0.076231 0.039923
v -0.414124 0.086885 0.031545
v -0.391584 0.100145 0.061707
v -0.378273 0.094538 0.054490
v -0.400991 0.081129 0.023885
v -0.059499 0.133847 0.223928
v -0.020811 0.119553 0.224633
v -0.021615 0.121462 0.237977
v -0.062701 0.135384 0.239226
v -0.020811 0.119553 0.224633
v -0.013379 0.131600 0.220552
v -0.016581 0.133137 0.235850
v -0.021615 0.121462 0.237977
v -0.013379 0.131600 0.220552
v -0.054464 0.145522 0.221801
v -0.055268 0.147431 0.235144
v -0.016581 0.133137 0.235850
v -0.054464 0.145522 0.221801
v -0.059499 0.133847 0.223928
v -0.062701 0.135384 0.239226
v -0.055268 0.147431 0.235144
v -0.020811 0.119553 0.224633
v -0.059499 0.133847 0.223928
v -0.054464 0.145522 0.221801
v -0.013379 0.131600 0.220552
v -0.016581 0.133137 0.235850
v -0.055268 0.147431 0.235144
v -0.062701 0.135384 0.239226
v -0.021615 0.121462 0.237977
v 0.102496 0.112970 0.340117
v 0.066767 0.113366 0.368482
v 0.059065 0.113921 0.358426
v 0.094829 0.113495 0.330188
v 0.066767 0.113366 0.368482
v 0.067903 0.126025 0.368180
v 0.060237 0.126550 0.358250
v 0.059065 0.113921 0.358426
v 0.067903 0.126025 0.368180
v 0.103668 0.125599 0.339942
v 0.095965 0.126154 0.329885
v 0.060237 0.126550 0.358250
v 0.103668 0.125599 0.339942
v 0.102496 0.112970 0.340117
v 0.094829 0.113495 0.330188
v 0.095965 0.126154 0.329885
v 0.066767 0.113366 0.368482
v 0.102496 0.112970 0.340117
v 0.103668 0.125599 0.339942
v 0.067903 0.126025 0.368180
v 0.060237 0.126550 0.358250
v 0.095965 0.126154 0.329885
v 0.094829 0.113495 0.330188
v 0.059065 0.113921 0.358426
v -0.132343 0.126543 0.291836
v -0.162872 0.147472 0.276311
v -0.152908 0.156273 0.269968
v -0.120315 0.135327 0.284051
v -0.162872 0.147472 0.276311
v -0.166729 0.154004 0.289446
v -0.154701 0.162789 0.281661
v -0.152908 0.156273 0.269968
v -0.166729 0.154004 0.289446
v -0.134136 0.133059 0.303529
v -0.124172 0.141860 0.297186
v -0.154701 0.162789 0.281661
v -0.134136 0.133059 0.303529
v -0.132343 0.126543 0.291836
v -0.120315 0.135327 0.284051
v -0.124172 0.141860 0.297186
v -0.162872 0.147472 0.276311
v -0.132343 0.126543 0.291836
v -0.134136 0.133059 0.303529
v -0.166729 0.154004 0.289446
v -0.154701 0.162789 0.281661
v -0.124172 0.141860 0.297186
v -0.120315 0.135327 0.284051
v -0.152908 0.156273 0.269968
v 0.396163 0.087677 0.121280
v 0.355745 0.086992 0.141169
v 0.352250 0.090992 0.129104
v 0.392656 0.091392 0.109107
v 0.355745 0.086992 0.141169
v 0.357232 0.099206 0.144658
v 0.353726 0.102921 0.132485
v 0.352250 0.090992 0.129104
v 0.357232 0.099206 0.144658
v 0.397639 0.099606 0.124661
v 0.394144 0.103606 0.112595
v 0.353726 0.102921 0.132485
v 0.397639 0.099606 0.124661
v 0.396163 0.087677 0.121280
v 0.392656 0.091392 0.109107
v 0.394144 0.103606 0.112595
v 0.355745 0.086992 0.141169
v 0.396163 0.087677 0.121280
v 0.397639 0.099606 0.124661
v 0.357232 0.099206 0.144658
v 0.353726 0.102921 0.132485
v 0.394144 0.103606 0.112595
v 0.392656 0.091392 0.109107
v 0.352250 0.090992 0.129104
v 0.215818 0.104319 -0.340061
v 0.224590 0.078566 -0.310032
v 0.226074 0.088315 -0.301371
v 0.218053 0.113982 -0.332347
v 0.224590 0.078566 -0.310032
v 0.239949 0.078796 -0.316392
v 0.242183 0.088459 -0.308678
v 0.226074 0.088315 -0.301371
v 0.239949 0.078796 -0.316392
v 0.231927 0.104463 -0.347369
v 0.233411 0.114212 -0.338707
v 0.242183 0.088459 -0.308678
v 0.231927 0.104463 -0.347369
v 0.215818 0.104319 -0.340061
v 0.218053 0.113982 -0.332347
v 0.233411 0.114212 -0.338707
v 0.224590 0.078566 -0.310032
v 0.215818 0.104319 -0.340061
v 0.231927 0.104463 -0.347369
v 0.239949 0.078796 -0.316392
v 0.242183 0.088459 -0.308678
v 0.233411 0.114212 -0.338707
v 0.218053 0.113982 -0.332347
v 0.226074 0.088315 -0.301371
v 0.334303 0.126248 -0.004864
v 0.327307 0.140661 0.033066
v 0.312210 0.143633 0.032503
v 0.321731 0.129525 -0.007411
v 0.327307 0.140661 0.033066
v 0.332026 0.152078 0.028717
v 0.319453 0.155356 0.026170
v 0.312210 0.143633 0.032503
v 0.332026 0.152078 0.028717
v 0.341546 0.137971 -0.011197
v 0.326449 0.140942 -0.011760
v 0.319453 0.155356 0.026170
v 0.341546 0.137971 -0.011197
v 0.334303 0.126248 -0.004864
v 0.321731 0.129525 -0.007411
v 0.326449 0.140942 -0.011760
v 0.327307 0.140661 0.033066
v 0.334303 0.126248 -0.004864
v 0.341546 0.137971 -0.011197
v 0.332026 0.152078 0.028717
v 0.319453 0.155356 0.026170
v 0.326449 0.140942 -0.011760
v 0.321731 0.129525 -0.007411
v 0.312210 0.143633 0.032503
v 0.218411 0.131763 -0.177885
v 0.183214 0.140629 -0.196807
v 0.193776 0.141554 -0.210960
v 0.228200 0.132334 -0.191604
v 0.183214 0.140629 -0.196807
v 0.186423 0.153175 -0.195692
v 0.196211 0.153745 -0.209411
v 0.193776 0.141554 -0.210960
v 0.186423 0.153175 -0.195692
v 0.220847 0.143955 -0.176337
v 0.231409 0.144880 -0.190489
v 0.196211 0.153745 -0.209411
v 0.220847 0.143955 -0.176337
v 0.218411 0.131763 -0.177885
v 0.228200 0.132334 -0.191604
v 0.231409 0.144880 -0.190489
v 0.183214 0.140629 -0.196807
v 0.218411 0.131763 -0.177885
v 0.220847 0.143955 -0.176337
v 0.186423 0.153175 -0.195692
v 0.196211 0.153745 -0.209411
v 0.231409 0.144880 -0.190489
v 0.228200 0.132334 -0.191604
v 0.193776 0.141554 -0.210960
v -0.039991 0.134104 0.294800
v -0.008874 0.138697 0.262047
v 0.001374 0.138782 0.269787
v -0.029867 0.134362 0.302604
v -0.008874 0.138697 0.262047
v -0.009902 0.151146 0.263062
v 0.000221 0.151405 0.270866
v 0.001374 0.138782 0.269787
v -0.009902 0.151146 0.263062
v -0.041143 0.146727 0.295879
v -0.030895 0.146812 0.303619
v 0.000221 0.151405 0.270866
v -0.041143 0.146727 0.295879
v -0.039991 0.134104 0.294800
v -0.029867 0.134362 0.302604
v -0.030895 0.146812 0.303619
v -0.008874 0.138697 0.262047
v -0.039991 0.134104 0.294800
v -0.041143 0.146727 0.295879
v -0.009902 0.151146 0.263062
v 0.000221 0.151405 0.270866
v -0.030895 0.146812 0.303619
v -0.029867 0.134362 0.302604
v 0.001374 0.138782 0.269787
v 0.016471 0.118494 0.225208
v 0.048662 0.145819 0.216495
v 0.054521 0.140624 0.226974
v 0.022864 0.113562 0.234692
v 0.048662 0.145819 0.216495
v 0.039972 0.153422 0.227209
v 0.046365 0.148490 0.236693
v 0.054521 0.140624 0.226974
v 0.039972 0.153422 0.227209
v 0.008315 0.126360 0.234927
v 0.014174 0.121165 0.245406
v 0.046365 0.148490 0.236693
v 0.008315 0.126360 0.234927
v 0.016471 0.118494 0.225208
v 0.022864 0.113562 0.234692
v 0.014174 0.121165 0.245406
v 0.048662 0.145819 0.216495
v 0.016471 0.118494 0.225208
v 0.008315 0.126360 0.234927
v 0.039972 0.153422 0.227209
v 0.046365 0.148490 0.236693
v 0.014174 0.121165 0.245406
v 0.022864 0.113562 0.234692
v 0.054521 0.140624 0.226974
v 0.215178 0.132355 0.100557
v 0.227742 0.125027 0.059298
v 0.241778 0.125313 0.060743
v 0.230689 0.133166 0.100760
v 0.227742 0.125027 0.059298
v 0.228049 0.137266 0.056632
v 0.243560 0.138077 0.056835
v 0.241778 0.125313 0.060743
v 0.228049 0.137266 0.056632
v 0.216960 0.145119 0.096649
v 0.230995 0.145405 0.098094
v 0.243560 0.138077 0.056835
v 0.216960 0.145119 0.096649
v 0.215178 0.132355 0.100557
v 0.230689 0.133166 0.100760
v 0.230995 0.145405 0.098094
v 0.227742 0.125027 0.059298
v 0.215178 0.132355 0.100557
v 0.216960 0.145119 0.096649
v 0.228049 0.137266 0.056632
v 0.243560 0.138077 0.056835
v 0.230995 0.145405 0.098094
v 0.230689 0.133166 0.100760
v 0.241778 0.125313 0.060743
v 0.059909 0.133101 -0.356938
v 0.083693 0.120292 -0.327502
v 0.080381 0.130975 -0.319869
v 0.056533 0.143900 -0.349700
v 0.083693 0.120292 -0.327502
v 0.097514 0.125564 -0.336282
v 0.094137 0.136362 -0.329044
v 0.080381 0.130975 -0.319869
v 0.097514 0.125564 -0.336282
v 0.073666 0.138488 -0.366113
v 0.070353 0.149172 -0.358480
v 0.094137 0.136362 -0.329044
v 0.073666 0.138488 -0.366113
v 0.059909 0.133101 -0.356938
v 0.056533 0.143900 -0.349700
v 0.070353 0.149172 -0.358480
v 0.083693 0.120292 -0.327502
v 0.059909 0.133101 -0.356938
v 0.073666 0.138488 -0.366113
v 0.097514 0.125564 -0.336282
v 0.094137 0.136362 -0.329044
v 0.070353 0.149172 -0.358480
v 0.056533 0.143900 -0.349700
v 0.080381 0.130975 -0.319869
v 0.161360 0.141560 -0.256597
v 0.202257 0.134097 -0.267715
v 0.205575 0.140869 -0.257626
v 0.163384 0.148295 -0.245066
v 0.202257 0.134097 -0.267715
v 0.205368 0.144704 -0.277149
v 0.207392 0.151438 -0.265617
v 0.205575 0.140869 -0.257626
v 0.205368 0.144704 -0.277149
v 0.163177 0.152130 -0.264588
v 0.166495 0.158902 -0.254499
v 0.207392 0.151438 -0.265617
v 0.163177 0.152130 -0.264588
v 0.161360 0.141560 -0.256597
v 0.163384 0.148295 -0.245066
v 0.166495 0.158902 -0.254499
v 0.202257 0.134097 -0.267715
v 0.161360 0.141560 -0.256597
v 0.163177 0.152130 -0.264588
v 0.205368 0.144704 -0.277149
v 0.207392 0.151438 -0.265617
v 0.166495 0.158902 -0.254499
v 0.163384 0.148295 -0.245066
v 0.205575 0.140869 -0.257626
v -0.297794 0.096021 -0.259357
v -0.264111 0.082471 -0.285099
v -0.258439 0.094397 -0.288972
v -0.292071 0.108002 -0.263806
v -0.264111 0.082471 -0.285099
v -0.271460 0.082596 -0.295159
v -0.265737 0.094577 -0.299608
v -0.258439 0.094397 -0.288972
v -0.271460 0.082596 -0.295159
v -0.305092 0.096201 -0.269993
v -0.299420 0.108127 -0.273866
v -0.265737 0.094577 -0.299608
v -0.305092 0.096201 -0.269993
v -0.297794 0.096021 -0.259357
v -0.292071 0.108002 -0.263806
v -0.299420 0.108127 -0.273866
v -0.264111 0.082471 -0.285099
v -0.297794 0.096021 -0.259357
v -0.305092 0.096201 -0.269993
v -0.271460 0.082596 -0.295159
v -0.265737 0.094577 -0.299608
v -0.299420 0.108127 -0.273866
v -0.292071 0.108002 -0.263806
v -0.258439 0.094397 -0.288972
vn 0.365378 0.196320 0.909922
vn 0.365378 0.196320 0.909922
vn 0.365378 0.196320 0.909922
vn -0.930345 -0.357887 0.079844
vn -0.930345 -0.357887 0.079844
vn -0.930345 -0.357887 0.079844
vn -0.930345 -0.357887 0.079844
vn 0.999725 0.000000 -0.023463
vn 0.999725 0.000000 -0.023463
vn 0.999725 0.000000 -0.023463
vn 0.999725 0.000000 -0.023463
vn 0.769373 -0.638545 -0.018057
vn 0.769373 -0.638545 -0.018057
vn 0.769373 -0.638545 -0.018057
vn 0.769373 -0.638545 -0.018057
vn 0.175501 -0.984471 -0.004119
vn 0.175501 -0.984471 -0.004119
vn 0.175501 -0.984471 -0.004119
vn 0.175501 -0.984471 -0.004119
vn -0.385940 -0.922479 0.009058
vn -0.385940 -0.922479 0.009058
vn -0.385940 -0.922479 0.009058
vn -0.385940 -0.922479 0.009058
vn -0.961749 -0.273001 0.022572
vn -0.961749 -0.273001 0.022572
vn -0.961749 -0.273001 0.022572
vn -0.961749 -0.273001 0.022572
vn -0.911162 -0.240907 -0.334286
vn -0.911162 -0.240907 -0.334286
vn -0.911162 -0.240907 -0.334286
vn -0.911162 -0.240907 -0.334286
vn 0.962226 0.000000 0.272253
vn 0.962226 0.000000 0.272253
vn 0.962226 0.000000 0.272253
vn 0.962226 0.000000 0.272253
vn 0.740514 -0.638545 0.209522
vn 0.740514 -0.638545 0.209522
vn 0.740514 -0.638545 0.209522
vn 0.740514 -0.638545 0.209522
vn 0.168918 -0.984471 0.047794
vn 0.168918 -0.984471 0.047794
vn 0.168918 -0.984471 0.047794
vn 0.168918 -0.984471 0.047794
vn -0.371464 -0.922479 -0.105102
vn -0.371464 -0.922479 -0.105102
vn -0.371464 -0.922479 -0.105102
vn -0.371464 -0.922479 -0.105102
vn -0.924626 -0.276811 -0.261615
vn -0.924626 -0.276811 -0.261615
vn -0.924626 -0.276811 -0.261615
vn -0.924626 -0.276811 -0.261615
vn -0.815057 0.104540 -0.569872
vn -0.815057 0.104540 -0.569872
vn -0.815057 0.104540 -0.569872
vn -0.815057 0.104540 -0.569872
vn 0.839229 0.000000 0.543779
vn 0.839229 0.000000 0.543779
vn 0.839229 0.000000 0.543779
vn 0.839229 0.000000 0.543779
vn 0.645857 -0.638545 0.418484
vn 0.645857 -0.638545 0.418484
vn 0.645857 -0.638545 0.418484
vn 0.645857 -0.638545 0.418484
vn 0.147326 -0.984471 0.095460
vn 0.147326 -0.984471 0.095460
vn 0.147326 -0.984471 0.095460
vn 0.147326 -0.984471 0.095460
vn -0.323981 -0.922479 -0.209924
vn -0.323981 -0.922479 -0.209924
vn -0.323981 -0.922479 -0.209924
vn -0.323981 -0.922479 -0.209924
vn -0.805579 -0.280330 -0.521975
vn -0.805579 -0.280330 -0.521975
vn -0.805579 -0.280330 -0.521975
vn -0.805579 -0.280330 -0.521975
vn -0.633201 0.161870 -0.756872
vn -0.633201 0.161870 -0.756872
vn -0.633201 0.161870 -0.756872
vn -0.633201 0.161870 -0.756872
vn 0.641663 0.000000 0.766987
vn 0.641663 0.000000 0.766987
vn 0.641663 0.000000 0.766987
vn 0.641663 0.000000 0.766987
vn 0.493814 -0.638545 0.590261
vn 0.493814 -0.638545 0.590261
vn 0.493814 -0.638545 0.590261
vn 0.493814 -0.638545 0.590261
vn 0.112644 -0.984471 0.134644
vn 0.112644 -0.984471 0.134644
vn 0.112644 -0.984471 0.134644
vn 0.112644 -0.984471 0.134644
vn -0.247712 -0.922479 -0.296093
vn -0.247712 -0.922479 -0.296093
vn -0.247712 -0.922479 -0.296093
vn -0.247712 -0.922479 -0.296093
vn -0.615384 -0.283251 -0.735576
vn -0.615384 -0.283251 -0.735576
vn -0.615384 -0.283251 -0.735576
vn -0.615384 -0.283251 -0.735576
vn -0.382179 0.158661 -0.910366
vn -0.382179 0.158661 -0.910366
vn -0.382179 0.158661 -0.910366
vn -0.382179 0.158661 -0.910366
vn 0.387082 0.000000 0.922045
vn 0.387082 0.000000 0.922045
vn 0.387082 0.000000 0.922045
vn 0.387082 0.000000 0.922045
vn 0.297892 -0.638545 0.709592
vn 0.297892 -0.638545 0.709592
vn 0.297892 -0.638545 0.709592
vn 0.297892 -0.638545 0.709592
vn 0.067952 -0.984471 0.161865
vn 0.067952 -0.984471 0.161865
vn 0.067952 -0.984471 0.161865
vn 0.067952 -0.984471 0.161865
vn -0.149432 -0.922479 -0.355952
vn -0.149432 -0.922479 -0.355952
vn -0.149432 -0.922479 -0.355952
vn -0.149432 -0.922479 -0.355952
vn -0.370992 -0.285318 -0.883719
vn -0.370992 -0.285318 -0.883719
vn -0.370992 -0.285318 -0.883719
vn -0.370992 -0.285318 -0.883719
vn -0.124856 0.108992 -0.986170
vn -0.124856 0.108992 -0.986170
vn -0.124856 0.108992 -0.986170
vn -0.124856 0.108992 -0.986170
vn 0.098107 0.000000 0.995176
vn 0.098107 0.000000 0.995176
vn 0.098107 0.000000 0.995176
vn 0.098107 0.000000 0.995176
vn 0.075502 -0.638545 0.765872
vn 0.075502 -0.638545 0.765872
vn 0.075502 -0.638545 0.765872
vn 0.075502 -0.638545 0.765872
vn 0.017223 -0.984471 0.174703
vn 0.017223 -0.984471 0.174703
vn 0.017223 -0.984471 0.174703
vn 0.017223 -0.984471 0.174703
vn -0.037874 -0.922479 -0.384184
vn -0.037874 -0.922479 -0.384184
vn -0.037874 -0.922479 -0.384184
vn -0.037874 -0.922479 -0.384184
vn -0.093998 -0.286356 -0.953501
vn -0.093998 -0.286356 -0.953501
vn -0.093998 -0.286356 -0.953501
vn -0.093998 -0.286356 -0.953501
vn 0.190838 0.007481 -0.981593
vn 0.190838 0.007481 -0.981593
vn 0.190838 0.007481 -0.981593
vn 0.190838 0.007481 -0.981593
vn -0.199585 0.000000 0.979881
vn -0.199585 0.000000 0.979881
vn -0.199585 0.000000 0.979881
vn -0.199585 0.000000 0.979881
vn -0.153597 -0.638545 0.754101
vn -0.153597 -0.638545 0.754101
vn -0.153597 -0.638545 0.754101
vn -0.153597 -0.638545 0.754101
vn -0.035037 -0.984471 0.172018
vn -0.035037 -0.984471 0.172018
vn -0.035037 -0.984471 0.172018
vn -0.035037 -0.984471 0.172018
vn 0.077049 -0.922480 -0.378279
vn 0.077049 -0.922480 -0.378279
vn 0.077049 -0.922480 -0.378279
vn 0.077049 -0.922480 -0.378279
vn 0.191232 -0.286272 -0.938871
vn 0.191232 -0.286272 -0.938871
vn 0.191232 -0.286272 -0.938871
vn 0.191232 -0.286272 -0.938871
vn 0.467507 -0.058901 -0.882025
vn 0.467507 -0.058901 -0.882025
vn 0.467507 -0.058901 -0.882025
vn 0.467507 -0.058901 -0.882025
vn -0.479543 0.000000 0.877519
vn -0.479543 0.000000 0.877519
vn -0.479543 0.000000 0.877519
vn -0.479543 0.000000 0.877519
vn -0.369049 -0.638545 0.675325
vn -0.369049 -0.638545 0.675325
vn -0.369049 -0.638545 0.675325
vn -0.369049 -0.638545 0.675325
vn -0.084183 -0.984471 0.154048
vn -0.084183 -0.984471 0.154048
vn -0.084183 -0.984471 0.154048
vn -0.084183 -0.984471 0.154048
vn 0.185126 -0.922479 -0.338763
vn 0.185126 -0.922479 -0.338763
vn 0.185126 -0.922479 -0.338763
vn 0.185126 -0.922479 -0.338763
vn 0.459644 -0.285075 -0.841106
vn 0.459644 -0.285075 -0.841106
vn 0.459644 -0.285075 -0.841106
vn 0.459644 -0.285075 -0.841106
vn 0.745762 0.082454 -0.661090
vn 0.745762 0.082454 -0.661090
vn 0.745762 0.082454 -0.661090
vn 0.745762 0.082454 -0.661090
vn -0.716891 0.000000 0.697185
vn -0.716891 0.000000 0.697185
vn -0.716891 0.000000 0.697185
vn -0.716891 0.000000 0.697185
vn -0.551708 -0.638545 0.536543
vn -0.551708 -0.638545 0.536543
vn -0.551708 -0.638545 0.536543
vn -0.551708 -0.638545 0.536543
vn -0.125850 -0.984471 0.122391
vn -0.125850 -0.984471 0.122391
vn -0.125850 -0.984471 0.122391
vn -0.125850 -0.984471 0.122391
vn 0.276753 -0.922480 -0.269146
vn 0.276753 -0.922480 -0.269146
vn 0.276753 -0.922480 -0.269146
vn 0.276753 -0.922480 -0.269146
vn 0.687612 -0.282868 -0.668711
vn 0.687612 -0.282868 -0.668711
vn 0.687612 -0.282868 -0.668711
vn 0.687612 -0.282868 -0.668711
vn 0.878015 0.167133 -0.448505
vn 0.878015 0.167133 -0.448505
vn 0.878015 0.167133 -0.448505
vn 0.878015 0.167133 -0.448505
vn -0.890541 0.000000 0.454904
vn -0.890541 0.000000 0.454904
vn -0.890541 0.000000 0.454904
vn -0.890541 0.000000 0.454904
vn -0.685346 -0.638545 0.350087
vn -0.685346 -0.638545 0.350087
vn -0.685346 -0.638545 0.350087
vn -0.685346 -0.638545 0.350087
vn -0.156334 -0.984471 0.079858
vn -0.156334 -0.984471 0.079858
vn -0.156334 -0.984471 0.079858
vn -0.156334 -0.984471 0.079858
vn 0.343790 -0.922479 -0.175614
vn 0.343790 -0.922479 -0.175614
vn 0.343790 -0.922479 -0.175614
vn 0.343790 -0.922479 -0.175614
vn 0.854960 -0.279842 -0.436729
vn 0.854960 -0.279842 -0.436729
vn 0.854960 -0.279842 -0.436729
vn 0.854960 -0.279842 -0.436729
vn 0.952068 0.289941 -0.097470
vn 0.952068 0.289941 -0.097470
vn 0.952068 0.289941 -0.097470
vn 0.952068 0.289941 -0.097470
vn -0.195441 0.202712 0.959537
vn -0.195441 0.202712 0.959537
vn -0.195441 0.202712 0.959537
vn -0.195441 0.202712 0.959537
vn -0.985062 0.000000 0.172203
vn -0.985062 0.000000 0.172203
vn -0.985062 0.000000 0.172203
vn -0.985062 0.000000 0.172203
vn -0.758088 -0.638545 0.132524
vn -0.758088 -0.638545 0.132524
vn -0.758088 -0.638545 0.132524
vn -0.758088 -0.638545 0.132524
vn -0.172927 -0.984471 0.030230
vn -0.172927 -0.984471 0.030230
vn -0.172927 -0.984471 0.030230
vn -0.172927 -0.984471 0.030230
vn 0.380279 -0.922480 -0.066478
vn 0.380279 -0.922480 -0.066478
vn 0.380279 -0.922480 -0.066478
vn 0.380279 -0.922480 -0.066478
vn 0.946726 -0.276260 -0.165501
vn 0.946726 -0.276260 -0.165501
vn 0.946726 -0.276260 -0.165501
vn 0.946726 -0.276260 -0.165501
vn 0.956824 0.284886 0.057692
vn 0.956824 0.284886 0.057692
vn 0.956824 0.284886 0.057692
vn 0.956824 0.284886 0.057692
vn -0.890422 0.210857 -0.403347
vn -0.890422 0.210857 -0.403347
vn -0.890422 0.210857 -0.403347
vn -0.890422 0.210857 -0.403347
vn 0.050266 0.200898 -0.978322
vn 0.050266 0.200898 -0.978322
vn 0.050266 0.200898 -0.978322
vn 0.050266 0.200898 -0.978322
vn -0.992056 0.000000 -0.125800
vn -0.992056 0.000000 -0.125800
vn -0.992056 0.000000 -0.125800
vn -0.992056 0.000000 -0.125800
vn -0.763471 -0.638545 -0.096814
vn -0.763471 -0.638545 -0.096814
vn -0.763471 -0.638545 -0.096814
vn -0.763471 -0.638545 -0.096814
vn -0.174155 -0.984471 -0.022084
vn -0.174155 -0.984471 -0.022084
vn -0.174155 -0.984471 -0.022084
vn -0.174155 -0.984471 -0.022084
vn 0.382980 -0.922479 0.048565
vn 0.382980 -0.922479 0.048565
vn 0.382980 -0.922479 0.048565
vn 0.382980 -0.922479 0.048565
vn 0.954530 -0.272436 0.121041
vn 0.954530 -0.272436 0.121041
vn 0.954530 -0.272436 0.121041
vn 0.954530 -0.272436 0.121041
vn 0.895330 0.184109 0.405571
vn 0.895330 0.184109 0.405571
vn 0.895330 0.184109 0.405571
vn 0.895330 0.184109 0.405571
vn -0.508925 0.206908 -0.835574
vn -0.508925 0.206908 -0.835574
vn -0.508925 0.206908 -0.835574
vn -0.508925 0.206908 -0.835574
vn 0.336617 0.197760 -0.920641
vn 0.336617 0.197760 -0.920641
vn 0.336617 0.197760 -0.920641
vn 0.336617 0.197760 -0.920641
vn -0.910901 0.000000 -0.412624
vn -0.910901 0.000000 -0.412624
vn -0.910901 0.000000 -0.412624
vn -0.910901 0.000000 -0.412624
vn -0.701015 -0.638545 -0.317549
vn -0.701015 -0.638545 -0.317549
vn -0.701015 -0.638545 -0.317549
vn -0.701015 -0.638545 -0.317549
vn -0.159908 -0.984471 -0.072436
vn -0.159908 -0.984471 -0.072436
vn -0.159908 -0.984471 -0.072436
vn -0.159908 -0.984471 -0.072436
vn 0.351650 -0.922479 0.159292
vn 0.351650 -0.922479 0.159292
vn 0.351650 -0.922479 0.159292
vn 0.351650 -0.922479 0.159292
vn 0.877399 -0.268711 0.397449
vn 0.877399 -0.268711 0.397449
vn 0.877399 -0.268711 0.397449
vn 0.877399 -0.268711 0.397449
vn 0.763056 0.132916 0.632518
vn 0.763056 0.132916 0.632518
vn 0.763056 0.132916 0.632518
vn 0.763056 0.132916 0.632518
vn -0.870632 0.210268 0.444734
vn -0.870632 0.210268 0.444734
vn -0.870632 0.210268 0.444734
vn -0.870632 0.210268 0.444734
vn -0.748809 0.000000 -0.662786
vn -0.748809 0.000000 -0.662786
vn -0.748809 0.000000 -0.662786
vn -0.748809 0.000000 -0.662786
vn -0.576272 -0.638545 -0.510069
vn -0.576272 -0.638545 -0.510069
vn -0.576272 -0.638545 -0.510069
vn -0.576272 -0.638545 -0.510069
vn -0.131453 -0.984471 -0.116352
vn -0.131453 -0.984471 -0.116352
vn -0.131453 -0.984471 -0.116352
vn -0.131453 -0.984471 -0.116352
vn 0.289075 -0.922479 0.255866
vn 0.289075 -0.922479 0.255866
vn 0.289075 -0.922479 0.255866
vn 0.289075 -0.922479 0.255866
vn 0.721952 -0.265417 0.639014
vn 0.721952 -0.265417 0.639014
vn 0.721952 -0.265417 0.639014
vn 0.721952 -0.265417 0.639014
vn 0.517873 0.042094 0.854421
vn 0.517873 0.042094 0.854421
vn 0.517873 0.042094 0.854421
vn 0.517873 0.042094 0.854421
vn -0.969594 0.211591 -0.122952
vn -0.969594 0.211591 -0.122952
vn -0.969594 0.211591 -0.122952
vn -0.969594 0.211591 -0.122952
vn 0.797578 0.192590 -0.571646
vn 0.797578 0.192590 -0.571646
vn 0.797578 0.192590 -0.571646
vn 0.797578 0.192590 -0.571646
vn -0.520182 0.000000 -0.854056
vn -0.520182 0.000000 -0.854056
vn -0.520182 0.000000 -0.854056
vn -0.520182 0.000000 -0.854056
vn -0.400324 -0.638545 -0.657268
vn -0.400324 -0.638545 -0.657268
vn -0.400324 -0.638545 -0.657268
vn -0.400324 -0.638545 -0.657268
vn -0.091318 -0.984471 -0.149929
vn -0.091318 -0.984471 -0.149929
vn -0.091318 -0.984471 -0.149929
vn -0.091318 -0.984471 -0.149929
vn 0.200814 -0.922479 0.329705
vn 0.200814 -0.922479 0.329705
vn 0.200814 -0.922479 0.329705
vn 0.200814 -0.922479 0.329705
vn 0.501890 -0.262853 0.824024
vn 0.501890 -0.262853 0.824024
vn 0.501890 -0.262853 0.824024
vn 0.501890 -0.262853 0.824024
vn 0.176221 0.296297 0.938698
vn 0.176221 0.296297 0.938698
vn 0.176221 0.296297 0.938698
vn 0.176221 0.296297 0.938698
vn 0.629493 0.193832 0.752441
vn 0.629493 0.193832 0.752441
vn 0.629493 0.193832 0.752441
vn 0.629493 0.193832 0.752441
vn -0.962801 0.211389 0.168311
vn -0.962801 0.211389 0.168311
vn -0.962801 0.211389 0.168311
vn -0.962801 0.211389 0.168311
vn -0.245335 0.000000 -0.969438
vn -0.245335 0.000000 -0.969438
vn -0.245335 0.000000 -0.969438
vn -0.245335 0.000000 -0.969438
vn -0.188806 -0.638545 -0.746065
vn -0.188806 -0.638545 -0.746065
vn -0.188806 -0.638545 -0.746065
vn -0.188806 -0.638545 -0.746065
vn -0.043068 -0.984471 -0.170184
vn -0.043068 -0.984471 -0.170184
vn -0.043068 -0.984471 -0.170184
vn -0.043068 -0.984471 -0.170184
vn 0.094711 -0.922479 0.374248
vn 0.094711 -0.922479 0.374248
vn 0.094711 -0.922479 0.374248
vn 0.094711 -0.922479 0.374248
vn 0.236815 -0.261250 0.935771
vn 0.236815 -0.261250 0.935771
vn 0.236815 -0.261250 0.935771
vn 0.236815 -0.261250 0.935771
vn 0.008506 0.293508 0.955919
vn 0.008506 0.293508 0.955919
vn 0.008506 0.293508 0.955919
vn 0.008506 0.293508 0.955919
vn 0.823645 0.191816 0.533681
vn 0.823645 0.191816 0.533681
vn 0.823645 0.191816 0.533681
vn 0.823645 0.191816 0.533681
vn -0.240174 0.204040 -0.949044
vn -0.240174 0.204040 -0.949044
vn -0.240174 0.204040 -0.949044
vn -0.240174 0.204040 -0.949044
vn 0.051312 0.000000 -0.998683
vn 0.051312 0.000000 -0.998683
vn 0.051312 0.000000 -0.998683
vn 0.051312 0.000000 -0.998683
vn 0.039489 -0.638545 -0.768571
vn 0.039489 -0.638545 -0.768571
vn 0.039489 -0.638545 -0.768571
vn 0.039489 -0.638545 -0.768571
vn 0.009008 -0.984471 -0.175318
vn 0.009008 -0.984471 -0.175318
vn 0.009008 -0.984471 -0.175318
vn 0.009008 -0.984471 -0.175318
vn -0.019809 -0.922479 0.385538
vn -0.019809 -0.922479 0.385538
vn -0.019809 -0.922479 0.385538
vn -0.019809 -0.922479 0.385538
vn -0.049537 -0.260756 0.964133
vn -0.049537 -0.260756 0.964133
vn -0.049537 -0.260756 0.964133
vn -0.049537 -0.260756 0.964133
vn -0.340224 0.135661 0.930507
vn -0.340224 0.135661 0.930507
vn -0.340224 0.135661 0.930507
vn -0.340224 0.135661 0.930507
vn -0.340224 0.135661 0.930507
vn -0.469285 0.205729 0.858748
vn -0.469285 0.205729 0.858748
vn -0.469285 0.205729 0.858748
vn -0.469285 0.205729 0.858748
vn 0.379536 0.196486 0.904072
vn 0.379536 0.196486 0.904072
vn 0.379536 0.196486 0.904072
vn 0.379536 0.196486 0.904072
vn 0.343399 0.000000 -0.939190
vn 0.343399 0.000000 -0.939190
vn 0.343399 0.000000 -0.939190
vn 0.343399 0.000000 -0.939190
vn 0.264274 -0.638545 -0.722786
vn 0.264274 -0.638545 -0.722786
vn 0.264274 -0.638545 -0.722786
vn 0.264274 -0.638545 -0.722786
vn 0.060283 -0.984471 -0.164874
vn 0.060283 -0.984471 -0.164874
vn 0.060283 -0.984471 -0.164874
vn 0.060283 -0.984471 -0.164874
vn -0.132568 -0.922479 0.362571
vn -0.132568 -0.922479 0.362571
vn -0.132568 -0.922479 0.362571
vn -0.132568 -0.922479 0.362571
vn -0.331457 -0.261418 0.906530
vn -0.331457 -0.261418 0.906530
vn -0.331457 -0.261418 0.906530
vn -0.331457 -0.261418 0.906530
vn -0.593667 0.192431 0.781364
vn -0.593667 0.192431 0.781364
vn -0.593667 0.192431 0.781364
vn -0.593667 0.192431 0.781364
vn 0.593372 0.194904 -0.780975
vn 0.593372 0.194904 -0.780975
vn 0.593372 0.194904 -0.780975
vn 0.593372 0.194904 -0.780975
vn -0.701162 0.208324 0.681889
vn -0.701162 0.208324 0.681889
vn -0.701162 0.208324 0.681889
vn -0.701162 0.208324 0.681889
vn 0.604974 0.000000 -0.796246
vn 0.604974 0.000000 -0.796246
vn 0.604974 0.000000 -0.796246
vn 0.604974 0.000000 -0.796246
vn 0.465578 -0.638545 -0.612778
vn 0.465578 -0.638545 -0.612778
vn 0.465578 -0.638545 -0.612778
vn 0.465578 -0.638545 -0.612778
vn 0.106203 -0.984471 -0.139780
vn 0.106203 -0.984471 -0.139780
vn 0.106203 -0.984471 -0.139780
vn 0.106203 -0.984471 -0.139780
vn -0.233548 -0.922479 0.307388
vn -0.233548 -0.922479 0.307388
vn -0.233548 -0.922479 0.307388
vn -0.233548 -0.922479 0.307388
vn -0.583648 -0.263174 0.768177
vn -0.583648 -0.263174 0.768177
vn -0.583648 -0.263174 0.768177
vn -0.583648 -0.263174 0.768177
vn -0.779416 0.105921 0.617488
vn -0.779416 0.105921 0.617488
vn -0.779416 0.105921 0.617488
vn -0.779416 0.105921 0.617488
vn 0.944583 0.190617 0.267262
vn 0.944583 0.190617 0.267262
vn 0.944583 0.190617 0.267262
vn 0.944583 0.190617 0.267262
vn 0.812794 0.000000 -0.582551
vn 0.812794 0.000000 -0.582551
vn 0.812794 0.000000 -0.582551
vn 0.812794 0.000000 -0.582551
vn 0.625514 -0.638545 -0.448322
vn 0.625514 -0.638545 -0.448322
vn 0.625514 -0.638545 -0.448322
vn 0.625514 -0.638545 -0.448322
vn 0.142686 -0.984471 -0.102266
vn 0.142686 -0.984471 -0.102266
vn 0.142686 -0.984471 -0.102266
vn 0.142686 -0.984471 -0.102266
vn -0.313776 -0.922479 0.224892
vn -0.313776 -0.922479 0.224892
vn -0.313776 -0.922479 0.224892
vn -0.313776 -0.922479 0.224892
vn -0.783542 -0.265862 0.561586
vn -0.783542 -0.265862 0.561586
vn -0.783542 -0.265862 0.561586
vn -0.783542 -0.265862 0.561586
vn -0.943134 -0.116494 0.311331
vn -0.943134 -0.116494 0.311331
vn -0.943134 -0.116494 0.311331
vn -0.943134 -0.116494 0.311331
vn 0.948394 0.000000 -0.317095
vn 0.948394 0.000000 -0.317095
vn 0.948394 0.000000 -0.317095
vn 0.948394 0.000000 -0.317095
vn 0.729869 -0.638545 -0.244031
vn 0.729869 -0.638545 -0.244031
vn 0.729869 -0.638545 -0.244031
vn 0.729869 -0.638545 -0.244031
vn 0.166490 -0.984471 -0.055666
vn 0.166490 -0.984471 -0.055666
vn 0.166490 -0.984471 -0.055666
vn 0.166490 -0.984471 -0.055666
vn -0.366124 -0.922479 0.122413
vn -0.366124 -0.922479 0.122413
vn -0.366124 -0.922479 0.122413
vn -0.366124 -0.922479 0.122413
vn -0.913373 -0.269240 0.305385
vn -0.913373 -0.269240 0.305385
vn -0.913373 -0.269240 0.305385
vn -0.913373 -0.269240 0.305385
vn 0.096134 0.199537 0.975163
vn 0.096134 0.199537 0.975163
vn 0.096134 0.199537 0.975163
vn 0.096134 0.199537 0.975163
vn 0.930930 0.191022 -0.311256
vn 0.930930 0.191022 -0.311256
vn 0.930930 0.191022 -0.311256
vn 0.930930 0.191022 -0.311256
vn -0.732232 0.209248 -0.648113
vn -0.732232 0.209248 -0.648113
vn -0.732232 0.209248 -0.648113
vn -0.732232 0.209248 -0.648113
vn 0.981447 0.190344 -0.023034
vn 0.981447 0.190344 -0.023034
vn 0.981447 0.190344 -0.023034
vn 0.981447 0.190344 -0.023034
vn 0.628229 0.487817 0.606104
vn 0.628229 0.487817 0.606104
vn 0.628229 0.487817 0.606104
vn -0.319861 0.363856 0.874813
vn -0.319861 0.363856 0.874813
vn -0.319861 0.363856 0.874813
vn -0.740352 0.475557 0.475105
vn -0.740352 0.475557 0.475105
vn -0.740352 0.475557 0.475105
vn -0.744631 0.509837 -0.430803
vn -0.744631 0.509837 -0.430803
vn -0.744631 0.509837 -0.430803
vn 0.582618 0.504414 -0.637278
vn 0.582618 0.504414 -0.637278
vn 0.582618 0.504414 -0.637278
vn -0.043329 0.531179 -0.846151
vn -0.043329 0.531179 -0.846151
vn -0.043329 0.531179 -0.846151
vn -0.841100 -0.469617 0.268346
vn -0.841100 -0.469617 0.268346
vn -0.841100 -0.469617 0.268346
vn -0.841100 -0.469617 0.268346
vn -0.780663 -0.464650 -0.417930
vn -0.780663 -0.464650 -0.417930
vn -0.780663 -0.464650 -0.417930
vn -0.780663 -0.464650 -0.417930
vn 0.794515 -0.451697 -0.405852
vn 0.794515 -0.451697 -0.405852
vn 0.794515 -0.451697 -0.405852
vn 0.794515 -0.451697 -0.405852
vn 0.781988 -0.452953 -0.428170
vn 0.781988 -0.452953 -0.428170
vn -0.543398 -0.439550 0.715202
vn -0.543398 -0.439550 0.715202
vn -0.543398 -0.439550 0.715202
vn -0.543398 -0.439550 0.715202
vn -0.543851 -0.439581 0.714839
vn -0.543851 -0.439581 0.714839
vn -0.242814 -0.445677 -0.861634
vn -0.242814 -0.445677 -0.861634
vn -0.242814 -0.445677 -0.861634
vn -0.242814 -0.445677 -0.861634
vn 0.139245 -0.466841 -0.873310
vn 0.139245 -0.466841 -0.873310
vn 0.139245 -0.466841 -0.873310
vn 0.139245 -0.466841 -0.873310
vn -0.691412 -0.417940 0.589301
vn -0.691412 -0.417940 0.589301
vn -0.691412 -0.417940 0.589301
vn -0.691412 -0.417940 0.589301
vn 0.380965 -0.474242 -0.793701
vn 0.380965 -0.474242 -0.793701
vn 0.380965 -0.474242 -0.793701
vn 0.380965 -0.474242 -0.793701
vn 0.094927 -0.432740 0.896507
vn 0.088514 -0.433459 0.896816
vn 0.088514 -0.433459 0.896816
vn 0.094927 -0.432740 0.896507
vn 0.094927 -0.432740 0.896507
vn 0.094927 -0.432740 0.896507
vn 0.082278 -0.432660 0.897795
vn 0.082278 -0.432660 0.897795
vn -0.347446 -0.440805 -0.827631
vn -0.347446 -0.440805 -0.827631
vn -0.347446 -0.440805 -0.827631
vn -0.347446 -0.440805 -0.827631
vn 0.812467 -0.452159 0.368035
vn 0.812467 -0.452159 0.368035
vn 0.812467 -0.452159 0.368035
vn 0.812467 -0.452159 0.368035
vn 0.783463 -0.454770 0.423521
vn 0.783463 -0.454770 0.423521
vn 0.783463 -0.454770 0.423521
vn 0.783463 -0.454770 0.423521
vn -0.576620 -0.438698 -0.689241
vn -0.576620 -0.438698 -0.689241
vn -0.576620 -0.438698 -0.689241
vn -0.576620 -0.438698 -0.689241
vn -0.326978 0.945001 0.007674
vn -0.326978 0.945001 0.007674
vn -0.326978 0.945001 0.007674
vn -0.326978 0.945001 0.007674
vn -0.140164 -0.392126 0.909171
vn -0.140164 -0.392126 0.909171
vn -0.140164 -0.392126 0.909171
vn -0.140164 -0.392126 0.909171
vn -0.628969 -0.441393 -0.639978
vn -0.628969 -0.441393 -0.639978
vn -0.628969 -0.441393 -0.639978
vn -0.628969 -0.441393 -0.639978
vn 0.447805 -0.473237 0.758628
vn 0.447805 -0.473237 0.758628
vn 0.447805 -0.473237 0.758628
vn 0.447805 -0.473237 0.758628
vn 0.900610 -0.432888 0.038852
vn 0.900610 -0.432888 0.038852
vn 0.900610 -0.432888 0.038852
vn 0.900610 -0.432888 0.038852
vn 0.897629 -0.431532 -0.089675
vn 0.897629 -0.431532 -0.089675
vn 0.897629 -0.431532 -0.089675
vn 0.897629 -0.431532 -0.089675
vn -0.868343 -0.472756 0.149937
vn -0.868343 -0.472756 0.149937
vn -0.868343 -0.472756 0.149937
vn -0.868343 -0.472756 0.149937
vn 0.175501 0.984471 -0.004119
vn 0.175501 0.984471 -0.004119
vn 0.175501 0.984471 -0.004119
vn 0.175501 0.984471 -0.004119
vn 0.769372 0.638545 -0.018057
vn 0.769372 0.638545 -0.018057
vn 0.769372 0.638545 -0.018057
vn 0.769372 0.638545 -0.018057
vn -0.314677 0.945014 -0.089035
vn -0.314677 0.945014 -0.089035
vn -0.314677 0.945014 -0.089035
vn -0.314677 0.945014 -0.089035
vn 0.168918 0.984471 0.047794
vn 0.168918 0.984471 0.047794
vn 0.168918 0.984471 0.047794
vn 0.168918 0.984471 0.047794
vn 0.740514 0.638545 0.209522
vn 0.740514 0.638545 0.209522
vn 0.740514 0.638545 0.209522
vn 0.740514 0.638545 0.209522
vn -0.325222 0.899895 -0.290550
vn -0.325222 0.899895 -0.290550
vn -0.325222 0.899895 -0.290550
vn -0.325222 0.899895 -0.290550
vn 0.147326 0.984471 0.095460
vn 0.147326 0.984471 0.095460
vn 0.147326 0.984471 0.095460
vn 0.147326 0.984471 0.095460
vn 0.645857 0.638545 0.418484
vn 0.645857 0.638545 0.418484
vn 0.645857 0.638545 0.418484
vn 0.645857 0.638545 0.418484
vn -0.322846 0.864205 -0.385903
vn -0.322846 0.864205 -0.385903
vn -0.322846 0.864205 -0.385903
vn -0.322846 0.864205 -0.385903
vn 0.112644 0.984471 0.134644
vn 0.112644 0.984471 0.134644
vn 0.112644 0.984471 0.134644
vn 0.112644 0.984471 0.134644
vn 0.493814 0.638545 0.590261
vn 0.493814 0.638545 0.590261
vn 0.493814 0.638545 0.590261
vn 0.493814 0.638545 0.590261
vn -0.194413 0.864722 -0.463099
vn -0.194413 0.864722 -0.463099
vn -0.194413 0.864722 -0.463099
vn -0.194413 0.864722 -0.463099
vn 0.067952 0.984471 0.161864
vn 0.067952 0.984471 0.161864
vn 0.067952 0.984471 0.161864
vn 0.067952 0.984471 0.161864
vn 0.297892 0.638545 0.709592
vn 0.297892 0.638545 0.709592
vn 0.297892 0.638545 0.709592
vn 0.297892 0.638545 0.709592
vn -0.108221 0.900349 -0.421497
vn -0.108221 0.900349 -0.421497
vn -0.108221 0.900349 -0.421497
vn -0.108221 0.900349 -0.421497
vn 0.017223 0.984471 0.174702
vn 0.017223 0.984471 0.174702
vn 0.017223 0.984471 0.174702
vn 0.017223 0.984471 0.174702
vn 0.075502 0.638545 0.765872
vn 0.075502 0.638545 0.765872
vn 0.075502 0.638545 0.765872
vn 0.075502 0.638545 0.765872
vn 0.065314 0.944938 -0.320667
vn 0.065314 0.944938 -0.320667
vn 0.065314 0.944938 -0.320667
vn 0.065314 0.944938 -0.320667
vn -0.035037 0.984471 0.172017
vn -0.035037 0.984471 0.172017
vn -0.035037 0.984471 0.172017
vn -0.035037 0.984471 0.172017
vn -0.153597 0.638545 0.754101
vn -0.153597 0.638545 0.754101
vn -0.153597 0.638545 0.754101
vn -0.153597 0.638545 0.754101
vn 0.156977 0.944904 -0.287254
vn 0.156977 0.944904 -0.287254
vn 0.156977 0.944904 -0.287254
vn 0.156977 0.944904 -0.287254
vn -0.084183 0.984471 0.154048
vn -0.084183 0.984471 0.154048
vn -0.084183 0.984471 0.154048
vn -0.084183 0.984471 0.154048
vn -0.369048 0.638545 0.675325
vn -0.369048 0.638545 0.675325
vn -0.369048 0.638545 0.675325
vn -0.369048 0.638545 0.675325
vn 0.356040 0.899620 -0.252824
vn 0.356040 0.899620 -0.252824
vn 0.356040 0.899620 -0.252824
vn 0.356040 0.899620 -0.252824
vn -0.125850 0.984471 0.122390
vn -0.125850 0.984471 0.122390
vn -0.125850 0.984471 0.122390
vn -0.125850 0.984471 0.122390
vn -0.551708 0.638545 0.536543
vn -0.551708 0.638545 0.536543
vn -0.551708 0.638545 0.536543
vn -0.551708 0.638545 0.536543
vn 0.449796 0.863072 -0.229764
vn 0.449796 0.863072 -0.229764
vn 0.449796 0.863072 -0.229764
vn 0.449796 0.863072 -0.229764
vn -0.156334 0.984471 0.079858
vn -0.156334 0.984471 0.079858
vn -0.156334 0.984471 0.079858
vn -0.156334 0.984471 0.079858
vn -0.685346 0.638545 0.350087
vn -0.685346 0.638545 0.350087
vn -0.685346 0.638545 0.350087
vn -0.685346 0.638545 0.350087
vn 0.500191 0.861574 -0.086604
vn 0.500191 0.861574 -0.086604
vn 0.500191 0.861574 -0.086604
vn 0.500191 0.861574 -0.086604
vn -0.172927 0.984471 0.030230
vn -0.172927 0.984471 0.030230
vn -0.172927 0.984471 0.030230
vn -0.172927 0.984471 0.030230
vn -0.758088 0.638545 0.132524
vn -0.758088 0.638545 0.132524
vn -0.758088 0.638545 0.132524
vn -0.758088 0.638545 0.132524
vn 0.501471 0.862637 0.066218
vn 0.501471 0.862637 0.066218
vn 0.501471 0.862637 0.066218
vn 0.501471 0.862637 0.066218
vn -0.174155 0.984471 -0.022084
vn -0.174155 0.984471 -0.022084
vn -0.174155 0.984471 -0.022084
vn -0.174155 0.984471 -0.022084
vn -0.763471 0.638545 -0.096814
vn -0.763471 0.638545 -0.096814
vn -0.763471 0.638545 -0.096814
vn -0.763471 0.638545 -0.096814
vn 0.464778 0.860032 0.210537
vn 0.464778 0.860032 0.210537
vn 0.464778 0.860032 0.210537
vn 0.464778 0.860032 0.210537
vn -0.159908 0.984471 -0.072436
vn -0.159908 0.984471 -0.072436
vn -0.159908 0.984471 -0.072436
vn -0.159908 0.984471 -0.072436
vn -0.701016 0.638545 -0.317549
vn -0.701016 0.638545 -0.317549
vn -0.701016 0.638545 -0.317549
vn -0.701016 0.638545 -0.317549
vn 0.371602 0.897750 0.236552
vn 0.371602 0.897750 0.236552
vn 0.371602 0.897750 0.236552
vn 0.371602 0.897750 0.236552
vn -0.131453 0.984471 -0.116352
vn -0.131453 0.984471 -0.116352
vn -0.131453 0.984471 -0.116352
vn -0.131453 0.984471 -0.116352
vn -0.576272 0.638545 -0.510070
vn -0.576272 0.638545 -0.510070
vn -0.576272 0.638545 -0.510070
vn -0.576272 0.638545 -0.510070
vn 0.167129 0.897128 0.408937
vn 0.167129 0.897128 0.408937
vn 0.167129 0.897128 0.408937
vn 0.167129 0.897128 0.408937
vn -0.091318 0.984471 -0.149929
vn -0.091318 0.984471 -0.149929
vn -0.091318 0.984471 -0.149929
vn -0.091318 0.984471 -0.149929
vn -0.400324 0.638545 -0.657268
vn -0.400324 0.638545 -0.657268
vn -0.400324 0.638545 -0.657268
vn -0.400324 0.638545 -0.657268
vn 0.117005 0.849871 0.513837
vn 0.117005 0.849871 0.513837
vn 0.117005 0.849871 0.513837
vn 0.117005 0.849871 0.513837
vn -0.043068 0.984471 -0.170184
vn -0.043068 0.984471 -0.170184
vn -0.043068 0.984471 -0.170184
vn -0.043068 0.984471 -0.170184
vn -0.188806 0.638545 -0.746065
vn -0.188806 0.638545 -0.746065
vn -0.188806 0.638545 -0.746065
vn -0.188806 0.638545 -0.746065
vn -0.015448 0.850504 0.525741
vn -0.015448 0.850504 0.525741
vn -0.015448 0.850504 0.525741
vn -0.015448 0.850504 0.525741
vn 0.009008 0.984471 -0.175318
vn 0.009008 0.984471 -0.175318
vn 0.009008 0.984471 -0.175318
vn 0.009008 0.984471 -0.175318
vn 0.039489 0.638545 -0.768571
vn 0.039489 0.638545 -0.768571
vn 0.039489 0.638545 -0.768571
vn 0.039489 0.638545 -0.768571
vn -0.176274 0.858196 0.482107
vn -0.176274 0.858196 0.482107
vn -0.176274 0.858196 0.482107
vn -0.176274 0.858196 0.482107
vn 0.060283 0.984471 -0.164874
vn 0.060283 0.984471 -0.164874
vn 0.060283 0.984471 -0.164874
vn 0.060283 0.984471 -0.164874
vn 0.264274 0.638545 -0.722786
vn 0.264274 0.638545 -0.722786
vn 0.264274 0.638545 -0.722786
vn 0.264274 0.638545 -0.722786
vn -0.310012 0.858724 0.408027
vn -0.310012 0.858724 0.408027
vn -0.310012 0.858724 0.408027
vn -0.310012 0.858724 0.408027
vn 0.106203 0.984471 -0.139781
vn 0.106203 0.984471 -0.139781
vn 0.106203 0.984471 -0.139781
vn 0.106203 0.984471 -0.139781
vn 0.465578 0.638545 -0.612778
vn 0.465578 0.638545 -0.612778
vn 0.465578 0.638545 -0.612778
vn 0.465578 0.638545 -0.612778
vn -0.313196 0.897602 0.310193
vn -0.313196 0.897602 0.310193
vn -0.313196 0.897602 0.310193
vn -0.313196 0.897602 0.310193
vn 0.142685 0.984471 -0.102267
vn 0.142685 0.984471 -0.102267
vn 0.142685 0.984471 -0.102267
vn 0.142685 0.984471 -0.102267
vn 0.625514 0.638545 -0.448323
vn 0.625514 0.638545 -0.448323
vn 0.625514 0.638545 -0.448323
vn 0.625514 0.638545 -0.448323
vn -0.310248 0.944979 0.103731
vn -0.310248 0.944979 0.103731
vn -0.310248 0.944979 0.103731
vn -0.310248 0.944979 0.103731
vn 0.166490 0.984471 -0.055666
vn 0.166490 0.984471 -0.055666
vn 0.166490 0.984471 -0.055666
vn 0.166490 0.984471 -0.055666
vn 0.729869 0.638545 -0.244031
vn 0.729869 0.638545 -0.244031
vn 0.729869 0.638545 -0.244031
vn 0.729869 0.638545 -0.244031
vn 0.486294 0.459651 0.743128
vn 0.486294 0.459651 0.743128
vn 0.486294 0.459651 0.743128
vn 0.486294 0.459651 0.743128
vn -0.847756 0.481840 -0.221676
vn -0.847756 0.481840 -0.221676
vn -0.847756 0.481840 -0.221676
vn -0.847756 0.481840 -0.221676
vn -0.832749 0.477887 0.279557
vn -0.832749 0.477887 0.279557
vn -0.832749 0.477887 0.279557
vn -0.832749 0.477887 0.279557
vn -0.881401 0.472267 0.009846
vn -0.881401 0.472267 0.009846
vn -0.881401 0.472267 0.009846
vn -0.881401 0.472267 0.009846
vn 0.417131 0.509667 -0.752490
vn 0.417131 0.509667 -0.752490
vn 0.417131 0.509667 -0.752490
vn 0.417131 0.509667 -0.752490
vn 0.174685 0.522951 -0.834271
vn 0.174685 0.522951 -0.834271
vn 0.174685 0.522951 -0.834271
vn 0.174685 0.522951 -0.834271
vn -0.746326 0.617033 0.249534
vn -0.746326 0.617033 0.249534
vn -0.746326 0.617033 0.249534
vn -0.746326 0.617033 0.249534
vn -0.638670 0.601543 0.479841
vn -0.638670 0.601543 0.479841
vn -0.638670 0.601543 0.479841
vn -0.638670 0.601543 0.479841
vn -0.488328 0.590293 0.642720
vn -0.488328 0.590293 0.642720
vn -0.488328 0.590293 0.642720
vn -0.488328 0.590293 0.642720
vn -0.277519 0.588971 0.759010
vn -0.277519 0.588971 0.759010
vn -0.277519 0.588971 0.759010
vn -0.277519 0.588971 0.759010
vn 0.030071 0.547940 0.835977
vn 0.030071 0.547940 0.835977
vn 0.030071 0.547940 0.835977
vn 0.030071 0.547940 0.835977
vn 0.131832 0.546989 0.826694
vn 0.131832 0.546989 0.826694
vn 0.131832 0.546989 0.826694
vn 0.131832 0.546989 0.826694
vn 0.398292 0.601139 0.692817
vn 0.398292 0.601139 0.692817
vn 0.398292 0.601139 0.692817
vn 0.398292 0.601139 0.692817
vn 0.609447 0.602918 0.514844
vn 0.609447 0.602918 0.514844
vn 0.609447 0.602918 0.514844
vn 0.609447 0.602918 0.514844
vn 0.731334 0.596157 0.331283
vn 0.731334 0.596157 0.331283
vn 0.731334 0.596157 0.331283
vn 0.731334 0.596157 0.331283
vn 0.823033 0.566460 0.041713
vn 0.823033 0.566460 0.041713
vn 0.823033 0.566460 0.041713
vn 0.823033 0.566460 0.041713
vn 0.822268 0.564281 -0.073902
vn 0.822268 0.564281 -0.073902
vn 0.822268 0.564281 -0.073902
vn 0.822268 0.564281 -0.073902
vn 0.708690 0.605563 -0.362011
vn 0.708690 0.605563 -0.362011
vn 0.708690 0.605563 -0.362011
vn 0.708690 0.605563 -0.362011
vn 0.572325 0.611700 -0.546140
vn 0.572325 0.611700 -0.546140
vn 0.572325 0.611700 -0.546140
vn 0.572325 0.611700 -0.546140
vn 0.377059 0.617860 -0.689983
vn 0.377059 0.617860 -0.689983
vn 0.377059 0.617860 -0.689983
vn 0.377059 0.617860 -0.689983
vn 0.156988 0.617492 -0.770752
vn 0.156988 0.617492 -0.770752
vn 0.156988 0.617492 -0.770752
vn 0.156988 0.617492 -0.770752
vn -0.082476 0.612808 -0.785916
vn -0.082476 0.612808 -0.785916
vn -0.082476 0.612808 -0.785916
vn -0.082476 0.612808 -0.785916
vn -0.306949 0.609245 -0.731166
vn -0.306949 0.609245 -0.731166
vn -0.306949 0.609245 -0.731166
vn -0.306949 0.609245 -0.731166
vn -0.509765 0.607336 -0.609329
vn -0.509765 0.607336 -0.609329
vn -0.509765 0.607336 -0.609329
vn -0.509765 0.607336 -0.609329
vn -0.660878 0.609171 -0.438350
vn -0.660878 0.609171 -0.438350
vn -0.660878 0.609171 -0.438350
vn -0.660878 0.609171 -0.438350
vn -0.757495 0.616656 -0.214327
vn -0.757495 0.616656 -0.214327
vn -0.757495 0.616656 -0.214327
vn -0.757495 0.616656 -0.214327
vn -0.786906 0.616797 0.018469
vn -0.786906 0.616797 0.018469
vn -0.786906 0.616797 0.018469
vn -0.786906 0.616797 0.018469
vn -0.324479 -0.805304 -0.496185
vn -0.324479 -0.805304 -0.496185
vn -0.324479 -0.805304 -0.496185
vn -0.324479 -0.805304 -0.496185
vn -0.774373 -0.075083 0.628258
vn -0.774373 -0.075083 0.628258
vn -0.774373 -0.075083 0.628258
vn -0.774373 -0.075083 0.628258
vn 0.324479 0.805303 0.496186
vn 0.324479 0.805303 0.496186
vn 0.324479 0.805303 0.496186
vn 0.324479 0.805303 0.496186
vn 0.774371 0.075082 -0.628261
vn 0.774371 0.075082 -0.628261
vn 0.774371 0.075082 -0.628261
vn 0.774371 0.075082 -0.628261
vn 0.543195 -0.588089 0.599241
vn 0.543195 -0.588089 0.599241
vn 0.543195 -0.588089 0.599241
vn 0.543195 -0.588089 0.599241
vn -0.543195 0.588090 -0.599241
vn -0.543195 0.588090 -0.599241
vn -0.543195 0.588090 -0.599241
vn -0.543195 0.588090 -0.599241
vn -0.062862 -0.565272 0.822506
vn -0.062862 -0.565272 0.822506
vn -0.062862 -0.565272 0.822506
vn -0.062862 -0.565272 0.822506
vn 0.614617 0.592992 0.520199
vn 0.614617 0.592992 0.520199
vn 0.614617 0.592992 0.520199
vn 0.614617 0.592992 0.520199
vn 0.062862 0.565273 -0.822506
vn 0.062862 0.565273 -0.822506
vn 0.062862 0.565273 -0.822506
vn 0.062862 0.565273 -0.822506
vn -0.614617 -0.592991 -0.520199
vn -0.614617 -0.592991 -0.520199
vn -0.614617 -0.592991 -0.520199
vn -0.614617 -0.592991 -0.520199
vn 0.689390 -0.719076 -0.087584
vn 0.689390 -0.719076 -0.087584
vn 0.689390 -0.719076 -0.087584
vn 0.689390 -0.719076 -0.087584
vn -0.689391 0.719075 0.087583
vn -0.689391 0.719075 0.087583
vn -0.689391 0.719075 0.087583
vn -0.689391 0.719075 0.087583
vn 0.435082 -0.639141 0.634194
vn 0.435082 -0.639141 0.634194
vn 0.435082 -0.639141 0.634194
vn 0.435082 -0.639141 0.634194
vn 0.900476 0.425383 -0.090513
vn 0.900476 0.425383 -0.090513
vn 0.900476 0.425383 -0.090513
vn 0.900476 0.425383 -0.090513
vn -0.435083 0.639140 -0.634195
vn -0.435083 0.639140 -0.634195
vn -0.435083 0.639140 -0.634195
vn -0.435083 0.639140 -0.634195
vn -0.900475 -0.425384 0.090513
vn -0.900475 -0.425384 0.090513
vn -0.900475 -0.425384 0.090513
vn -0.900475 -0.425384 0.090513
vn 0.032044 -0.723300 -0.689790
vn 0.032044 -0.723300 -0.689790
vn 0.032044 -0.723300 -0.689790
vn 0.032044 -0.723300 -0.689790
vn -0.032043 0.723301 0.689789
vn -0.032043 0.723301 0.689789
vn -0.032043 0.723301 0.689789
vn -0.032043 0.723301 0.689789
vn -0.189591 -0.979212 0.072108
vn -0.189591 -0.979212 0.072108
vn -0.189591 -0.979212 0.072108
vn -0.189591 -0.979212 0.072108
vn -0.922900 0.236487 -0.303858
vn -0.922900 0.236487 -0.303858
vn -0.922900 0.236487 -0.303858
vn -0.922900 0.236487 -0.303858
vn 0.189590 0.979212 -0.072108
vn 0.189590 0.979212 -0.072108
vn 0.189590 0.979212 -0.072108
vn 0.189590 0.979212 -0.072108
vn 0.922900 -0.236487 0.303858
vn 0.922900 -0.236487 0.303858
vn 0.922900 -0.236487 0.303858
vn 0.922900 -0.236487 0.303858
vn -0.074784 0.235359 0.969027
vn -0.074784 0.235359 0.969027
vn -0.074784 0.235359 0.969027
vn -0.074784 0.235359 0.969027
vn 0.074784 -0.235359 -0.969027
vn 0.074784 -0.235359 -0.969027
vn 0.074784 -0.235359 -0.969027
vn 0.074784 -0.235359 -0.969027
vn -0.224243 -0.837238 0.498747
vn -0.224243 -0.837238 0.498747
vn -0.224243 -0.837238 0.498747
vn -0.224243 -0.837238 0.498747
vn -0.327810 0.691988 0.643190
vn -0.327810 0.691988 0.643190
vn -0.327810 0.691988 0.643190
vn -0.327810 0.691988 0.643190
vn 0.224241 0.837238 -0.498747
vn 0.224241 0.837238 -0.498747
vn 0.224241 0.837238 -0.498747
vn 0.224241 0.837238 -0.498747
vn 0.327812 -0.691986 -0.643191
vn 0.327812 -0.691986 -0.643191
vn 0.327812 -0.691986 -0.643191
vn 0.327812 -0.691986 -0.643191
vn 0.813004 -0.015769 0.582044
vn 0.813004 -0.015769 0.582044
vn 0.813004 -0.015769 0.582044
vn 0.813004 -0.015769 0.582044
vn -0.813005 0.015768 -0.582044
vn -0.813005 0.015768 -0.582044
vn -0.813005 0.015768 -0.582044
vn -0.813005 0.015768 -0.582044
vn -0.235257 -0.961509 0.141968
vn -0.235257 -0.961509 0.141968
vn -0.235257 -0.961509 0.141968
vn -0.235257 -0.961509 0.141968
vn -0.525570 0.447775 0.723376
vn -0.525570 0.447775 0.723376
vn -0.525570 0.447775 0.723376
vn -0.525570 0.447775 0.723376
vn 0.235258 0.961509 -0.141967
vn 0.235258 0.961509 -0.141967
vn 0.235258 0.961509 -0.141967
vn 0.235258 0.961509 -0.141967
vn 0.525570 -0.447774 -0.723377
vn 0.525570 -0.447774 -0.723377
vn 0.525570 -0.447774 -0.723377
vn 0.525570 -0.447774 -0.723377
vn 0.717353 -0.110172 0.687944
vn 0.717353 -0.110172 0.687944
vn 0.717353 -0.110172 0.687944
vn 0.717353 -0.110172 0.687944
vn -0.717354 0.110169 -0.687943
vn -0.717354 0.110169 -0.687943
vn -0.717354 0.110169 -0.687943
vn -0.717354 0.110169 -0.687943
vn 0.176838 -0.753232 0.633538
vn 0.176838 -0.753232 0.633538
vn 0.176838 -0.753232 0.633538
vn 0.176838 -0.753232 0.633538
vn 0.986684 0.127519 0.100964
vn 0.986684 0.127519 0.100964
vn 0.986684 0.127519 0.100964
vn 0.986684 0.127519 0.100964
vn -0.176838 0.753231 -0.633539
vn -0.176838 0.753231 -0.633539
vn -0.176838 0.753231 -0.633539
vn -0.176838 0.753231 -0.633539
vn -0.986684 -0.127518 -0.100965
vn -0.986684 -0.127518 -0.100965
vn -0.986684 -0.127518 -0.100965
vn -0.986684 -0.127518 -0.100965
vn -0.004929 -0.719215 -0.694770
vn -0.004929 -0.719215 -0.694770
vn -0.004929 -0.719215 -0.694770
vn -0.004929 -0.719215 -0.694770
vn 0.004929 0.719215 0.694770
vn 0.004929 0.719215 0.694770
vn 0.004929 0.719215 0.694770
vn 0.004929 0.719215 0.694770
vn -0.441821 -0.519239 -0.731563
vn -0.441821 -0.519239 -0.731563
vn -0.441821 -0.519239 -0.731563
vn -0.441821 -0.519239 -0.731563
vn -0.919340 0.158382 0.360178
vn -0.919340 0.158382 0.360178
vn -0.919340 0.158382 0.360178
vn -0.919340 0.158382 0.360178
vn 0.441821 0.519241 0.731562
vn 0.441821 0.519241 0.731562
vn 0.441821 0.519241 0.731562
vn 0.441821 0.519241 0.731562
vn 0.919341 -0.158382 -0.360177
vn 0.919341 -0.158382 -0.360177
vn 0.919341 -0.158382 -0.360177
vn 0.919341 -0.158382 -0.360177
vn 0.202727 -0.859963 0.468364
vn 0.202727 -0.859963 0.468364
vn 0.202727 -0.859963 0.468364
vn 0.202727 -0.859963 0.468364
vn -0.202728 0.859962 -0.468366
vn -0.202728 0.859962 -0.468366
vn -0.202728 0.859962 -0.468366
vn -0.202728 0.859962 -0.468366
vn -0.543497 -0.107159 -0.832543
vn -0.543497 -0.107159 -0.832543
vn -0.543497 -0.107159 -0.832543
vn -0.543497 -0.107159 -0.832543
vn -0.745182 0.566087 0.352491
vn -0.745182 0.566087 0.352491
vn -0.745182 0.566087 0.352491
vn -0.745182 0.566087 0.352491
vn 0.543498 0.107156 0.832543
vn 0.543498 0.107156 0.832543
vn 0.543498 0.107156 0.832543
vn 0.543498 0.107156 0.832543
vn 0.745183 -0.566087 -0.352489
vn 0.745183 -0.566087 -0.352489
vn 0.745183 -0.566087 -0.352489
vn 0.745183 -0.566087 -0.352489
vn -0.280534 -0.924603 0.257702
vn -0.280534 -0.924603 0.257702
vn -0.280534 -0.924603 0.257702
vn -0.280534 -0.924603 0.257702
vn 0.280533 0.924603 -0.257702
vn 0.280533 0.924603 -0.257702
vn 0.280533 0.924603 -0.257702
vn 0.280533 0.924603 -0.257702
vn -0.025589 -0.964019 0.264601
vn -0.025589 -0.964019 0.264601
vn -0.025589 -0.964019 0.264601
vn -0.025589 -0.964019 0.264601
vn 0.894742 -0.297055 -0.333460
vn 0.894742 -0.297055 -0.333460
vn 0.894742 -0.297055 -0.333460
vn 0.894742 -0.297055 -0.333460
vn 0.025591 0.964019 -0.264599
vn 0.025591 0.964019 -0.264599
vn 0.025591 0.964019 -0.264599
vn 0.025591 0.964019 -0.264599
vn -0.894742 0.297056 0.333459
vn -0.894742 0.297056 0.333459
vn -0.894742 0.297056 0.333459
vn -0.894742 0.297056 0.333459
vn -0.490834 -0.246514 -0.835652
vn -0.490834 -0.246514 -0.835652
vn -0.490834 -0.246514 -0.835652
vn -0.490834 -0.246514 -0.835652
vn 0.490833 0.246513 0.835652
vn 0.490833 0.246513 0.835652
vn 0.490833 0.246513 0.835652
vn 0.490833 0.246513 0.835652
vn -0.419402 0.101599 0.902097
vn -0.419402 0.101599 0.902097
vn -0.419402 0.101599 0.902097
vn -0.419402 0.101599 0.902097
vn 0.719339 -0.490584 0.491811
vn 0.719339 -0.490584 0.491811
vn 0.719339 -0.490584 0.491811
vn 0.719339 -0.490584 0.491811
vn 0.419401 -0.101600 -0.902098
vn 0.419401 -0.101600 -0.902098
vn 0.419401 -0.101600 -0.902098
vn 0.419401 -0.101600 -0.902098
vn -0.719338 0.490585 -0.491812
vn -0.719338 0.490585 -0.491812
vn -0.719338 0.490585 -0.491812
vn -0.719338 0.490585 -0.491812
vn -0.384738 -0.882368 -0.270930
vn -0.384738 -0.882368 -0.270930
vn -0.384738 -0.882368 -0.270930
vn -0.384738 -0.882368 -0.270930
vn 0.384737 0.882368 0.270931
vn 0.384737 0.882368 0.270931
vn 0.384737 0.882368 0.270931
vn 0.384737 0.882368 0.270931
vn -0.524144 -0.732684 0.434106
vn -0.524144 -0.732684 0.434106
vn -0.524144 -0.732684 0.434106
vn -0.524144 -0.732684 0.434106
vn -0.003226 0.660238 0.751049
vn -0.003226 0.660238 0.751049
vn -0.003226 0.660238 0.751049
vn -0.003226 0.660238 0.751049
vn 0.524145 0.732684 -0.434105
vn 0.524145 0.732684 -0.434105
vn 0.524145 0.732684 -0.434105
vn 0.524145 0.732684 -0.434105
vn 0.003226 -0.660238 -0.751050
vn 0.003226 -0.660238 -0.751050
vn 0.003226 -0.660238 -0.751050
vn 0.003226 -0.660238 -0.751050
vn 0.746020 -0.457544 0.483846
vn 0.746020 -0.457544 0.483846
vn 0.746020 -0.457544 0.483846
vn 0.746020 -0.457544 0.483846
vn -0.746021 0.457544 -0.483846
vn -0.746021 0.457544 -0.483846
vn -0.746021 0.457544 -0.483846
vn -0.746021 0.457544 -0.483846
vn -0.670062 -0.597126 -0.440973
vn -0.670062 -0.597126 -0.440973
vn -0.670062 -0.597126 -0.440973
vn -0.670062 -0.597126 -0.440973
vn -0.207836 -0.218639 0.953416
vn -0.207836 -0.218639 0.953416
vn -0.207836 -0.218639 0.953416
vn -0.207836 -0.218639 0.953416
vn 0.670062 0.597126 0.440973
vn 0.670062 0.597126 0.440973
vn 0.670062 0.597126 0.440973
vn 0.670062 0.597126 0.440973
vn 0.207836 0.218641 -0.953415
vn 0.207836 0.218641 -0.953415
vn 0.207836 0.218641 -0.953415
vn 0.207836 0.218641 -0.953415
vn 0.556863 -0.824529 0.100276
vn 0.556863 -0.824529 0.100276
vn 0.556863 -0.824529 0.100276
vn 0.556863 -0.824529 0.100276
vn -0.556863 0.824529 -0.100277
vn -0.556863 0.824529 -0.100277
vn -0.556863 0.824529 -0.100277
vn -0.556863 0.824529 -0.100277
vn 0.496636 -0.122390 0.859286
vn 0.496636 -0.122390 0.859286
vn 0.496636 -0.122390 0.859286
vn 0.496636 -0.122390 0.859286
vn 0.449184 -0.833915 -0.320654
vn 0.449184 -0.833915 -0.320654
vn 0.449184 -0.833915 -0.320654
vn 0.449184 -0.833915 -0.320654
vn -0.496637 0.122386 -0.859287
vn -0.496637 0.122386 -0.859287
vn -0.496637 0.122386 -0.859287
vn -0.496637 0.122386 -0.859287
vn -0.449185 0.833915 0.320654
vn -0.449185 0.833915 0.320654
vn -0.449185 0.833915 0.320654
vn -0.449185 0.833915 0.320654
vn -0.710183 -0.677395 0.191772
vn -0.710183 -0.677395 0.191772
vn -0.710183 -0.677395 0.191772
vn -0.710183 -0.677395 0.191772
vn 0.710181 0.677397 -0.191773
vn 0.710181 0.677397 -0.191773
vn 0.710181 0.677397 -0.191773
vn 0.710181 0.677397 -0.191773
vn -0.575202 -0.607282 0.548043
vn -0.575202 -0.607282 0.548043
vn -0.575202 -0.607282 0.548043
vn -0.575202 -0.607282 0.548043
vn 0.726484 -0.174238 0.664727
vn 0.726484 -0.174238 0.664727
vn 0.726484 -0.174238 0.664727
vn 0.726484 -0.174238 0.664727
vn 0.575201 0.607282 -0.548044
vn 0.575201 0.607282 -0.548044
vn 0.575201 0.607282 -0.548044
vn 0.575201 0.607282 -0.548044
vn -0.726483 0.174239 -0.664729
vn -0.726483 0.174239 -0.664729
vn -0.726483 0.174239 -0.664729
vn -0.726483 0.174239 -0.664729
vn 0.132732 -0.901748 -0.411380
vn 0.132732 -0.901748 -0.411380
vn 0.132732 -0.901748 -0.411380
vn 0.132732 -0.901748 -0.411380
vn -0.132731 0.901748 0.411380
vn -0.132731 0.901748 0.411380
vn -0.132731 0.901748 0.411380
vn -0.132731 0.901748 0.411380
vn -0.615089 -0.577003 -0.537339
vn -0.615089 -0.577003 -0.537339
vn -0.615089 -0.577003 -0.537339
vn -0.615089 -0.577003 -0.537339
vn -0.065294 -0.570327 0.818819
vn -0.065294 -0.570327 0.818819
vn -0.065294 -0.570327 0.818819
vn -0.065294 -0.570327 0.818819
vn 0.615089 0.577002 0.537340
vn 0.615089 0.577002 0.537340
vn 0.615089 0.577002 0.537340
vn 0.615089 0.577002 0.537340
vn 0.065294 0.570324 -0.818821
vn 0.065294 0.570324 -0.818821
vn 0.065294 0.570324 -0.818821
vn 0.065294 0.570324 -0.818821
vn 0.679916 -0.708065 -0.190678
vn 0.679916 -0.708065 -0.190678
vn 0.679916 -0.708065 -0.190678
vn 0.679916 -0.708065 -0.190678
vn -0.679917 0.708065 0.190676
vn -0.679917 0.708065 0.190676
vn -0.679917 0.708065 0.190676
vn -0.679917 0.708065 0.190676
vn 0.401179 -0.572701 -0.714891
vn 0.401179 -0.572701 -0.714891
vn 0.401179 -0.572701 -0.714891
vn 0.401179 -0.572701 -0.714891
vn -0.299746 0.711161 -0.635926
vn -0.299746 0.711161 -0.635926
vn -0.299746 0.711161 -0.635926
vn -0.299746 0.711161 -0.635926
vn -0.401178 0.572700 0.714892
vn -0.401178 0.572700 0.714892
vn -0.401178 0.572700 0.714892
vn -0.401178 0.572700 0.714892
vn 0.299746 -0.711164 0.635924
vn 0.299746 -0.711164 0.635924
vn 0.299746 -0.711164 0.635924
vn 0.299746 -0.711164 0.635924
vn -0.752235 -0.562074 -0.343825
vn -0.752235 -0.562074 -0.343825
vn -0.752235 -0.562074 -0.343825
vn -0.752235 -0.562074 -0.343825
vn 0.752236 0.562073 0.343825
vn 0.752236 0.562073 0.343825
vn 0.752236 0.562073 0.343825
vn 0.752236 0.562073 0.343825
vn 0.566081 0.135814 0.813085
vn 0.566081 0.135814 0.813085
vn 0.566081 0.135814 0.813085
vn 0.566081 0.135814 0.813085
vn 0.821023 -0.339033 -0.459324
vn 0.821023 -0.339033 -0.459324
vn 0.821023 -0.339033 -0.459324
vn 0.821023 -0.339033 -0.459324
vn -0.566081 -0.135813 -0.813085
vn -0.566081 -0.135813 -0.813085
vn -0.566081 -0.135813 -0.813085
vn -0.566081 -0.135813 -0.813085
vn -0.821023 0.339033 0.459324
vn -0.821023 0.339033 0.459324
vn -0.821023 0.339033 0.459324
vn -0.821023 0.339033 0.459324
vn -0.073350 -0.977676 0.196900
vn -0.073350 -0.977676 0.196900
vn -0.073350 -0.977676 0.196900
vn -0.073350 -0.977676 0.196900
vn 0.073350 0.977676 -0.196900
vn 0.073350 0.977676 -0.196900
vn 0.073350 0.977676 -0.196900
vn 0.073350 0.977676 -0.196900
vn 0.387921 -0.920644 -0.043958
vn 0.387921 -0.920644 -0.043958
vn 0.387921 -0.920644 -0.043958
vn 0.387921 -0.920644 -0.043958
vn -0.016546 0.147266 -0.988959
vn -0.016546 0.147266 -0.988959
vn -0.016546 0.147266 -0.988959
vn -0.016546 0.147266 -0.988959
vn -0.387922 0.920644 0.043958
vn -0.387922 0.920644 0.043958
vn -0.387922 0.920644 0.043958
vn -0.387922 0.920644 0.043958
vn 0.016546 -0.147264 0.988959
vn 0.016546 -0.147264 0.988959
vn 0.016546 -0.147264 0.988959
vn 0.016546 -0.147264 0.988959
vn -0.846847 -0.471898 -0.245282
vn -0.846847 -0.471898 -0.245282
vn -0.846847 -0.471898 -0.245282
vn -0.846847 -0.471898 -0.245282
vn 0.846847 0.471896 0.245283
vn 0.846847 0.471896 0.245283
vn 0.846847 0.471896 0.245283
vn 0.846847 0.471896 0.245283
vn 0.066495 -0.837810 -0.541897
vn 0.066495 -0.837810 -0.541897
vn 0.066495 -0.837810 -0.541897
vn 0.066495 -0.837810 -0.541897
vn -0.922340 0.070339 -0.379922
vn -0.922340 0.070339 -0.379922
vn -0.922340 0.070339 -0.379922
vn -0.922340 0.070339 -0.379922
vn -0.066494 0.837810 0.541897
vn -0.066494 0.837810 0.541897
vn -0.066494 0.837810 0.541897
vn -0.066494 0.837810 0.541897
vn 0.922340 -0.070340 0.379922
vn 0.922340 -0.070340 0.379922
vn 0.922340 -0.070340 0.379922
vn 0.922340 -0.070340 0.379922
vn -0.181048 -0.682177 0.708418
vn -0.181048 -0.682177 0.708418
vn -0.181048 -0.682177 0.708418
vn -0.181048 -0.682177 0.708418
vn 0.181049 0.682178 -0.708417
vn 0.181049 0.682178 -0.708417
vn 0.181049 0.682178 -0.708417
vn 0.181049 0.682178 -0.708417
vn 0.322368 -0.908079 0.267340
vn 0.322368 -0.908079 0.267340
vn 0.322368 -0.908079 0.267340
vn 0.322368 -0.908079 0.267340
vn -0.906164 -0.228892 0.355634
vn -0.906164 -0.228892 0.355634
vn -0.906164 -0.228892 0.355634
vn -0.906164 -0.228892 0.355634
vn -0.322367 0.908080 -0.267340
vn -0.322367 0.908080 -0.267340
vn -0.322367 0.908080 -0.267340
vn -0.322367 0.908080 -0.267340
vn 0.906164 0.228893 -0.355635
vn 0.906164 0.228893 -0.355635
vn 0.906164 0.228893 -0.355635
vn 0.906164 0.228893 -0.355635
vn 0.395898 0.383620 0.834327
vn 0.395898 0.383620 0.834327
vn 0.395898 0.383620 0.834327
vn 0.395898 0.383620 0.834327
vn -0.395897 -0.383620 -0.834327
vn -0.395897 -0.383620 -0.834327
vn -0.395897 -0.383620 -0.834327
vn -0.395897 -0.383620 -0.834327
vn 0.302136 -0.762318 -0.572350
vn 0.302136 -0.762318 -0.572350
vn 0.302136 -0.762318 -0.572350
vn 0.302136 -0.762318 -0.572350
vn -0.758182 0.122887 -0.640359
vn -0.758182 0.122887 -0.640359
vn -0.758182 0.122887 -0.640359
vn -0.758182 0.122887 -0.640359
vn -0.302137 0.762318 0.572350
vn -0.302137 0.762318 0.572350
vn -0.302137 0.762318 0.572350
vn -0.302137 0.762318 0.572350
vn 0.758181 -0.122887 0.640360
vn 0.758181 -0.122887 0.640360
vn 0.758181 -0.122887 0.640360
vn 0.758181 -0.122887 0.640360
vn -0.395553 -0.833847 0.385017
vn -0.395553 -0.833847 0.385017
vn -0.395553 -0.833847 0.385017
vn -0.395553 -0.833847 0.385017
vn 0.395552 0.833847 -0.385016
vn 0.395552 0.833847 -0.385016
vn 0.395552 0.833847 -0.385016
vn 0.395552 0.833847 -0.385016
vn 0.085995 -0.783954 -0.614834
vn 0.085995 -0.783954 -0.614834
vn 0.085995 -0.783954 -0.614834
vn 0.085995 -0.783954 -0.614834
vn -0.820438 0.242244 -0.517880
vn -0.820438 0.242244 -0.517880
vn -0.820438 0.242244 -0.517880
vn -0.820438 0.242244 -0.517880
vn -0.085996 0.783953 0.614836
vn -0.085996 0.783953 0.614836
vn -0.085996 0.783953 0.614836
vn -0.085996 0.783953 0.614836
vn 0.820437 -0.242243 0.517881
vn 0.820437 -0.242243 0.517881
vn 0.820437 -0.242243 0.517881
vn 0.820437 -0.242243 0.517881
vn -0.424086 -0.752123 0.504441
vn -0.424086 -0.752123 0.504441
vn -0.424086 -0.752123 0.504441
vn -0.424086 -0.752123 0.504441
vn 0.424086 0.752125 -0.504439
vn 0.424086 0.752125 -0.504439
vn 0.424086 0.752125 -0.504439
vn 0.424086 0.752125 -0.504439
vn 0.277024 -0.480880 0.831873
vn 0.277024 -0.480880 0.831873
vn 0.277024 -0.480880 0.831873
vn 0.277024 -0.480880 0.831873
vn 0.770091 -0.533411 -0.349905
vn 0.770091 -0.533411 -0.349905
vn 0.770091 -0.533411 -0.349905
vn 0.770091 -0.533411 -0.349905
vn -0.277024 0.480882 -0.831872
vn -0.277024 0.480882 -0.831872
vn -0.277024 0.480882 -0.831872
vn -0.277024 0.480882 -0.831872
vn -0.770088 0.533414 0.349906
vn -0.770088 0.533414 0.349906
vn -0.770088 0.533414 0.349906
vn -0.770088 0.533414 0.349906
vn -0.527873 -0.771078 -0.356075
vn -0.527873 -0.771078 -0.356075
vn -0.527873 -0.771078 -0.356075
vn -0.527873 -0.771078 -0.356075
vn 0.527872 0.771078 0.356076
vn 0.527872 0.771078 0.356076
vn 0.527872 0.771078 0.356076
vn 0.527872 0.771078 0.356076
vn 0.743596 -0.602831 -0.289241
vn 0.743596 -0.602831 -0.289241
vn 0.743596 -0.602831 -0.289241
vn 0.743596 -0.602831 -0.289241
vn -0.566881 -0.332405 -0.753760
vn -0.566881 -0.332405 -0.753760
vn -0.566881 -0.332405 -0.753760
vn -0.566881 -0.332405 -0.753760
vn -0.743594 0.602834 0.289240
vn -0.743594 0.602834 0.289240
vn -0.743594 0.602834 0.289240
vn -0.743594 0.602834 0.289240
vn 0.566880 0.332404 0.753760
vn 0.566880 0.332404 0.753760
vn 0.566880 0.332404 0.753760
vn 0.566880 0.332404 0.753760
vn -0.112883 -0.876177 0.468584
vn -0.112883 -0.876177 0.468584
vn -0.112883 -0.876177 0.468584
vn -0.112883 -0.876177 0.468584
vn 0.112883 0.876177 -0.468584
vn 0.112883 0.876177 -0.468584
vn 0.112883 0.876177 -0.468584
vn 0.112883 0.876177 -0.468584
vn -0.332323 -0.940804 0.066705
vn -0.332323 -0.940804 0.066705
vn -0.332323 -0.940804 0.066705
vn -0.332323 -0.940804 0.066705
vn 0.889655 -0.421694 0.175178
vn 0.889655 -0.421694 0.175178
vn 0.889655 -0.421694 0.175178
vn 0.889655 -0.421694 0.175178
vn 0.332324 0.940804 -0.066705
vn 0.332324 0.940804 -0.066705
vn 0.332324 0.940804 -0.066705
vn 0.332324 0.940804 -0.066705
vn -0.889655 0.421696 -0.175177
vn -0.889655 0.421696 -0.175177
vn -0.889655 0.421696 -0.175177
vn -0.889655 0.421696 -0.175177
vn -0.081626 -0.211991 -0.973857
vn -0.081626 -0.211991 -0.973857
vn -0.081626 -0.211991 -0.973857
vn -0.081626 -0.211991 -0.973857
vn 0.081625 0.211991 0.973857
vn 0.081625 0.211991 0.973857
vn 0.081625 0.211991 0.973857
vn 0.081625 0.211991 0.973857
vn -0.033711 -0.999037 -0.028067
vn -0.033711 -0.999037 -0.028067
vn -0.033711 -0.999037 -0.028067
vn -0.033711 -0.999037 -0.028067
vn -0.787787 0.083433 0.610271
vn -0.787787 0.083433 0.610271
vn -0.787787 0.083433 0.610271
vn -0.787787 0.083433 0.610271
vn 0.033710 0.999038 0.028066
vn 0.033710 0.999038 0.028066
vn 0.033710 0.999038 0.028066
vn 0.033710 0.999038 0.028066
vn 0.787787 -0.083436 -0.610270
vn 0.787787 -0.083436 -0.610270
vn 0.787787 -0.083436 -0.610270
vn 0.787787 -0.083436 -0.610270
vn 0.619899 -0.041748 0.783570
vn 0.619899 -0.041748 0.783570
vn 0.619899 -0.041748 0.783570
vn 0.619899 -0.041748 0.783570
vn -0.619899 0.041747 -0.783570
vn -0.619899 0.041747 -0.783570
vn -0.619899 0.041747 -0.783570
vn -0.619899 0.041747 -0.783570
vn -0.027795 -0.604702 -0.795967
vn -0.027795 -0.604702 -0.795967
vn -0.027795 -0.604702 -0.795967
vn -0.027795 -0.604702 -0.795967
vn -0.715982 0.537515 -0.445476
vn -0.715982 0.537515 -0.445476
vn -0.715982 0.537515 -0.445476
vn -0.715982 0.537515 -0.445476
vn 0.027797 0.604702 0.795967
vn 0.027797 0.604702 0.795967
vn 0.027797 0.604702 0.795967
vn 0.027797 0.604702 0.795967
vn 0.715981 -0.537513 0.445478
vn 0.715981 -0.537513 0.445478
vn 0.715981 -0.537513 0.445478
vn 0.715981 -0.537513 0.445478
vn -0.614424 -0.747328 0.252951
vn -0.614424 -0.747328 0.252951
vn -0.614424 -0.747328 0.252951
vn -0.614424 -0.747328 0.252951
vn 0.614423 0.747328 -0.252952
vn 0.614423 0.747328 -0.252952
vn 0.614423 0.747328 -0.252952
vn 0.614423 0.747328 -0.252952
vn -0.120119 -0.955510 -0.269394
vn -0.120119 -0.955510 -0.269394
vn -0.120119 -0.955510 -0.269394
vn -0.120119 -0.955510 -0.269394
vn -0.957035 0.035599 0.287780
vn -0.957035 0.035599 0.287780
vn -0.957035 0.035599 0.287780
vn -0.957035 0.035599 0.287780
vn 0.120120 0.955509 0.269394
vn 0.120120 0.955509 0.269394
vn 0.120120 0.955509 0.269394
vn 0.120120 0.955509 0.269394
vn 0.957035 -0.035596 -0.287781
vn 0.957035 -0.035596 -0.287781
vn 0.957035 -0.035596 -0.287781
vn 0.957035 -0.035596 -0.287781
vn 0.425950 -0.295603 0.855094
vn 0.425950 -0.295603 0.855094
vn 0.425950 -0.295603 0.855094
vn 0.425950 -0.295603 0.855094
vn -0.425949 0.295606 -0.855093
vn -0.425949 0.295606 -0.855093
vn -0.425949 0.295606 -0.855093
vn -0.425949 0.295606 -0.855093
vn -0.968677 -0.023012 0.247255
vn -0.968677 -0.023012 0.247255
vn -0.968677 -0.023012 0.247255
vn -0.968677 -0.023012 0.247255
vn 0.310224 -0.646987 0.696540
vn 0.310224 -0.646987 0.696540
vn 0.310224 -0.646987 0.696540
vn 0.310224 -0.646987 0.696540
vn 0.968677 0.023012 -0.247255
vn 0.968677 0.023012 -0.247255
vn 0.968677 0.023012 -0.247255
vn 0.968677 0.023012 -0.247255
vn -0.310227 0.646984 -0.696542
vn -0.310227 0.646984 -0.696542
vn -0.310227 0.646984 -0.696542
vn -0.310227 0.646984 -0.696542
vn -0.244722 -0.773524 -0.584612
vn -0.244722 -0.773524 -0.584612
vn -0.244722 -0.773524 -0.584612
vn -0.244722 -0.773524 -0.584612
vn 0.244724 0.773525 0.584611
vn 0.244724 0.773525 0.584611
vn 0.244724 0.773525 0.584611
vn 0.244724 0.773525 0.584611
vn -0.241669 -0.926572 0.288203
vn -0.241669 -0.926572 0.288203
vn -0.241669 -0.926572 0.288203
vn -0.241669 -0.926572 0.288203
vn -0.006610 0.421954 0.906593
vn -0.006610 0.421954 0.906593
vn -0.006610 0.421954 0.906593
vn -0.006610 0.421954 0.906593
vn 0.241670 0.926572 -0.288202
vn 0.241670 0.926572 -0.288202
vn 0.241670 0.926572 -0.288202
vn 0.241670 0.926572 -0.288202
vn 0.006609 -0.421955 -0.906593
vn 0.006609 -0.421955 -0.906593
vn 0.006609 -0.421955 -0.906593
vn 0.006609 -0.421955 -0.906593
vn 0.895710 -0.321012 0.307661
vn 0.895710 -0.321012 0.307661
vn 0.895710 -0.321012 0.307661
vn 0.895710 -0.321012 0.307661
vn -0.895710 0.321010 -0.307661
vn -0.895710 0.321010 -0.307661
vn -0.895710 0.321010 -0.307661
vn -0.895710 0.321010 -0.307661
vn -0.159807 -0.972596 -0.168874
vn -0.159807 -0.972596 -0.168874
vn -0.159807 -0.972596 -0.168874
vn -0.159807 -0.972596 -0.168874
vn -0.789949 0.240971 -0.563838
vn -0.789949 0.240971 -0.563838
vn -0.789949 0.240971 -0.563838
vn -0.789949 0.240971 -0.563838
vn 0.159807 0.972596 0.168874
vn 0.159807 0.972596 0.168874
vn 0.159807 0.972596 0.168874
vn 0.159807 0.972596 0.168874
vn 0.789949 -0.240970 0.563839
vn 0.789949 -0.240970 0.563839
vn 0.789949 -0.240970 0.563839
vn 0.789949 -0.240970 0.563839
vn -0.478790 0.014731 0.877806
vn -0.478790 0.014731 0.877806
vn -0.478790 0.014731 0.877806
vn -0.478790 0.014731 0.877806
vn 0.478790 -0.014732 -0.877806
vn 0.478790 -0.014732 -0.877806
vn 0.478790 -0.014732 -0.877806
vn 0.478790 -0.014732 -0.877806
vn 0.070215 -0.995073 -0.069997
vn 0.070215 -0.995073 -0.069997
vn 0.070215 -0.995073 -0.069997
vn 0.070215 -0.995073 -0.069997
vn 0.601075 0.118297 -0.790389
vn 0.601075 0.118297 -0.790389
vn 0.601075 0.118297 -0.790389
vn 0.601075 0.118297 -0.790389
vn -0.070214 0.995073 0.069997
vn -0.070214 0.995073 0.069997
vn -0.070214 0.995073 0.069997
vn -0.070214 0.995073 0.069997
vn -0.601076 -0.118299 0.790388
vn -0.601076 -0.118299 0.790388
vn -0.601076 -0.118299 0.790388
vn -0.601076 -0.118299 0.790388
vn -0.724257 -0.005388 -0.689509
vn -0.724257 -0.005388 -0.689509
vn -0.724257 -0.005388 -0.689509
vn -0.724257 -0.005388 -0.689509
vn 0.724257 0.005387 0.689509
vn 0.724257 0.005387 0.689509
vn 0.724257 0.005387 0.689509
vn 0.724257 0.005387 0.689509
vn 0.421932 -0.677392 -0.602589
vn 0.421932 -0.677392 -0.602589
vn 0.421932 -0.677392 -0.602589
vn 0.421932 -0.677392 -0.602589
vn 0.660037 0.750843 -0.024199
vn 0.660037 0.750843 -0.024199
vn 0.660037 0.750843 -0.024199
vn 0.660037 0.750843 -0.024199
vn -0.421931 0.677392 0.602590
vn -0.421931 0.677392 0.602590
vn -0.421931 0.677392 0.602590
vn -0.421931 0.677392 0.602590
vn -0.660037 -0.750844 0.024199
vn -0.660037 -0.750844 0.024199
vn -0.660037 -0.750844 0.024199
vn -0.660037 -0.750844 0.024199
vn -0.533718 0.401722 -0.744154
vn -0.533718 0.401722 -0.744154
vn -0.533718 0.401722 -0.744154
vn -0.533718 0.401722 -0.744154
vn 0.533718 -0.401720 0.744155
vn 0.533718 -0.401720 0.744155
vn 0.533718 -0.401720 0.744155
vn 0.533718 -0.401720 0.744155
vn 0.025780 -0.981294 0.190783
vn 0.025780 -0.981294 0.190783
vn 0.025780 -0.981294 0.190783
vn 0.025780 -0.981294 0.190783
vn 0.063388 -0.258733 -0.963867
vn 0.063388 -0.258733 -0.963867
vn 0.063388 -0.258733 -0.963867
vn 0.063388 -0.258733 -0.963867
vn -0.025782 0.981293 -0.190784
vn -0.025782 0.981293 -0.190784
vn -0.025782 0.981293 -0.190784
vn -0.025782 0.981293 -0.190784
vn -0.063388 0.258734 0.963866
vn -0.063388 0.258734 0.963866
vn -0.063388 0.258734 0.963866
vn -0.063388 0.258734 0.963866
vn -0.959823 0.006406 -0.280532
vn -0.959823 0.006406 -0.280532
vn -0.959823 0.006406 -0.280532
vn -0.959823 0.006406 -0.280532
vn 0.959823 -0.006406 0.280532
vn 0.959823 -0.006406 0.280532
vn 0.959823 -0.006406 0.280532
vn 0.959823 -0.006406 0.280532
vn -0.764866 -0.510315 0.393139
vn -0.764866 -0.510315 0.393139
vn -0.764866 -0.510315 0.393139
vn -0.764866 -0.510315 0.393139
vn 0.600721 -0.320089 0.732583
vn 0.600721 -0.320089 0.732583
vn 0.600721 -0.320089 0.732583
vn 0.600721 -0.320089 0.732583
vn 0.764867 0.510314 -0.393139
vn 0.764867 0.510314 -0.393139
vn 0.764867 0.510314 -0.393139
vn 0.764867 0.510314 -0.393139
vn -0.600718 0.320092 -0.732584
vn -0.600718 0.320092 -0.732584
vn -0.600718 0.320092 -0.732584
vn -0.600718 0.320092 -0.732584
vn 0.061114 -0.896672 -0.438456
vn 0.061114 -0.896672 -0.438456
vn 0.061114 -0.896672 -0.438456
vn 0.061114 -0.896672 -0.438456
vn -0.061113 0.896673 0.438456
vn -0.061113 0.896673 0.438456
vn -0.061113 0.896673 0.438456
vn -0.061113 0.896673 0.438456
vn -0.000932 -0.848019 0.529966
vn -0.000932 -0.848019 0.529966
vn -0.000932 -0.848019 0.529966
vn -0.000932 -0.848019 0.529966
vn 0.958946 -0.276165 -0.064461
vn 0.958946 -0.276165 -0.064461
vn 0.958946 -0.276165 -0.064461
vn 0.958946 -0.276165 -0.064461
vn 0.000933 0.848019 -0.529964
vn 0.000933 0.848019 -0.529964
vn 0.000933 0.848019 -0.529964
vn 0.000933 0.848019 -0.529964
vn -0.958946 0.276164 0.064463
vn -0.958946 0.276164 0.064463
vn -0.958946 0.276164 0.064463
vn -0.958946 0.276164 0.064463
vn -0.318403 -0.557042 -0.767023
vn -0.318403 -0.557042 -0.767023
vn -0.318403 -0.557042 -0.767023
vn -0.318403 -0.557042 -0.767023
vn 0.318403 0.557043 0.767022
vn 0.318403 0.557043 0.767022
vn 0.318403 0.557043 0.767022
vn 0.318403 0.557043 0.767022
vn 0.601050 -0.008294 0.799168
vn 0.601050 -0.008294 0.799168
vn 0.601050 -0.008294 0.799168
vn 0.601050 -0.008294 0.799168
vn 0.699410 -0.508295 -0.502456
vn 0.699410 -0.508295 -0.502456
vn 0.699410 -0.508295 -0.502456
vn 0.699410 -0.508295 -0.502456
vn -0.601049 0.008296 -0.799169
vn -0.601049 0.008296 -0.799169
vn -0.601049 0.008296 -0.799169
vn -0.601049 0.008296 -0.799169
vn -0.699408 0.508297 0.502456
vn -0.699408 0.508297 0.502456
vn -0.699408 0.508297 0.502456
vn -0.699408 0.508297 0.502456
vn -0.256991 -0.951725 0.167853
vn -0.256991 -0.951725 0.167853
vn -0.256991 -0.951725 0.167853
vn -0.256991 -0.951725 0.167853
vn 0.256991 0.951726 -0.167852
vn 0.256991 0.951726 -0.167852
vn 0.256991 0.951726 -0.167852
vn 0.256991 0.951726 -0.167852
g Donut2_LightYellow
usemtl LightYellow
f 1 2 3
f 4 5 6
f 4 6 7
f 8 9 10
f 8 10 11
f 12 13 14
f 12 14 15
f 16 17 18
f 16 18 19
f 20 21 22
f 20 22 23
f 24 25 26
f 24 26 27
f 28 29 30
f 28 30 31
f 32 33 34
f 32 34 35
f 36 37 38
f 36 38 39
f 40 41 42
f 40 42 43
f 44 45 46
f 44 46 47
f 48 49 50
f 48 50 51
f 52 53 54
f 52 54 55
f 56 57 58
f 56 58 59
f 60 61 62
f 60 62 63
f 64 65 66
f 64 66 67
f 68 69 70
f 68 70 71
f 72 73 74
f 72 74 75
f 76 77 78
f 76 78 79
f 80 81 82
f 80 82 83
f 84 85 86
f 84 86 87
f 88 89 90
f 88 90 91
f 92 93 94
f 92 94 95
f 96 97 98
f 96 98 99
f 100 101 102
f 100 102 103
f 104 105 106
f 104 106 107
f 108 109 110
f 108 110 111
f 112 113 114
f 112 114 115
f 116 117 118
f 116 118 119
f 120 121 122
f 120 122 123
f 124 125 126
f 124 126 127
f 128 129 130
f 128 130 131
f 132 133 134
f 132 134 135
f 136 137 138
f 136 138 139
f 140 141 142
f 140 142 143
f 144 145 146
f 144 146 147
f 148 149 150
f 148 150 151
f 152 153 154
f 152 154 155
f 156 157 158
f 156 158 159
f 160 161 162
f 160 162 163
f 164 165 166
f 164 166 167
f 168 169 170
f 168 170 171
f 172 173 174
f 172 174 175
f 176 177 178
f 176 178 179
f 180 181 182
f 180 182 183
f 184 185 186
f 184 186 187
f 188 189 190
f 188 190 191
f 192 193 194
f 192 194 195
f 196 197 198
f 196 198 199
f 200 201 202
f 200 202 203
f 204 205 206
f 204 206 207
f 208 209 210
f 208 210 211
f 212 213 214
f 212 214 215
f 216 217 218
f 216 218 219
f 220 221 222
f 220 222 223
f 224 225 226
f 224 226 227
f 228 229 230
f 228 230 231
f 232 233 234
f 232 234 235
f 236 237 238
f 236 238 239
f 240 241 242
f 240 242 243
f 244 245 246
f 244 246 247
f 248 249 250
f 248 250 251
f 252 253 254
f 252 254 255
f 256 257 258
f 256 258 259
f 260 261 262
f 260 262 263
f 264 265 266
f 264 266 267
f 268 269 270
f 268 270 271
f 272 273 274
f 272 274 275
f 276 277 278
f 276 278 279
f 280 281 282
f 280 282 283
f 284 285 286
f 284 286 287
f 288 289 290
f 288 290 291
f 292 293 294
f 292 294 295
f 296 297 298
f 296 298 299
f 300 301 302
f 300 302 303
f 304 305 306
f 304 306 307
f 308 309 310
f 308 310 311
f 312 313 314
f 312 314 315
f 316 317 318
f 316 318 319
f 320 321 322
f 320 322 323
f 324 325 326
f 324 326 327
f 328 329 330
f 328 330 331
f 332 333 334
f 332 334 335
f 336 337 338
f 336 338 339
f 340 341 342
f 340 342 343
f 344 345 346
f 344 346 347
f 348 349 350
f 348 350 351
f 352 353 354
f 352 354 355
f 356 357 358
f 356 358 359
f 360 361 362
f 360 362 363
f 364 365 366
f 364 366 367
f 368 369 370
f 368 370 371
f 372 373 374
f 372 374 375
f 376 377 378
f 376 378 379
f 380 381 382
f 380 382 383
f 384 385 386
f 384 386 387
f 388 389 390
f 388 390 391
f 392 393 394
f 392 394 395
f 396 397 398
f 396 398 399
f 400 401 402
f 400 402 403
f 404 405 406
f 404 406 407
f 408 409 410
f 408 410 411
f 412 413 414
f 412 414 415
f 416 417 418
f 416 418 419
f 420 421 422
f 420 422 423
f 424 425 426
f 424 426 427
f 428 429 430
f 428 430 431
f 432 433 434
f 432 434 435
f 436 437 438
f 436 438 439
f 440 441 442
f 440 442 443
f 444 445 446
f 444 446 447
f 448 449 450
f 448 450 451
f 452 453 454
f 452 454 455
f 456 457 458
f 456 458 459
f 460 461 462
f 462 463 460
f 464 460 463
f 465 466 467
f 465 467 468
f 469 470 471
f 469 471 472
f 473 474 475
f 473 475 476
f 477 478 479
f 477 479 480
f 481 482 483
f 481 483 484
f 485 486 487
f 485 487 488
f 489 490 491
f 489 491 492
f 493 494 495
f 493 495 496
f 497 498 499
f 497 499 500
f 501 502 503
f 501 503 504
f 505 506 507
f 505 507 508
f 509 510 511
f 509 511 512
f 513 514 515
f 513 515 516
f 517 518 519
f 517 519 520
f 521 522 523
f 521 523 524
f 525 526 527
f 525 527 528
f 529 530 531
f 529 531 532
f 533 534 535
f 533 535 536
f 537 538 539
f 537 539 540
f 541 542 543
f 541 543 544
f 545 546 547
f 545 547 548
f 549 550 551
f 549 551 552
f 553 554 555
f 553 555 556
f 557 558 559
f 557 559 560
f 561 562 563
f 561 563 564
f 565 566 567
f 565 567 568
f 569 570 571
f 569 571 572
f 573 574 575
f 573 575 576
f 577 578 579
f 577 579 580
f 581 582 583
f 581 583 584
f 585 586 587
f 585 587 588
f 589 590 591
f 589 591 592
g Donut2_Yellow
usemtl Yellow
f 593 594 595
f 596 597 598
f 599 600 601
f 602 603 604
f 605 606 607
f 608 609 610
f 611 612 613
f 611 613 614
f 615 616 617
f 615 617 618
f 619 620 621
f 619 622 620
f 623 622 619
f 623 624 622
f 625 626 627
f 625 627 628
f 628 627 629
f 628 629 630
f 631 632 633
f 631 633 634
f 635 636 637
f 635 637 638
f 639 640 641
f 639 641 642
f 643 644 645
f 643 645 646
f 647 648 649
f 647 650 648
f 651 650 647
f 651 652 650
f 653 652 651
f 653 654 652
f 655 656 657
f 655 657 658
f 659 660 661
f 659 661 662
f 663 664 665
f 663 665 666
f 667 668 669
f 667 669 670
f 671 672 673
f 671 673 674
f 675 676 677
f 675 677 678
f 679 680 681
f 679 681 682
f 683 684 685
f 683 685 686
f 687 688 689
f 687 689 690
f 691 692 693
f 691 693 694
f 695 696 697
f 695 697 698
f 699 700 701
f 699 701 702
f 703 704 705
f 703 705 706
f 707 708 709
f 707 709 710
f 711 712 713
f 711 713 714
f 715 716 717
f 715 717 718
f 719 720 721
f 719 721 722
f 723 724 725
f 723 725 726
f 727 728 729
f 727 729 730
f 731 732 733
f 731 733 734
f 735 736 737
f 735 737 738
f 739 740 741
f 739 741 742
f 743 744 745
f 743 745 746
f 747 748 749
f 747 749 750
f 751 752 753
f 751 753 754
f 755 756 757
f 755 757 758
f 759 760 761
f 759 761 762
f 763 764 765
f 763 765 766
f 767 768 769
f 767 769 770
f 771 772 773
f 771 773 774
f 775 776 777
f 775 777 778
f 779 780 781
f 779 781 782
f 783 784 785
f 783 785 786
f 787 788 789
f 787 789 790
f 791 792 793
f 791 793 794
f 795 796 797
f 795 797 798
f 799 800 801
f 799 801 802
f 803 804 805
f 803 805 806
f 807 808 809
f 807 809 810
f 811 812 813
f 811 813 814
f 815 816 817
f 815 817 818
f 819 820 821
f 819 821 822
f 823 824 825
f 823 825 826
f 827 828 829
f 827 829 830
f 831 832 833
f 831 833 834
f 835 836 837
f 835 837 838
f 839 840 841
f 839 841 842
f 843 844 845
f 843 845 846
f 847 848 849
f 847 849 850
f 851 852 853
f 851 853 854
f 855 856 857
f 855 857 858
f 859 860 861
f 859 861 862
f 863 864 865
f 863 865 866
f 867 868 869
f 867 869 870
f 871 872 873
f 871 873 874
f 875 876 877
f 875 877 878
f 879 880 881
f 879 881 882
f 883 884 885
f 883 885 886
f 887 888 889
f 887 889 890
f 891 892 893
f 891 893 894
f 895 896 897
f 895 897 898
f 899 900 901
f 899 901 902
f 903 904 905
f 903 905 906
f 907 908 909
f 907 909 910
f 911 912 913
f 911 913 914
f 915 916 917
f 915 917 918
f 919 920 921
f 919 921 922
f 923 924 925
f 923 925 926
f 927 928 929
f 927 929 930
f 931 932 933
f 931 933 934
f 935 936 937
f 935 937 938
f 939 940 941
f 939 941 942
f 943 944 945
f 943 945 946
f 947 948 949
f 947 949 950
f 951 952 953
f 951 953 954
f 955 956 957
f 955 957 958
f 959 960 961
f 959 961 962
f 963 964 965
f 963 965 966
f 967 968 969
f 967 969 970
f 971 972 973
f 971 973 974
f 975 976 977
f 975 977 978
f 979 980 981
f 979 981 982
f 983 984 985
f 983 985 986
f 987 988 989
f 987 989 990
f 991 992 993
f 991 993 994
f 995 996 997
f 995 997 998
f 999 1000 1001
f 999 1001 1002
f 1003 1004 1005
f 1003 1005 1006
f 1007 1008 1009
f 1007 1009 1010
f 1011 1012 1013
f 1011 1013 1014
f 1015 1016 1017
f 1015 1017 1018
f 1019 1020 1021
f 1019 1021 1022
f 1023 1024 1025
f 1023 1025 1026
f 1027 1028 1029
f 1027 1029 1030
f 1031 1032 1033
f 1031 1033 1034
f 1035 1036 1037
f 1035 1037 1038
f 1039 1040 1041
f 1039 1041 1042
f 1043 1044 1045
f 1043 1045 1046
f 1047 1048 1049
f 1047 1049 1050
f 1051 1052 1053
f 1051 1053 1054
g Donut2_Orange
usemtl Orange
f 1055 1056 1057
f 1055 1057 1058
f 1059 1060 1061
f 1059 1061 1062
f 1063 1064 1065
f 1063 1065 1066
f 1067 1068 1069
f 1067 1069 1070
f 1071 1072 1073
f 1071 1073 1074
f 1075 1076 1077
f 1075 1077 1078
f 1079 1080 1081
f 1079 1081 1082
f 1083 1084 1085
f 1083 1085 1086
f 1087 1088 1089
f 1087 1089 1090
f 1091 1092 1093
f 1091 1093 1094
f 1095 1096 1097
f 1095 1097 1098
f 1099 1100 1101
f 1099 1101 1102
f 1103 1104 1105
f 1103 1105 1106
f 1107 1108 1109
f 1107 1109 1110
f 1111 1112 1113
f 1111 1113 1114
f 1115 1116 1117
f 1115 1117 1118
f 1119 1120 1121
f 1119 1121 1122
f 1123 1124 1125
f 1123 1125 1126
f 1127 1128 1129
f 1127 1129 1130
f 1131 1132 1133
f 1131 1133 1134
f 1135 1136 1137
f 1135 1137 1138
f 1139 1140 1141
f 1139 1141 1142
f 1143 1144 1145
f 1143 1145 1146
f 1147 1148 1149
f 1147 1149 1150
f 1151 1152 1153
f 1151 1153 1154
f 1155 1156 1157
f 1155 1157 1158
f 1159 1160 1161
f 1159 1161 1162
f 1163 1164 1165
f 1163 1165 1166
f 1167 1168 1169
f 1167 1169 1170
f 1171 1172 1173
f 1171 1173 1174
f 1175 1176 1177
f 1175 1177 1178
f 1179 1180 1181
f 1179 1181 1182
f 1183 1184 1185
f 1183 1185 1186
f 1187 1188 1189
f 1187 1189 1190
f 1191 1192 1193
f 1191 1193 1194
f 1195 1196 1197
f 1195 1197 1198
f 1199 1200 1201
f 1199 1201 1202
f 1203 1204 1205
f 1203 1205 1206
f 1207 1208 1209
f 1207 1209 1210
f 1211 1212 1213
f 1211 1213 1214
f 1215 1216 1217
f 1215 1217 1218
f 1219 1220 1221
f 1219 1221 1222
f 1223 1224 1225
f 1223 1225 1226
f 1227 1228 1229
f 1227 1229 1230
f 1231 1232 1233
f 1231 1233 1234
f 1235 1236 1237
f 1235 1237 1238
f 1239 1240 1241
f 1239 1241 1242
f 1243 1244 1245
f 1243 1245 1246
f 1247 1248 1249
f 1247 1249 1250
f 1251 1252 1253
f 1251 1253 1254
f 1255 1256 1257
f 1255 1257 1258
f 1259 1260 1261
f 1259 1261 1262
f 1263 1264 1265
f 1263 1265 1266
f 1267 1268 1269
f 1267 1269 1270
f 1271 1272 1273
f 1271 1273 1274
f 1275 1276 1277
f 1275 1277 1278
f 1279 1280 1281
f 1279 1281 1282
f 1283 1284 1285
f 1283 1285 1286
f 1287 1288 1289
f 1287 1289 1290
f 1291 1292 1293
f 1291 1293 1294
f 1295 1296 1297
f 1295 1297 1298
f 1299 1300 1301
f 1299 1301 1302
f 1303 1304 1305
f 1303 1305 1306
f 1307 1308 1309
f 1307 1309 1310
f 1311 1312 1313
f 1311 1313 1314
f 1315 1316 1317
f 1315 1317 1318
f 1319 1320 1321
f 1319 1321 1322
f 1323 1324 1325
f 1323 1325 1326
f 1327 1328 1329
f 1327 1329 1330
f 1331 1332 1333
f 1331 1333 1334
f 1335 1336 1337
f 1335 1337 1338
f 1339 1340 1341
f 1339 1341 1342
f 1343 1344 1345
f 1343 1345 1346
f 1347 1348 1349
f 1347 1349 1350
f 1351 1352 1353
f 1351 1353 1354
f 1355 1356 1357
f 1355 1357 1358
f 1359 1360 1361
f 1359 1361 1362
f 1363 1364 1365
f 1363 1365 1366
f 1367 1368 1369
f 1367 1369 1370
f 1371 1372 1373
f 1371 1373 1374
f 1375 1376 1377
f 1375 1377 1378
f 1379 1380 1381
f 1379 1381 1382
f 1383 1384 1385
f 1383 1385 1386
f 1387 1388 1389
f 1387 1389 1390
f 1391 1392 1393
f 1391 1393 1394
f 1395 1396 1397
f 1395 1397 1398
f 1399 1400 1401
f 1399 1401 1402
f 1403 1404 1405
f 1403 1405 1406
f 1407 1408 1409
f 1407 1409 1410
f 1411 1412 1413
f 1411 1413 1414
f 1415 1416 1417
f 1415 1417 1418
f 1419 1420 1421
f 1419 1421 1422
f 1423 1424 1425
f 1423 1425 1426
f 1427 1428 1429
f 1427 1429 1430
f 1431 1432 1433
f 1431 1433 1434
f 1435 1436 1437
f 1435 1437 1438
f 1439 1440 1441
f 1439 1441 1442
f 1443 1444 1445
f 1443 1445 1446
f 1447 1448 1449
f 1447 1449 1450
f 1451 1452 1453
f 1451 1453 1454
f 1455 1456 1457
f 1455 1457 1458
f 1459 1460 1461
f 1459 1461 1462
f 1463 1464 1465
f 1463 1465 1466
f 1467 1468 1469
f 1467 1469 1470
f 1471 1472 1473
f 1471 1473 1474
f 1475 1476 1477
f 1475 1477 1478
f 1479 1480 1481
f 1479 1481 1482
f 1483 1484 1485
f 1483 1485 1486
f 1487 1488 1489
f 1487 1489 1490
f 1491 1492 1493
f 1491 1493 1494
f 1495 1496 1497
f 1495 1497 1498
f 1499 1500 1501
f 1499 1501 1502
f 1503 1504 1505
f 1503 1505 1506
f 1507 1508 1509
f 1507 1509 1510
f 1511 1512 1513
f 1511 1513 1514
f 1515 1516 1517
f 1515 1517 1518
f 1519 1520 1521
f 1519 1521 1522
f 1523 1524 1525
f 1523 1525 1526
f 1527 1528 1529
f 1527 1529 1530
f 1531 1532 1533
f 1531 1533 1534
f 1535 1536 1537
f 1535 1537 1538
f 1539 1540 1541
f 1539 1541 1542
f 1543 1544 1545
f 1543 1545 1546
f 1547 1548 1549
f 1547 1549 1550
f 1551 1552 1553
f 1551 1553 1554
f 1555 1556 1557
f 1555 1557 1558
f 1559 1560 1561
f 1559 1561 1562
f 1563 1564 1565
f 1563 1565 1566
f 1567 1568 1569
f 1567 1569 1570
f 1571 1572 1573
f 1571 1573 1574
f 1575 1576 1577
f 1575 1577 1578
f 1579 1580 1581
f 1579 1581 1582
f 1583 1584 1585
f 1583 1585 1586
f 1587 1588 1589
f 1587 1589 1590
f 1591 1592 1593
f 1591 1593 1594
f 1595 1596 1597
f 1595 1597 1598
f 1599 1600 1601
f 1599 1601 1602
f 1603 1604 1605
f 1603 1605 1606
f 1607 1608 1609
f 1607 1609 1610
f 1611 1612 1613
f 1611 1613 1614
f 1615 1616 1617
f 1615 1617 1618
f 1619 1620 1621
f 1619 1621 1622
f 1623 1624 1625
f 1623 1625 1626
f 1627 1628 1629
f 1627 1629 1630
f 1631 1632 1633
f 1631 1633 1634
f 1635 1636 1637
f 1635 1637 1638
f 1639 1640 1641
f 1639 1641 1642
f 1643 1644 1645
f 1643 1645 1646
f 1647 1648 1649
f 1647 1649 1650
f 1651 1652 1653
f 1651 1653 1654
f 1655 1656 1657
f 1655 1657 1658
f 1659 1660 1661
f 1659 1661 1662
f 1663 1664 1665
f 1663 1665 1666
f 1667 1668 1669
f 1667 1669 1670
f 1671 1672 1673
f 1671 1673 1674
f 1675 1676 1677
f 1675 1677 1678
f 1679 1680 1681
f 1679 1681 1682
f 1683 1684 1685
f 1683 1685 1686
f 1687 1688 1689
f 1687 1689 1690
f 1691 1692 1693
f 1691 1693 1694
f 1695 1696 1697
f 1695 1697 1698
f 1699 1700 1701
f 1699 1701 1702
f 1703 1704 1705
f 1703 1705 1706
f 1707 1708 1709
f 1707 1709 1710
f 1711 1712 1713
f 1711 1713 1714
f 1715 1716 1717
f 1715 1717 1718
f 1719 1720 1721
f 1719 1721 1722
f 1723 1724 1725
f 1723 1725 1726
f 1727 1728 1729
f 1727 1729 1730
f 1731 1732 1733
f 1731 1733 1734
f 1735 1736 1737
f 1735 1737 1738
f 1739 1740 1741
f 1739 1741 1742
f 1743 1744 1745
f 1743 1745 1746
f 1747 1748 1749
f 1747 1749 1750
f 1751 1752 1753
f 1751 1753 1754
f 1755 1756 1757
f 1755 1757 1758
f 1759 1760 1761
f 1759 1761 1762
f 1763 1764 1765
f 1763 1765 1766
f 1767 1768 1769
f 1767 1769 1770
f 1771 1772 1773
f 1771 1773 1774
f 1775 1776 1777
f 1775 1777 1778
f 1779 1780 1781
f 1779 1781 1782
f 1783 1784 1785
f 1783 1785 1786
f 1787 1788 1789
f 1787 1789 1790
f 1791 1792 1793
f 1791 1793 1794
f 1795 1796 1797
f 1795 1797 1798
f 1799 1800 1801
f 1799 1801 1802
f 1803 1804 1805
f 1803 1805 1806
f 1807 1808 1809
f 1807 1809 1810
f 1811 1812 1813
f 1811 1813 1814
f 1815 1816 1817
f 1815 1817 1818
f 1819 1820 1821
f 1819 1821 1822
f 1823 1824 1825
f 1823 1825 1826
f 1827 1828 1829
f 1827 1829 1830
f 1831 1832 1833
f 1831 1833 1834
f 1835 1836 1837
f 1835 1837 1838
f 1839 1840 1841
f 1839 1841 1842
f 1843 1844 1845
f 1843 1845 1846
f 1847 1848 1849
f 1847 1849 1850
f 1851 1852 1853
f 1851 1853 1854
f 1855 1856 1857
f 1855 1857 1858
f 1859 1860 1861
f 1859 1861 1862
f 1863 1864 1865
f 1863 1865 1866
f 1867 1868 1869
f 1867 1869 1870
f 1871 1872 1873
f 1871 1873 1874
f 1875 1876 1877
f 1875 1877 1878
f 1879 1880 1881
f 1879 1881 1882
f 1883 1884 1885
f 1883 1885 1886
f 1887 1888 1889
f 1887 1889 1890
f 1891 1892 1893
f 1891 1893 1894
f 1895 1896 1897
f 1895 1897 1898
f 1899 1900 1901
f 1899 1901 1902
f 1903 1904 1905
f 1903 1905 1906
f 1907 1908 1909
f 1907 1909 1910
f 1911 1912 1913
f 1911 1913 1914
f 1915 1916 1917
f 1915 1917 1918
f 1919 1920 1921
f 1919 1921 1922
f 1923 1924 1925
f 1923 1925 1926
f 1927 1928 1929
f 1927 1929 1930
f 1931 1932 1933
f 1931 1933 1934
f 1935 1936 1937
f 1935 1937 1938
f 1939 1940 1941
f 1939 1941 1942
f 1943 1944 1945
f 1943 1945 1946
f 1947 1948 1949
f 1947 1949 1950
f 1951 1952 1953
f 1951 1953 1954
f 1955 1956 1957
f 1955 1957 1958
f 1959 1960 1961
f 1959 1961 1962
f 1963 1964 1965
f 1963 1965 1966
