mtllib Materials.mtl
# Ultimate Food Pack - DoubleCheeseburger
o DoubleCheeseburger
v 0.489507 0.000000 -0.538290
v 0.649477 0.000000 -0.293544
v 0.568292 -0.121705 -0.256851
v 0.408815 -0.115373 -0.514158
v 0.489507 0.000000 -0.538290
v 0.408815 0.115372 -0.514158
v 0.568292 0.121705 -0.256851
v 0.649477 0.000000 -0.293544
v 0.489507 0.000000 -0.538290
v 0.263717 0.000000 -0.698701
v 0.241901 0.084710 -0.640902
v 0.408815 0.115372 -0.514158
v 0.489507 0.000000 -0.538290
v 0.408815 -0.115373 -0.514158
v 0.241901 -0.084711 -0.640902
v 0.263717 0.000000 -0.698701
v -0.538290 0.000000 -0.489507
v -0.293544 0.000000 -0.649477
v -0.256851 -0.121705 -0.568292
v -0.514158 -0.115373 -0.408815
v -0.538290 0.000000 -0.489507
v -0.514158 0.115372 -0.408815
v -0.256851 0.121705 -0.568292
v -0.293544 0.000000 -0.649477
v -0.538290 0.000000 -0.489507
v -0.698701 0.000000 -0.263717
v -0.640902 0.084711 -0.241901
v -0.514158 0.115372 -0.408815
v -0.538290 0.000000 -0.489507
v -0.514158 -0.115373 -0.408815
v -0.640902 -0.084711 -0.241901
v -0.698701 0.000000 -0.263717
v -0.489507 0.000000 0.538290
v -0.649477 0.000000 0.293544
v -0.568292 -0.121705 0.256851
v -0.408815 -0.115372 0.514158
v -0.489507 0.000000 0.538290
v -0.408815 0.115373 0.514158
v -0.568292 0.121705 0.256851
v -0.649477 0.000000 0.293544
v -0.489507 0.000000 0.538290
v -0.263717 0.000000 0.698701
v -0.241901 0.084711 0.640902
v -0.408815 0.115373 0.514158
v -0.489507 0.000000 0.538290
v -0.408815 -0.115372 0.514158
v -0.241901 -0.084710 0.640902
v -0.263717 0.000000 0.698701
v 0.538290 0.000000 0.489507
v 0.293544 0.000000 0.649477
v 0.256851 -0.121705 0.568292
v 0.514158 -0.115372 0.408815
v 0.538290 0.000000 0.489507
v 0.514158 0.115373 0.408815
v 0.256851 0.121705 0.568292
v 0.293544 0.000000 0.649477
v 0.538290 0.000000 0.489507
v 0.698701 0.000000 0.263717
v 0.640902 0.084711 0.241901
v 0.514158 0.115373 0.408815
v 0.538290 0.000000 0.489507
v 0.514158 -0.115372 0.408815
v 0.640902 -0.084711 0.241901
v 0.698701 0.000000 0.263717
v -0.166737 -0.160585 0.441760
v -0.408815 -0.115372 0.514158
v -0.568292 -0.121705 0.256851
v -0.324739 -0.165651 0.146772
v -0.166737 -0.160585 0.441760
v -0.032868 -0.115372 0.656054
v -0.241901 -0.084710 0.640902
v -0.408815 -0.115372 0.514158
v -0.166737 -0.160585 0.441760
v 0.146772 -0.165651 0.324739
v 0.256851 -0.121705 0.568292
v -0.032868 -0.115372 0.656054
v 0.441760 0.160585 0.166737
v 0.656054 0.115373 0.032868
v 0.568292 0.121705 -0.256851
v 0.324739 0.165651 -0.146772
v 0.441760 0.160585 0.166737
v 0.514158 0.115373 0.408815
v 0.640902 0.084711 0.241901
v 0.656054 0.115373 0.032868
v 0.441760 0.160585 0.166737
v 0.146772 0.165651 0.324739
v 0.256851 0.121705 0.568292
v 0.514158 0.115373 0.408815
v -0.166737 0.160585 0.441760
v -0.324739 0.165651 0.146772
v -0.568292 0.121705 0.256851
v -0.408815 0.115373 0.514158
v -0.166737 0.160585 0.441760
v -0.032868 0.115373 0.656054
v 0.256851 0.121705 0.568292
v 0.146772 0.165651 0.324739
v -0.166737 0.160585 0.441760
v -0.408815 0.115373 0.514158
v -0.241901 0.084711 0.640902
v -0.032868 0.115373 0.656054
v 0.441760 -0.160585 0.166737
v 0.324739 -0.165651 -0.146772
v 0.568292 -0.121705 -0.256851
v 0.656054 -0.115373 0.032868
v 0.441760 -0.160585 0.166737
v 0.514158 -0.115372 0.408815
v 0.256851 -0.121705 0.568292
v 0.146772 -0.165651 0.324739
v 0.441760 -0.160585 0.166737
v 0.656054 -0.115373 0.032868
v 0.640902 -0.084711 0.241901
v 0.514158 -0.115372 0.408815
v 0.011755 0.000000 0.727486
v -0.263717 0.000000 0.698701
v -0.241901 -0.084710 0.640902
v -0.032868 -0.115372 0.656054
v 0.011755 0.000000 0.727486
v -0.032868 0.115373 0.656054
v -0.241901 0.084711 0.640902
v -0.263717 0.000000 0.698701
v 0.011755 0.000000 0.727486
v 0.293544 0.000000 0.649477
v 0.256851 0.121705 0.568292
v -0.032868 0.115373 0.656054
v 0.011755 0.000000 0.727486
v -0.032868 -0.115372 0.656054
v 0.256851 -0.121705 0.568292
v 0.293544 0.000000 0.649477
v -0.011755 0.000000 -0.727486
v 0.263717 0.000000 -0.698701
v 0.241901 -0.084711 -0.640902
v 0.032868 -0.115373 -0.656054
v -0.011755 0.000000 -0.727486
v 0.032868 0.115372 -0.656054
v 0.241901 0.084710 -0.640902
v 0.263717 0.000000 -0.698701
v -0.011755 0.000000 -0.727486
v -0.293544 0.000000 -0.649477
v -0.256851 0.121705 -0.568292
v 0.032868 0.115372 -0.656054
v -0.011755 0.000000 -0.727486
v 0.032868 -0.115373 -0.656054
v -0.256851 -0.121705 -0.568292
v -0.293544 0.000000 -0.649477
v 0.166737 -0.160585 -0.441760
v 0.032868 -0.115373 -0.656054
v 0.241901 -0.084711 -0.640902
v 0.408815 -0.115373 -0.514158
v 0.166737 -0.160585 -0.441760
v -0.146772 -0.165651 -0.324739
v -0.256851 -0.121705 -0.568292
v 0.032868 -0.115373 -0.656054
v 0.166737 -0.160585 -0.441760
v 0.408815 -0.115373 -0.514158
v 0.568292 -0.121705 -0.256851
v 0.324739 -0.165651 -0.146772
v -0.441760 0.160585 -0.166737
v -0.514158 0.115372 -0.408815
v -0.640902 0.084711 -0.241901
v -0.656054 0.115373 -0.032868
v -0.441760 0.160585 -0.166737
v -0.146772 0.165651 -0.324739
v -0.256851 0.121705 -0.568292
v -0.514158 0.115372 -0.408815
v -0.441760 0.160585 -0.166737
v -0.656054 0.115373 -0.032868
v -0.568292 0.121705 0.256851
v -0.324739 0.165651 0.146772
v 0.166737 0.160585 -0.441760
v 0.032868 0.115372 -0.656054
v -0.256851 0.121705 -0.568292
v -0.146772 0.165651 -0.324739
v 0.166737 0.160585 -0.441760
v 0.408815 0.115372 -0.514158
v 0.241901 0.084710 -0.640902
v 0.032868 0.115372 -0.656054
v 0.166737 0.160585 -0.441760
v 0.324739 0.165651 -0.146772
v 0.568292 0.121705 -0.256851
v 0.408815 0.115372 -0.514158
v -0.441760 -0.160585 -0.166737
v -0.514158 -0.115373 -0.408815
v -0.256851 -0.121705 -0.568292
v -0.146772 -0.165651 -0.324739
v -0.441760 -0.160585 -0.166737
v -0.656054 -0.115373 -0.032868
v -0.640902 -0.084711 -0.241901
v -0.514158 -0.115373 -0.408815
v -0.441760 -0.160585 -0.166737
v -0.324739 -0.165651 0.146772
v -0.568292 -0.121705 0.256851
v -0.656054 -0.115373 -0.032868
v -0.727486 0.000000 0.011755
v -0.698701 0.000000 -0.263717
v -0.640902 -0.084711 -0.241901
v -0.656054 -0.115373 -0.032868
v -0.727486 0.000000 0.011755
v -0.656054 0.115373 -0.032868
v -0.640902 0.084711 -0.241901
v -0.698701 0.000000 -0.263717
v -0.727486 0.000000 0.011755
v -0.649477 0.000000 0.293544
v -0.568292 0.121705 0.256851
v -0.656054 0.115373 -0.032868
v -0.727486 0.000000 0.011755
v -0.656054 -0.115373 -0.032868
v -0.568292 -0.121705 0.256851
v -0.649477 0.000000 0.293544
v 0.727486 0.000000 -0.011755
v 0.698701 0.000000 0.263717
v 0.640902 -0.084711 0.241901
v 0.656054 -0.115373 0.032868
v 0.727486 0.000000 -0.011755
v 0.656054 0.115373 0.032868
v 0.640902 0.084711 0.241901
v 0.698701 0.000000 0.263717
v 0.727486 0.000000 -0.011755
v 0.649477 0.000000 -0.293544
v 0.568292 0.121705 -0.256851
v 0.656054 0.115373 0.032868
v 0.727486 0.000000 -0.011755
v 0.656054 -0.115373 0.032868
v 0.568292 -0.121705 -0.256851
v 0.649477 0.000000 -0.293544
v 0.706804 0.240475 -0.172631
v 0.702605 0.240475 0.119727
v 0.614780 0.118769 0.104761
v 0.626409 0.125102 -0.197736
v 0.706804 0.240475 -0.172631
v 0.626409 0.355847 -0.197736
v 0.614780 0.362180 0.104761
v 0.702605 0.240475 0.119727
v 0.706804 0.240475 -0.172631
v 0.609280 0.240475 -0.431865
v 0.558878 0.325185 -0.396140
v 0.626409 0.355847 -0.197736
v 0.706804 0.240475 -0.172631
v 0.626409 0.125102 -0.197736
v 0.558878 0.155764 -0.396140
v 0.609280 0.240475 -0.431865
v -0.172631 0.240475 -0.706804
v 0.119727 0.240475 -0.702605
v 0.104761 0.118769 -0.614780
v -0.197736 0.125102 -0.626409
v -0.172631 0.240475 -0.706804
v -0.197736 0.355847 -0.626409
v 0.104761 0.362180 -0.614780
v 0.119727 0.240475 -0.702605
v -0.172631 0.240475 -0.706804
v -0.431865 0.240475 -0.609280
v -0.396140 0.325185 -0.558878
v -0.197736 0.355847 -0.626409
v -0.172631 0.240475 -0.706804
v -0.197736 0.125102 -0.626409
v -0.396140 0.155764 -0.558878
v -0.431865 0.240475 -0.609280
v -0.706804 0.240475 0.172631
v -0.702605 0.240475 -0.119727
v -0.614780 0.118769 -0.104761
v -0.626409 0.125102 0.197736
v -0.706804 0.240475 0.172631
v -0.626409 0.355847 0.197736
v -0.614780 0.362180 -0.104761
v -0.702605 0.240475 -0.119727
v -0.706804 0.240475 0.172631
v -0.609280 0.240475 0.431865
v -0.558878 0.325185 0.396139
v -0.626409 0.355847 0.197736
v -0.706804 0.240475 0.172631
v -0.626409 0.125102 0.197736
v -0.558878 0.155764 0.396139
v -0.609280 0.240475 0.431865
v 0.172631 0.240475 0.706804
v -0.119727 0.240475 0.702605
v -0.104761 0.118770 0.614780
v 0.197736 0.125102 0.626409
v 0.172631 0.240475 0.706804
v 0.197736 0.355847 0.626409
v -0.104761 0.362180 0.614780
v -0.119727 0.240475 0.702605
v 0.172631 0.240475 0.706804
v 0.431865 0.240475 0.609280
v 0.396140 0.325185 0.558878
v 0.197736 0.355847 0.626409
v 0.172631 0.240475 0.706804
v 0.197736 0.125102 0.626409
v 0.396140 0.155764 0.558878
v 0.431865 0.240475 0.609280
v -0.385222 0.079890 0.273050
v -0.626409 0.125102 0.197736
v -0.614780 0.118769 -0.104761
v -0.351303 0.074823 -0.059863
v -0.385222 0.079890 0.273050
v -0.394038 0.125102 0.525568
v -0.558878 0.155764 0.396139
v -0.626409 0.125102 0.197736
v -0.385222 0.079890 0.273050
v -0.059863 0.074823 0.351303
v -0.104761 0.118770 0.614780
v -0.394038 0.125102 0.525568
v 0.273050 0.401060 0.385222
v 0.525568 0.355847 0.394037
v 0.614780 0.362180 0.104761
v 0.351303 0.406126 0.059863
v 0.273050 0.401060 0.385222
v 0.197736 0.355847 0.626409
v 0.396140 0.325185 0.558878
v 0.525568 0.355847 0.394037
v 0.273050 0.401060 0.385222
v -0.059863 0.406126 0.351303
v -0.104761 0.362180 0.614780
v 0.197736 0.355847 0.626409
v -0.385222 0.401060 0.273050
v -0.351303 0.406126 -0.059863
v -0.614780 0.362180 -0.104761
v -0.626409 0.355847 0.197736
v -0.385222 0.401060 0.273050
v -0.394038 0.355847 0.525568
v -0.104761 0.362180 0.614780
v -0.059863 0.406126 0.351303
v -0.385222 0.401060 0.273050
v -0.626409 0.355847 0.197736
v -0.558878 0.325185 0.396139
v -0.394038 0.355847 0.525568
v 0.273050 0.079890 0.385222
v 0.351303 0.074823 0.059863
v 0.614780 0.118769 0.104761
v 0.525568 0.125102 0.394037
v 0.273050 0.079890 0.385222
v 0.197736 0.125102 0.626409
v -0.104761 0.118770 0.614780
v -0.059863 0.074823 0.351303
v 0.273050 0.079890 0.385222
v 0.525568 0.125102 0.394037
v 0.396140 0.155764 0.558878
v 0.197736 0.125102 0.626409
v -0.396976 0.240475 0.609741
v -0.609280 0.240475 0.431865
v -0.558878 0.155764 0.396139
v -0.394038 0.125102 0.525568
v -0.396976 0.240475 0.609741
v -0.394038 0.355847 0.525568
v -0.558878 0.325185 0.396139
v -0.609280 0.240475 0.431865
v -0.396976 0.240475 0.609741
v -0.119727 0.240475 0.702605
v -0.104761 0.362180 0.614780
v -0.394038 0.355847 0.525568
v -0.396976 0.240475 0.609741
v -0.394038 0.125102 0.525568
v -0.104761 0.118770 0.614780
v -0.119727 0.240475 0.702605
v 0.396976 0.240475 -0.609741
v 0.609280 0.240475 -0.431865
v 0.558878 0.155764 -0.396140
v 0.394038 0.125102 -0.525568
v 0.396976 0.240475 -0.609741
v 0.394038 0.355847 -0.525568
v 0.558878 0.325185 -0.396140
v 0.609280 0.240475 -0.431865
v 0.396976 0.240475 -0.609741
v 0.119727 0.240475 -0.702605
v 0.104761 0.362180 -0.614780
v 0.394038 0.355847 -0.525568
v 0.396976 0.240475 -0.609741
v 0.394038 0.125102 -0.525568
v 0.104761 0.118769 -0.614780
v 0.119727 0.240475 -0.702605
v 0.385222 0.079890 -0.273050
v 0.394038 0.125102 -0.525568
v 0.558878 0.155764 -0.396140
v 0.626409 0.125102 -0.197736
v 0.385222 0.079890 -0.273050
v 0.059863 0.074823 -0.351303
v 0.104761 0.118769 -0.614780
v 0.394038 0.125102 -0.525568
v 0.385222 0.079890 -0.273050
v 0.626409 0.125102 -0.197736
v 0.614780 0.118769 0.104761
v 0.351303 0.074823 0.059863
v -0.273050 0.401060 -0.385222
v -0.197736 0.355847 -0.626409
v -0.396140 0.325185 -0.558878
v -0.525568 0.355847 -0.394038
v -0.273050 0.401060 -0.385222
v 0.059863 0.406126 -0.351303
v 0.104761 0.362180 -0.614780
v -0.197736 0.355847 -0.626409
v -0.273050 0.401060 -0.385222
v -0.525568 0.355847 -0.394038
v -0.614780 0.362180 -0.104761
v -0.351303 0.406126 -0.059863
v 0.385222 0.401060 -0.273050
v 0.394038 0.355847 -0.525568
v 0.104761 0.362180 -0.614780
v 0.059863 0.406126 -0.351303
v 0.385222 0.401060 -0.273050
v 0.626409 0.355847 -0.197736
v 0.558878 0.325185 -0.396140
v 0.394038 0.355847 -0.525568
v 0.385222 0.401060 -0.273050
v 0.351303 0.406126 0.059863
v 0.614780 0.362180 0.104761
v 0.626409 0.355847 -0.197736
v -0.273050 0.079890 -0.385222
v -0.197736 0.125102 -0.626409
v 0.104761 0.118769 -0.614780
v 0.059863 0.074823 -0.351303
v -0.273050 0.079890 -0.385222
v -0.525568 0.125102 -0.394038
v -0.396140 0.155764 -0.558878
v -0.197736 0.125102 -0.626409
v -0.273050 0.079890 -0.385222
v -0.351303 0.074823 -0.059863
v -0.614780 0.118769 -0.104761
v -0.525568 0.125102 -0.394038
v -0.609741 0.240475 -0.396976
v -0.431865 0.240475 -0.609280
v -0.396140 0.155764 -0.558878
v -0.525568 0.125102 -0.394038
v -0.609741 0.240475 -0.396976
v -0.525568 0.355847 -0.394038
v -0.396140 0.325185 -0.558878
v -0.431865 0.240475 -0.609280
v -0.609741 0.240475 -0.396976
v -0.702605 0.240475 -0.119727
v -0.614780 0.362180 -0.104761
v -0.525568 0.355847 -0.394038
v -0.609741 0.240475 -0.396976
v -0.525568 0.125102 -0.394038
v -0.614780 0.118769 -0.104761
v -0.702605 0.240475 -0.119727
v 0.609741 0.240475 0.396976
v 0.431865 0.240475 0.609280
v 0.396140 0.155764 0.558878
v 0.525568 0.125102 0.394037
v 0.609741 0.240475 0.396976
v 0.525568 0.355847 0.394037
v 0.396140 0.325185 0.558878
v 0.431865 0.240475 0.609280
v 0.609741 0.240475 0.396976
v 0.702605 0.240475 0.119727
v 0.614780 0.362180 0.104761
v 0.525568 0.355847 0.394037
v 0.609741 0.240475 0.396976
v 0.525568 0.125102 0.394037
v 0.614780 0.118769 0.104761
v 0.702605 0.240475 0.119727
v -0.273050 0.079890 -0.385222
v 0.059863 0.074823 -0.351303
v 0.000000 0.072290 0.000000
v -0.351303 0.074823 -0.059863
v 0.385222 0.079890 -0.273050
v -0.385222 0.079890 0.273050
v 0.351303 0.074823 0.059863
v -0.059863 0.074823 0.351303
v 0.273050 0.079890 0.385222
v 0.385222 0.401060 -0.273050
v 0.059863 0.406126 -0.351303
v 0.000000 0.408659 0.000000
v 0.351303 0.406126 0.059863
v -0.273050 0.401060 -0.385222
v 0.273050 0.401060 0.385222
v -0.351303 0.406126 -0.059863
v -0.059863 0.406126 0.351303
v -0.385222 0.401060 0.273050
v -0.441760 -0.160585 -0.166737
v -0.146772 -0.165651 -0.324739
v 0.000000 -0.168184 0.000000
v -0.324739 -0.165651 0.146772
v 0.166737 -0.160585 -0.441760
v -0.166737 -0.160585 0.441760
v 0.324739 -0.165651 -0.146772
v 0.146772 -0.165651 0.324739
v 0.441760 -0.160585 0.166737
v 0.166737 0.160585 -0.441760
v -0.146772 0.165651 -0.324739
v 0.000000 0.168184 0.000000
v 0.324739 0.165651 -0.146772
v -0.441760 0.160585 -0.166737
v 0.441760 0.160585 0.166737
v -0.324739 0.165651 0.146772
v 0.146772 0.165651 0.324739
v -0.166737 0.160585 0.441760
v -0.140089 0.093246 0.729124
v -0.359526 0.093246 0.646300
v -0.254350 0.014323 0.717611
v 0.639850 0.093246 0.376614
v 0.706706 0.014323 0.283242
v 0.722674 0.093246 0.157177
v -0.639850 0.093246 -0.376614
v -0.706706 0.014323 -0.283242
v -0.722674 0.093246 -0.157178
v 0.140089 0.093246 -0.729124
v 0.359526 0.093246 -0.646300
v 0.254350 0.014323 -0.717611
v -0.133574 0.076084 0.711862
v -0.245870 0.008929 0.695144
v -0.353066 0.075224 0.629185
v 0.622588 0.076084 0.370099
v 0.705559 0.075224 0.150718
v 0.684239 0.008929 0.274762
v -0.622588 0.076084 -0.370099
v -0.705559 0.075224 -0.150718
v -0.684239 0.008929 -0.274762
v 0.133574 0.076084 -0.711862
v 0.245870 0.008929 -0.695144
v 0.353066 0.075224 -0.629185
v -0.523787 0.333721 0.526206
v -0.659421 0.333721 0.334853
v -0.612086 0.254798 0.452780
v 0.319952 0.333721 0.669983
v 0.427586 0.254798 0.629944
v 0.511305 0.333721 0.534349
v -0.319952 0.333720 -0.669983
v -0.427586 0.254798 -0.629944
v -0.511305 0.333720 -0.534350
v 0.523787 0.333720 -0.526206
v 0.659421 0.333721 -0.334854
v 0.612086 0.254798 -0.452780
v -0.508735 0.316559 0.515537
v -0.592494 0.249404 0.438893
v -0.644496 0.315699 0.324275
v 0.309283 0.316559 0.654930
v 0.500727 0.315699 0.519425
v 0.413699 0.249404 0.610352
v -0.309283 0.316559 -0.654930
v -0.500727 0.315699 -0.519425
v -0.413699 0.249404 -0.610353
v 0.508735 0.316559 -0.515537
v 0.592494 0.249404 -0.438893
v 0.644496 0.315699 -0.324275
v -0.563421 0.148959 0.254649
v -0.482920 0.131656 0.423809
v -0.224387 0.194460 0.318375
v -0.297415 0.182191 0.134423
v -0.387238 0.194460 -0.041938
v -0.637203 0.131656 0.082453
v -0.076224 0.117356 0.692000
v -0.416391 0.117356 0.563608
v -0.359526 0.093246 0.646300
v -0.140089 0.093246 0.729124
v 0.086578 0.197035 0.191557
v -0.224387 0.194460 0.318375
v -0.076224 0.117356 0.692000
v 0.273120 0.148959 0.604288
v -0.297415 0.182191 0.134423
v -0.224387 0.194460 0.318375
v 0.086578 0.197035 0.191557
v 0.000000 0.219348 0.000000
v -0.086578 0.197035 -0.191557
v -0.387238 0.194460 -0.041938
v -0.076224 0.117356 0.692000
v -0.224387 0.194460 0.318375
v -0.482920 0.131656 0.423809
v -0.416391 0.117356 0.563608
v 0.563421 0.148958 -0.254650
v 0.387238 0.194460 0.041938
v 0.637203 0.131656 -0.082453
v 0.297415 0.182191 -0.134423
v 0.224387 0.194460 -0.318375
v 0.482920 0.131656 -0.423809
v 0.569786 0.117356 0.400023
v 0.639850 0.093246 0.376614
v 0.722674 0.093246 0.157177
v 0.698178 0.117356 0.059855
v 0.086578 0.197035 0.191557
v 0.273120 0.148959 0.604288
v 0.569786 0.117356 0.400023
v 0.387238 0.194460 0.041938
v 0.297415 0.182191 -0.134423
v 0.086578 0.197035 0.191557
v 0.387238 0.194460 0.041938
v 0.000000 0.219348 0.000000
v -0.086578 0.197035 -0.191557
v 0.224387 0.194460 -0.318375
v 0.569786 0.117356 0.400023
v 0.698178 0.117356 0.059855
v 0.637203 0.131656 -0.082453
v 0.387238 0.194460 0.041938
v -0.569786 0.117356 -0.400023
v -0.639850 0.093246 -0.376614
v -0.722674 0.093246 -0.157178
v -0.698178 0.117356 -0.059855
v -0.086578 0.197035 -0.191557
v -0.273120 0.148958 -0.604288
v -0.569786 0.117356 -0.400023
v -0.387238 0.194460 -0.041938
v -0.569786 0.117356 -0.400023
v -0.698178 0.117356 -0.059855
v -0.637203 0.131656 0.082453
v -0.387238 0.194460 -0.041938
v 0.076224 0.117356 -0.692000
v 0.416391 0.117356 -0.563608
v 0.359526 0.093246 -0.646300
v 0.140089 0.093246 -0.729124
v -0.086578 0.197035 -0.191557
v 0.224387 0.194460 -0.318375
v 0.076224 0.117356 -0.692000
v -0.273120 0.148958 -0.604288
v 0.076224 0.117356 -0.692000
v 0.224387 0.194460 -0.318375
v 0.482920 0.131656 -0.423809
v 0.416391 0.117356 -0.563608
v -0.558578 0.130041 0.252461
v -0.221963 0.175317 0.314366
v -0.478780 0.112831 0.419089
v -0.294124 0.162985 0.132935
v -0.382628 0.175317 -0.041109
v -0.630924 0.112831 0.082465
v -0.074174 0.098716 0.684685
v -0.133574 0.076084 0.711862
v -0.353066 0.075224 0.629185
v -0.412702 0.099053 0.555657
v 0.085447 0.177671 0.189055
v 0.271217 0.129866 0.600078
v -0.074174 0.098716 0.684685
v -0.221963 0.175317 0.314366
v -0.294124 0.162985 0.132935
v 0.085447 0.177671 0.189055
v -0.221963 0.175317 0.314366
v 0.000000 0.199922 0.000000
v -0.085447 0.177671 -0.189055
v -0.382628 0.175317 -0.041109
v -0.074174 0.098716 0.684685
v -0.412702 0.099053 0.555657
v -0.478780 0.112831 0.419089
v -0.221963 0.175317 0.314366
v 0.558578 0.130041 -0.252461
v 0.630924 0.112831 -0.082465
v 0.382628 0.175317 0.041109
v 0.294124 0.162985 -0.132935
v 0.221963 0.175317 -0.314366
v 0.478780 0.112831 -0.419089
v 0.562940 0.098716 0.396728
v 0.689773 0.099053 0.057371
v 0.705559 0.075224 0.150718
v 0.622588 0.076084 0.370099
v 0.085447 0.177671 0.189055
v 0.382628 0.175317 0.041109
v 0.562940 0.098716 0.396728
v 0.271217 0.129866 0.600078
v 0.294124 0.162985 -0.132935
v 0.382628 0.175317 0.041109
v 0.085447 0.177671 0.189055
v 0.000000 0.199922 0.000000
v -0.085447 0.177671 -0.189055
v 0.221963 0.175317 -0.314366
v 0.562940 0.098716 0.396728
v 0.382628 0.175317 0.041109
v 0.630924 0.112831 -0.082465
v 0.689773 0.099053 0.057371
v -0.562940 0.098716 -0.396728
v -0.689773 0.099053 -0.057371
v -0.705559 0.075224 -0.150718
v -0.622588 0.076084 -0.370099
v -0.085447 0.177671 -0.189055
v -0.382628 0.175317 -0.041109
v -0.562940 0.098716 -0.396728
v -0.271217 0.129865 -0.600078
v -0.562940 0.098716 -0.396728
v -0.382628 0.175317 -0.041109
v -0.630924 0.112831 0.082465
v -0.689773 0.099053 -0.057371
v 0.074174 0.098716 -0.684685
v 0.133574 0.076084 -0.711862
v 0.353066 0.075224 -0.629185
v 0.412702 0.099053 -0.555657
v -0.085447 0.177671 -0.189055
v -0.271217 0.129865 -0.600078
v 0.074174 0.098716 -0.684685
v 0.221963 0.175317 -0.314366
v 0.074174 0.098716 -0.684685
v 0.412702 0.099053 -0.555657
v 0.478780 0.112831 -0.419089
v 0.221963 0.175317 -0.314366
v -0.076224 0.117356 0.692000
v -0.074174 0.098716 0.684685
v 0.271217 0.129866 0.600078
v 0.273120 0.148959 0.604288
v -0.140089 0.093246 0.729124
v -0.133574 0.076084 0.711862
v -0.074174 0.098716 0.684685
v -0.076224 0.117356 0.692000
v -0.416391 0.117356 0.563608
v -0.412702 0.099053 0.555657
v -0.353066 0.075224 0.629185
v -0.359526 0.093246 0.646300
v -0.359526 0.093246 0.646300
v -0.353066 0.075224 0.629185
v -0.245870 0.008929 0.695144
v -0.254350 0.014323 0.717611
v -0.254350 0.014323 0.717611
v -0.245870 0.008929 0.695144
v -0.133574 0.076084 0.711862
v -0.140089 0.093246 0.729124
v -0.482920 0.131656 0.423809
v -0.412702 0.099053 0.555657
v -0.416391 0.117356 0.563608
v -0.478780 0.112831 0.419089
v -0.563421 0.148959 0.254649
v -0.558578 0.130041 0.252461
v -0.637203 0.131656 0.082453
v -0.630924 0.112831 0.082465
v -0.698178 0.117356 -0.059855
v -0.689773 0.099053 -0.057371
v 0.273120 0.148959 0.604288
v 0.271217 0.129866 0.600078
v 0.562940 0.098716 0.396728
v 0.569786 0.117356 0.400023
v 0.569786 0.117356 0.400023
v 0.562940 0.098716 0.396728
v 0.622588 0.076084 0.370099
v 0.639850 0.093246 0.376614
v 0.722674 0.093246 0.157177
v 0.705559 0.075224 0.150718
v 0.689773 0.099053 0.057371
v 0.698178 0.117356 0.059855
v 0.706706 0.014323 0.283242
v 0.684239 0.008929 0.274762
v 0.705559 0.075224 0.150718
v 0.722674 0.093246 0.157177
v 0.639850 0.093246 0.376614
v 0.622588 0.076084 0.370099
v 0.684239 0.008929 0.274762
v 0.706706 0.014323 0.283242
v 0.698178 0.117356 0.059855
v 0.689773 0.099053 0.057371
v 0.630924 0.112831 -0.082465
v 0.637203 0.131656 -0.082453
v 0.558578 0.130041 -0.252461
v 0.563421 0.148958 -0.254650
v 0.478780 0.112831 -0.419089
v 0.482920 0.131656 -0.423809
v 0.412702 0.099053 -0.555657
v 0.416391 0.117356 -0.563608
v -0.273120 0.148958 -0.604288
v -0.271217 0.129865 -0.600078
v -0.562940 0.098716 -0.396728
v -0.569786 0.117356 -0.400023
v -0.569786 0.117356 -0.400023
v -0.562940 0.098716 -0.396728
v -0.622588 0.076084 -0.370099
v -0.639850 0.093246 -0.376614
v -0.722674 0.093246 -0.157178
v -0.705559 0.075224 -0.150718
v -0.689773 0.099053 -0.057371
v -0.698178 0.117356 -0.059855
v -0.706706 0.014323 -0.283242
v -0.684239 0.008929 -0.274762
v -0.705559 0.075224 -0.150718
v -0.722674 0.093246 -0.157178
v -0.639850 0.093246 -0.376614
v -0.622588 0.076084 -0.370099
v -0.684239 0.008929 -0.274762
v -0.706706 0.014323 -0.283242
v 0.076224 0.117356 -0.692000
v 0.074174 0.098716 -0.684685
v -0.271217 0.129865 -0.600078
v -0.273120 0.148958 -0.604288
v 0.140089 0.093246 -0.729124
v 0.133574 0.076084 -0.711862
v 0.074174 0.098716 -0.684685
v 0.076224 0.117356 -0.692000
v 0.416391 0.117356 -0.563608
v 0.412702 0.099053 -0.555657
v 0.353066 0.075224 -0.629185
v 0.359526 0.093246 -0.646300
v 0.359526 0.093246 -0.646300
v 0.353066 0.075224 -0.629185
v 0.245870 0.008929 -0.695144
v 0.254350 0.014323 -0.717611
v 0.254350 0.014323 -0.717611
v 0.245870 0.008929 -0.695144
v 0.133574 0.076084 -0.711862
v 0.140089 0.093246 -0.729124
v -0.609509 0.389433 -0.103863
v -0.637338 0.372130 0.081396
v -0.364039 0.434935 0.138519
v -0.321744 0.422666 -0.054826
v -0.297618 0.434934 -0.251268
v -0.574412 0.372130 -0.287883
v -0.450081 0.357831 0.531132
v -0.660337 0.357831 0.234500
v -0.659421 0.333721 0.334853
v -0.523787 0.333721 0.526206
v -0.035312 0.437509 0.207227
v -0.364039 0.434935 0.138519
v -0.450081 0.357831 0.531132
v -0.111396 0.389433 0.653720
v -0.321744 0.422666 -0.054826
v -0.364039 0.434935 0.138519
v -0.035312 0.437509 0.207227
v 0.000000 0.459822 0.000000
v 0.035312 0.437509 -0.207227
v -0.297618 0.434934 -0.251268
v -0.450081 0.357831 0.531132
v -0.364039 0.434935 0.138519
v -0.637338 0.372130 0.081396
v -0.660337 0.357831 0.234500
v 0.609509 0.389433 0.103863
v 0.297618 0.434935 0.251268
v 0.574412 0.372130 0.287883
v 0.321744 0.422666 0.054826
v 0.364039 0.434934 -0.138519
v 0.637338 0.372130 -0.081396
v 0.248774 0.357831 0.650219
v 0.319952 0.333721 0.669983
v 0.511305 0.333721 0.534349
v 0.545406 0.357831 0.439963
v -0.035312 0.437509 0.207227
v -0.111396 0.389433 0.653720
v 0.248774 0.357831 0.650219
v 0.297618 0.434935 0.251268
v 0.321744 0.422666 0.054826
v -0.035312 0.437509 0.207227
v 0.297618 0.434935 0.251268
v 0.000000 0.459822 0.000000
v 0.035312 0.437509 -0.207227
v 0.364039 0.434934 -0.138519
v 0.248774 0.357831 0.650219
v 0.545406 0.357831 0.439963
v 0.574412 0.372130 0.287883
v 0.297618 0.434935 0.251268
v -0.248774 0.357831 -0.650219
v -0.319952 0.333720 -0.669983
v -0.511305 0.333720 -0.534350
v -0.545406 0.357831 -0.439963
v 0.035312 0.437509 -0.207227
v 0.111396 0.389433 -0.653720
v -0.248774 0.357831 -0.650219
v -0.297618 0.434934 -0.251268
v -0.248774 0.357831 -0.650219
v -0.545406 0.357831 -0.439963
v -0.574412 0.372130 -0.287883
v -0.297618 0.434934 -0.251268
v 0.450081 0.357831 -0.531132
v 0.660337 0.357831 -0.234500
v 0.659421 0.333721 -0.334854
v 0.523787 0.333720 -0.526206
v 0.035312 0.437509 -0.207227
v 0.364039 0.434934 -0.138519
v 0.450081 0.357831 -0.531132
v 0.111396 0.389433 -0.653720
v 0.450081 0.357831 -0.531132
v 0.364039 0.434934 -0.138519
v 0.637338 0.372130 -0.081396
v 0.660337 0.357831 -0.234500
v -0.604270 0.370516 -0.102970
v -0.359789 0.415791 0.136551
v -0.631267 0.353306 0.079797
v -0.318183 0.403460 -0.054220
v -0.294259 0.415791 -0.248003
v -0.569213 0.353306 -0.284363
v -0.444291 0.339191 0.526213
v -0.508735 0.316559 0.515537
v -0.644496 0.315699 0.324275
v -0.652833 0.339527 0.229971
v -0.034851 0.418146 0.204520
v -0.110620 0.370340 0.649165
v -0.444291 0.339191 0.526213
v -0.359789 0.415791 0.136551
v -0.318183 0.403460 -0.054220
v -0.034851 0.418146 0.204520
v -0.359789 0.415791 0.136551
v 0.000000 0.440397 0.000000
v 0.034851 0.418146 -0.204520
v -0.294259 0.415791 -0.248003
v -0.444291 0.339191 0.526213
v -0.652833 0.339527 0.229971
v -0.631267 0.353306 0.079797
v -0.359789 0.415791 0.136551
v 0.604270 0.370516 0.102970
v 0.569213 0.353306 0.284363
v 0.294259 0.415791 0.248003
v 0.318183 0.403460 0.054220
v 0.359789 0.415791 -0.136551
v 0.631268 0.353306 -0.079797
v 0.244940 0.339191 0.643661
v 0.539826 0.339527 0.433204
v 0.500727 0.315699 0.519425
v 0.309283 0.316559 0.654930
v -0.034851 0.418146 0.204520
v 0.294259 0.415791 0.248003
v 0.244940 0.339191 0.643661
v -0.110620 0.370340 0.649165
v 0.318183 0.403460 0.054220
v 0.294259 0.415791 0.248003
v -0.034851 0.418146 0.204520
v 0.000000 0.440397 0.000000
v 0.034851 0.418146 -0.204520
v 0.359789 0.415791 -0.136551
v 0.244940 0.339191 0.643661
v 0.294259 0.415791 0.248003
v 0.569213 0.353306 0.284363
v 0.539826 0.339527 0.433204
v -0.244940 0.339191 -0.643661
v -0.539826 0.339527 -0.433204
v -0.500727 0.315699 -0.519425
v -0.309283 0.316559 -0.654930
v 0.034851 0.418146 -0.204520
v -0.294259 0.415791 -0.248003
v -0.244940 0.339191 -0.643661
v 0.110620 0.370340 -0.649165
v -0.244940 0.339191 -0.643661
v -0.294259 0.415791 -0.248003
v -0.569213 0.353306 -0.284363
v -0.539826 0.339527 -0.433204
v 0.444291 0.339191 -0.526213
v 0.508735 0.316559 -0.515537
v 0.644496 0.315699 -0.324275
v 0.652833 0.339527 -0.229971
v 0.034851 0.418146 -0.204520
v 0.110620 0.370340 -0.649165
v 0.444291 0.339191 -0.526213
v 0.359789 0.415791 -0.136551
v 0.444291 0.339191 -0.526213
v 0.652833 0.339527 -0.229971
v 0.631268 0.353306 -0.079797
v 0.359789 0.415791 -0.136551
v -0.450081 0.357831 0.531132
v -0.444291 0.339191 0.526213
v -0.110620 0.370340 0.649165
v -0.111396 0.389433 0.653720
v -0.523787 0.333721 0.526206
v -0.508735 0.316559 0.515537
v -0.444291 0.339191 0.526213
v -0.450081 0.357831 0.531132
v -0.660337 0.357831 0.234500
v -0.652833 0.339527 0.229971
v -0.644496 0.315699 0.324275
v -0.659421 0.333721 0.334853
v -0.659421 0.333721 0.334853
v -0.644496 0.315699 0.324275
v -0.592494 0.249404 0.438893
v -0.612086 0.254798 0.452780
v -0.612086 0.254798 0.452780
v -0.592494 0.249404 0.438893
v -0.508735 0.316559 0.515537
v -0.523787 0.333721 0.526206
v -0.637338 0.372130 0.081396
v -0.652833 0.339527 0.229971
v -0.660337 0.357831 0.234500
v -0.631267 0.353306 0.079797
v -0.609509 0.389433 -0.103863
v -0.604270 0.370516 -0.102970
v -0.574412 0.372130 -0.287883
v -0.569213 0.353306 -0.284363
v -0.545406 0.357831 -0.439963
v -0.539826 0.339527 -0.433204
v -0.111396 0.389433 0.653720
v -0.110620 0.370340 0.649165
v 0.244940 0.339191 0.643661
v 0.248774 0.357831 0.650219
v 0.248774 0.357831 0.650219
v 0.244940 0.339191 0.643661
v 0.309283 0.316559 0.654930
v 0.319952 0.333721 0.669983
v 0.511305 0.333721 0.534349
v 0.500727 0.315699 0.519425
v 0.539826 0.339527 0.433204
v 0.545406 0.357831 0.439963
v 0.427586 0.254798 0.629944
v 0.413699 0.249404 0.610352
v 0.500727 0.315699 0.519425
v 0.511305 0.333721 0.534349
v 0.319952 0.333721 0.669983
v 0.309283 0.316559 0.654930
v 0.413699 0.249404 0.610352
v 0.427586 0.254798 0.629944
v 0.545406 0.357831 0.439963
v 0.539826 0.339527 0.433204
v 0.569213 0.353306 0.284363
v 0.574412 0.372130 0.287883
v 0.604270 0.370516 0.102970
v 0.609509 0.389433 0.103863
v 0.631268 0.353306 -0.079797
v 0.637338 0.372130 -0.081396
v 0.652833 0.339527 -0.229971
v 0.660337 0.357831 -0.234500
v 0.111396 0.389433 -0.653720
v 0.110620 0.370340 -0.649165
v -0.244940 0.339191 -0.643661
v -0.248774 0.357831 -0.650219
v -0.248774 0.357831 -0.650219
v -0.244940 0.339191 -0.643661
v -0.309283 0.316559 -0.654930
v -0.319952 0.333720 -0.669983
v -0.511305 0.333720 -0.534350
v -0.500727 0.315699 -0.519425
v -0.539826 0.339527 -0.433204
v -0.545406 0.357831 -0.439963
v -0.427586 0.254798 -0.629944
v -0.413699 0.249404 -0.610353
v -0.500727 0.315699 -0.519425
v -0.511305 0.333720 -0.534350
v -0.319952 0.333720 -0.669983
v -0.309283 0.316559 -0.654930
v -0.413699 0.249404 -0.610353
v -0.427586 0.254798 -0.629944
v 0.450081 0.357831 -0.531132
v 0.444291 0.339191 -0.526213
v 0.110620 0.370340 -0.649165
v 0.111396 0.389433 -0.653720
v 0.523787 0.333720 -0.526206
v 0.508735 0.316559 -0.515537
v 0.444291 0.339191 -0.526213
v 0.450081 0.357831 -0.531132
v 0.660337 0.357831 -0.234500
v 0.652833 0.339527 -0.229971
v 0.644496 0.315699 -0.324275
v 0.659421 0.333721 -0.334854
v 0.659421 0.333721 -0.334854
v 0.644496 0.315699 -0.324275
v 0.592494 0.249404 -0.438893
v 0.612086 0.254798 -0.452780
v 0.612086 0.254798 -0.452780
v 0.592494 0.249404 -0.438893
v 0.508735 0.316559 -0.515537
v 0.523787 0.333720 -0.526206
v 0.383932 0.576771 0.539735
v 0.211782 0.679324 0.299599
v -0.016443 0.580092 0.639214
v 0.211782 0.679324 0.299599
v -0.231750 0.701641 0.327272
v -0.000219 0.779456 0.002095
v 0.019795 0.608961 -0.704636
v 0.010520 0.693553 -0.383795
v 0.400531 0.643081 -0.564803
v -0.231750 0.701641 0.327272
v -0.000219 0.779456 0.002095
v -0.365015 0.741736 -0.102793
v -0.599137 0.587386 0.226153
v -0.365015 0.741736 -0.102793
v -0.619500 0.572527 -0.179632
v -0.365015 0.741736 -0.102793
v -0.000219 0.779456 0.002095
v 0.010520 0.693553 -0.383795
v -0.365015 0.741736 -0.102793
v 0.010520 0.693553 -0.383795
v -0.352669 0.603863 -0.502470
v -0.352669 0.603863 -0.502470
v 0.010520 0.693553 -0.383795
v 0.019795 0.608961 -0.704636
v 0.010520 0.693553 -0.383795
v -0.000219 0.779456 0.002095
v 0.359311 0.689187 -0.136544
v 0.010520 0.693553 -0.383795
v 0.359311 0.689187 -0.136544
v 0.400531 0.643081 -0.564803
v 0.359311 0.689187 -0.136544
v -0.000219 0.779456 0.002095
v 0.211782 0.679324 0.299599
v 0.359311 0.689187 -0.136544
v 0.211782 0.679324 0.299599
v 0.607033 0.613476 0.171158
v 0.607033 0.613476 0.171158
v 0.211782 0.679324 0.299599
v 0.383932 0.576771 0.539735
v -0.016443 0.580092 0.639214
v -0.231750 0.701641 0.327272
v -0.411056 0.571689 0.578055
v -0.581365 0.457374 0.450177
v -0.411056 0.571689 0.578055
v -0.599137 0.587386 0.226153
v -0.581365 0.457374 0.450177
v -0.599137 0.587386 0.226153
v -0.704660 0.466091 0.031528
v -0.704660 0.466091 0.031528
v -0.599137 0.587386 0.226153
v -0.619500 0.572527 -0.179632
v -0.588561 0.499781 -0.420639
v -0.352669 0.603863 -0.502470
v -0.198523 0.482967 -0.681617
v -0.198523 0.482967 -0.681617
v -0.352669 0.603863 -0.502470
v 0.019795 0.608961 -0.704636
v 0.240818 0.487712 -0.712930
v 0.019795 0.608961 -0.704636
v 0.400531 0.643081 -0.564803
v 0.240818 0.487712 -0.712930
v 0.400531 0.643081 -0.564803
v 0.583303 0.480353 -0.458643
v 0.583303 0.480353 -0.458643
v 0.400531 0.643081 -0.564803
v 0.631812 0.576669 -0.242789
v 0.735683 0.480527 -0.040942
v 0.631812 0.576669 -0.242789
v 0.607033 0.613476 0.171158
v 0.735683 0.480527 -0.040942
v 0.607033 0.613476 0.171158
v 0.568001 0.464662 0.397654
v 0.568001 0.464662 0.397654
v 0.607033 0.613476 0.171158
v 0.383932 0.576771 0.539735
v 0.217326 0.472449 0.733658
v 0.383932 0.576771 0.539735
v -0.016443 0.580092 0.639214
v 0.217326 0.472449 0.733658
v -0.016443 0.580092 0.639214
v -0.239301 0.456210 0.706476
v -0.239301 0.456210 0.706476
v -0.016443 0.580092 0.639214
v -0.411056 0.571689 0.578055
v -0.704660 0.466091 0.031528
v -0.619500 0.572527 -0.179632
v -0.588561 0.499781 -0.420639
v 0.583303 0.480353 -0.458643
v 0.631812 0.576669 -0.242789
v 0.735683 0.480527 -0.040942
v 0.568001 0.464662 0.397654
v 0.383932 0.576771 0.539735
v 0.217326 0.472449 0.733658
v -0.239301 0.456210 0.706476
v -0.411056 0.571689 0.578055
v -0.581365 0.457374 0.450177
v 0.213956 -0.259885 0.659276
v 0.123078 -0.388168 0.377932
v 0.533113 -0.284238 0.387511
v -0.571661 -0.270801 0.415146
v -0.318985 -0.375449 0.231958
v -0.203983 -0.284239 0.627006
v -0.592634 -0.292411 -0.430379
v -0.320035 -0.381468 -0.232721
v -0.659527 -0.284238 0.000000
v 0.225833 -0.292177 -0.695861
v 0.123284 -0.391238 -0.378563
v -0.203983 -0.284239 -0.627006
v 0.692952 -0.259884 0.000000
v 0.394918 -0.375448 0.000000
v 0.535087 -0.287012 -0.388945
v 0.394918 -0.375448 0.000000
v 0.000281 -0.417732 0.000000
v 0.123284 -0.391238 -0.378563
v 0.394918 -0.375448 0.000000
v 0.123284 -0.391238 -0.378563
v 0.535087 -0.287012 -0.388945
v 0.535087 -0.287012 -0.388945
v 0.123284 -0.391238 -0.378563
v 0.225833 -0.292177 -0.695861
v 0.123284 -0.391238 -0.378563
v 0.000281 -0.417732 0.000000
v -0.320035 -0.381468 -0.232721
v -0.320035 -0.381468 -0.232721
v 0.000281 -0.417732 0.000000
v -0.318985 -0.375449 0.231958
v -0.320035 -0.381468 -0.232721
v -0.318985 -0.375449 0.231958
v -0.659527 -0.284238 0.000000
v -0.659527 -0.284238 0.000000
v -0.318985 -0.375449 0.231958
v -0.571661 -0.270801 0.415146
v -0.318985 -0.375449 0.231958
v 0.000281 -0.417732 0.000000
v 0.123078 -0.388168 0.377932
v -0.318985 -0.375449 0.231958
v 0.123078 -0.388168 0.377932
v -0.203983 -0.284239 0.627006
v -0.203983 -0.284239 0.627006
v 0.123078 -0.388168 0.377932
v 0.213956 -0.259885 0.659276
v 0.123078 -0.388168 0.377932
v 0.000281 -0.417732 0.000000
v 0.394918 -0.375448 0.000000
v 0.123078 -0.388168 0.377932
v 0.394918 -0.375448 0.000000
v 0.533113 -0.284238 0.387511
v 0.533113 -0.284238 0.387511
v 0.394918 -0.375448 0.000000
v 0.692952 -0.259884 0.000000
v 0.726233 -0.164599 -0.236053
v 0.692952 -0.259884 0.000000
v 0.535087 -0.287012 -0.388945
v 0.726233 -0.164599 -0.236053
v 0.535087 -0.287012 -0.388945
v 0.437758 -0.159056 -0.601935
v 0.437758 -0.159056 -0.601935
v 0.535087 -0.287012 -0.388945
v 0.225833 -0.292177 -0.695861
v -0.000007 -0.170048 -0.782331
v 0.225833 -0.292177 -0.695861
v -0.203983 -0.284239 -0.627006
v -0.000007 -0.170048 -0.782331
v -0.203983 -0.284239 -0.627006
v -0.436906 -0.159056 -0.601935
v -0.436906 -0.159056 -0.601935
v -0.203983 -0.284239 -0.627006
v -0.592634 -0.292411 -0.430379
v -0.707192 -0.159056 -0.229916
v -0.592634 -0.292411 -0.430379
v -0.659527 -0.284238 0.000000
v -0.707192 -0.159056 -0.229916
v -0.659527 -0.284238 0.000000
v -0.707192 -0.159056 0.229916
v -0.707192 -0.159056 0.229916
v -0.659527 -0.284238 0.000000
v -0.571661 -0.270801 0.415146
v -0.436906 -0.159056 0.601935
v -0.571661 -0.270801 0.415146
v -0.203983 -0.284239 0.627006
v -0.436906 -0.159056 0.601935
v -0.203983 -0.284239 0.627006
v 0.000358 -0.160794 0.750089
v 0.000358 -0.160794 0.750089
v -0.203983 -0.284239 0.627006
v 0.213956 -0.259885 0.659276
v 0.459929 -0.169758 0.631727
v 0.213956 -0.259885 0.659276
v 0.533113 -0.284238 0.387511
v 0.459929 -0.169758 0.631727
v 0.533113 -0.284238 0.387511
v 0.730203 -0.165810 0.237393
v 0.730203 -0.165810 0.237393
v 0.533113 -0.284238 0.387511
v 0.692952 -0.259884 0.000000
v 0.437758 -0.159056 -0.601935
v 0.225833 -0.292177 -0.695861
v -0.000007 -0.170048 -0.782331
v -0.436906 -0.159056 -0.601935
v -0.592634 -0.292411 -0.430379
v -0.707192 -0.159056 -0.229916
v 0.000358 -0.160794 0.750089
v 0.213956 -0.259885 0.659276
v 0.459929 -0.169758 0.631727
v 0.730203 -0.165810 0.237393
v 0.692952 -0.259884 0.000000
v 0.726233 -0.164599 -0.236053
v 0.631812 0.576669 -0.242789
v 0.359311 0.689187 -0.136544
v 0.607033 0.613476 0.171158
v 0.400531 0.643081 -0.564803
v -0.619500 0.572527 -0.179632
v -0.365015 0.741736 -0.102793
v -0.352669 0.603863 -0.502470
v -0.588561 0.499781 -0.420639
v -0.411056 0.571689 0.578055
v -0.231750 0.701641 0.327272
v -0.599137 0.587386 0.226153
v -0.365015 0.741736 -0.102793
v -0.198523 0.482967 -0.681617
v 0.019795 0.608961 -0.704636
v 0.240818 0.487712 -0.712930
v -0.198342 0.438724 -0.682535
v 0.237979 0.439887 -0.705278
v -0.588561 0.499781 -0.420639
v -0.574861 0.413162 -0.413915
v -0.704479 0.421847 0.030610
v -0.704660 0.466091 0.031528
v -0.704660 0.466091 0.031528
v -0.704479 0.421847 0.030610
v -0.581184 0.413131 0.449258
v -0.581365 0.457374 0.450177
v -0.198523 0.482967 -0.681617
v -0.198342 0.438724 -0.682535
v -0.574861 0.413162 -0.413915
v -0.588561 0.499781 -0.420639
v 0.735683 0.480527 -0.040942
v 0.766598 0.374774 -0.045029
v 0.609877 0.408392 -0.480653
v 0.583303 0.480353 -0.458643
v 0.217326 0.472449 0.733658
v 0.200642 0.410516 0.672232
v 0.560667 0.417480 0.391476
v 0.568001 0.464662 0.397654
v 0.583303 0.480353 -0.458643
v 0.609877 0.408392 -0.480653
v 0.237979 0.439887 -0.705278
v 0.240818 0.487712 -0.712930
v 0.568001 0.464662 0.397654
v 0.560667 0.417480 0.391476
v 0.766598 0.374774 -0.045029
v 0.735683 0.480527 -0.040942
v -0.581365 0.457374 0.450177
v -0.581184 0.413131 0.449258
v -0.245556 0.381140 0.723935
v -0.239301 0.456210 0.706476
v -0.239301 0.456210 0.706476
v -0.245556 0.381140 0.723935
v 0.200642 0.410516 0.672232
v 0.217326 0.472449 0.733658
v -0.581184 0.413131 0.449258
v -0.704479 0.421847 0.030610
v -0.574861 0.413162 -0.413915
v -0.245556 0.381140 0.723935
v -0.198342 0.438724 -0.682535
v 0.200642 0.410516 0.672232
v 0.237979 0.439887 -0.705278
v 0.560667 0.417480 0.391476
v 0.609877 0.408392 -0.480653
v 0.766598 0.374774 -0.045029
v 0.123284 -0.391238 -0.378563
v -0.320035 -0.381468 -0.232721
v -0.203983 -0.284239 -0.627006
v -0.592634 -0.292411 -0.430379
v -0.707192 -0.159056 0.229916
v -0.571661 -0.270801 0.415146
v -0.436906 -0.159056 0.601935
v -0.707192 -0.114802 0.229916
v -0.436906 -0.114802 0.601935
v -0.000007 -0.170048 -0.782331
v 0.000426 -0.075405 -0.790870
v 0.454468 -0.090887 -0.624936
v 0.437758 -0.159056 -0.601935
v -0.707192 -0.159056 -0.229916
v -0.707192 -0.114802 -0.229916
v -0.436906 -0.114802 -0.601935
v -0.436906 -0.159056 -0.601935
v 0.437758 -0.159056 -0.601935
v 0.454468 -0.090887 -0.624936
v 0.708044 -0.114802 -0.229916
v 0.726233 -0.164599 -0.236053
v -0.436906 -0.159056 -0.601935
v -0.436906 -0.114802 -0.601935
v 0.000426 -0.075405 -0.790870
v -0.000007 -0.170048 -0.782331
v 0.459929 -0.169758 0.631727
v 0.437758 -0.114802 0.601935
v 0.000426 -0.110498 0.749149
v 0.000358 -0.160794 0.750089
v -0.707192 -0.159056 0.229916
v -0.707192 -0.114802 0.229916
v -0.707192 -0.114802 -0.229916
v -0.707192 -0.159056 -0.229916
v 0.000358 -0.160794 0.750089
v 0.000426 -0.110498 0.749149
v -0.436906 -0.114802 0.601935
v -0.436906 -0.159056 0.601935
v 0.726233 -0.164599 -0.236053
v 0.708044 -0.114802 -0.229916
v 0.733300 -0.092465 0.238121
v 0.730203 -0.165810 0.237393
v 0.730203 -0.165810 0.237393
v 0.733300 -0.092465 0.238121
v 0.437758 -0.114802 0.601935
v 0.459929 -0.169758 0.631727
v -0.436906 -0.114802 -0.601935
v -0.707192 -0.114802 -0.229916
v -0.707192 -0.114802 0.229916
v -0.436906 -0.114802 0.601935
v 0.000426 -0.075405 -0.790870
v 0.000426 -0.110498 0.749149
v 0.454468 -0.090887 -0.624936
v 0.437758 -0.114802 0.601935
v 0.733300 -0.092465 0.238121
v 0.708044 -0.114802 -0.229916
v -0.275967 0.710771 0.050543
v -0.250479 0.714740 0.043154
v -0.263472 0.741733 0.036172
v -0.277014 0.739624 0.040098
v -0.250479 0.714740 0.043154
v -0.264631 0.725849 -0.018353
v -0.270991 0.747634 0.003495
v -0.263472 0.741733 0.036172
v -0.264631 0.725849 -0.018353
v -0.290119 0.721879 -0.010963
v -0.284532 0.745526 0.007421
v -0.270991 0.747634 0.003495
v -0.290119 0.721879 -0.010963
v -0.275967 0.710771 0.050543
v -0.277014 0.739624 0.040098
v -0.284532 0.745526 0.007421
v -0.270991 0.747634 0.003495
v -0.284532 0.745526 0.007421
v -0.277014 0.739624 0.040098
v -0.263472 0.741733 0.036172
v -0.406677 0.674975 0.078098
v -0.383478 0.677869 0.088620
v -0.389670 0.706554 0.078526
v -0.401996 0.705016 0.072935
v -0.383478 0.677869 0.088620
v -0.357326 0.698350 0.030555
v -0.375776 0.717435 0.047677
v -0.389670 0.706554 0.078526
v -0.357326 0.698350 0.030555
v -0.380526 0.695456 0.020033
v -0.388102 0.715897 0.042087
v -0.375776 0.717435 0.047677
v -0.380526 0.695456 0.020033
v -0.406677 0.674975 0.078098
v -0.401996 0.705016 0.072935
v -0.388102 0.715897 0.042087
v -0.375776 0.717435 0.047677
v -0.388102 0.715897 0.042087
v -0.401996 0.705016 0.072935
v -0.389670 0.706554 0.078526
v -0.252272 0.644015 -0.357256
v -0.227630 0.645322 -0.368513
v -0.242819 0.665216 -0.385013
v -0.255910 0.664522 -0.379032
v -0.227630 0.645322 -0.368513
v -0.247780 0.625033 -0.425523
v -0.253524 0.654437 -0.415301
v -0.242819 0.665216 -0.385013
v -0.247780 0.625033 -0.425523
v -0.272421 0.623726 -0.414265
v -0.266616 0.653743 -0.409320
v -0.253524 0.654437 -0.415301
v -0.272421 0.623726 -0.414265
v -0.252272 0.644015 -0.357256
v -0.255910 0.664522 -0.379032
v -0.266616 0.653743 -0.409320
v -0.253524 0.654437 -0.415301
v -0.266616 0.653743 -0.409320
v -0.255910 0.664522 -0.379032
v -0.242819 0.665216 -0.385013
v 0.222338 0.650503 -0.368458
v 0.203059 0.657644 -0.349990
v 0.222059 0.681765 -0.350406
v 0.232301 0.677971 -0.360218
v 0.203059 0.657644 -0.349990
v 0.245174 0.661400 -0.304579
v 0.244434 0.683761 -0.326281
v 0.222059 0.681765 -0.350406
v 0.245174 0.661400 -0.304579
v 0.264452 0.654259 -0.323047
v 0.254676 0.679967 -0.336092
v 0.244434 0.683761 -0.326281
v 0.264452 0.654259 -0.323047
v 0.222338 0.650503 -0.368458
v 0.232301 0.677971 -0.360218
v 0.254676 0.679967 -0.336092
v 0.244434 0.683761 -0.326281
v 0.254676 0.679967 -0.336092
v 0.232301 0.677971 -0.360218
v 0.222059 0.681765 -0.350406
v 0.387388 0.661776 -0.004885
v 0.362047 0.665570 -0.004384
v 0.374523 0.677391 0.011550
v 0.387986 0.675376 0.011284
v 0.362047 0.665570 -0.004384
v 0.357605 0.663999 0.060923
v 0.372163 0.676557 0.046246
v 0.374523 0.677391 0.011550
v 0.357605 0.663999 0.060923
v 0.382945 0.660205 0.060421
v 0.385626 0.674541 0.045980
v 0.372163 0.676557 0.046246
v 0.382945 0.660205 0.060421
v 0.387388 0.661776 -0.004885
v 0.387986 0.675376 0.011284
v 0.385626 0.674541 0.045980
v 0.372163 0.676557 0.046246
v 0.385626 0.674541 0.045980
v 0.387986 0.675376 0.011284
v 0.374523 0.677391 0.011550
v -0.017925 0.636365 0.403814
v -0.010338 0.647818 0.379962
v -0.026439 0.670172 0.394850
v -0.030469 0.664087 0.407522
v -0.010338 0.647818 0.379962
v -0.071291 0.656291 0.367872
v -0.058822 0.674673 0.388427
v -0.026439 0.670172 0.394850
v -0.071291 0.656291 0.367872
v -0.078877 0.644838 0.391725
v -0.062852 0.668589 0.401099
v -0.058822 0.674673 0.388427
v -0.078877 0.644838 0.391725
v -0.017925 0.636365 0.403814
v -0.030469 0.664087 0.407522
v -0.062852 0.668589 0.401099
v -0.058822 0.674673 0.388427
v -0.062852 0.668589 0.401099
v -0.030469 0.664087 0.407522
v -0.026439 0.670172 0.394850
v 0.009870 0.702817 -0.251199
v 0.026989 0.705355 -0.232267
v 0.036059 0.726478 -0.253512
v 0.026964 0.725130 -0.263570
v 0.026989 0.705355 -0.232267
v 0.074741 0.689969 -0.276474
v 0.061429 0.718304 -0.276997
v 0.036059 0.726478 -0.253512
v 0.074741 0.689969 -0.276474
v 0.057622 0.687432 -0.295405
v 0.052334 0.716956 -0.287055
v 0.061429 0.718304 -0.276997
v 0.057622 0.687432 -0.295405
v 0.009870 0.702817 -0.251199
v 0.026964 0.725130 -0.263570
v 0.052334 0.716956 -0.287055
v 0.061429 0.718304 -0.276997
v 0.052334 0.716956 -0.287055
v 0.026964 0.725130 -0.263570
v 0.036059 0.726478 -0.253512
v 0.222875 0.697830 -0.158941
v 0.208961 0.702390 -0.135498
v 0.231209 0.716902 -0.135738
v 0.238601 0.714479 -0.148193
v 0.208961 0.702390 -0.135498
v 0.260291 0.693436 -0.103504
v 0.258480 0.712144 -0.118740
v 0.231209 0.716902 -0.135738
v 0.260291 0.693436 -0.103504
v 0.274206 0.688875 -0.126947
v 0.265872 0.709721 -0.131195
v 0.258480 0.712144 -0.118740
v 0.274206 0.688875 -0.126947
v 0.222875 0.697830 -0.158941
v 0.238601 0.714479 -0.148193
v 0.265872 0.709721 -0.131195
v 0.258480 0.712144 -0.118740
v 0.265872 0.709721 -0.131195
v 0.238601 0.714479 -0.148193
v 0.231209 0.716902 -0.135738
v 0.129304 0.680749 0.246272
v 0.113997 0.691149 0.228063
v 0.112757 0.712515 0.250438
v 0.120889 0.706990 0.260112
v 0.113997 0.691149 0.228063
v 0.064466 0.691186 0.272926
v 0.086442 0.712535 0.274273
v 0.112757 0.712515 0.250438
v 0.064466 0.691186 0.272926
v 0.079773 0.680786 0.291135
v 0.094575 0.707010 0.283947
v 0.086442 0.712535 0.274273
v 0.079773 0.680786 0.291135
v 0.129304 0.680749 0.246272
v 0.120889 0.706990 0.260112
v 0.094575 0.707010 0.283947
v 0.086442 0.712535 0.274273
v 0.094575 0.707010 0.283947
v 0.120889 0.706990 0.260112
v 0.112757 0.712515 0.250438
v 0.228513 0.581292 0.499960
v 0.213542 0.591963 0.481589
v 0.212405 0.613318 0.503971
v 0.220359 0.607649 0.513731
v 0.213542 0.591963 0.481589
v 0.163636 0.592750 0.525994
v 0.185891 0.613736 0.527563
v 0.212405 0.613318 0.503971
v 0.163636 0.592750 0.525994
v 0.178607 0.582079 0.544365
v 0.193845 0.608067 0.537323
v 0.185891 0.613736 0.527563
v 0.178607 0.582079 0.544365
v 0.228513 0.581292 0.499960
v 0.220359 0.607649 0.513731
v 0.193845 0.608067 0.537323
v 0.185891 0.613736 0.527563
v 0.193845 0.608067 0.537323
v 0.220359 0.607649 0.513731
v 0.212405 0.613318 0.503971
v -0.154905 0.594991 0.519304
v -0.156938 0.609929 0.496883
v -0.170126 0.627589 0.519187
v -0.169046 0.619653 0.531098
v -0.156938 0.609929 0.496883
v -0.220371 0.609027 0.507324
v -0.203827 0.627110 0.524734
v -0.170126 0.627589 0.519187
v -0.220371 0.609027 0.507324
v -0.218338 0.594089 0.529744
v -0.202747 0.619174 0.536645
v -0.203827 0.627110 0.524734
v -0.218338 0.594089 0.529744
v -0.154905 0.594991 0.519304
v -0.169046 0.619653 0.531098
v -0.202747 0.619174 0.536645
v -0.203827 0.627110 0.524734
v -0.202747 0.619174 0.536645
v -0.169046 0.619653 0.531098
v -0.170126 0.627589 0.519187
v -0.426589 0.610073 0.329428
v -0.414395 0.619251 0.306341
v -0.438254 0.637806 0.310883
v -0.444732 0.632930 0.323149
v -0.414395 0.619251 0.306341
v -0.466455 0.606046 0.275207
v -0.465912 0.630790 0.294342
v -0.438254 0.637806 0.310883
v -0.466455 0.606046 0.275207
v -0.478650 0.596868 0.298294
v -0.472391 0.625914 0.306608
v -0.465912 0.630790 0.294342
v -0.478650 0.596868 0.298294
v -0.426589 0.610073 0.329428
v -0.444732 0.632930 0.323149
v -0.472391 0.625914 0.306608
v -0.465912 0.630790 0.294342
v -0.472391 0.625914 0.306608
v -0.444732 0.632930 0.323149
v -0.438254 0.637806 0.310883
v -0.481914 0.604483 -0.295438
v -0.456310 0.609632 -0.294195
v -0.464402 0.624716 -0.316317
v -0.478006 0.621980 -0.316977
v -0.456310 0.609632 -0.294195
v -0.445365 0.592870 -0.356625
v -0.458588 0.615810 -0.349485
v -0.464402 0.624716 -0.316317
v -0.445365 0.592870 -0.356625
v -0.470970 0.587721 -0.357868
v -0.472191 0.613074 -0.350145
v -0.458588 0.615810 -0.349485
v -0.470970 0.587721 -0.357868
v -0.481914 0.604483 -0.295438
v -0.478006 0.621980 -0.316977
v -0.472191 0.613074 -0.350145
v -0.458588 0.615810 -0.349485
v -0.472191 0.613074 -0.350145
v -0.478006 0.621980 -0.316977
v -0.464402 0.624716 -0.316317
v 0.085628 0.611948 -0.555252
v 0.094366 0.613894 -0.530621
v 0.110719 0.634732 -0.547360
v 0.106077 0.633698 -0.560446
v 0.094366 0.613894 -0.530621
v 0.152818 0.596986 -0.555163
v 0.141774 0.625749 -0.560399
v 0.110719 0.634732 -0.547360
v 0.152818 0.596986 -0.555163
v 0.144080 0.595040 -0.579794
v 0.137132 0.624715 -0.573484
v 0.141774 0.625749 -0.560399
v 0.144080 0.595040 -0.579794
v 0.085628 0.611948 -0.555252
v 0.106077 0.633698 -0.560446
v 0.137132 0.624715 -0.573484
v 0.141774 0.625749 -0.560399
v 0.137132 0.624715 -0.573484
v 0.106077 0.633698 -0.560446
v 0.110719 0.634732 -0.547360
v 0.571847 0.561859 -0.337609
v 0.561713 0.582797 -0.322543
v 0.591025 0.588239 -0.324803
v 0.596409 0.577115 -0.332807
v 0.561713 0.582797 -0.322543
v 0.596510 0.564300 -0.273757
v 0.609512 0.578412 -0.298884
v 0.591025 0.588239 -0.324803
v 0.596510 0.564300 -0.273757
v 0.606644 0.543362 -0.288822
v 0.614896 0.567288 -0.306888
v 0.609512 0.578412 -0.298884
v 0.606644 0.543362 -0.288822
v 0.571847 0.561859 -0.337609
v 0.596409 0.577115 -0.332807
v 0.614896 0.567288 -0.306888
v 0.609512 0.578412 -0.298884
v 0.614896 0.567288 -0.306888
v 0.596409 0.577115 -0.332807
v 0.591025 0.588239 -0.324803
v -0.250479 0.714740 0.043154
v -0.275967 0.710771 0.050543
v -0.290119 0.721879 -0.010963
v -0.264631 0.725849 -0.018353
v -0.383478 0.677869 0.088620
v -0.406677 0.674975 0.078098
v -0.380526 0.695456 0.020033
v -0.357326 0.698350 0.030555
v -0.227630 0.645322 -0.368513
v -0.252272 0.644015 -0.357256
v -0.272421 0.623726 -0.414265
v -0.247780 0.625033 -0.425523
v 0.203059 0.657644 -0.349990
v 0.222338 0.650503 -0.368458
v 0.264452 0.654259 -0.323047
v 0.245174 0.661400 -0.304579
v 0.362047 0.665570 -0.004384
v 0.387388 0.661776 -0.004885
v 0.382945 0.660205 0.060421
v 0.357605 0.663999 0.060923
v -0.010338 0.647818 0.379962
v -0.017925 0.636365 0.403814
v -0.078877 0.644838 0.391725
v -0.071291 0.656291 0.367872
v 0.026989 0.705355 -0.232267
v 0.009870 0.702817 -0.251199
v 0.057622 0.687432 -0.295405
v 0.074741 0.689969 -0.276474
v 0.208961 0.702390 -0.135498
v 0.222875 0.697830 -0.158941
v 0.274206 0.688875 -0.126947
v 0.260291 0.693436 -0.103504
v 0.113997 0.691149 0.228063
v 0.129304 0.680749 0.246272
v 0.079773 0.680786 0.291135
v 0.064466 0.691186 0.272926
v 0.213542 0.591963 0.481589
v 0.228513 0.581292 0.499960
v 0.178607 0.582079 0.544365
v 0.163636 0.592750 0.525994
v -0.156938 0.609929 0.496883
v -0.154905 0.594991 0.519304
v -0.218338 0.594089 0.529744
v -0.220371 0.609027 0.507324
v -0.414395 0.619251 0.306341
v -0.426589 0.610073 0.329428
v -0.478650 0.596868 0.298294
v -0.466455 0.606046 0.275207
v -0.456310 0.609632 -0.294195
v -0.481914 0.604483 -0.295438
v -0.470970 0.587721 -0.357868
v -0.445365 0.592870 -0.356625
v 0.094366 0.613894 -0.530621
v 0.085628 0.611948 -0.555252
v 0.144080 0.595040 -0.579794
v 0.152818 0.596986 -0.555163
v 0.561713 0.582797 -0.322543
v 0.571847 0.561859 -0.337609
v 0.606644 0.543362 -0.288822
v 0.596510 0.564300 -0.273757
vn 0.683738 -0.580354 -0.442371
vn 0.683738 -0.580354 -0.442371
vn 0.683738 -0.580354 -0.442371
vn 0.683738 -0.580354 -0.442371
vn 0.683738 0.580354 -0.442371
vn 0.683738 0.580354 -0.442371
vn 0.683738 0.580354 -0.442371
vn 0.683738 0.580354 -0.442371
vn 0.473009 0.530415 -0.703508
vn 0.473009 0.530415 -0.703508
vn 0.473009 0.530415 -0.703508
vn 0.473009 0.530415 -0.703508
vn 0.473009 -0.530415 -0.703508
vn 0.473009 -0.530415 -0.703508
vn 0.473009 -0.530415 -0.703508
vn 0.473009 -0.530415 -0.703508
vn -0.442371 -0.580354 -0.683738
vn -0.442371 -0.580354 -0.683738
vn -0.442371 -0.580354 -0.683738
vn -0.442371 -0.580354 -0.683738
vn -0.442371 0.580354 -0.683738
vn -0.442371 0.580354 -0.683738
vn -0.442371 0.580354 -0.683738
vn -0.442371 0.580354 -0.683738
vn -0.703508 0.530415 -0.473009
vn -0.703508 0.530415 -0.473009
vn -0.703508 0.530415 -0.473009
vn -0.703508 0.530415 -0.473009
vn -0.703508 -0.530415 -0.473009
vn -0.703508 -0.530415 -0.473009
vn -0.703508 -0.530415 -0.473009
vn -0.703508 -0.530415 -0.473009
vn -0.683738 -0.580354 0.442371
vn -0.683738 -0.580354 0.442371
vn -0.683738 -0.580354 0.442371
vn -0.683738 -0.580354 0.442371
vn -0.683738 0.580354 0.442371
vn -0.683738 0.580354 0.442371
vn -0.683738 0.580354 0.442371
vn -0.683738 0.580354 0.442371
vn -0.473009 0.530415 0.703508
vn -0.473009 0.530415 0.703508
vn -0.473009 0.530415 0.703508
vn -0.473009 0.530415 0.703508
vn -0.473009 -0.530415 0.703508
vn -0.473009 -0.530415 0.703508
vn -0.473009 -0.530415 0.703508
vn -0.473009 -0.530415 0.703508
vn 0.442371 -0.580354 0.683738
vn 0.442371 -0.580354 0.683738
vn 0.442371 -0.580354 0.683738
vn 0.442371 -0.580354 0.683738
vn 0.442371 0.580354 0.683738
vn 0.442371 0.580354 0.683738
vn 0.442371 0.580354 0.683738
vn 0.442371 0.580354 0.683738
vn 0.703508 0.530415 0.473009
vn 0.703508 0.530415 0.473009
vn 0.703508 0.530415 0.473009
vn 0.703508 0.530415 0.473009
vn 0.703508 -0.530415 0.473009
vn 0.703508 -0.530415 0.473009
vn 0.703508 -0.530415 0.473009
vn 0.703508 -0.530415 0.473009
vn -0.142366 -0.984528 0.102158
vn -0.142366 -0.984528 0.102158
vn -0.142366 -0.984528 0.102158
vn -0.142366 -0.984528 0.102158
vn -0.118567 -0.941945 0.314135
vn -0.118567 -0.941945 0.314135
vn -0.118567 -0.941945 0.314135
vn -0.118567 -0.941945 0.314135
vn 0.039361 -0.984528 0.170749
vn 0.039361 -0.984528 0.170749
vn 0.039361 -0.984528 0.170749
vn 0.039361 -0.984528 0.170749
vn 0.170749 0.984528 -0.039361
vn 0.170749 0.984528 -0.039361
vn 0.170749 0.984528 -0.039361
vn 0.170749 0.984528 -0.039361
vn 0.314135 0.941945 0.118567
vn 0.314135 0.941945 0.118567
vn 0.314135 0.941945 0.118567
vn 0.314135 0.941945 0.118567
vn 0.102158 0.984528 0.142366
vn 0.102158 0.984528 0.142366
vn 0.102158 0.984528 0.142366
vn 0.102158 0.984528 0.142366
vn -0.142366 0.984528 0.102158
vn -0.142366 0.984528 0.102158
vn -0.142366 0.984528 0.102158
vn -0.142366 0.984528 0.102158
vn 0.039361 0.984528 0.170749
vn 0.039361 0.984528 0.170749
vn 0.039361 0.984528 0.170749
vn 0.039361 0.984528 0.170749
vn -0.118567 0.941945 0.314135
vn -0.118567 0.941945 0.314135
vn -0.118567 0.941945 0.314135
vn -0.118567 0.941945 0.314135
vn 0.170749 -0.984528 -0.039361
vn 0.170749 -0.984528 -0.039361
vn 0.170749 -0.984528 -0.039361
vn 0.170749 -0.984528 -0.039361
vn 0.102158 -0.984528 0.142366
vn 0.102158 -0.984528 0.142366
vn 0.102158 -0.984528 0.142366
vn 0.102158 -0.984528 0.142366
vn 0.314135 -0.941945 0.118567
vn 0.314135 -0.941945 0.118567
vn 0.314135 -0.941945 0.118567
vn 0.314135 -0.941945 0.118567
vn -0.109797 -0.530415 0.840598
vn -0.109797 -0.530415 0.840598
vn -0.109797 -0.530415 0.840598
vn -0.109797 -0.530415 0.840598
vn -0.109797 0.530416 0.840598
vn -0.109797 0.530416 0.840598
vn -0.109797 0.530416 0.840598
vn -0.109797 0.530416 0.840598
vn 0.220924 0.580354 0.783825
vn 0.220924 0.580354 0.783825
vn 0.220924 0.580354 0.783825
vn 0.220924 0.580354 0.783825
vn 0.220924 -0.580354 0.783825
vn 0.220924 -0.580354 0.783825
vn 0.220924 -0.580354 0.783825
vn 0.220924 -0.580354 0.783825
vn 0.109797 -0.530415 -0.840598
vn 0.109797 -0.530415 -0.840598
vn 0.109797 -0.530415 -0.840598
vn 0.109797 -0.530415 -0.840598
vn 0.109797 0.530415 -0.840598
vn 0.109797 0.530415 -0.840598
vn 0.109797 0.530415 -0.840598
vn 0.109797 0.530415 -0.840598
vn -0.220924 0.580354 -0.783825
vn -0.220924 0.580354 -0.783825
vn -0.220924 0.580354 -0.783825
vn -0.220924 0.580354 -0.783825
vn -0.220924 -0.580354 -0.783825
vn -0.220924 -0.580354 -0.783825
vn -0.220924 -0.580354 -0.783825
vn -0.220924 -0.580354 -0.783825
vn 0.118567 -0.941945 -0.314135
vn 0.118567 -0.941945 -0.314135
vn 0.118567 -0.941945 -0.314135
vn 0.118567 -0.941945 -0.314135
vn -0.039361 -0.984528 -0.170749
vn -0.039361 -0.984528 -0.170749
vn -0.039361 -0.984528 -0.170749
vn -0.039361 -0.984528 -0.170749
vn 0.142366 -0.984528 -0.102158
vn 0.142366 -0.984528 -0.102158
vn 0.142366 -0.984528 -0.102158
vn 0.142366 -0.984528 -0.102158
vn -0.314135 0.941945 -0.118567
vn -0.314135 0.941945 -0.118567
vn -0.314135 0.941945 -0.118567
vn -0.314135 0.941945 -0.118567
vn -0.102158 0.984528 -0.142366
vn -0.102158 0.984528 -0.142366
vn -0.102158 0.984528 -0.142366
vn -0.102158 0.984528 -0.142366
vn -0.170749 0.984528 0.039361
vn -0.170749 0.984528 0.039361
vn -0.170749 0.984528 0.039361
vn -0.170749 0.984528 0.039361
vn -0.039361 0.984528 -0.170749
vn -0.039361 0.984528 -0.170749
vn -0.039361 0.984528 -0.170749
vn -0.039361 0.984528 -0.170749
vn 0.118567 0.941945 -0.314135
vn 0.118567 0.941945 -0.314135
vn 0.118567 0.941945 -0.314135
vn 0.118567 0.941945 -0.314135
vn 0.142366 0.984528 -0.102158
vn 0.142366 0.984528 -0.102158
vn 0.142366 0.984528 -0.102158
vn 0.142366 0.984528 -0.102158
vn -0.102158 -0.984528 -0.142366
vn -0.102158 -0.984528 -0.142366
vn -0.102158 -0.984528 -0.142366
vn -0.102158 -0.984528 -0.142366
vn -0.314135 -0.941945 -0.118567
vn -0.314135 -0.941945 -0.118567
vn -0.314135 -0.941945 -0.118567
vn -0.314135 -0.941945 -0.118567
vn -0.170749 -0.984528 0.039361
vn -0.170749 -0.984528 0.039361
vn -0.170749 -0.984528 0.039361
vn -0.170749 -0.984528 0.039361
vn -0.840598 -0.530415 -0.109796
vn -0.840598 -0.530415 -0.109796
vn -0.840598 -0.530415 -0.109796
vn -0.840598 -0.530415 -0.109796
vn -0.840598 0.530415 -0.109797
vn -0.840598 0.530415 -0.109797
vn -0.840598 0.530415 -0.109797
vn -0.840598 0.530415 -0.109797
vn -0.783825 0.580354 0.220923
vn -0.783825 0.580354 0.220923
vn -0.783825 0.580354 0.220923
vn -0.783825 0.580354 0.220923
vn -0.783825 -0.580354 0.220924
vn -0.783825 -0.580354 0.220924
vn -0.783825 -0.580354 0.220924
vn -0.783825 -0.580354 0.220924
vn 0.840598 -0.530415 0.109797
vn 0.840598 -0.530415 0.109797
vn 0.840598 -0.530415 0.109797
vn 0.840598 -0.530415 0.109797
vn 0.840598 0.530415 0.109796
vn 0.840598 0.530415 0.109796
vn 0.840598 0.530415 0.109796
vn 0.840598 0.530415 0.109796
vn 0.783825 0.580354 -0.220924
vn 0.783825 0.580354 -0.220924
vn 0.783825 0.580354 -0.220924
vn 0.783825 0.580354 -0.220924
vn 0.783825 -0.580354 -0.220924
vn 0.783825 -0.580354 -0.220924
vn 0.783825 -0.580354 -0.220924
vn 0.783825 -0.580354 -0.220924
vn 0.814217 -0.580354 0.015487
vn 0.814217 -0.580354 0.015487
vn 0.814217 -0.580354 0.015487
vn 0.814217 -0.580354 0.015487
vn 0.814217 0.580354 0.015487
vn 0.814217 0.580354 0.015487
vn 0.814217 0.580354 0.015487
vn 0.814217 0.580354 0.015487
vn 0.785494 0.530415 -0.318840
vn 0.785494 0.530415 -0.318840
vn 0.785494 0.530415 -0.318840
vn 0.785494 0.530415 -0.318840
vn 0.785494 -0.530415 -0.318840
vn 0.785494 -0.530415 -0.318840
vn 0.785494 -0.530415 -0.318840
vn 0.785494 -0.530415 -0.318840
vn 0.015487 -0.580354 -0.814217
vn 0.015487 -0.580354 -0.814217
vn 0.015487 -0.580354 -0.814217
vn 0.015487 -0.580354 -0.814217
vn 0.015487 0.580354 -0.814217
vn 0.015487 0.580354 -0.814217
vn 0.015487 0.580354 -0.814217
vn 0.015487 0.580354 -0.814217
vn -0.318840 0.530416 -0.785494
vn -0.318840 0.530416 -0.785494
vn -0.318840 0.530416 -0.785494
vn -0.318840 0.530416 -0.785494
vn -0.318840 -0.530416 -0.785494
vn -0.318840 -0.530416 -0.785494
vn -0.318840 -0.530416 -0.785494
vn -0.318840 -0.530416 -0.785494
vn -0.814217 -0.580354 -0.015487
vn -0.814217 -0.580354 -0.015487
vn -0.814217 -0.580354 -0.015487
vn -0.814217 -0.580354 -0.015487
vn -0.814217 0.580354 -0.015487
vn -0.814217 0.580354 -0.015487
vn -0.814217 0.580354 -0.015487
vn -0.814217 0.580354 -0.015487
vn -0.785494 0.530415 0.318840
vn -0.785494 0.530415 0.318840
vn -0.785494 0.530415 0.318840
vn -0.785494 0.530415 0.318840
vn -0.785494 -0.530415 0.318840
vn -0.785494 -0.530415 0.318840
vn -0.785494 -0.530415 0.318840
vn -0.785494 -0.530415 0.318840
vn -0.015487 -0.580354 0.814217
vn -0.015487 -0.580354 0.814217
vn -0.015487 -0.580354 0.814217
vn -0.015487 -0.580354 0.814217
vn -0.015487 0.580354 0.814217
vn -0.015487 0.580354 0.814217
vn -0.015487 0.580354 0.814217
vn -0.015487 0.580354 0.814217
vn 0.318840 0.530416 0.785494
vn 0.318840 0.530416 0.785494
vn 0.318840 0.530416 0.785494
vn 0.318840 0.530416 0.785494
vn 0.318840 -0.530416 0.785494
vn 0.318840 -0.530416 0.785494
vn 0.318840 -0.530416 0.785494
vn 0.318840 -0.530416 0.785494
vn -0.175152 -0.984528 0.005107
vn -0.175152 -0.984528 0.005107
vn -0.175152 -0.984528 0.005107
vn -0.175152 -0.984528 0.005107
vn -0.273932 -0.941945 0.194166
vn -0.273932 -0.941945 0.194166
vn -0.273932 -0.941945 0.194166
vn -0.273932 -0.941945 0.194166
vn -0.062827 -0.984528 0.163576
vn -0.062827 -0.984528 0.163576
vn -0.062827 -0.984528 0.163576
vn -0.062827 -0.984528 0.163576
vn 0.163576 0.984528 0.062827
vn 0.163576 0.984528 0.062827
vn 0.163576 0.984528 0.062827
vn 0.163576 0.984528 0.062827
vn 0.194166 0.941945 0.273932
vn 0.194166 0.941945 0.273932
vn 0.194166 0.941945 0.273932
vn 0.194166 0.941945 0.273932
vn 0.005107 0.984528 0.175152
vn 0.005107 0.984528 0.175152
vn 0.005107 0.984528 0.175152
vn 0.005107 0.984528 0.175152
vn -0.175152 0.984528 0.005106
vn -0.175152 0.984528 0.005106
vn -0.175152 0.984528 0.005106
vn -0.175152 0.984528 0.005106
vn -0.062827 0.984528 0.163576
vn -0.062827 0.984528 0.163576
vn -0.062827 0.984528 0.163576
vn -0.062827 0.984528 0.163576
vn -0.273932 0.941945 0.194166
vn -0.273932 0.941945 0.194166
vn -0.273932 0.941945 0.194166
vn -0.273932 0.941945 0.194166
vn 0.163576 -0.984528 0.062827
vn 0.163576 -0.984528 0.062827
vn 0.163576 -0.984528 0.062827
vn 0.163576 -0.984528 0.062827
vn 0.005106 -0.984528 0.175152
vn 0.005106 -0.984528 0.175152
vn 0.005106 -0.984528 0.175152
vn 0.005106 -0.984528 0.175152
vn 0.194166 -0.941945 0.273932
vn 0.194166 -0.941945 0.273932
vn 0.194166 -0.941945 0.273932
vn 0.194166 -0.941945 0.273932
vn -0.560994 -0.530415 0.635567
vn -0.560994 -0.530415 0.635567
vn -0.560994 -0.530415 0.635567
vn -0.560994 -0.530415 0.635567
vn -0.560994 0.530415 0.635567
vn -0.560994 0.530415 0.635567
vn -0.560994 0.530415 0.635567
vn -0.560994 0.530415 0.635567
vn -0.255049 0.580355 0.773394
vn -0.255049 0.580355 0.773394
vn -0.255049 0.580355 0.773394
vn -0.255049 0.580355 0.773394
vn -0.255049 -0.580354 0.773395
vn -0.255049 -0.580354 0.773395
vn -0.255049 -0.580354 0.773395
vn -0.255049 -0.580354 0.773395
vn 0.560994 -0.530415 -0.635567
vn 0.560994 -0.530415 -0.635567
vn 0.560994 -0.530415 -0.635567
vn 0.560994 -0.530415 -0.635567
vn 0.560994 0.530415 -0.635567
vn 0.560994 0.530415 -0.635567
vn 0.560994 0.530415 -0.635567
vn 0.560994 0.530415 -0.635567
vn 0.255049 0.580354 -0.773395
vn 0.255049 0.580354 -0.773395
vn 0.255049 0.580354 -0.773395
vn 0.255049 0.580354 -0.773395
vn 0.255049 -0.580355 -0.773394
vn 0.255049 -0.580355 -0.773394
vn 0.255049 -0.580355 -0.773394
vn 0.255049 -0.580355 -0.773394
vn 0.273932 -0.941945 -0.194166
vn 0.273932 -0.941945 -0.194166
vn 0.273932 -0.941945 -0.194166
vn 0.273932 -0.941945 -0.194166
vn 0.062827 -0.984528 -0.163576
vn 0.062827 -0.984528 -0.163576
vn 0.062827 -0.984528 -0.163576
vn 0.062827 -0.984528 -0.163576
vn 0.175152 -0.984528 -0.005106
vn 0.175152 -0.984528 -0.005106
vn 0.175152 -0.984528 -0.005106
vn 0.175152 -0.984528 -0.005106
vn -0.194166 0.941945 -0.273932
vn -0.194166 0.941945 -0.273932
vn -0.194166 0.941945 -0.273932
vn -0.194166 0.941945 -0.273932
vn -0.005107 0.984528 -0.175152
vn -0.005107 0.984528 -0.175152
vn -0.005107 0.984528 -0.175152
vn -0.005107 0.984528 -0.175152
vn -0.163576 0.984528 -0.062827
vn -0.163576 0.984528 -0.062827
vn -0.163576 0.984528 -0.062827
vn -0.163576 0.984528 -0.062827
vn 0.062827 0.984528 -0.163576
vn 0.062827 0.984528 -0.163576
vn 0.062827 0.984528 -0.163576
vn 0.062827 0.984528 -0.163576
vn 0.273932 0.941945 -0.194166
vn 0.273932 0.941945 -0.194166
vn 0.273932 0.941945 -0.194166
vn 0.273932 0.941945 -0.194166
vn 0.175152 0.984528 -0.005107
vn 0.175152 0.984528 -0.005107
vn 0.175152 0.984528 -0.005107
vn 0.175152 0.984528 -0.005107
vn -0.005106 -0.984528 -0.175152
vn -0.005106 -0.984528 -0.175152
vn -0.005106 -0.984528 -0.175152
vn -0.005106 -0.984528 -0.175152
vn -0.194166 -0.941945 -0.273932
vn -0.194166 -0.941945 -0.273932
vn -0.194166 -0.941945 -0.273932
vn -0.194166 -0.941945 -0.273932
vn -0.163576 -0.984528 -0.062827
vn -0.163576 -0.984528 -0.062827
vn -0.163576 -0.984528 -0.062827
vn -0.163576 -0.984528 -0.062827
vn -0.635567 -0.530415 -0.560994
vn -0.635567 -0.530415 -0.560994
vn -0.635567 -0.530415 -0.560994
vn -0.635567 -0.530415 -0.560994
vn -0.635567 0.530415 -0.560994
vn -0.635567 0.530415 -0.560994
vn -0.635567 0.530415 -0.560994
vn -0.635567 0.530415 -0.560994
vn -0.773395 0.580354 -0.255049
vn -0.773395 0.580354 -0.255049
vn -0.773395 0.580354 -0.255049
vn -0.773395 0.580354 -0.255049
vn -0.773395 -0.580354 -0.255049
vn -0.773395 -0.580354 -0.255049
vn -0.773395 -0.580354 -0.255049
vn -0.773395 -0.580354 -0.255049
vn 0.635567 -0.530415 0.560994
vn 0.635567 -0.530415 0.560994
vn 0.635567 -0.530415 0.560994
vn 0.635567 -0.530415 0.560994
vn 0.635567 0.530415 0.560994
vn 0.635567 0.530415 0.560994
vn 0.635567 0.530415 0.560994
vn 0.635567 0.530415 0.560994
vn 0.773395 0.580354 0.255049
vn 0.773395 0.580354 0.255049
vn 0.773395 0.580354 0.255049
vn 0.773395 0.580354 0.255049
vn 0.773395 -0.580354 0.255049
vn 0.773395 -0.580354 0.255049
vn 0.773395 -0.580354 0.255049
vn 0.773395 -0.580354 0.255049
vn -0.009306 -0.999871 -0.013129
vn 0.013129 -0.999871 -0.009306
vn -0.013129 -0.999871 0.009306
vn -0.013129 -0.999871 0.009306
vn 0.013129 -0.999871 -0.009306
vn -0.013129 -0.999871 0.009306
vn 0.009306 -0.999871 0.013129
vn -0.013129 -0.999871 0.009306
vn 0.009306 -0.999871 0.013129
vn 0.013129 0.999871 -0.009306
vn -0.009306 0.999871 -0.013129
vn 0.009306 0.999871 0.013129
vn 0.009306 0.999871 0.013129
vn -0.009306 0.999871 -0.013129
vn 0.009306 0.999871 0.013129
vn -0.013129 0.999871 0.009306
vn 0.009306 0.999871 0.013129
vn -0.013129 0.999871 0.009306
vn -0.015055 -0.999871 -0.005682
vn 0.005683 -0.999871 -0.015055
vn -0.005683 -0.999871 0.015056
vn -0.005683 -0.999871 0.015056
vn 0.005683 -0.999871 -0.015055
vn -0.005683 -0.999871 0.015056
vn 0.015056 -0.999871 0.005683
vn -0.005683 -0.999871 0.015056
vn 0.015056 -0.999871 0.005683
vn 0.005683 0.999871 -0.015056
vn -0.015056 0.999871 -0.005683
vn 0.015056 0.999871 0.005682
vn 0.015056 0.999871 0.005682
vn -0.015056 0.999871 -0.005683
vn 0.015056 0.999871 0.005682
vn -0.005683 0.999871 0.015055
vn 0.015056 0.999871 0.005682
vn -0.005683 0.999871 0.015055
vn -0.330666 0.350923 0.876078
vn -0.330666 0.350923 0.876078
vn -0.330666 0.350923 0.876078
vn 0.876079 0.350922 0.330666
vn 0.876079 0.350922 0.330666
vn 0.876079 0.350922 0.330666
vn -0.876079 0.350922 -0.330666
vn -0.876079 0.350922 -0.330666
vn -0.876079 0.350922 -0.330666
vn 0.330666 0.350923 -0.876078
vn 0.330666 0.350923 -0.876078
vn 0.330666 0.350923 -0.876078
vn 0.332960 -0.337591 -0.880438
vn 0.332960 -0.337591 -0.880438
vn 0.332960 -0.337591 -0.880438
vn -0.880867 -0.337590 -0.331824
vn -0.880867 -0.337590 -0.331824
vn -0.880867 -0.337590 -0.331824
vn 0.880867 -0.337590 0.331824
vn 0.880867 -0.337590 0.331824
vn 0.880867 -0.337590 0.331824
vn -0.332960 -0.337591 0.880438
vn -0.332960 -0.337591 0.880438
vn -0.332960 -0.337591 0.880438
vn -0.763956 0.350922 0.541502
vn -0.763956 0.350922 0.541502
vn -0.763956 0.350922 0.541502
vn 0.541502 0.350922 0.763957
vn 0.541502 0.350922 0.763957
vn 0.541502 0.350922 0.763957
vn -0.541502 0.350922 -0.763957
vn -0.541502 0.350922 -0.763957
vn -0.541502 0.350922 -0.763957
vn 0.763956 0.350922 -0.541502
vn 0.763956 0.350922 -0.541502
vn 0.763956 0.350922 -0.541502
vn 0.768296 -0.337590 -0.543833
vn 0.768296 -0.337590 -0.543833
vn 0.768296 -0.337590 -0.543833
vn -0.544824 -0.337589 -0.767594
vn -0.544824 -0.337589 -0.767594
vn -0.544824 -0.337589 -0.767594
vn 0.544824 -0.337589 0.767594
vn 0.544824 -0.337589 0.767594
vn 0.544824 -0.337589 0.767594
vn -0.768296 -0.337590 0.543833
vn -0.768296 -0.337590 0.543833
vn -0.768296 -0.337590 0.543833
vn -0.146993 0.986060 0.077968
vn -0.146993 0.986060 0.077968
vn -0.146993 0.986060 0.077968
vn -0.146993 0.986060 0.077968
vn -0.155649 0.986060 0.058817
vn -0.155649 0.986060 0.058817
vn -0.136986 0.921691 0.362935
vn -0.136986 0.921691 0.362935
vn -0.136986 0.921691 0.362935
vn -0.136986 0.921691 0.362935
vn -0.000035 0.987563 0.157224
vn -0.000035 0.987563 0.157224
vn -0.000035 0.987563 0.157224
vn -0.000035 0.987563 0.157224
vn -0.045419 0.997909 0.045997
vn -0.045419 0.997909 0.045997
vn -0.045419 0.997909 0.045997
vn -0.045419 0.997909 0.045997
vn -0.064536 0.997909 0.003699
vn -0.064536 0.997909 0.003699
vn -0.110093 0.969574 0.218646
vn -0.110093 0.969574 0.218646
vn -0.110093 0.969574 0.218646
vn -0.110093 0.969574 0.218646
vn 0.155649 0.986060 -0.058817
vn 0.155649 0.986060 -0.058817
vn 0.155649 0.986060 -0.058817
vn 0.155649 0.986060 -0.058817
vn 0.146993 0.986060 -0.077969
vn 0.146993 0.986060 -0.077969
vn 0.362935 0.921690 0.136986
vn 0.362935 0.921690 0.136986
vn 0.362935 0.921690 0.136986
vn 0.362935 0.921690 0.136986
vn 0.118037 0.987563 0.103860
vn 0.118037 0.987563 0.103860
vn 0.118037 0.987563 0.103860
vn 0.118037 0.987563 0.103860
vn 0.064536 0.997909 -0.003699
vn 0.064536 0.997909 -0.003699
vn 0.064536 0.997909 -0.003699
vn 0.064536 0.997909 -0.003699
vn 0.045419 0.997909 -0.045998
vn 0.045419 0.997909 -0.045998
vn 0.236862 0.969574 0.061833
vn 0.236862 0.969574 0.061833
vn 0.236862 0.969574 0.061833
vn 0.236862 0.969574 0.061833
vn -0.362935 0.921690 -0.136986
vn -0.362935 0.921690 -0.136986
vn -0.362935 0.921690 -0.136986
vn -0.362935 0.921690 -0.136986
vn -0.118037 0.987563 -0.103860
vn -0.118037 0.987563 -0.103860
vn -0.118037 0.987563 -0.103860
vn -0.118037 0.987563 -0.103860
vn -0.236862 0.969574 -0.061833
vn -0.236862 0.969574 -0.061833
vn -0.236862 0.969574 -0.061833
vn -0.236862 0.969574 -0.061833
vn 0.136986 0.921690 -0.362935
vn 0.136986 0.921690 -0.362935
vn 0.136986 0.921690 -0.362935
vn 0.136986 0.921690 -0.362935
vn 0.000035 0.987563 -0.157225
vn 0.000035 0.987563 -0.157225
vn 0.000035 0.987563 -0.157225
vn 0.000035 0.987563 -0.157225
vn 0.110093 0.969574 -0.218647
vn 0.110093 0.969574 -0.218647
vn 0.110093 0.969574 -0.218647
vn 0.110093 0.969574 -0.218647
vn 0.146971 -0.986062 -0.077986
vn 0.146971 -0.986062 -0.077986
vn 0.146971 -0.986062 -0.077986
vn 0.146971 -0.986062 -0.077986
vn 0.155648 -0.986062 -0.058788
vn 0.155648 -0.986062 -0.058788
vn 0.157895 -0.896492 -0.413971
vn 0.157895 -0.896492 -0.413971
vn 0.157895 -0.896492 -0.413971
vn 0.157895 -0.896492 -0.413971
vn 0.000107 -0.987553 -0.157285
vn 0.000107 -0.987553 -0.157285
vn 0.000107 -0.987553 -0.157285
vn 0.000107 -0.987553 -0.157285
vn 0.045417 -0.997907 -0.046038
vn 0.045417 -0.997907 -0.046038
vn 0.045417 -0.997907 -0.046038
vn 0.045417 -0.997907 -0.046038
vn 0.064566 -0.997907 -0.003670
vn 0.064566 -0.997907 -0.003670
vn 0.110153 -0.969414 -0.219324
vn 0.110153 -0.969414 -0.219324
vn 0.110153 -0.969414 -0.219324
vn 0.110153 -0.969414 -0.219324
vn -0.155648 -0.986062 0.058788
vn -0.155648 -0.986062 0.058788
vn -0.155648 -0.986062 0.058788
vn -0.155648 -0.986062 0.058788
vn -0.146971 -0.986062 0.077986
vn -0.146971 -0.986062 0.077986
vn -0.415059 -0.896492 -0.155012
vn -0.415059 -0.896492 -0.155012
vn -0.415059 -0.896492 -0.155012
vn -0.415059 -0.896492 -0.155012
vn -0.118130 -0.987553 -0.103845
vn -0.118130 -0.987553 -0.103845
vn -0.118130 -0.987553 -0.103845
vn -0.118130 -0.987553 -0.103845
vn -0.064566 -0.997907 0.003671
vn -0.064566 -0.997907 0.003671
vn -0.064566 -0.997907 0.003671
vn -0.064566 -0.997907 0.003671
vn -0.045417 -0.997907 0.046039
vn -0.045417 -0.997907 0.046039
vn -0.237409 -0.969414 -0.062236
vn -0.237409 -0.969414 -0.062236
vn -0.237409 -0.969414 -0.062236
vn -0.237409 -0.969414 -0.062236
vn 0.415059 -0.896492 0.155013
vn 0.415059 -0.896492 0.155013
vn 0.415059 -0.896492 0.155013
vn 0.415059 -0.896492 0.155013
vn 0.118130 -0.987553 0.103845
vn 0.118130 -0.987553 0.103845
vn 0.118130 -0.987553 0.103845
vn 0.118130 -0.987553 0.103845
vn 0.237409 -0.969414 0.062236
vn 0.237409 -0.969414 0.062236
vn 0.237409 -0.969414 0.062236
vn 0.237409 -0.969414 0.062236
vn -0.157895 -0.896492 0.413971
vn -0.157895 -0.896492 0.413971
vn -0.157895 -0.896492 0.413971
vn -0.157895 -0.896492 0.413971
vn -0.000107 -0.987553 0.157285
vn -0.000107 -0.987553 0.157285
vn -0.000107 -0.987553 0.157285
vn -0.000107 -0.987553 0.157285
vn -0.110153 -0.969414 0.219324
vn -0.110153 -0.969414 0.219324
vn -0.110153 -0.969414 0.219324
vn -0.110153 -0.969414 0.219324
vn 0.254883 -0.281561 0.925072
vn 0.254883 -0.281561 0.925072
vn 0.254883 -0.281561 0.925072
vn 0.254883 -0.281561 0.925072
vn 0.537479 -0.386060 0.749716
vn 0.537479 -0.386060 0.749716
vn 0.537479 -0.386060 0.749716
vn 0.537479 -0.386060 0.749716
vn -0.761166 -0.498740 0.414590
vn -0.761166 -0.498740 0.414590
vn -0.761166 -0.498740 0.414590
vn -0.761166 -0.498740 0.414590
vn -0.637683 -0.744026 0.199464
vn -0.637683 -0.744026 0.199464
vn -0.637683 -0.744026 0.199464
vn -0.637683 -0.744026 0.199464
vn 0.397668 -0.725346 0.561902
vn 0.397668 -0.725346 0.561902
vn 0.397668 -0.725346 0.561902
vn 0.397668 -0.725346 0.561902
vn -0.877185 -0.280146 0.389955
vn -0.867971 -0.314247 0.384545
vn -0.867971 -0.314247 0.384545
vn -0.877185 -0.280146 0.389955
vn -0.877185 -0.280146 0.389955
vn -0.877185 -0.280146 0.389955
vn -0.872301 -0.280148 0.400759
vn -0.872301 -0.280148 0.400759
vn -0.862152 -0.314248 0.397419
vn -0.862152 -0.314248 0.397419
vn 0.525953 -0.281565 0.802555
vn 0.525953 -0.281565 0.802555
vn 0.525953 -0.281565 0.802555
vn 0.525953 -0.281565 0.802555
vn 0.207604 -0.386062 0.898809
vn 0.207604 -0.386062 0.898809
vn 0.207604 -0.386062 0.898809
vn 0.207604 -0.386062 0.898809
vn 0.814131 -0.498742 -0.297400
vn 0.814131 -0.498742 -0.297400
vn 0.814131 -0.498742 -0.297400
vn 0.814131 -0.498742 -0.297400
vn 0.571067 -0.744026 -0.346855
vn 0.571067 -0.744026 -0.346855
vn 0.571067 -0.744026 -0.346855
vn 0.571067 -0.744026 -0.346855
vn 0.159011 -0.725346 0.669768
vn 0.159011 -0.725346 0.669768
vn 0.159011 -0.725346 0.669768
vn 0.159011 -0.725346 0.669768
vn 0.862152 -0.314248 -0.397419
vn 0.862152 -0.314248 -0.397419
vn 0.872301 -0.280148 -0.400759
vn 0.872301 -0.280148 -0.400759
vn 0.872301 -0.280148 -0.400759
vn 0.872301 -0.280148 -0.400759
vn 0.877185 -0.280146 -0.389956
vn 0.877185 -0.280146 -0.389956
vn 0.867971 -0.314247 -0.384545
vn 0.867971 -0.314247 -0.384545
vn -0.525953 -0.281565 -0.802555
vn -0.525953 -0.281565 -0.802555
vn -0.525953 -0.281565 -0.802555
vn -0.525953 -0.281565 -0.802555
vn -0.207604 -0.386062 -0.898809
vn -0.207604 -0.386062 -0.898809
vn -0.207604 -0.386062 -0.898809
vn -0.207604 -0.386062 -0.898809
vn -0.814132 -0.498742 0.297400
vn -0.814132 -0.498742 0.297400
vn -0.814132 -0.498742 0.297400
vn -0.814132 -0.498742 0.297400
vn -0.571067 -0.744026 0.346855
vn -0.571067 -0.744026 0.346855
vn -0.571067 -0.744026 0.346855
vn -0.571067 -0.744026 0.346855
vn -0.159011 -0.725346 -0.669768
vn -0.159011 -0.725346 -0.669768
vn -0.159011 -0.725346 -0.669768
vn -0.159011 -0.725346 -0.669768
vn -0.254883 -0.281561 -0.925072
vn -0.254883 -0.281561 -0.925072
vn -0.254883 -0.281561 -0.925072
vn -0.254883 -0.281561 -0.925072
vn -0.537479 -0.386060 -0.749716
vn -0.537479 -0.386060 -0.749716
vn -0.537479 -0.386060 -0.749716
vn -0.537479 -0.386060 -0.749716
vn 0.761166 -0.498740 -0.414590
vn 0.761166 -0.498740 -0.414590
vn 0.761166 -0.498740 -0.414590
vn 0.761166 -0.498740 -0.414590
vn 0.637683 -0.744026 -0.199464
vn 0.637683 -0.744026 -0.199464
vn 0.637683 -0.744026 -0.199464
vn 0.637683 -0.744026 -0.199464
vn -0.397668 -0.725346 -0.561902
vn -0.397668 -0.725346 -0.561902
vn -0.397668 -0.725346 -0.561902
vn -0.397668 -0.725346 -0.561902
vn -0.165465 0.986060 -0.017536
vn -0.165465 0.986060 -0.017536
vn -0.165465 0.986060 -0.017536
vn -0.165465 0.986060 -0.017536
vn -0.161934 0.986060 -0.038254
vn -0.161934 0.986060 -0.038254
vn -0.316485 0.921691 0.224329
vn -0.316485 0.921691 0.224329
vn -0.316485 0.921691 0.224329
vn -0.316485 0.921691 0.224329
vn -0.087930 0.987563 0.130338
vn -0.087930 0.987563 0.130338
vn -0.087930 0.987563 0.130338
vn -0.087930 0.987563 0.130338
vn -0.063374 0.997909 0.012744
vn -0.063374 0.997909 0.012744
vn -0.063374 0.997909 0.012744
vn -0.063374 0.997909 0.012744
vn -0.055576 0.997909 -0.033014
vn -0.055576 0.997909 -0.033014
vn -0.213521 0.969574 0.119732
vn -0.213521 0.969574 0.119732
vn -0.213521 0.969574 0.119732
vn -0.213521 0.969574 0.119732
vn 0.161934 0.986060 0.038254
vn 0.161934 0.986060 0.038254
vn 0.161934 0.986060 0.038254
vn 0.161934 0.986060 0.038254
vn 0.165465 0.986060 0.017536
vn 0.165465 0.986060 0.017536
vn 0.224329 0.921690 0.316486
vn 0.224329 0.921690 0.316486
vn 0.224329 0.921690 0.316486
vn 0.224329 0.921690 0.316486
vn 0.039800 0.987563 0.152103
vn 0.039800 0.987563 0.152103
vn 0.039800 0.987563 0.152103
vn 0.039800 0.987563 0.152103
vn 0.055576 0.997909 0.033014
vn 0.055576 0.997909 0.033014
vn 0.055576 0.997909 0.033014
vn 0.055576 0.997909 0.033014
vn 0.063374 0.997909 -0.012745
vn 0.063374 0.997909 -0.012745
vn 0.161816 0.969574 0.183691
vn 0.161816 0.969574 0.183691
vn 0.161816 0.969574 0.183691
vn 0.161816 0.969574 0.183691
vn -0.224329 0.921690 -0.316486
vn -0.224329 0.921690 -0.316486
vn -0.224329 0.921690 -0.316486
vn -0.224329 0.921690 -0.316486
vn -0.039800 0.987563 -0.152104
vn -0.039800 0.987563 -0.152104
vn -0.039800 0.987563 -0.152104
vn -0.039800 0.987563 -0.152104
vn -0.161816 0.969574 -0.183691
vn -0.161816 0.969574 -0.183691
vn -0.161816 0.969574 -0.183691
vn -0.161816 0.969574 -0.183691
vn 0.316485 0.921691 -0.224329
vn 0.316485 0.921691 -0.224329
vn 0.316485 0.921691 -0.224329
vn 0.316485 0.921691 -0.224329
vn 0.087930 0.987563 -0.130338
vn 0.087930 0.987563 -0.130338
vn 0.087930 0.987563 -0.130338
vn 0.087930 0.987563 -0.130338
vn 0.213521 0.969574 -0.119732
vn 0.213521 0.969574 -0.119732
vn 0.213521 0.969574 -0.119732
vn 0.213521 0.969574 -0.119732
vn 0.165456 -0.986062 0.017509
vn 0.165456 -0.986062 0.017509
vn 0.165456 -0.986062 0.017509
vn 0.165456 -0.986062 0.017509
vn 0.161917 -0.986062 0.038277
vn 0.161917 -0.986062 0.038277
vn 0.362355 -0.896492 -0.254953
vn 0.362355 -0.896492 -0.254953
vn 0.362355 -0.896492 -0.254953
vn 0.362355 -0.896492 -0.254953
vn 0.088023 -0.987553 -0.130347
vn 0.088023 -0.987553 -0.130347
vn 0.088023 -0.987553 -0.130347
vn 0.088023 -0.987553 -0.130347
vn 0.063395 -0.997907 -0.012779
vn 0.063395 -0.997907 -0.012779
vn 0.063395 -0.997907 -0.012779
vn 0.063395 -0.997907 -0.012779
vn 0.055585 -0.997907 0.033054
vn 0.055585 -0.997907 0.033054
vn 0.213949 -0.969414 -0.120261
vn 0.213949 -0.969414 -0.120261
vn 0.213949 -0.969414 -0.120261
vn 0.213949 -0.969414 -0.120261
vn -0.161917 -0.986062 -0.038277
vn -0.161917 -0.986062 -0.038277
vn -0.161917 -0.986062 -0.038277
vn -0.161917 -0.986062 -0.038277
vn -0.165456 -0.986062 -0.017508
vn -0.165456 -0.986062 -0.017508
vn -0.257467 -0.896492 -0.360574
vn -0.257467 -0.896492 -0.360574
vn -0.257467 -0.896492 -0.360574
vn -0.257467 -0.896492 -0.360574
vn -0.039886 -0.987553 -0.152144
vn -0.039886 -0.987553 -0.152144
vn -0.039886 -0.987553 -0.152144
vn -0.039886 -0.987553 -0.152144
vn -0.055585 -0.997907 -0.033054
vn -0.055585 -0.997907 -0.033054
vn -0.055585 -0.997907 -0.033054
vn -0.055585 -0.997907 -0.033054
vn -0.063395 -0.997907 0.012780
vn -0.063395 -0.997907 0.012780
vn -0.162045 -0.969414 -0.184331
vn -0.162045 -0.969414 -0.184331
vn -0.162045 -0.969414 -0.184331
vn -0.162045 -0.969414 -0.184331
vn 0.257467 -0.896492 0.360574
vn 0.257467 -0.896492 0.360574
vn 0.257467 -0.896492 0.360574
vn 0.257467 -0.896492 0.360574
vn 0.039886 -0.987553 0.152144
vn 0.039886 -0.987553 0.152144
vn 0.039886 -0.987553 0.152144
vn 0.039886 -0.987553 0.152144
vn 0.162045 -0.969414 0.184332
vn 0.162045 -0.969414 0.184332
vn 0.162045 -0.969414 0.184332
vn 0.162045 -0.969414 0.184332
vn -0.362355 -0.896492 0.254953
vn -0.362355 -0.896492 0.254953
vn -0.362355 -0.896492 0.254953
vn -0.362355 -0.896492 0.254953
vn -0.088023 -0.987553 0.130348
vn -0.088023 -0.987553 0.130348
vn -0.088023 -0.987553 0.130348
vn -0.088023 -0.987553 0.130348
vn -0.213949 -0.969414 0.120261
vn -0.213949 -0.969414 0.120261
vn -0.213949 -0.969414 0.120261
vn -0.213949 -0.969414 0.120261
vn -0.305861 -0.281561 0.909490
vn -0.305861 -0.281561 0.909490
vn -0.305861 -0.281561 0.909490
vn -0.305861 -0.281561 0.909490
vn 0.026483 -0.386062 0.922093
vn 0.026483 -0.386062 0.922093
vn 0.026483 -0.386062 0.922093
vn 0.026483 -0.386062 0.922093
vn -0.862881 -0.498742 -0.081809
vn -0.862881 -0.498742 -0.081809
vn -0.862881 -0.498742 -0.081809
vn -0.862881 -0.498742 -0.081809
vn -0.640230 -0.744025 -0.191135
vn -0.640230 -0.744025 -0.191135
vn -0.640230 -0.744025 -0.191135
vn -0.640230 -0.744025 -0.191135
vn 0.015566 -0.725347 0.688207
vn 0.015566 -0.725347 0.688207
vn 0.015566 -0.725347 0.688207
vn 0.015566 -0.725347 0.688207
vn -0.945303 -0.280145 -0.167096
vn -0.934639 -0.314247 -0.166432
vn -0.934639 -0.314247 -0.166432
vn -0.945303 -0.280145 -0.167096
vn -0.945303 -0.280145 -0.167096
vn -0.945303 -0.280145 -0.167096
vn -0.947294 -0.280147 -0.155410
vn -0.947294 -0.280147 -0.155410
vn -0.937011 -0.314248 -0.152505
vn -0.937011 -0.314248 -0.152505
vn -0.012616 -0.281565 0.959459
vn -0.012616 -0.281565 0.959459
vn -0.012616 -0.281565 0.959459
vn -0.012616 -0.281565 0.959459
vn -0.330376 -0.386062 0.861283
vn -0.330376 -0.386062 0.861283
vn -0.330376 -0.386062 0.861283
vn -0.330376 -0.386062 0.861283
vn 0.841278 -0.498742 0.208586
vn 0.841278 -0.498742 0.208586
vn 0.841278 -0.498742 0.208586
vn 0.841278 -0.498742 0.208586
vn 0.667399 -0.744026 0.031687
vn 0.667399 -0.744026 0.031687
vn 0.667399 -0.744026 0.031687
vn 0.667399 -0.744026 0.031687
vn -0.242615 -0.725346 0.644214
vn -0.242615 -0.725346 0.644214
vn -0.242615 -0.725346 0.644214
vn -0.242615 -0.725346 0.644214
vn 0.937011 -0.314248 0.152505
vn 0.937011 -0.314248 0.152505
vn 0.947294 -0.280147 0.155410
vn 0.947294 -0.280147 0.155410
vn 0.947294 -0.280147 0.155410
vn 0.947294 -0.280147 0.155410
vn 0.945304 -0.280143 0.167096
vn 0.945304 -0.280143 0.167096
vn 0.934639 -0.314246 0.166432
vn 0.934639 -0.314246 0.166432
vn 0.012616 -0.281565 -0.959459
vn 0.012616 -0.281565 -0.959459
vn 0.012616 -0.281565 -0.959459
vn 0.012616 -0.281565 -0.959459
vn 0.330376 -0.386062 -0.861283
vn 0.330376 -0.386062 -0.861283
vn 0.330376 -0.386062 -0.861283
vn 0.330376 -0.386062 -0.861283
vn -0.841278 -0.498741 -0.208586
vn -0.841278 -0.498741 -0.208586
vn -0.841278 -0.498741 -0.208586
vn -0.841278 -0.498741 -0.208586
vn -0.667400 -0.744025 -0.031687
vn -0.667400 -0.744025 -0.031687
vn -0.667400 -0.744025 -0.031687
vn -0.667400 -0.744025 -0.031687
vn 0.242615 -0.725346 -0.644214
vn 0.242615 -0.725346 -0.644214
vn 0.242615 -0.725346 -0.644214
vn 0.242615 -0.725346 -0.644214
vn 0.305861 -0.281561 -0.909490
vn 0.305861 -0.281561 -0.909490
vn 0.305861 -0.281561 -0.909490
vn 0.305861 -0.281561 -0.909490
vn -0.026483 -0.386062 -0.922093
vn -0.026483 -0.386062 -0.922093
vn -0.026483 -0.386062 -0.922093
vn -0.026483 -0.386062 -0.922093
vn 0.862881 -0.498742 0.081809
vn 0.862881 -0.498742 0.081809
vn 0.862881 -0.498742 0.081809
vn 0.862881 -0.498742 0.081809
vn 0.640230 -0.744025 0.191136
vn 0.640230 -0.744025 0.191136
vn 0.640230 -0.744025 0.191136
vn 0.640230 -0.744025 0.191136
vn -0.015566 -0.725347 -0.688207
vn -0.015566 -0.725347 -0.688207
vn -0.015566 -0.725347 -0.688207
vn -0.015566 -0.725347 -0.688207
vn 0.091063 0.937738 0.335194
vn 0.091063 0.937738 0.335194
vn 0.091063 0.937738 0.335194
vn 0.065473 0.958901 0.276083
vn 0.065473 0.958901 0.276083
vn 0.065473 0.958901 0.276083
vn 0.006906 0.966982 -0.254752
vn 0.006906 0.966982 -0.254752
vn 0.006906 0.966982 -0.254752
vn -0.140210 0.980890 0.134896
vn -0.140210 0.980890 0.134896
vn -0.140210 0.980890 0.134896
vn -0.553108 0.833105 -0.002753
vn -0.553108 0.833105 -0.002753
vn -0.553108 0.833105 -0.002753
vn -0.038111 0.975172 -0.218143
vn -0.038111 0.975172 -0.218143
vn -0.038111 0.975172 -0.218143
vn -0.124491 0.936788 -0.327001
vn -0.124491 0.936788 -0.327001
vn -0.124491 0.936788 -0.327001
vn -0.152066 0.954618 -0.256088
vn -0.152066 0.954618 -0.256088
vn -0.152066 0.954618 -0.256088
vn 0.161065 0.964304 -0.210181
vn 0.161065 0.964304 -0.210181
vn 0.161065 0.964304 -0.210181
vn 0.082469 0.991682 -0.098825
vn 0.082469 0.991682 -0.098825
vn 0.082469 0.991682 -0.098825
vn 0.284274 0.951494 0.117674
vn 0.284274 0.951494 0.117674
vn 0.284274 0.951494 0.117674
vn 0.191077 0.977735 0.086743
vn 0.191077 0.977735 0.086743
vn 0.191077 0.977735 0.086743
vn 0.233660 0.943397 0.235385
vn 0.233660 0.943397 0.235385
vn 0.233660 0.943397 0.235385
vn -0.083038 0.907823 0.411050
vn -0.083038 0.907823 0.411050
vn -0.083038 0.907823 0.411050
vn -0.698543 0.593446 0.399824
vn -0.698543 0.593446 0.399824
vn -0.698543 0.593446 0.399824
vn -0.898243 0.345430 0.271730
vn -0.898243 0.345430 0.271730
vn -0.898243 0.345430 0.271730
vn -0.766100 0.642549 0.014913
vn -0.766100 0.642549 0.014913
vn -0.766100 0.642549 0.014913
vn -0.470509 0.488749 -0.734675
vn -0.470509 0.488749 -0.734675
vn -0.470509 0.488749 -0.734675
vn -0.400558 0.561834 -0.723807
vn -0.400558 0.561834 -0.723807
vn -0.400558 0.561834 -0.723807
vn 0.253576 0.518116 -0.816857
vn 0.253576 0.518116 -0.816857
vn 0.253576 0.518116 -0.816857
vn 0.591652 0.147457 -0.792594
vn 0.591652 0.147457 -0.792594
vn 0.591652 0.147457 -0.792594
vn 0.727735 0.550447 -0.409158
vn 0.727735 0.550447 -0.409158
vn 0.727735 0.550447 -0.409158
vn 0.701193 0.712650 -0.021394
vn 0.701193 0.712650 -0.021394
vn 0.701193 0.712650 -0.021394
vn 0.887334 0.300116 0.350099
vn 0.887334 0.300116 0.350099
vn 0.887334 0.300116 0.350099
vn 0.695165 0.539945 0.474558
vn 0.695165 0.539945 0.474558
vn 0.695165 0.539945 0.474558
vn 0.146739 0.813024 0.563436
vn 0.146739 0.813024 0.563436
vn 0.146739 0.813024 0.563436
vn -0.069014 0.569050 0.819402
vn -0.069014 0.569050 0.819402
vn -0.069014 0.569050 0.819402
vn -0.130534 0.644073 0.753744
vn -0.130534 0.644073 0.753744
vn -0.130534 0.644073 0.753744
vn -0.924541 0.315398 -0.213887
vn -0.924541 0.315398 -0.213887
vn -0.924541 0.315398 -0.213887
vn 0.900969 0.283102 -0.328798
vn 0.900969 0.283102 -0.328798
vn 0.900969 0.283102 -0.328798
vn 0.677049 0.222648 0.701450
vn 0.677049 0.222648 0.701450
vn 0.677049 0.222648 0.701450
vn -0.599631 -0.001881 0.800274
vn -0.599631 -0.001881 0.800274
vn -0.599631 -0.001881 0.800274
vn 0.223163 -0.912134 0.343817
vn 0.223163 -0.912134 0.343817
vn 0.223163 -0.912134 0.343817
vn -0.192048 -0.942501 0.273515
vn -0.192048 -0.942501 0.273515
vn -0.192048 -0.942501 0.273515
vn -0.292481 -0.955881 -0.027307
vn -0.292481 -0.955881 -0.027307
vn -0.292481 -0.955881 -0.027307
vn -0.068310 -0.945838 -0.317372
vn -0.068310 -0.945838 -0.317372
vn -0.068310 -0.945838 -0.317372
vn 0.360328 -0.929264 -0.081435
vn 0.360328 -0.929264 -0.081435
vn 0.360328 -0.929264 -0.081435
vn 0.106471 -0.993701 -0.034949
vn 0.106471 -0.993701 -0.034949
vn 0.106471 -0.993701 -0.034949
vn 0.240077 -0.961717 -0.132150
vn 0.240077 -0.961717 -0.132150
vn 0.240077 -0.961717 -0.132150
vn 0.234135 -0.946989 -0.219983
vn 0.234135 -0.946989 -0.219983
vn 0.234135 -0.946989 -0.219983
vn -0.050205 -0.995034 -0.085949
vn -0.050205 -0.995034 -0.085949
vn -0.050205 -0.995034 -0.085949
vn -0.121898 -0.992456 0.013131
vn -0.121898 -0.992456 0.013131
vn -0.121898 -0.992456 0.013131
vn -0.267005 -0.963606 0.013085
vn -0.267005 -0.963606 0.013085
vn -0.267005 -0.963606 0.013085
vn -0.319266 -0.942576 0.098081
vn -0.319266 -0.942576 0.098081
vn -0.319266 -0.942576 0.098081
vn -0.060761 -0.993384 0.097450
vn -0.060761 -0.993384 0.097450
vn -0.060761 -0.993384 0.097450
vn -0.111611 -0.960666 0.254293
vn -0.111611 -0.960666 0.254293
vn -0.111611 -0.960666 0.254293
vn 0.021580 -0.912280 0.408997
vn 0.021580 -0.912280 0.408997
vn 0.021580 -0.912280 0.408997
vn 0.106437 -0.993384 0.043124
vn 0.106437 -0.993384 0.043124
vn 0.106437 -0.993384 0.043124
vn 0.240178 -0.960518 0.140428
vn 0.240178 -0.960518 0.140428
vn 0.240178 -0.960518 0.140428
vn 0.360056 -0.928564 0.090155
vn 0.360056 -0.928564 0.090155
vn 0.360056 -0.928564 0.090155
vn 0.640149 -0.739488 -0.208246
vn 0.640149 -0.739488 -0.208246
vn 0.640149 -0.739488 -0.208246
vn 0.715086 -0.404757 -0.569933
vn 0.715086 -0.404757 -0.569933
vn 0.715086 -0.404757 -0.569933
vn 0.599733 -0.534729 -0.595303
vn 0.599733 -0.534729 -0.595303
vn 0.599733 -0.534729 -0.595303
vn -0.123408 -0.715245 -0.687892
vn -0.123408 -0.715245 -0.687892
vn -0.123408 -0.715245 -0.687892
vn -0.345010 -0.480467 -0.806300
vn -0.345010 -0.480467 -0.806300
vn -0.345010 -0.480467 -0.806300
vn -0.371144 -0.539165 -0.756011
vn -0.371144 -0.539165 -0.756011
vn -0.371144 -0.539165 -0.756011
vn -0.834797 -0.537423 -0.119545
vn -0.834797 -0.537423 -0.119545
vn -0.834797 -0.537423 -0.119545
vn -0.934546 -0.355842 0.000000
vn -0.934546 -0.355842 0.000000
vn -0.934546 -0.355842 0.000000
vn -0.761159 -0.622723 0.181255
vn -0.761159 -0.622723 0.181255
vn -0.761159 -0.622723 0.181255
vn -0.407141 -0.623967 0.667009
vn -0.407141 -0.623967 0.667009
vn -0.407141 -0.623967 0.667009
vn -0.298245 -0.379535 0.875787
vn -0.298245 -0.379535 0.875787
vn -0.298245 -0.379535 0.875787
vn -0.015241 -0.693224 0.720561
vn -0.015241 -0.693224 0.720561
vn -0.015241 -0.693224 0.720561
vn 0.348583 -0.804183 0.481435
vn 0.348583 -0.804183 0.481435
vn 0.348583 -0.804183 0.481435
vn 0.688784 -0.554911 0.466531
vn 0.688784 -0.554911 0.466531
vn 0.688784 -0.554911 0.466531
vn 0.614307 -0.761836 0.205506
vn 0.614307 -0.761836 0.205506
vn 0.614307 -0.761836 0.205506
vn 0.379545 0.047682 -0.923944
vn 0.379545 0.047682 -0.923944
vn 0.379545 0.047682 -0.923944
vn -0.795005 0.185322 -0.577601
vn -0.795005 0.185322 -0.577601
vn -0.795005 0.185322 -0.577601
vn 0.227935 -0.343601 0.911035
vn 0.227935 -0.343601 0.911035
vn 0.227935 -0.343601 0.911035
vn 0.937089 -0.348981 -0.008751
vn 0.937089 -0.348981 -0.008751
vn 0.937089 -0.348981 -0.008751
vn 0.360467 0.930763 -0.061185
vn 0.360467 0.930763 -0.061185
vn 0.360467 0.930763 -0.061185
vn 0.358838 0.931085 -0.065701
vn -0.463009 0.833394 -0.301790
vn -0.463009 0.833394 -0.301790
vn -0.463009 0.833394 -0.301790
vn -0.471709 0.825561 -0.309742
vn -0.345318 0.911065 0.225203
vn -0.345318 0.911065 0.225203
vn -0.345318 0.911065 0.225203
vn -0.339038 0.921192 0.190941
vn -0.070318 -0.060074 -0.995714
vn -0.070318 -0.060074 -0.995714
vn -0.070318 -0.060074 -0.995714
vn -0.060981 -0.071046 -0.995607
vn -0.060981 -0.071046 -0.995607
vn -0.957421 -0.113334 -0.265519
vn -0.957421 -0.113334 -0.265519
vn -0.957421 -0.113334 -0.265519
vn -0.957421 -0.113334 -0.265519
vn -0.959274 -0.009784 0.282309
vn -0.959274 -0.009784 0.282309
vn -0.959274 -0.009784 0.282309
vn -0.959274 -0.009784 0.282309
vn -0.565031 -0.096285 -0.819433
vn -0.565031 -0.096285 -0.819433
vn -0.565031 -0.096285 -0.819433
vn -0.565031 -0.096285 -0.819433
vn 0.890494 0.333518 -0.309494
vn 0.890494 0.333518 -0.309494
vn 0.890494 0.333518 -0.309494
vn 0.890494 0.333518 -0.309494
vn 0.558618 -0.522203 0.644399
vn 0.558618 -0.522203 0.644399
vn 0.558618 -0.522203 0.644399
vn 0.558618 -0.522203 0.644399
vn 0.552577 0.206289 -0.807530
vn 0.552577 0.206289 -0.807530
vn 0.552577 0.206289 -0.807530
vn 0.552577 0.206289 -0.807530
vn 0.914848 0.115082 0.387053
vn 0.914848 0.115082 0.387053
vn 0.914848 0.115082 0.387053
vn 0.914848 0.115082 0.387053
vn -0.606491 0.139393 0.782776
vn -0.606491 0.139393 0.782776
vn -0.606491 0.139393 0.782776
vn -0.606491 0.139393 0.782776
vn 0.041528 -0.311601 0.949305
vn 0.041528 -0.311601 0.949305
vn 0.041528 -0.311601 0.949305
vn 0.041528 -0.311601 0.949305
vn -0.011785 -0.999704 -0.021309
vn -0.011785 -0.999704 -0.021309
vn -0.011785 -0.999704 -0.021309
vn -0.011785 -0.999704 -0.021309
vn -0.011785 -0.999704 -0.021309
vn -0.011785 -0.999704 -0.021309
vn -0.011785 -0.999704 -0.021309
vn -0.011785 -0.999704 -0.021309
vn -0.011785 -0.999704 -0.021309
vn -0.011785 -0.999704 -0.021309
vn -0.109328 -0.957138 -0.268206
vn -0.109328 -0.957138 -0.268206
vn -0.109328 -0.957138 -0.268206
vn -0.116492 -0.955792 -0.269983
vn -0.808999 -0.006904 0.587769
vn -0.808999 -0.006904 0.587769
vn -0.808999 -0.006904 0.587769
vn -0.809019 -0.000001 0.587783
vn -0.809019 -0.000001 0.587783
vn 0.352715 -0.213622 -0.911020
vn 0.352715 -0.213622 -0.911020
vn 0.352715 -0.213622 -0.911020
vn 0.352715 -0.213622 -0.911020
vn -0.809019 0.000000 -0.587783
vn -0.809019 0.000000 -0.587783
vn -0.809019 0.000000 -0.587783
vn -0.809019 0.000000 -0.587783
vn 0.810970 -0.072829 -0.580538
vn 0.810970 -0.072829 -0.580538
vn 0.810970 -0.072829 -0.580538
vn 0.810970 -0.072829 -0.580538
vn -0.387036 -0.055377 -0.920400
vn -0.387036 -0.055377 -0.920400
vn -0.387036 -0.055377 -0.920400
vn -0.387036 -0.055377 -0.920400
vn 0.273170 0.322039 0.906460
vn 0.273170 0.322039 0.906460
vn 0.273170 0.322039 0.906460
vn 0.273170 0.322039 0.906460
vn -1.000000 0.000000 0.000000
vn -1.000000 0.000000 0.000000
vn -1.000000 0.000000 0.000000
vn -1.000000 0.000000 0.000000
vn -0.319976 0.009650 0.947376
vn -0.319976 0.009650 0.947376
vn -0.319976 0.009650 0.947376
vn -0.319976 0.009650 0.947376
vn 0.991788 0.123413 -0.033557
vn 0.991788 0.123413 -0.033557
vn 0.991788 0.123413 -0.033557
vn 0.991788 0.123413 -0.033557
vn 0.772383 0.247351 0.585015
vn 0.772383 0.247351 0.585015
vn 0.772383 0.247351 0.585015
vn 0.772383 0.247351 0.585015
vn -0.009284 0.999877 0.012614
vn -0.009284 0.999877 0.012614
vn -0.009284 0.999877 0.012614
vn -0.009284 0.999877 0.012614
vn -0.009284 0.999877 0.012614
vn -0.009284 0.999877 0.012614
vn -0.009284 0.999877 0.012614
vn -0.009284 0.999877 0.012614
vn -0.009284 0.999877 0.012614
vn -0.009284 0.999877 0.012614
vn 0.212777 0.339408 0.916258
vn 0.212777 0.339408 0.916258
vn 0.212777 0.339408 0.916258
vn 0.212777 0.339408 0.916258
vn 0.905960 0.400910 -0.136043
vn 0.905960 0.400910 -0.136043
vn 0.905960 0.400910 -0.136043
vn 0.905960 0.400910 -0.136043
vn -0.305283 0.628398 -0.715485
vn -0.305283 0.628398 -0.715485
vn -0.305283 0.628398 -0.715485
vn -0.305283 0.628398 -0.715485
vn -0.971406 0.048883 0.232338
vn -0.971406 0.048883 0.232338
vn -0.971406 0.048883 0.232338
vn -0.971406 0.048883 0.232338
vn -0.094537 0.975641 0.197959
vn -0.094537 0.975641 0.197959
vn -0.094537 0.975641 0.197959
vn -0.094537 0.975641 0.197959
vn -0.425545 0.217274 0.878467
vn -0.425545 0.217274 0.878467
vn -0.425545 0.217274 0.878467
vn -0.425545 0.217274 0.878467
vn 0.804761 0.343966 0.483785
vn 0.804761 0.343966 0.483785
vn 0.804761 0.343966 0.483785
vn 0.804761 0.343966 0.483785
vn 0.192306 0.751774 -0.630757
vn 0.192306 0.751774 -0.630757
vn 0.192306 0.751774 -0.630757
vn 0.192306 0.751774 -0.630757
vn -0.918955 0.076746 -0.386822
vn -0.918955 0.076746 -0.386822
vn -0.918955 0.076746 -0.386822
vn -0.918955 0.076746 -0.386822
vn -0.223761 0.946376 0.233031
vn -0.223761 0.946376 0.233031
vn -0.223761 0.946376 0.233031
vn -0.223761 0.946376 0.233031
vn 0.254047 0.724947 0.640243
vn 0.254047 0.724947 0.640243
vn 0.254047 0.724947 0.640243
vn 0.254047 0.724947 0.640243
vn 0.855966 0.310837 -0.413161
vn 0.855966 0.310837 -0.413161
vn 0.855966 0.310837 -0.413161
vn 0.855966 0.310837 -0.413161
vn -0.414715 0.225443 -0.881582
vn -0.414715 0.225443 -0.881582
vn -0.414715 0.225443 -0.881582
vn -0.414715 0.225443 -0.881582
vn -0.948291 0.136182 0.286702
vn -0.948291 0.136182 0.286702
vn -0.948291 0.136182 0.286702
vn -0.948291 0.136182 0.286702
vn -0.175529 0.945449 -0.274437
vn -0.175529 0.945449 -0.274437
vn -0.175529 0.945449 -0.274437
vn -0.175529 0.945449 -0.274437
vn -0.544017 0.415930 -0.728730
vn -0.544017 0.415930 -0.728730
vn -0.544017 0.415930 -0.728730
vn -0.544017 0.415930 -0.728730
vn -0.647466 0.519614 0.557485
vn -0.647466 0.519614 0.557485
vn -0.647466 0.519614 0.557485
vn -0.647466 0.519614 0.557485
vn 0.683447 0.519931 0.512417
vn 0.683447 0.519931 0.512417
vn 0.683447 0.519931 0.512417
vn 0.683447 0.519931 0.512417
vn 0.734348 -0.063651 -0.675783
vn 0.734348 -0.063651 -0.675783
vn 0.734348 -0.063651 -0.675783
vn 0.734348 -0.063651 -0.675783
vn 0.148730 0.964611 -0.217725
vn 0.148730 0.964611 -0.217725
vn 0.148730 0.964611 -0.217725
vn 0.148730 0.964611 -0.217725
vn 0.100997 0.759543 -0.642568
vn 0.100997 0.759543 -0.642568
vn 0.100997 0.759543 -0.642568
vn 0.100997 0.759543 -0.642568
vn -0.668725 0.742997 -0.027613
vn -0.668725 0.742997 -0.027613
vn -0.668725 0.742997 -0.027613
vn -0.668725 0.742997 -0.027613
vn 0.117940 0.693715 0.710528
vn 0.117940 0.693715 0.710528
vn 0.117940 0.693715 0.710528
vn 0.117940 0.693715 0.710528
vn 0.990645 -0.120264 0.064495
vn 0.990645 -0.120264 0.064495
vn 0.990645 -0.120264 0.064495
vn 0.990645 -0.120264 0.064495
vn 0.148652 0.988309 0.033891
vn 0.148652 0.988309 0.033891
vn 0.148652 0.988309 0.033891
vn 0.148652 0.988309 0.033891
vn 0.844723 0.325403 0.424919
vn 0.844723 0.325403 0.424919
vn 0.844723 0.325403 0.424919
vn 0.844723 0.325403 0.424919
vn 0.233777 0.649970 -0.723109
vn 0.233777 0.649970 -0.723109
vn 0.233777 0.649970 -0.723109
vn 0.233777 0.649970 -0.723109
vn -0.829702 0.558191 0.004115
vn -0.829702 0.558191 0.004115
vn -0.829702 0.558191 0.004115
vn -0.829702 0.558191 0.004115
vn -0.219682 -0.226331 0.948954
vn -0.219682 -0.226331 0.948954
vn -0.219682 -0.226331 0.948954
vn -0.219682 -0.226331 0.948954
vn 0.036907 0.896223 0.442065
vn 0.036907 0.896223 0.442065
vn 0.036907 0.896223 0.442065
vn 0.036907 0.896223 0.442065
vn -0.582359 0.687055 0.434528
vn -0.582359 0.687055 0.434528
vn -0.582359 0.687055 0.434528
vn -0.582359 0.687055 0.434528
vn 0.695644 0.338532 0.633621
vn 0.695644 0.338532 0.633621
vn 0.695644 0.338532 0.633621
vn 0.695644 0.338532 0.633621
vn 0.684355 0.309311 -0.660291
vn 0.684355 0.309311 -0.660291
vn 0.684355 0.309311 -0.660291
vn 0.684355 0.309311 -0.660291
vn -0.660199 0.092554 -0.745366
vn -0.660199 0.092554 -0.745366
vn -0.660199 0.092554 -0.745366
vn -0.660199 0.092554 -0.745366
vn 0.104488 0.968894 -0.224337
vn 0.104488 0.968894 -0.224337
vn 0.104488 0.968894 -0.224337
vn 0.104488 0.968894 -0.224337
vn -0.494116 0.750277 -0.439243
vn -0.494116 0.750277 -0.439243
vn -0.494116 0.750277 -0.439243
vn -0.494116 0.750277 -0.439243
vn -0.362056 0.567310 0.739646
vn -0.362056 0.567310 0.739646
vn -0.362056 0.567310 0.739646
vn -0.362056 0.567310 0.739646
vn 0.817320 0.409367 0.405471
vn 0.817320 0.409367 0.405471
vn 0.817320 0.409367 0.405471
vn 0.817320 0.409367 0.405471
vn 0.533683 0.041219 -0.844679
vn 0.533683 0.041219 -0.844679
vn 0.533683 0.041219 -0.844679
vn 0.533683 0.041219 -0.844679
vn 0.210554 0.975432 -0.064800
vn 0.210554 0.975432 -0.064800
vn 0.210554 0.975432 -0.064800
vn 0.210554 0.975432 -0.064800
vn 0.790552 0.464184 -0.399450
vn 0.790552 0.464184 -0.399450
vn 0.790552 0.464184 -0.399450
vn 0.790552 0.464184 -0.399450
vn -0.540037 0.593539 -0.596718
vn -0.540037 0.593539 -0.596718
vn -0.540037 0.593539 -0.596718
vn -0.540037 0.593539 -0.596718
vn -0.513722 0.484122 0.708319
vn -0.513722 0.484122 0.708319
vn -0.513722 0.484122 0.708319
vn -0.513722 0.484122 0.708319
vn 0.661123 -0.173037 0.730052
vn 0.661123 -0.173037 0.730052
vn 0.661123 -0.173037 0.730052
vn 0.661123 -0.173037 0.730052
vn 0.269445 0.916165 0.296718
vn 0.269445 0.916165 0.296718
vn 0.269445 0.916165 0.296718
vn 0.269445 0.916165 0.296718
vn 0.801777 0.452205 -0.390723
vn 0.801777 0.452205 -0.390723
vn 0.801777 0.452205 -0.390723
vn 0.801777 0.452205 -0.390723
vn -0.525415 0.602110 -0.601169
vn -0.525415 0.602110 -0.601169
vn -0.525415 0.602110 -0.601169
vn -0.525415 0.602110 -0.601169
vn -0.513110 0.491517 0.703654
vn -0.513110 0.491517 0.703654
vn -0.513110 0.491517 0.703654
vn -0.513110 0.491517 0.703654
vn 0.651923 -0.182823 0.735916
vn 0.651923 -0.182823 0.735916
vn 0.651923 -0.182823 0.735916
vn 0.651923 -0.182823 0.735916
vn 0.281403 0.911454 0.300105
vn 0.281403 0.911454 0.300105
vn 0.281403 0.911454 0.300105
vn 0.281403 0.911454 0.300105
vn 0.888206 0.415426 0.196244
vn 0.888206 0.415426 0.196244
vn 0.888206 0.415426 0.196244
vn 0.888206 0.415426 0.196244
vn -0.118966 0.742982 -0.658654
vn -0.118966 0.742982 -0.658654
vn -0.118966 0.742982 -0.658654
vn -0.118966 0.742982 -0.658654
vn -0.834434 0.420718 0.355972
vn -0.834434 0.420718 0.355972
vn -0.834434 0.420718 0.355972
vn -0.834434 0.420718 0.355972
vn 0.156906 -0.351442 0.922968
vn 0.156906 -0.351442 0.922968
vn 0.156906 -0.351442 0.922968
vn 0.156906 -0.351442 0.922968
vn 0.078334 0.832910 0.547836
vn 0.078334 0.832910 0.547836
vn 0.078334 0.832910 0.547836
vn 0.078334 0.832910 0.547836
vn 0.576586 0.607705 0.546116
vn 0.576586 0.607705 0.546116
vn 0.576586 0.607705 0.546116
vn 0.576586 0.607705 0.546116
vn 0.305700 0.578250 -0.756422
vn 0.305700 0.578250 -0.756422
vn 0.305700 0.578250 -0.756422
vn 0.305700 0.578250 -0.756422
vn -0.888681 0.292550 -0.353074
vn -0.888681 0.292550 -0.353074
vn -0.888681 0.292550 -0.353074
vn -0.888681 0.292550 -0.353074
vn -0.480755 -0.143981 0.864953
vn -0.480755 -0.143981 0.864953
vn -0.480755 -0.143981 0.864953
vn -0.480755 -0.143981 0.864953
vn -0.343831 0.920745 0.184415
vn -0.343831 0.920745 0.184415
vn -0.343831 0.920745 0.184415
vn -0.343831 0.920745 0.184415
vn -0.185719 0.778898 0.599022
vn -0.185719 0.778898 0.599022
vn -0.185719 0.778898 0.599022
vn -0.185719 0.778898 0.599022
vn 0.868833 0.494723 0.019474
vn 0.868833 0.494723 0.019474
vn 0.868833 0.494723 0.019474
vn 0.868833 0.494723 0.019474
vn -0.012042 0.290826 -0.956700
vn -0.012042 0.290826 -0.956700
vn -0.012042 0.290826 -0.956700
vn -0.012042 0.290826 -0.956700
vn -0.984707 0.005609 -0.174126
vn -0.984707 0.005609 -0.174126
vn -0.984707 0.005609 -0.174126
vn -0.984707 0.005609 -0.174126
vn -0.175779 0.942603 -0.283904
vn -0.175779 0.942603 -0.283904
vn -0.175779 0.942603 -0.283904
vn -0.175779 0.942603 -0.283904
vn -0.692098 0.696202 0.190535
vn -0.692098 0.696202 0.190535
vn -0.692098 0.696202 0.190535
vn -0.692098 0.696202 0.190535
vn 0.444252 0.322702 0.835765
vn 0.444252 0.322702 0.835765
vn 0.444252 0.322702 0.835765
vn 0.444252 0.322702 0.835765
vn 0.896844 0.282404 -0.340470
vn 0.896844 0.282404 -0.340470
vn 0.896844 0.282404 -0.340470
vn 0.896844 0.282404 -0.340470
vn -0.356470 0.113712 -0.927361
vn -0.356470 0.113712 -0.927361
vn -0.356470 0.113712 -0.927361
vn -0.356470 0.113712 -0.927361
vn 0.215018 0.964634 -0.152472
vn 0.215018 0.964634 -0.152472
vn 0.215018 0.964634 -0.152472
vn 0.215018 0.964634 -0.152472
vn -0.161692 0.523599 -0.836481
vn -0.161692 0.523599 -0.836481
vn -0.161692 0.523599 -0.836481
vn -0.161692 0.523599 -0.836481
vn -0.132243 0.891893 0.432480
vn -0.132243 0.891893 0.432480
vn -0.132243 0.891893 0.432480
vn -0.132243 0.891893 0.432480
vn 0.869628 0.069172 0.488837
vn 0.869628 0.069172 0.488837
vn 0.869628 0.069172 0.488837
vn 0.869628 0.069172 0.488837
vn 0.504397 -0.624338 -0.596477
vn 0.504397 -0.624338 -0.596477
vn 0.504397 -0.624338 -0.596477
vn 0.504397 -0.624338 -0.596477
vn 0.748051 0.586074 -0.311348
vn 0.748051 0.586074 -0.311348
vn 0.748051 0.586074 -0.311348
vn 0.748051 0.586074 -0.311348
vn 0.094543 -0.975640 -0.197958
vn 0.094543 -0.975640 -0.197958
vn 0.094543 -0.975640 -0.197958
vn 0.094543 -0.975640 -0.197958
vn 0.223757 -0.946376 -0.233033
vn 0.223757 -0.946376 -0.233033
vn 0.223757 -0.946376 -0.233033
vn 0.223757 -0.946376 -0.233033
vn 0.175524 -0.945450 0.274437
vn 0.175524 -0.945450 0.274437
vn 0.175524 -0.945450 0.274437
vn 0.175524 -0.945450 0.274437
vn -0.148726 -0.964612 0.217725
vn -0.148726 -0.964612 0.217725
vn -0.148726 -0.964612 0.217725
vn -0.148726 -0.964612 0.217725
vn -0.148645 -0.988310 -0.033890
vn -0.148645 -0.988310 -0.033890
vn -0.148645 -0.988310 -0.033890
vn -0.148645 -0.988310 -0.033890
vn -0.036905 -0.896225 -0.442063
vn -0.036905 -0.896225 -0.442063
vn -0.036905 -0.896225 -0.442063
vn -0.036905 -0.896225 -0.442063
vn -0.104490 -0.968894 0.224335
vn -0.104490 -0.968894 0.224335
vn -0.104490 -0.968894 0.224335
vn -0.104490 -0.968894 0.224335
vn -0.210554 -0.975432 0.064798
vn -0.210554 -0.975432 0.064798
vn -0.210554 -0.975432 0.064798
vn -0.210554 -0.975432 0.064798
vn -0.269446 -0.916164 -0.296721
vn -0.269446 -0.916164 -0.296721
vn -0.269446 -0.916164 -0.296721
vn -0.269446 -0.916164 -0.296721
vn -0.281403 -0.911456 -0.300102
vn -0.281403 -0.911456 -0.300102
vn -0.281403 -0.911456 -0.300102
vn -0.281403 -0.911456 -0.300102
vn -0.078335 -0.832910 -0.547837
vn -0.078335 -0.832910 -0.547837
vn -0.078335 -0.832910 -0.547837
vn -0.078335 -0.832910 -0.547837
vn 0.343831 -0.920744 -0.184418
vn 0.343831 -0.920744 -0.184418
vn 0.343831 -0.920744 -0.184418
vn 0.343831 -0.920744 -0.184418
vn 0.175779 -0.942604 0.283902
vn 0.175779 -0.942604 0.283902
vn 0.175779 -0.942604 0.283902
vn 0.175779 -0.942604 0.283902
vn -0.215017 -0.964635 0.152474
vn -0.215017 -0.964635 0.152474
vn -0.215017 -0.964635 0.152474
vn -0.215017 -0.964635 0.152474
vn -0.748053 -0.586070 0.311349
vn -0.748053 -0.586070 0.311349
vn -0.748053 -0.586070 0.311349
vn -0.748053 -0.586070 0.311349
g DoubleCheeseburger_Brown
usemtl Brown
f 1 2 3
f 1 3 4
f 5 6 7
f 5 7 8
f 9 10 11
f 9 11 12
f 13 14 15
f 13 15 16
f 17 18 19
f 17 19 20
f 21 22 23
f 21 23 24
f 25 26 27
f 25 27 28
f 29 30 31
f 29 31 32
f 33 34 35
f 33 35 36
f 37 38 39
f 37 39 40
f 41 42 43
f 41 43 44
f 45 46 47
f 45 47 48
f 49 50 51
f 49 51 52
f 53 54 55
f 53 55 56
f 57 58 59
f 57 59 60
f 61 62 63
f 61 63 64
f 65 66 67
f 65 67 68
f 69 70 71
f 69 71 72
f 73 74 75
f 73 75 76
f 77 78 79
f 77 79 80
f 81 82 83
f 81 83 84
f 85 86 87
f 85 87 88
f 89 90 91
f 89 91 92
f 93 94 95
f 93 95 96
f 97 98 99
f 97 99 100
f 101 102 103
f 101 103 104
f 105 106 107
f 105 107 108
f 109 110 111
f 109 111 112
f 113 114 115
f 113 115 116
f 117 118 119
f 117 119 120
f 121 122 123
f 121 123 124
f 125 126 127
f 125 127 128
f 129 130 131
f 129 131 132
f 133 134 135
f 133 135 136
f 137 138 139
f 137 139 140
f 141 142 143
f 141 143 144
f 145 146 147
f 145 147 148
f 149 150 151
f 149 151 152
f 153 154 155
f 153 155 156
f 157 158 159
f 157 159 160
f 161 162 163
f 161 163 164
f 165 166 167
f 165 167 168
f 169 170 171
f 169 171 172
f 173 174 175
f 173 175 176
f 177 178 179
f 177 179 180
f 181 182 183
f 181 183 184
f 185 186 187
f 185 187 188
f 189 190 191
f 189 191 192
f 193 194 195
f 193 195 196
f 197 198 199
f 197 199 200
f 201 202 203
f 201 203 204
f 205 206 207
f 205 207 208
f 209 210 211
f 209 211 212
f 213 214 215
f 213 215 216
f 217 218 219
f 217 219 220
f 221 222 223
f 221 223 224
f 225 226 227
f 225 227 228
f 229 230 231
f 229 231 232
f 233 234 235
f 233 235 236
f 237 238 239
f 237 239 240
f 241 242 243
f 241 243 244
f 245 246 247
f 245 247 248
f 249 250 251
f 249 251 252
f 253 254 255
f 253 255 256
f 257 258 259
f 257 259 260
f 261 262 263
f 261 263 264
f 265 266 267
f 265 267 268
f 269 270 271
f 269 271 272
f 273 274 275
f 273 275 276
f 277 278 279
f 277 279 280
f 281 282 283
f 281 283 284
f 285 286 287
f 285 287 288
f 289 290 291
f 289 291 292
f 293 294 295
f 293 295 296
f 297 298 299
f 297 299 300
f 301 302 303
f 301 303 304
f 305 306 307
f 305 307 308
f 309 310 311
f 309 311 312
f 313 314 315
f 313 315 316
f 317 318 319
f 317 319 320
f 321 322 323
f 321 323 324
f 325 326 327
f 325 327 328
f 329 330 331
f 329 331 332
f 333 334 335
f 333 335 336
f 337 338 339
f 337 339 340
f 341 342 343
f 341 343 344
f 345 346 347
f 345 347 348
f 349 350 351
f 349 351 352
f 353 354 355
f 353 355 356
f 357 358 359
f 357 359 360
f 361 362 363
f 361 363 364
f 365 366 367
f 365 367 368
f 369 370 371
f 369 371 372
f 373 374 375
f 373 375 376
f 377 378 379
f 377 379 380
f 381 382 383
f 381 383 384
f 385 386 387
f 385 387 388
f 389 390 391
f 389 391 392
f 393 394 395
f 393 395 396
f 397 398 399
f 397 399 400
f 401 402 403
f 401 403 404
f 405 406 407
f 405 407 408
f 409 410 411
f 409 411 412
f 413 414 415
f 413 415 416
f 417 418 419
f 417 419 420
f 421 422 423
f 421 423 424
f 425 426 427
f 425 427 428
f 429 430 431
f 429 431 432
f 433 434 435
f 433 435 436
f 437 438 439
f 437 439 440
f 441 442 443
f 441 443 444
f 445 446 447
f 445 447 448
f 449 450 451
f 449 451 452
f 453 451 450
f 454 452 451
f 453 455 451
f 454 451 456
f 457 451 455
f 457 456 451
f 458 459 460
f 458 460 461
f 462 460 459
f 463 461 460
f 462 464 460
f 463 460 465
f 466 460 464
f 466 465 460
f 467 468 469
f 467 469 470
f 471 469 468
f 472 470 469
f 471 473 469
f 472 469 474
f 475 469 473
f 475 474 469
f 476 477 478
f 476 478 479
f 480 478 477
f 481 479 478
f 480 482 478
f 481 478 483
f 484 478 482
f 484 483 478
g DoubleCheeseburger_Cheese
usemtl Cheese
f 485 486 487
f 488 489 490
f 491 492 493
f 494 495 496
f 497 498 499
f 500 501 502
f 503 504 505
f 506 507 508
f 509 510 511
f 512 513 514
f 515 516 517
f 518 519 520
f 521 522 523
f 524 525 526
f 527 528 529
f 530 531 532
f 533 534 535
f 533 535 536
f 533 536 537
f 533 537 538
f 539 540 541
f 539 541 542
f 543 544 545
f 543 545 546
f 547 548 549
f 547 549 550
f 547 550 551
f 547 551 552
f 553 554 555
f 553 555 556
f 557 558 559
f 557 560 558
f 557 561 560
f 557 562 561
f 563 564 565
f 563 565 566
f 567 568 569
f 567 569 570
f 571 572 573
f 571 574 572
f 571 575 574
f 571 576 575
f 577 578 579
f 577 579 580
f 581 582 583
f 581 583 584
f 585 586 587
f 585 587 588
f 589 590 591
f 589 591 592
f 593 594 595
f 593 595 596
f 597 598 599
f 597 599 600
f 601 602 603
f 601 603 604
f 605 606 607
f 605 608 606
f 605 609 608
f 605 610 609
f 611 612 613
f 611 613 614
f 615 616 617
f 615 617 618
f 619 620 621
f 619 622 620
f 619 623 622
f 619 624 623
f 625 626 627
f 625 627 628
f 629 630 631
f 629 631 632
f 629 632 633
f 629 633 634
f 635 636 637
f 635 637 638
f 639 640 641
f 639 641 642
f 643 644 645
f 643 645 646
f 643 646 647
f 643 647 648
f 649 650 651
f 649 651 652
f 653 654 655
f 653 655 656
f 657 658 659
f 657 659 660
f 661 662 663
f 661 663 664
f 665 666 667
f 665 667 668
f 669 670 671
f 669 671 672
f 673 674 675
f 673 675 676
f 677 678 679
f 677 679 680
f 681 682 683
f 681 683 684
f 685 686 687
f 685 687 688
f 689 690 691
f 689 691 692
f 693 694 695
f 693 695 696
f 697 698 699
f 697 700 698
f 701 700 697
f 701 702 700
f 703 702 701
f 703 704 702
f 705 704 703
f 705 706 704
f 707 708 709
f 707 709 710
f 711 712 713
f 711 713 714
f 715 716 717
f 715 717 718
f 719 720 721
f 719 721 722
f 723 724 725
f 723 725 726
f 727 728 729
f 727 729 730
f 730 729 731
f 730 731 732
f 732 731 733
f 732 733 734
f 734 733 735
f 734 735 736
f 737 738 739
f 737 739 740
f 741 742 743
f 741 743 744
f 745 746 747
f 745 747 748
f 749 750 751
f 749 751 752
f 753 754 755
f 753 755 756
f 757 758 759
f 757 759 760
f 761 762 763
f 761 763 764
f 765 766 767
f 765 767 768
f 769 770 771
f 769 771 772
f 773 774 775
f 773 775 776
f 777 778 779
f 777 779 780
f 777 780 781
f 777 781 782
f 783 784 785
f 783 785 786
f 787 788 789
f 787 789 790
f 791 792 793
f 791 793 794
f 791 794 795
f 791 795 796
f 797 798 799
f 797 799 800
f 801 802 803
f 801 804 802
f 801 805 804
f 801 806 805
f 807 808 809
f 807 809 810
f 811 812 813
f 811 813 814
f 815 816 817
f 815 818 816
f 815 819 818
f 815 820 819
f 821 822 823
f 821 823 824
f 825 826 827
f 825 827 828
f 829 830 831
f 829 831 832
f 833 834 835
f 833 835 836
f 837 838 839
f 837 839 840
f 841 842 843
f 841 843 844
f 845 846 847
f 845 847 848
f 849 850 851
f 849 852 850
f 849 853 852
f 849 854 853
f 855 856 857
f 855 857 858
f 859 860 861
f 859 861 862
f 863 864 865
f 863 866 864
f 863 867 866
f 863 868 867
f 869 870 871
f 869 871 872
f 873 874 875
f 873 875 876
f 873 876 877
f 873 877 878
f 879 880 881
f 879 881 882
f 883 884 885
f 883 885 886
f 887 888 889
f 887 889 890
f 887 890 891
f 887 891 892
f 893 894 895
f 893 895 896
f 897 898 899
f 897 899 900
f 901 902 903
f 901 903 904
f 905 906 907
f 905 907 908
f 909 910 911
f 909 911 912
f 913 914 915
f 913 915 916
f 917 918 919
f 917 919 920
f 921 922 923
f 921 923 924
f 925 926 927
f 925 927 928
f 929 930 931
f 929 931 932
f 933 934 935
f 933 935 936
f 937 938 939
f 937 939 940
f 941 942 943
f 941 944 942
f 945 944 941
f 945 946 944
f 947 946 945
f 947 948 946
f 949 948 947
f 949 950 948
f 951 952 953
f 951 953 954
f 955 956 957
f 955 957 958
f 959 960 961
f 959 961 962
f 963 964 965
f 963 965 966
f 967 968 969
f 967 969 970
f 971 972 973
f 971 973 974
f 974 973 975
f 974 975 976
f 976 975 977
f 976 977 978
f 978 977 979
f 978 979 980
f 981 982 983
f 981 983 984
f 985 986 987
f 985 987 988
f 989 990 991
f 989 991 992
f 993 994 995
f 993 995 996
f 997 998 999
f 997 999 1000
f 1001 1002 1003
f 1001 1003 1004
f 1005 1006 1007
f 1005 1007 1008
f 1009 1010 1011
f 1009 1011 1012
f 1013 1014 1015
f 1013 1015 1016
f 1017 1018 1019
f 1017 1019 1020
g DoubleCheeseburger_LightYellow
usemtl LightYellow
f 1021 1022 1023
f 1024 1025 1023
f 1024 1026 1025
f 1027 1028 1029
f 1030 1031 1032
f 1033 1034 1035
f 1036 1037 1038
f 1039 1040 1041
f 1042 1043 1044
f 1045 1046 1047
f 1048 1049 1050
f 1051 1052 1053
f 1054 1055 1056
f 1057 1058 1059
f 1060 1061 1062
f 1063 1064 1065
f 1066 1067 1068
f 1069 1070 1071
f 1072 1073 1074
f 1075 1076 1077
f 1078 1079 1080
f 1081 1082 1083
f 1084 1085 1086
f 1087 1088 1089
f 1090 1091 1092
f 1093 1094 1095
f 1096 1097 1098
f 1099 1100 1101
f 1102 1103 1104
f 1105 1106 1107
f 1108 1109 1110
f 1111 1112 1113
f 1114 1115 1116
f 1117 1118 1119
f 1120 1121 1122
f 1123 1124 1125
f 1126 1127 1128
f 1129 1130 1131
f 1132 1133 1134
f 1135 1136 1137
f 1138 1139 1140
f 1141 1142 1143
f 1144 1145 1146
f 1147 1148 1149
f 1150 1151 1152
f 1153 1154 1155
f 1156 1157 1158
f 1159 1160 1161
f 1162 1163 1164
f 1165 1166 1167
f 1168 1169 1170
f 1171 1172 1173
f 1174 1175 1176
f 1177 1178 1179
f 1180 1181 1182
f 1183 1184 1185
f 1186 1187 1188
f 1189 1190 1191
f 1192 1193 1194
f 1195 1196 1197
f 1198 1199 1200
f 1201 1202 1203
f 1204 1205 1206
f 1207 1208 1209
f 1210 1211 1212
f 1213 1214 1215
f 1216 1217 1218
f 1219 1220 1221
f 1222 1223 1224
f 1225 1226 1227
f 1228 1229 1230
f 1231 1229 1228
f 1232 1233 1234
f 1235 1232 1234
f 1236 1237 1238
f 1237 1239 1238
f 1240 1241 1242
f 1242 1243 1240
f 1242 1244 1243
f 1245 1246 1247
f 1245 1247 1248
f 1249 1250 1251
f 1249 1251 1252
f 1253 1254 1255
f 1253 1255 1256
f 1257 1258 1259
f 1257 1259 1260
f 1261 1262 1263
f 1261 1263 1264
f 1265 1266 1267
f 1265 1267 1268
f 1269 1270 1271
f 1269 1271 1272
f 1273 1274 1275
f 1273 1275 1276
f 1277 1278 1279
f 1277 1279 1280
f 1281 1282 1283
f 1283 1284 1281
f 1283 1285 1284
f 1285 1286 1284
f 1285 1287 1286
f 1287 1288 1286
f 1287 1289 1288
f 1289 1290 1288
f 1291 1292 1293
f 1293 1292 1294
f 1295 1296 1297
f 1297 1298 1295
f 1297 1299 1298
f 1300 1301 1302
f 1300 1302 1303
f 1304 1305 1306
f 1304 1306 1307
f 1308 1309 1310
f 1308 1310 1311
f 1312 1313 1314
f 1312 1314 1315
f 1316 1317 1318
f 1316 1318 1319
f 1320 1321 1322
f 1320 1322 1323
f 1324 1325 1326
f 1324 1326 1327
f 1328 1329 1330
f 1328 1330 1331
f 1332 1333 1334
f 1332 1334 1335
f 1336 1337 1338
f 1338 1339 1336
f 1339 1340 1336
f 1339 1341 1340
f 1341 1342 1340
f 1341 1343 1342
f 1343 1344 1342
f 1344 1345 1342
g DoubleCheeseburger_White
usemtl White
f 1346 1347 1348
f 1346 1348 1349
f 1350 1351 1352
f 1350 1352 1353
f 1354 1355 1356
f 1354 1356 1357
f 1358 1359 1360
f 1358 1360 1361
f 1362 1363 1364
f 1362 1364 1365
f 1366 1367 1368
f 1366 1368 1369
f 1370 1371 1372
f 1370 1372 1373
f 1374 1375 1376
f 1374 1376 1377
f 1378 1379 1380
f 1378 1380 1381
f 1382 1383 1384
f 1382 1384 1385
f 1386 1387 1388
f 1386 1388 1389
f 1390 1391 1392
f 1390 1392 1393
f 1394 1395 1396
f 1394 1396 1397
f 1398 1399 1400
f 1398 1400 1401
f 1402 1403 1404
f 1402 1404 1405
f 1406 1407 1408
f 1406 1408 1409
f 1410 1411 1412
f 1410 1412 1413
f 1414 1415 1416
f 1414 1416 1417
f 1418 1419 1420
f 1418 1420 1421
f 1422 1423 1424
f 1422 1424 1425
f 1426 1427 1428
f 1426 1428 1429
f 1430 1431 1432
f 1430 1432 1433
f 1434 1435 1436
f 1434 1436 1437
f 1438 1439 1440
f 1438 1440 1441
f 1442 1443 1444
f 1442 1444 1445
f 1446 1447 1448
f 1446 1448 1449
f 1450 1451 1452
f 1450 1452 1453
f 1454 1455 1456
f 1454 1456 1457
f 1458 1459 1460
f 1458 1460 1461
f 1462 1463 1464
f 1462 1464 1465
f 1466 1467 1468
f 1466 1468 1469
f 1470 1471 1472
f 1470 1472 1473
f 1474 1475 1476
f 1474 1476 1477
f 1478 1479 1480
f 1478 1480 1481
f 1482 1483 1484
f 1482 1484 1485
f 1486 1487 1488
f 1486 1488 1489
f 1490 1491 1492
f 1490 1492 1493
f 1494 1495 1496
f 1494 1496 1497
f 1498 1499 1500
f 1498 1500 1501
f 1502 1503 1504
f 1502 1504 1505
f 1506 1507 1508
f 1506 1508 1509
f 1510 1511 1512
f 1510 1512 1513
f 1514 1515 1516
f 1514 1516 1517
f 1518 1519 1520
f 1518 1520 1521
f 1522 1523 1524
f 1522 1524 1525
f 1526 1527 1528
f 1526 1528 1529
f 1530 1531 1532
f 1530 1532 1533
f 1534 1535 1536
f 1534 1536 1537
f 1538 1539 1540
f 1538 1540 1541
f 1542 1543 1544
f 1542 1544 1545
f 1546 1547 1548
f 1546 1548 1549
f 1550 1551 1552
f 1550 1552 1553
f 1554 1555 1556
f 1554 1556 1557
f 1558 1559 1560
f 1558 1560 1561
f 1562 1563 1564
f 1562 1564 1565
f 1566 1567 1568
f 1566 1568 1569
f 1570 1571 1572
f 1570 1572 1573
f 1574 1575 1576
f 1574 1576 1577
f 1578 1579 1580
f 1578 1580 1581
f 1582 1583 1584
f 1582 1584 1585
f 1586 1587 1588
f 1586 1588 1589
f 1590 1591 1592
f 1590 1592 1593
f 1594 1595 1596
f 1594 1596 1597
f 1598 1599 1600
f 1598 1600 1601
f 1602 1603 1604
f 1602 1604 1605
f 1606 1607 1608
f 1606 1608 1609
f 1610 1611 1612
f 1610 1612 1613
f 1614 1615 1616
f 1614 1616 1617
f 1618 1619 1620
f 1618 1620 1621
f 1622 1623 1624
f 1622 1624 1625
f 1626 1627 1628
f 1626 1628 1629
f 1630 1631 1632
f 1630 1632 1633
f 1634 1635 1636
f 1634 1636 1637
f 1638 1639 1640
f 1638 1640 1641
f 1642 1643 1644
f 1642 1644 1645
f 1646 1647 1648
f 1646 1648 1649
f 1650 1651 1652
f 1650 1652 1653
f 1654 1655 1656
f 1654 1656 1657
f 1658 1659 1660
f 1658 1660 1661
f 1662 1663 1664
f 1662 1664 1665
f 1666 1667 1668
f 1666 1668 1669
f 1670 1671 1672
f 1670 1672 1673
f 1674 1675 1676
f 1674 1676 1677
f 1678 1679 1680
f 1678 1680 1681
f 1682 1683 1684
f 1682 1684 1685
f 1686 1687 1688
f 1686 1688 1689
f 1690 1691 1692
f 1690 1692 1693
f 1694 1695 1696
f 1694 1696 1697
f 1698 1699 1700
f 1698 1700 1701
f 1702 1703 1704
f 1702 1704 1705
