mtllib Materials.mtl
# Ultimate Food Pack - Hotdog
o Hotdog
v 0.283732 -0.061437 -0.755334
v 0.345720 -0.048980 -0.628978
v 0.353710 -0.125159 -0.629805
v 0.289888 -0.121027 -0.756071
v 0.283732 -0.061437 -0.755334
v 0.238432 -0.006855 -0.749910
v 0.286919 0.020704 -0.622890
v 0.345720 -0.048980 -0.628978
v 0.283732 -0.061437 -0.755334
v 0.213206 -0.068274 -0.799593
v 0.200221 -0.030464 -0.784374
v 0.238432 -0.006855 -0.749910
v 0.283732 -0.061437 -0.755334
v 0.289888 -0.121027 -0.756071
v 0.216795 -0.111065 -0.800022
v 0.213206 -0.068274 -0.799593
v 0.149396 -0.055568 -0.809520
v 0.213206 -0.068274 -0.799593
v 0.216795 -0.111065 -0.800022
v 0.150156 -0.092197 -0.809611
v 0.149396 -0.055568 -0.809520
v 0.149008 -0.013803 -0.791905
v 0.200221 -0.030464 -0.784374
v 0.213206 -0.068274 -0.799593
v 0.149396 -0.055568 -0.809520
v 0.102737 -0.027855 -0.786365
v 0.113879 0.003575 -0.774035
v 0.149008 -0.013803 -0.791905
v 0.149396 -0.055568 -0.809520
v 0.150156 -0.092197 -0.809611
v 0.100917 -0.069435 -0.786147
v 0.102737 -0.027855 -0.786365
v 0.070034 0.010328 0.698641
v 0.081443 -0.031973 0.528089
v 0.066462 -0.047789 0.697819
v 0.086093 0.042890 0.529012
v 0.106459 0.053744 0.262838
v 0.101408 -0.026701 0.262264
v 0.070034 0.010328 0.698641
v 0.090597 0.047254 0.703374
v 0.112851 0.090573 0.534324
v 0.086093 0.042890 0.529012
v 0.070034 0.010328 0.698641
v 0.074440 -0.027855 0.793073
v 0.089087 0.003575 0.772225
v 0.090597 0.047254 0.703374
v 0.070034 0.010328 0.698641
v 0.066462 -0.047789 0.697819
v 0.072654 -0.069435 0.792662
v 0.074440 -0.027855 0.793073
v 0.115463 -0.055568 0.833655
v 0.074440 -0.027855 0.793073
v 0.072654 -0.069435 0.792662
v 0.116209 -0.092197 0.833827
v 0.115463 -0.055568 0.833655
v 0.119854 -0.013803 0.803527
v 0.089087 0.003575 0.772225
v 0.074440 -0.027855 0.793073
v 0.115463 -0.055568 0.833655
v 0.182862 -0.068274 0.818030
v 0.173829 -0.030464 0.791732
v 0.119854 -0.013803 0.803527
v 0.115463 -0.055568 0.833655
v 0.116209 -0.092197 0.833827
v 0.186385 -0.111065 0.818841
v 0.182862 -0.068274 0.818030
v -0.384104 -0.044828 0.294380
v -0.321239 0.029890 0.287238
v -0.320462 0.029890 -0.368974
v -0.383913 -0.044828 -0.372759
v 0.327450 -0.206064 -0.369391
v 0.392535 -0.126536 -0.373274
v 0.392646 -0.126536 0.295351
v 0.328162 -0.206064 0.288025
v 0.328162 -0.206064 0.288025
v 0.290139 -0.199137 0.569519
v 0.195775 -0.256871 0.550143
v 0.224019 -0.268202 0.276148
v 0.328162 -0.206064 0.288025
v 0.392646 -0.126536 0.295351
v 0.349487 -0.125159 0.581301
v 0.290139 -0.199137 0.569519
v 0.152283 0.035451 0.717574
v 0.193125 0.075200 0.550260
v 0.112851 0.090573 0.534324
v 0.090597 0.047254 0.703374
v 0.152283 0.035451 0.717574
v 0.221936 -0.006855 0.733607
v 0.283766 0.020704 0.568254
v 0.193125 0.075200 0.550260
v 0.152283 0.035451 0.717574
v 0.119854 -0.013803 0.803527
v 0.173829 -0.030464 0.791732
v 0.221936 -0.006855 0.733607
v 0.152283 0.035451 0.717574
v 0.090597 0.047254 0.703374
v 0.089087 0.003575 0.772225
v 0.119854 -0.013803 0.803527
v 0.069104 -0.099556 -0.729633
v 0.067129 -0.098141 -0.600134
v 0.081303 -0.031974 -0.601602
v 0.080024 -0.047789 -0.730941
v 0.069104 -0.099556 -0.729633
v 0.051366 -0.138633 -0.726641
v 0.046926 -0.145664 -0.597428
v 0.067129 -0.098141 -0.600134
v 0.069104 -0.099556 -0.729633
v 0.090553 -0.107121 -0.784906
v 0.070086 -0.137639 -0.781494
v 0.051366 -0.138633 -0.726641
v 0.069104 -0.099556 -0.729633
v 0.080024 -0.047789 -0.730941
v 0.100917 -0.069435 -0.786147
v 0.090553 -0.107121 -0.784906
v 0.083288 -0.097670 -0.354824
v 0.060131 -0.148008 -0.353257
v 0.062843 -0.148008 0.257837
v 0.086253 -0.097670 0.260543
v 0.086253 -0.097670 0.260543
v 0.081443 -0.031973 0.528089
v 0.101408 -0.026701 0.262264
v 0.067496 -0.098141 0.525321
v 0.055744 -0.099555 0.695352
v 0.066462 -0.047789 0.697819
v 0.086253 -0.097670 0.260543
v 0.062843 -0.148008 0.257837
v 0.047436 -0.145664 0.520695
v 0.067496 -0.098141 0.525321
v 0.055744 -0.099555 0.695352
v 0.039844 -0.138633 0.690377
v 0.327450 -0.206064 -0.369391
v 0.328162 -0.206064 0.288025
v 0.224019 -0.268202 0.276148
v 0.222807 -0.268202 -0.362963
v 0.036645 -0.170575 0.807790
v 0.070603 -0.153407 0.821399
v 0.045692 -0.137639 0.784679
v 0.024058 -0.157718 0.774369
v 0.036645 -0.170575 0.807790
v 0.055517 -0.198826 0.781610
v 0.108633 -0.182849 0.799167
v 0.070603 -0.153407 0.821399
v 0.036645 -0.170575 0.807790
v 0.000000 -0.176611 0.799712
v 0.000000 -0.202953 0.771667
v 0.055517 -0.198826 0.781610
v 0.036645 -0.170575 0.807790
v 0.024058 -0.157718 0.774369
v 0.000000 -0.165147 0.768047
v 0.000000 -0.176611 0.799712
v 0.053213 -0.170575 -0.794035
v 0.099721 -0.153407 -0.802579
v 0.134214 -0.182849 -0.789173
v 0.070010 -0.198826 -0.778602
v 0.053213 -0.170575 -0.794035
v 0.037958 -0.157718 -0.774764
v 0.070086 -0.137639 -0.781494
v 0.099721 -0.153407 -0.802579
v 0.053213 -0.170575 -0.794035
v 0.000000 -0.176612 -0.788864
v 0.000000 -0.165148 -0.770569
v 0.037958 -0.157718 -0.774764
v 0.053213 -0.170575 -0.794035
v 0.070010 -0.198826 -0.778602
v 0.000000 -0.202954 -0.772489
v 0.000000 -0.176612 -0.788864
v 0.020727 -0.158683 0.682031
v 0.039844 -0.138633 0.690377
v 0.047436 -0.145664 0.520695
v 0.024450 -0.164591 0.514203
v 0.020727 -0.158683 0.682031
v 0.024058 -0.157718 0.774369
v 0.045692 -0.137639 0.784679
v 0.039844 -0.138633 0.690377
v 0.020727 -0.158683 0.682031
v 0.000000 -0.163952 0.677015
v 0.000000 -0.165147 0.768047
v 0.024058 -0.157718 0.774369
v 0.020727 -0.158683 0.682031
v 0.024450 -0.164591 0.514203
v 0.000000 -0.166905 0.510490
v 0.000000 -0.163952 0.677015
v 0.085322 -0.244042 -0.728104
v 0.167507 -0.222879 -0.740549
v 0.197679 -0.256871 -0.613036
v 0.099464 -0.284315 -0.601023
v 0.085322 -0.244042 -0.728104
v 0.070010 -0.198826 -0.778602
v 0.134214 -0.182849 -0.789173
v 0.167507 -0.222879 -0.740549
v 0.085322 -0.244042 -0.728104
v 0.000000 -0.202954 -0.772489
v 0.070010 -0.198826 -0.778602
v 0.000000 -0.248784 -0.721260
v -0.085322 -0.244042 -0.728104
v -0.070010 -0.198826 -0.778602
v 0.085322 -0.244042 -0.728104
v 0.099464 -0.284315 -0.601023
v 0.000000 -0.290464 -0.594645
v 0.000000 -0.248784 -0.721260
v 0.077701 -0.244042 0.695145
v 0.153835 -0.222879 0.716616
v 0.108633 -0.182849 0.799167
v 0.055517 -0.198826 0.781610
v 0.077701 -0.244042 0.695145
v 0.098592 -0.284315 0.528921
v 0.195775 -0.256871 0.550143
v 0.153835 -0.222879 0.716616
v 0.077701 -0.244042 0.695145
v 0.000000 -0.248784 0.683572
v 0.000000 -0.290464 0.517849
v 0.098592 -0.284315 0.528921
v 0.077701 -0.244042 0.695145
v 0.055517 -0.198826 0.781610
v 0.000000 -0.202953 0.771667
v 0.000000 -0.248784 0.683572
v -0.077701 -0.244042 0.695145
v -0.055517 -0.198826 0.781610
v 0.033024 -0.166560 0.254312
v 0.024450 -0.164591 0.514203
v 0.047436 -0.145664 0.520695
v 0.062843 -0.148008 0.257837
v 0.033024 -0.166560 0.254312
v 0.000000 -0.166905 0.510490
v 0.024450 -0.164591 0.514203
v 0.000000 -0.167890 0.252345
v 0.031447 -0.166560 -0.350990
v 0.000000 -0.167890 -0.349682
v 0.000000 -0.166906 -0.590744
v 0.024115 -0.164591 -0.593222
v 0.083288 -0.097670 -0.354824
v 0.086253 -0.097670 0.260543
v 0.101408 -0.026701 0.262264
v 0.098583 -0.026702 -0.355737
v 0.243421 -0.178357 -0.750507
v 0.289888 -0.121027 -0.756071
v 0.353710 -0.125159 -0.629805
v 0.293395 -0.199138 -0.623561
v 0.243421 -0.178357 -0.750507
v 0.186803 -0.151426 -0.796431
v 0.216795 -0.111065 -0.800022
v 0.289888 -0.121027 -0.756071
v 0.243421 -0.178357 -0.750507
v 0.167507 -0.222879 -0.740549
v 0.134214 -0.182849 -0.789173
v 0.186803 -0.151426 -0.796431
v 0.243421 -0.178357 -0.750507
v 0.293395 -0.199138 -0.623561
v 0.197679 -0.256871 -0.613036
v 0.167507 -0.222879 -0.740549
v 0.132816 -0.126046 -0.807535
v 0.090553 -0.107121 -0.784906
v 0.100917 -0.069435 -0.786147
v 0.150156 -0.092197 -0.809611
v 0.132816 -0.126046 -0.807535
v 0.099721 -0.153407 -0.802579
v 0.070086 -0.137639 -0.781494
v 0.090553 -0.107121 -0.784906
v 0.132816 -0.126046 -0.807535
v 0.186803 -0.151426 -0.796431
v 0.134214 -0.182849 -0.789173
v 0.099721 -0.153407 -0.802579
v 0.132816 -0.126046 -0.807535
v 0.150156 -0.092197 -0.809611
v 0.216795 -0.111065 -0.800022
v 0.186803 -0.151426 -0.796431
v 0.031447 -0.166560 -0.350990
v 0.033024 -0.166560 0.254312
v 0.062843 -0.148008 0.257837
v 0.060131 -0.148008 -0.353257
v 0.221060 0.088449 -0.363044
v 0.133026 0.105013 -0.357792
v 0.135533 0.105013 0.266141
v 0.222754 0.088449 0.276050
v 0.222754 0.088449 0.276050
v 0.193125 0.075200 0.550260
v 0.283766 0.020704 0.568254
v 0.321239 0.029890 0.287238
v 0.222754 0.088449 0.276050
v 0.135533 0.105013 0.266141
v 0.112851 0.090573 0.534324
v 0.193125 0.075200 0.550260
v 0.221060 0.088449 -0.363044
v 0.222754 0.088449 0.276050
v 0.321239 0.029890 0.287238
v 0.320462 0.029890 -0.368974
v 0.103682 0.053744 -0.356041
v 0.098583 -0.026702 -0.355737
v 0.101408 -0.026701 0.262264
v 0.106459 0.053744 0.262838
v 0.106459 0.053744 0.262838
v 0.086093 0.042890 0.529012
v 0.112851 0.090573 0.534324
v 0.135533 0.105013 0.266141
v 0.266397 -0.061437 0.743841
v 0.182862 -0.068274 0.818030
v 0.186385 -0.111065 0.818841
v 0.272439 -0.121027 0.745232
v 0.266397 -0.061437 0.743841
v 0.221936 -0.006855 0.733607
v 0.173829 -0.030464 0.791732
v 0.182862 -0.068274 0.818030
v 0.266397 -0.061437 0.743841
v 0.341625 -0.048980 0.579740
v 0.283766 0.020704 0.568254
v 0.221936 -0.006855 0.733607
v 0.266397 -0.061437 0.743841
v 0.272439 -0.121027 0.745232
v 0.349487 -0.125159 0.581301
v 0.341625 -0.048980 0.579740
v 0.083664 0.010327 -0.731377
v 0.102737 -0.027855 -0.786365
v 0.100917 -0.069435 -0.786147
v 0.080024 -0.047789 -0.730941
v 0.083664 0.010327 -0.731377
v 0.104614 0.047254 -0.733886
v 0.113879 0.003575 -0.774035
v 0.102737 -0.027855 -0.786365
v 0.083664 0.010327 -0.731377
v 0.086028 0.042890 -0.602091
v 0.113222 0.090573 -0.604906
v 0.104614 0.047254 -0.733886
v 0.083664 0.010327 -0.731377
v 0.080024 -0.047789 -0.730941
v 0.081303 -0.031974 -0.601602
v 0.086028 0.042890 -0.602091
v 0.167465 0.035451 -0.741412
v 0.149008 -0.013803 -0.791905
v 0.113879 0.003575 -0.774035
v 0.104614 0.047254 -0.733886
v 0.167465 0.035451 -0.741412
v 0.238432 -0.006855 -0.749910
v 0.200221 -0.030464 -0.784374
v 0.149008 -0.013803 -0.791905
v 0.167465 0.035451 -0.741412
v 0.194803 0.075200 -0.613353
v 0.286919 0.020704 -0.622890
v 0.238432 -0.006855 -0.749910
v 0.167465 0.035451 -0.741412
v 0.104614 0.047254 -0.733886
v 0.113222 0.090573 -0.604906
v 0.194803 0.075200 -0.613353
v 0.099190 -0.126045 0.829909
v 0.156949 -0.151426 0.812065
v 0.186385 -0.111065 0.818841
v 0.116209 -0.092197 0.833827
v 0.099190 -0.126045 0.829909
v 0.070603 -0.153407 0.821399
v 0.108633 -0.182849 0.799167
v 0.156949 -0.151426 0.812065
v 0.099190 -0.126045 0.829909
v 0.062481 -0.107121 0.790320
v 0.045692 -0.137639 0.784679
v 0.070603 -0.153407 0.821399
v 0.099190 -0.126045 0.829909
v 0.116209 -0.092197 0.833827
v 0.072654 -0.069435 0.792662
v 0.062481 -0.107121 0.790320
v 0.027272 -0.158684 -0.721153
v 0.051366 -0.138633 -0.726641
v 0.070086 -0.137639 -0.781494
v 0.037958 -0.157718 -0.774764
v 0.027272 -0.158684 -0.721153
v 0.024115 -0.164591 -0.593222
v 0.046926 -0.145664 -0.597428
v 0.051366 -0.138633 -0.726641
v 0.027272 -0.158684 -0.721153
v 0.000000 -0.163952 -0.717784
v 0.000000 -0.166906 -0.590744
v 0.024115 -0.164591 -0.593222
v 0.027272 -0.158684 -0.721153
v 0.037958 -0.157718 -0.774764
v 0.000000 -0.165148 -0.770569
v 0.000000 -0.163952 -0.717784
v 0.113583 -0.297739 0.263464
v 0.000000 -0.304358 0.256921
v 0.000000 -0.304358 -0.352107
v 0.112756 -0.297739 -0.355841
v 0.112756 -0.297739 -0.355841
v 0.099464 -0.284315 -0.601023
v 0.197679 -0.256871 -0.613036
v 0.222807 -0.268202 -0.362963
v 0.112756 -0.297739 -0.355841
v 0.000000 -0.304358 -0.352107
v 0.000000 -0.290464 -0.594645
v 0.099464 -0.284315 -0.601023
v 0.103682 0.053744 -0.356041
v 0.106459 0.053744 0.262838
v 0.135533 0.105013 0.266141
v 0.133026 0.105013 -0.357792
v 0.113222 0.090573 -0.604906
v 0.086028 0.042890 -0.602091
v 0.055744 -0.099555 0.695352
v 0.062481 -0.107121 0.790320
v 0.072654 -0.069435 0.792662
v 0.066462 -0.047789 0.697819
v 0.055744 -0.099555 0.695352
v 0.039844 -0.138633 0.690377
v 0.045692 -0.137639 0.784679
v 0.062481 -0.107121 0.790320
v 0.113583 -0.297739 0.263464
v 0.112756 -0.297739 -0.355841
v 0.222807 -0.268202 -0.362963
v 0.224019 -0.268202 0.276148
v 0.384104 -0.044828 0.294380
v 0.392646 -0.126536 0.295351
v 0.392535 -0.126536 -0.373274
v 0.383913 -0.044828 -0.372759
v 0.383913 -0.044828 -0.372759
v 0.345720 -0.048980 -0.628978
v 0.286919 0.020704 -0.622890
v 0.320462 0.029890 -0.368974
v 0.383913 -0.044828 -0.372759
v 0.392535 -0.126536 -0.373274
v 0.353710 -0.125159 -0.629805
v 0.345720 -0.048980 -0.628978
v 0.226833 -0.178357 0.734734
v 0.290139 -0.199137 0.569519
v 0.349487 -0.125159 0.581301
v 0.272439 -0.121027 0.745232
v 0.226833 -0.178357 0.734734
v 0.153835 -0.222879 0.716616
v 0.195775 -0.256871 0.550143
v 0.290139 -0.199137 0.569519
v 0.226833 -0.178357 0.734734
v 0.156949 -0.151426 0.812065
v 0.108633 -0.182849 0.799167
v 0.153835 -0.222879 0.716616
v 0.226833 -0.178357 0.734734
v 0.272439 -0.121027 0.745232
v 0.186385 -0.111065 0.818841
v 0.156949 -0.151426 0.812065
v 0.384104 -0.044828 0.294380
v 0.341625 -0.048980 0.579740
v 0.349487 -0.125159 0.581301
v 0.392646 -0.126536 0.295351
v 0.384104 -0.044828 0.294380
v 0.321239 0.029890 0.287238
v 0.283766 0.020704 0.568254
v 0.341625 -0.048980 0.579740
v 0.113583 -0.297739 0.263464
v 0.224019 -0.268202 0.276148
v 0.195775 -0.256871 0.550143
v 0.098592 -0.284315 0.528921
v 0.113583 -0.297739 0.263464
v 0.098592 -0.284315 0.528921
v 0.000000 -0.290464 0.517849
v 0.000000 -0.304358 0.256921
v 0.103682 0.053744 -0.356041
v 0.086028 0.042890 -0.602091
v 0.081303 -0.031974 -0.601602
v 0.098583 -0.026702 -0.355737
v 0.221060 0.088449 -0.363044
v 0.194803 0.075200 -0.613353
v 0.113222 0.090573 -0.604906
v 0.133026 0.105013 -0.357792
v 0.221060 0.088449 -0.363044
v 0.320462 0.029890 -0.368974
v 0.286919 0.020704 -0.622890
v 0.194803 0.075200 -0.613353
v 0.031447 -0.166560 -0.350990
v 0.060131 -0.148008 -0.353257
v 0.046926 -0.145664 -0.597428
v 0.024115 -0.164591 -0.593222
v 0.083288 -0.097670 -0.354824
v 0.098583 -0.026702 -0.355737
v 0.081303 -0.031974 -0.601602
v 0.067129 -0.098141 -0.600134
v 0.083288 -0.097670 -0.354824
v 0.067129 -0.098141 -0.600134
v 0.046926 -0.145664 -0.597428
v 0.060131 -0.148008 -0.353257
v 0.327450 -0.206064 -0.369391
v 0.293395 -0.199138 -0.623561
v 0.353710 -0.125159 -0.629805
v 0.392535 -0.126536 -0.373274
v 0.327450 -0.206064 -0.369391
v 0.222807 -0.268202 -0.362963
v 0.197679 -0.256871 -0.613036
v 0.293395 -0.199138 -0.623561
v -0.283732 -0.061437 -0.755334
v -0.289888 -0.121027 -0.756071
v -0.353710 -0.125159 -0.629805
v -0.345720 -0.048980 -0.628978
v -0.283732 -0.061437 -0.755334
v -0.213206 -0.068274 -0.799593
v -0.216795 -0.111065 -0.800022
v -0.289888 -0.121027 -0.756071
v -0.283732 -0.061437 -0.755334
v -0.238432 -0.006855 -0.749910
v -0.200221 -0.030464 -0.784374
v -0.213206 -0.068274 -0.799593
v -0.283732 -0.061437 -0.755334
v -0.345720 -0.048980 -0.628978
v -0.286919 0.020704 -0.622890
v -0.238432 -0.006855 -0.749910
v -0.149396 -0.055568 -0.809520
v -0.150156 -0.092197 -0.809611
v -0.216795 -0.111065 -0.800022
v -0.213206 -0.068274 -0.799593
v -0.149396 -0.055568 -0.809520
v -0.102737 -0.027855 -0.786365
v -0.100917 -0.069435 -0.786147
v -0.150156 -0.092197 -0.809611
v -0.149396 -0.055568 -0.809520
v -0.149008 -0.013803 -0.791905
v -0.113879 0.003575 -0.774035
v -0.102737 -0.027855 -0.786365
v -0.149396 -0.055568 -0.809520
v -0.213206 -0.068274 -0.799593
v -0.200221 -0.030464 -0.784374
v -0.149008 -0.013803 -0.791905
v -0.070034 0.010328 0.698641
v -0.066462 -0.047789 0.697819
v -0.081443 -0.031973 0.528089
v -0.086093 0.042890 0.529012
v -0.106459 0.053744 0.262838
v -0.101408 -0.026701 0.262264
v -0.070034 0.010328 0.698641
v -0.074440 -0.027855 0.793073
v -0.072654 -0.069435 0.792662
v -0.066462 -0.047789 0.697819
v -0.070034 0.010328 0.698641
v -0.090597 0.047254 0.703374
v -0.089087 0.003575 0.772225
v -0.074440 -0.027855 0.793073
v -0.070034 0.010328 0.698641
v -0.086093 0.042890 0.529012
v -0.112851 0.090573 0.534324
v -0.090597 0.047254 0.703374
v -0.115463 -0.055568 0.833655
v -0.116209 -0.092197 0.833827
v -0.072654 -0.069435 0.792662
v -0.074440 -0.027855 0.793073
v -0.115463 -0.055568 0.833655
v -0.182862 -0.068274 0.818030
v -0.186385 -0.111065 0.818841
v -0.116209 -0.092197 0.833827
v -0.115463 -0.055568 0.833655
v -0.119854 -0.013803 0.803527
v -0.173829 -0.030464 0.791732
v -0.182862 -0.068274 0.818030
v -0.115463 -0.055568 0.833655
v -0.074440 -0.027855 0.793073
v -0.089087 0.003575 0.772225
v -0.119854 -0.013803 0.803527
v -0.328162 -0.206064 0.288025
v -0.290139 -0.199137 0.569519
v -0.349487 -0.125159 0.581301
v -0.392646 -0.126536 0.295351
v -0.328162 -0.206064 0.288025
v -0.224019 -0.268202 0.276148
v -0.195775 -0.256871 0.550143
v -0.290139 -0.199137 0.569519
v -0.327450 -0.206064 -0.369391
v -0.328162 -0.206064 0.288025
v -0.392646 -0.126536 0.295351
v -0.392535 -0.126536 -0.373274
v -0.152283 0.035451 0.717574
v -0.090597 0.047254 0.703374
v -0.112851 0.090573 0.534324
v -0.193125 0.075200 0.550260
v -0.152283 0.035451 0.717574
v -0.119854 -0.013803 0.803527
v -0.089087 0.003575 0.772225
v -0.090597 0.047254 0.703374
v -0.152283 0.035451 0.717574
v -0.221936 -0.006855 0.733607
v -0.173829 -0.030464 0.791732
v -0.119854 -0.013803 0.803527
v -0.152283 0.035451 0.717574
v -0.193125 0.075200 0.550260
v -0.283766 0.020704 0.568254
v -0.221936 -0.006855 0.733607
v -0.069104 -0.099556 -0.729633
v -0.080024 -0.047789 -0.730941
v -0.081303 -0.031974 -0.601602
v -0.067129 -0.098141 -0.600134
v -0.069104 -0.099556 -0.729633
v -0.090553 -0.107121 -0.784906
v -0.100917 -0.069435 -0.786147
v -0.080024 -0.047789 -0.730941
v -0.069104 -0.099556 -0.729633
v -0.051366 -0.138633 -0.726641
v -0.070086 -0.137639 -0.781494
v -0.090553 -0.107121 -0.784906
v -0.069104 -0.099556 -0.729633
v -0.067129 -0.098141 -0.600134
v -0.046926 -0.145664 -0.597428
v -0.051366 -0.138633 -0.726641
v -0.083288 -0.097670 -0.354824
v -0.086253 -0.097670 0.260542
v -0.062843 -0.148008 0.257837
v -0.060131 -0.148008 -0.353257
v -0.327450 -0.206064 -0.369391
v -0.222807 -0.268202 -0.362963
v -0.224019 -0.268202 0.276148
v -0.328162 -0.206064 0.288025
v -0.086253 -0.097670 0.260542
v -0.047436 -0.145664 0.520695
v -0.062843 -0.148008 0.257837
v -0.067496 -0.098141 0.525321
v -0.055744 -0.099555 0.695352
v -0.039844 -0.138633 0.690377
v -0.086253 -0.097670 0.260542
v -0.101408 -0.026701 0.262264
v -0.081443 -0.031973 0.528089
v -0.067496 -0.098141 0.525321
v -0.055744 -0.099555 0.695352
v -0.066462 -0.047789 0.697819
v -0.036645 -0.170575 0.807790
v -0.024058 -0.157718 0.774369
v -0.045692 -0.137639 0.784679
v -0.070603 -0.153407 0.821399
v -0.036645 -0.170575 0.807790
v 0.000000 -0.176611 0.799712
v 0.000000 -0.165147 0.768047
v -0.024058 -0.157718 0.774369
v -0.036645 -0.170575 0.807790
v -0.055517 -0.198826 0.781610
v 0.000000 -0.202953 0.771667
v 0.000000 -0.176611 0.799712
v -0.036645 -0.170575 0.807790
v -0.070603 -0.153407 0.821399
v -0.108633 -0.182849 0.799167
v -0.055517 -0.198826 0.781610
v -0.053213 -0.170575 -0.794035
v -0.070010 -0.198826 -0.778602
v -0.134214 -0.182849 -0.789173
v -0.099721 -0.153407 -0.802579
v -0.053213 -0.170575 -0.794035
v 0.000000 -0.176612 -0.788864
v 0.000000 -0.202954 -0.772489
v -0.070010 -0.198826 -0.778602
v -0.053213 -0.170575 -0.794035
v -0.037958 -0.157718 -0.774764
v 0.000000 -0.165148 -0.770569
v 0.000000 -0.176612 -0.788864
v -0.053213 -0.170575 -0.794035
v -0.099721 -0.153407 -0.802579
v -0.070086 -0.137639 -0.781494
v -0.037958 -0.157718 -0.774764
v -0.020727 -0.158683 0.682031
v -0.024450 -0.164591 0.514203
v -0.047436 -0.145664 0.520695
v -0.039844 -0.138633 0.690377
v -0.020727 -0.158683 0.682031
v 0.000000 -0.163952 0.677015
v 0.000000 -0.166905 0.510490
v -0.024450 -0.164591 0.514203
v -0.020727 -0.158683 0.682031
v -0.024058 -0.157718 0.774369
v 0.000000 -0.165147 0.768047
v 0.000000 -0.163952 0.677015
v -0.020727 -0.158683 0.682031
v -0.039844 -0.138633 0.690377
v -0.045692 -0.137639 0.784679
v -0.024058 -0.157718 0.774369
v -0.085322 -0.244042 -0.728104
v -0.099464 -0.284315 -0.601023
v -0.197679 -0.256871 -0.613036
v -0.167507 -0.222879 -0.740549
v -0.085322 -0.244042 -0.728104
v 0.000000 -0.248784 -0.721260
v 0.000000 -0.290464 -0.594645
v -0.099464 -0.284315 -0.601023
v -0.085322 -0.244042 -0.728104
v -0.167507 -0.222879 -0.740549
v -0.134214 -0.182849 -0.789173
v -0.070010 -0.198826 -0.778602
v -0.077701 -0.244042 0.695145
v -0.055517 -0.198826 0.781610
v -0.108633 -0.182849 0.799167
v -0.153835 -0.222879 0.716616
v -0.077701 -0.244042 0.695145
v -0.098592 -0.284315 0.528921
v 0.000000 -0.290464 0.517849
v 0.000000 -0.248784 0.683572
v -0.077701 -0.244042 0.695145
v -0.153835 -0.222879 0.716616
v -0.195775 -0.256871 0.550143
v -0.098592 -0.284315 0.528921
v -0.083288 -0.097670 -0.354824
v -0.098583 -0.026702 -0.355737
v -0.101408 -0.026701 0.262264
v -0.086253 -0.097670 0.260542
v -0.033024 -0.166560 0.254312
v -0.024450 -0.164591 0.514203
v 0.000000 -0.166905 0.510490
v 0.000000 -0.167890 0.252345
v -0.031447 -0.166560 -0.350990
v 0.000000 -0.167890 -0.349682
v 0.000000 -0.166906 -0.590744
v -0.024115 -0.164591 -0.593222
v -0.033024 -0.166560 0.254312
v -0.062843 -0.148008 0.257837
v -0.047436 -0.145664 0.520695
v -0.024450 -0.164591 0.514203
v -0.243421 -0.178357 -0.750507
v -0.293395 -0.199138 -0.623561
v -0.353710 -0.125159 -0.629805
v -0.289888 -0.121027 -0.756071
v -0.243421 -0.178357 -0.750507
v -0.167507 -0.222879 -0.740549
v -0.197679 -0.256871 -0.613036
v -0.293395 -0.199138 -0.623561
v -0.243421 -0.178357 -0.750507
v -0.186803 -0.151426 -0.796431
v -0.134214 -0.182849 -0.789173
v -0.167507 -0.222879 -0.740549
v -0.243421 -0.178357 -0.750507
v -0.289888 -0.121027 -0.756071
v -0.216795 -0.111065 -0.800022
v -0.186803 -0.151426 -0.796431
v -0.132816 -0.126046 -0.807535
v -0.150156 -0.092197 -0.809611
v -0.100917 -0.069435 -0.786147
v -0.090553 -0.107121 -0.784906
v -0.132816 -0.126046 -0.807535
v -0.186803 -0.151426 -0.796431
v -0.216795 -0.111065 -0.800022
v -0.150156 -0.092197 -0.809611
v -0.132816 -0.126046 -0.807535
v -0.099721 -0.153407 -0.802579
v -0.134214 -0.182849 -0.789173
v -0.186803 -0.151426 -0.796431
v -0.132816 -0.126046 -0.807535
v -0.090553 -0.107121 -0.784906
v -0.070086 -0.137639 -0.781494
v -0.099721 -0.153407 -0.802579
v -0.031447 -0.166560 -0.350990
v -0.060131 -0.148008 -0.353257
v -0.062843 -0.148008 0.257837
v -0.033024 -0.166560 0.254312
v -0.222754 0.088449 0.276050
v -0.193125 0.075200 0.550260
v -0.112851 0.090573 0.534324
v -0.135533 0.105013 0.266141
v -0.222754 0.088449 0.276050
v -0.321239 0.029890 0.287238
v -0.283766 0.020704 0.568254
v -0.193125 0.075200 0.550260
v -0.221060 0.088449 -0.363044
v -0.222754 0.088449 0.276050
v -0.135533 0.105013 0.266141
v -0.133026 0.105013 -0.357792
v -0.221060 0.088449 -0.363044
v -0.320462 0.029890 -0.368974
v -0.321239 0.029890 0.287238
v -0.222754 0.088449 0.276050
v -0.106459 0.053744 0.262838
v -0.135533 0.105013 0.266141
v -0.112851 0.090573 0.534324
v -0.086093 0.042890 0.529012
v -0.103682 0.053744 -0.356041
v -0.106459 0.053744 0.262838
v -0.101408 -0.026701 0.262264
v -0.098583 -0.026702 -0.355737
v -0.266397 -0.061437 0.743841
v -0.272439 -0.121027 0.745232
v -0.186385 -0.111065 0.818841
v -0.182862 -0.068274 0.818030
v -0.266397 -0.061437 0.743841
v -0.341625 -0.048980 0.579740
v -0.349487 -0.125159 0.581301
v -0.272439 -0.121027 0.745232
v -0.266397 -0.061437 0.743841
v -0.221936 -0.006855 0.733607
v -0.283766 0.020704 0.568254
v -0.341625 -0.048980 0.579740
v -0.266397 -0.061437 0.743841
v -0.182862 -0.068274 0.818030
v -0.173829 -0.030464 0.791732
v -0.221936 -0.006855 0.733607
v -0.083664 0.010327 -0.731377
v -0.080024 -0.047789 -0.730941
v -0.100917 -0.069435 -0.786147
v -0.102737 -0.027855 -0.786365
v -0.083664 0.010327 -0.731377
v -0.086028 0.042890 -0.602091
v -0.081303 -0.031974 -0.601602
v -0.080024 -0.047789 -0.730941
v -0.083664 0.010327 -0.731377
v -0.104614 0.047254 -0.733886
v -0.113222 0.090573 -0.604906
v -0.086028 0.042890 -0.602091
v -0.083664 0.010327 -0.731377
v -0.102737 -0.027855 -0.786365
v -0.113879 0.003575 -0.774035
v -0.104614 0.047254 -0.733886
v -0.167465 0.035451 -0.741412
v -0.104614 0.047254 -0.733886
v -0.113879 0.003575 -0.774035
v -0.149008 -0.013803 -0.791905
v -0.167465 0.035451 -0.741412
v -0.194803 0.075200 -0.613353
v -0.113222 0.090573 -0.604906
v -0.104614 0.047254 -0.733886
v -0.167465 0.035451 -0.741412
v -0.238432 -0.006855 -0.749910
v -0.286919 0.020704 -0.622890
v -0.194803 0.075200 -0.613353
v -0.167465 0.035451 -0.741412
v -0.149008 -0.013803 -0.791905
v -0.200221 -0.030464 -0.784374
v -0.238432 -0.006855 -0.749910
v -0.099190 -0.126045 0.829909
v -0.116209 -0.092197 0.833827
v -0.186385 -0.111065 0.818841
v -0.156949 -0.151426 0.812065
v -0.099190 -0.126045 0.829909
v -0.062481 -0.107121 0.790320
v -0.072654 -0.069435 0.792662
v -0.116209 -0.092197 0.833827
v -0.099190 -0.126045 0.829909
v -0.070603 -0.153407 0.821399
v -0.045692 -0.137639 0.784679
v -0.062481 -0.107121 0.790320
v -0.099190 -0.126045 0.829909
v -0.156949 -0.151426 0.812065
v -0.108633 -0.182849 0.799167
v -0.070603 -0.153407 0.821399
v -0.027272 -0.158684 -0.721153
v -0.037958 -0.157718 -0.774764
v -0.070086 -0.137639 -0.781494
v -0.051366 -0.138633 -0.726641
v -0.027272 -0.158684 -0.721153
v 0.000000 -0.163952 -0.717784
v 0.000000 -0.165148 -0.770569
v -0.037958 -0.157718 -0.774764
v -0.027272 -0.158684 -0.721153
v -0.024115 -0.164591 -0.593222
v 0.000000 -0.166906 -0.590744
v 0.000000 -0.163952 -0.717784
v -0.027272 -0.158684 -0.721153
v -0.051366 -0.138633 -0.726641
v -0.046926 -0.145664 -0.597428
v -0.024115 -0.164591 -0.593222
v -0.113583 -0.297739 0.263464
v -0.112756 -0.297739 -0.355841
v 0.000000 -0.304358 -0.352107
v 0.000000 -0.304358 0.256921
v -0.103682 0.053744 -0.356041
v -0.135533 0.105013 0.266141
v -0.106459 0.053744 0.262838
v -0.133026 0.105013 -0.357792
v -0.113222 0.090573 -0.604906
v -0.086028 0.042890 -0.602091
v -0.112756 -0.297739 -0.355841
v -0.099464 -0.284315 -0.601023
v 0.000000 -0.290464 -0.594645
v 0.000000 -0.304358 -0.352107
v -0.112756 -0.297739 -0.355841
v -0.222807 -0.268202 -0.362963
v -0.197679 -0.256871 -0.613036
v -0.099464 -0.284315 -0.601023
v -0.055744 -0.099555 0.695352
v -0.066462 -0.047789 0.697819
v -0.072654 -0.069435 0.792662
v -0.062481 -0.107121 0.790320
v -0.055744 -0.099555 0.695352
v -0.062481 -0.107121 0.790320
v -0.045692 -0.137639 0.784679
v -0.039844 -0.138633 0.690377
v -0.113583 -0.297739 0.263464
v -0.224019 -0.268202 0.276148
v -0.222807 -0.268202 -0.362963
v -0.112756 -0.297739 -0.355841
v -0.383913 -0.044828 -0.372759
v -0.345720 -0.048980 -0.628978
v -0.353710 -0.125159 -0.629805
v -0.392535 -0.126536 -0.373274
v -0.383913 -0.044828 -0.372759
v -0.320462 0.029890 -0.368974
v -0.286919 0.020704 -0.622890
v -0.345720 -0.048980 -0.628978
v -0.384104 -0.044828 0.294380
v -0.383913 -0.044828 -0.372759
v -0.392535 -0.126536 -0.373274
v -0.392646 -0.126536 0.295351
v -0.226833 -0.178357 0.734734
v -0.272439 -0.121027 0.745232
v -0.349487 -0.125159 0.581301
v -0.290139 -0.199137 0.569519
v -0.226833 -0.178357 0.734734
v -0.156949 -0.151426 0.812065
v -0.186385 -0.111065 0.818841
v -0.272439 -0.121027 0.745232
v -0.226833 -0.178357 0.734734
v -0.153835 -0.222879 0.716616
v -0.108633 -0.182849 0.799167
v -0.156949 -0.151426 0.812065
v -0.226833 -0.178357 0.734734
v -0.290139 -0.199137 0.569519
v -0.195775 -0.256871 0.550143
v -0.153835 -0.222879 0.716616
v -0.384104 -0.044828 0.294380
v -0.392646 -0.126536 0.295351
v -0.349487 -0.125159 0.581301
v -0.341625 -0.048980 0.579740
v -0.384104 -0.044828 0.294380
v -0.341625 -0.048980 0.579740
v -0.283766 0.020704 0.568254
v -0.321239 0.029890 0.287238
v -0.113583 -0.297739 0.263464
v -0.098592 -0.284315 0.528921
v -0.195775 -0.256871 0.550143
v -0.224019 -0.268202 0.276148
v -0.113583 -0.297739 0.263464
v 0.000000 -0.304358 0.256921
v 0.000000 -0.290464 0.517849
v -0.098592 -0.284315 0.528921
v -0.103682 0.053744 -0.356041
v -0.098583 -0.026702 -0.355737
v -0.081303 -0.031974 -0.601602
v -0.086028 0.042890 -0.602091
v -0.221060 0.088449 -0.363044
v -0.133026 0.105013 -0.357792
v -0.113222 0.090573 -0.604906
v -0.194803 0.075200 -0.613353
v -0.221060 0.088449 -0.363044
v -0.194803 0.075200 -0.613353
v -0.286919 0.020704 -0.622890
v -0.320462 0.029890 -0.368974
v -0.031447 -0.166560 -0.350990
v -0.024115 -0.164591 -0.593222
v -0.046926 -0.145664 -0.597428
v -0.060131 -0.148008 -0.353257
v -0.083288 -0.097670 -0.354824
v -0.067129 -0.098141 -0.600134
v -0.081303 -0.031974 -0.601602
v -0.098583 -0.026702 -0.355737
v -0.083288 -0.097670 -0.354824
v -0.060131 -0.148008 -0.353257
v -0.046926 -0.145664 -0.597428
v -0.067129 -0.098141 -0.600134
v -0.327450 -0.206064 -0.369391
v -0.392535 -0.126536 -0.373274
v -0.353710 -0.125159 -0.629805
v -0.293395 -0.199138 -0.623561
v -0.327450 -0.206064 -0.369391
v -0.293395 -0.199138 -0.623561
v -0.197679 -0.256871 -0.613036
v -0.222807 -0.268202 -0.362963
v 0.384104 -0.044828 0.294380
v 0.383913 -0.044828 -0.372759
v 0.320462 0.029890 -0.368974
v 0.321239 0.029890 0.287238
v 0.051673 0.012529 0.592178
v 0.045914 0.076217 0.592033
v 0.041114 0.072482 0.604719
v 0.045481 0.012529 0.609310
v 0.028059 0.012529 0.614636
v 0.045481 0.012529 0.609310
v 0.041114 0.072482 0.604719
v 0.028204 0.071851 0.608877
v 0.028059 0.012529 0.614636
v 0.028204 0.071851 0.608877
v 0.015518 0.063956 0.604078
v 0.010927 0.012529 0.608445
v 0.005600 0.012529 0.591023
v 0.010927 0.012529 0.608445
v 0.015518 0.063956 0.604078
v 0.011360 0.066152 0.591167
v 0.045914 0.076217 0.592033
v 0.051673 0.012529 0.592178
v 0.060755 0.001829 0.495672
v 0.055337 0.069225 0.497272
v 0.028637 0.075416 0.591600
v 0.011360 0.066152 0.591167
v 0.015518 0.063956 0.604078
v 0.028204 0.071851 0.608877
v 0.028637 0.075416 0.591600
v 0.028204 0.071851 0.608877
v 0.041114 0.072482 0.604719
v 0.045914 0.076217 0.592033
v -0.020221 0.001829 0.372191
v -0.000148 0.002886 0.286945
v -0.003248 0.070336 0.282797
v -0.025447 0.062662 0.371561
v 0.039084 0.074986 0.502073
v 0.055337 0.069225 0.497272
v 0.001114 0.078186 0.414921
v -0.015153 0.083969 0.418341
v 0.063626 0.001829 0.058061
v 0.058810 0.069183 0.060713
v 0.056513 0.054741 0.149223
v 0.062180 0.006126 0.149106
v -0.015153 0.083969 0.418341
v 0.001114 0.078186 0.414921
v -0.025447 0.062662 0.371561
v -0.041124 0.064102 0.369668
v -0.015153 0.083969 0.418341
v -0.041124 0.064102 0.369668
v -0.056801 0.058608 0.367775
v -0.031420 0.077423 0.421761
v 0.011360 0.066152 0.591167
v 0.022831 0.069225 0.506873
v 0.017413 0.001829 0.508473
v 0.005600 0.012529 0.591023
v -0.036842 0.010746 0.422901
v 0.017413 0.001829 0.508473
v 0.022831 0.069225 0.506873
v -0.031420 0.077423 0.421761
v 0.028637 0.075416 0.591600
v 0.045914 0.076217 0.592033
v 0.055337 0.069225 0.497272
v 0.039084 0.074986 0.502073
v 0.011360 0.066152 0.591167
v 0.028637 0.075416 0.591600
v 0.039084 0.074986 0.502073
v 0.022831 0.069225 0.506873
v 0.039084 0.074986 0.502073
v -0.015153 0.083969 0.418341
v -0.031420 0.077423 0.421761
v 0.022831 0.069225 0.506873
v -0.036842 0.010746 0.422901
v -0.031420 0.077423 0.421761
v -0.056801 0.058608 0.367775
v -0.062027 0.001829 0.367144
v 0.006536 0.010746 0.413781
v -0.020221 0.001829 0.372191
v -0.025447 0.062662 0.371561
v 0.001114 0.078186 0.414921
v 0.055337 0.069225 0.497272
v 0.060755 0.001829 0.495672
v -0.003248 0.070336 0.282797
v -0.012550 0.074266 0.270351
v -0.041124 0.064102 0.369668
v -0.025447 0.062662 0.371561
v -0.021851 0.069536 0.257905
v -0.024951 0.002886 0.253757
v -0.062027 0.001829 0.367144
v -0.056801 0.058608 0.367775
v -0.041124 0.064102 0.369668
v -0.012550 0.074266 0.270351
v -0.021851 0.069536 0.257905
v -0.056801 0.058608 0.367775
v -0.000148 0.002886 0.286945
v 0.054230 0.010893 0.196053
v 0.048980 0.064225 0.194849
v -0.003248 0.070336 0.282797
v 0.039511 0.067232 0.149574
v 0.022510 0.069654 0.149925
v 0.017476 0.074987 0.187627
v 0.033228 0.073537 0.191238
v 0.039511 0.067232 0.149574
v 0.033228 0.073537 0.191238
v 0.048980 0.064225 0.194849
v 0.056513 0.054741 0.149223
v 0.063626 0.001829 0.058061
v 0.022222 0.010910 0.002589
v 0.017353 0.078307 0.004502
v 0.058810 0.069183 0.060713
v 0.044361 0.074924 0.068667
v 0.039511 0.067232 0.149574
v 0.056513 0.054741 0.149223
v 0.058810 0.069183 0.060713
v 0.048980 0.064225 0.194849
v 0.033228 0.073537 0.191238
v -0.012550 0.074266 0.270351
v -0.003248 0.070336 0.282797
v 0.017476 0.074987 0.187627
v 0.012225 0.013309 0.186423
v -0.024951 0.002886 0.253757
v -0.021851 0.069536 0.257905
v -0.012550 0.074266 0.270351
v 0.033228 0.073537 0.191238
v 0.017476 0.074987 0.187627
v -0.021851 0.069536 0.257905
v -0.011549 0.070749 -0.053430
v -0.017205 0.069225 -0.150499
v -0.028715 0.074986 -0.162507
v -0.027320 0.070109 -0.054316
v 0.016842 0.015225 0.150042
v 0.012225 0.013309 0.186423
v 0.017476 0.074987 0.187627
v 0.022510 0.069654 0.149925
v 0.025096 0.001829 0.079273
v 0.029912 0.069225 0.076622
v 0.044361 0.074924 0.068667
v 0.029912 0.069225 0.076622
v 0.022510 0.069654 0.149925
v 0.039511 0.067232 0.149574
v 0.062180 0.006126 0.149106
v 0.056513 0.054741 0.149223
v 0.048980 0.064225 0.194849
v 0.054230 0.010893 0.196053
v -0.016730 0.010910 0.017893
v 0.025096 0.001829 0.079273
v 0.029912 0.069225 0.076622
v -0.011861 0.078307 0.015980
v 0.022222 0.010910 0.002589
v -0.006292 0.008311 -0.053135
v -0.011549 0.070749 -0.053430
v 0.017353 0.078307 0.004502
v 0.057619 0.001829 -0.265865
v 0.052614 0.069225 -0.266114
v 0.008991 0.070957 -0.185506
v 0.012553 0.003560 -0.180979
v 0.002746 0.084068 0.010241
v 0.044361 0.074924 0.068667
v 0.058810 0.069183 0.060713
v 0.017353 0.078307 0.004502
v 0.002746 0.084068 0.010241
v -0.011861 0.078307 0.015980
v 0.029912 0.069225 0.076622
v 0.044361 0.074924 0.068667
v -0.040224 0.069225 -0.174515
v -0.044060 0.001829 -0.178517
v -0.048349 0.008311 -0.055498
v -0.043091 0.061120 -0.055202
v -0.027320 0.070109 -0.054316
v -0.028715 0.074986 -0.162507
v -0.040224 0.069225 -0.174515
v -0.043091 0.061120 -0.055202
v 0.002746 0.084068 0.010241
v 0.017353 0.078307 0.004502
v -0.011549 0.070749 -0.053430
v -0.027320 0.070109 -0.054316
v 0.002746 0.084068 0.010241
v -0.027320 0.070109 -0.054316
v -0.043091 0.061120 -0.055202
v -0.011861 0.078307 0.015980
v -0.016730 0.010910 0.017893
v -0.011861 0.078307 0.015980
v -0.043091 0.061120 -0.055202
v -0.048349 0.008311 -0.055498
v -0.006292 0.008311 -0.053135
v -0.013369 0.001829 -0.146496
v -0.017205 0.069225 -0.150499
v -0.011549 0.070749 -0.053430
v 0.021739 0.023770 -0.352117
v -0.003385 0.023770 -0.431332
v -0.009342 0.092210 -0.431630
v 0.017135 0.084116 -0.350770
v -0.001698 0.076717 -0.199086
v 0.008991 0.070957 -0.185506
v 0.052614 0.069225 -0.266114
v 0.037601 0.074986 -0.266862
v 0.012553 0.003560 -0.180979
v 0.008991 0.070957 -0.185506
v -0.017205 0.069225 -0.150499
v -0.013369 0.001829 -0.146496
v 0.017584 0.001829 -0.267859
v -0.015950 0.003560 -0.217194
v -0.012387 0.070957 -0.212667
v 0.022588 0.069225 -0.267610
v -0.001698 0.076717 -0.199086
v -0.040224 0.069225 -0.174515
v -0.028715 0.074986 -0.162507
v -0.012387 0.070957 -0.212667
v 0.022588 0.069225 -0.267610
v 0.037601 0.074986 -0.266862
v -0.001698 0.076717 -0.199086
v -0.028715 0.074986 -0.162507
v -0.017205 0.069225 -0.150499
v 0.008991 0.070957 -0.185506
v -0.015950 0.003560 -0.217194
v -0.044060 0.001829 -0.178517
v -0.040224 0.069225 -0.174515
v -0.012387 0.070957 -0.212667
v 0.037601 0.074986 -0.266862
v 0.052614 0.069225 -0.266114
v 0.032708 0.072846 -0.330805
v 0.022132 0.074310 -0.319531
v 0.022132 0.074310 -0.319531
v 0.032708 0.072846 -0.330805
v 0.017135 0.084116 -0.350770
v 0.003324 0.087922 -0.346731
v 0.022132 0.074310 -0.319531
v 0.003324 0.087922 -0.346731
v -0.010488 0.083774 -0.342692
v 0.014333 0.068380 -0.309142
v 0.057619 0.001829 -0.265865
v 0.037759 0.006970 -0.335048
v 0.032708 0.072846 -0.330805
v 0.052614 0.069225 -0.266114
v 0.022588 0.069225 -0.267610
v 0.037601 0.074986 -0.266862
v 0.022132 0.074310 -0.319531
v 0.014333 0.068380 -0.309142
v 0.012872 0.001829 -0.306041
v 0.014333 0.068380 -0.309142
v -0.010488 0.083774 -0.342692
v -0.015092 0.023770 -0.341346
v 0.017584 0.001829 -0.267859
v 0.022588 0.069225 -0.267610
v 0.014333 0.068380 -0.309142
v 0.012872 0.001829 -0.306041
v 0.037759 0.006970 -0.335048
v 0.021739 0.023770 -0.352117
v 0.017135 0.084116 -0.350770
v 0.032708 0.072846 -0.330805
v -0.009342 0.092210 -0.431630
v -0.027212 0.097861 -0.432524
v 0.003324 0.087922 -0.346731
v 0.017135 0.084116 -0.350770
v -0.045082 0.091933 -0.433417
v -0.051038 0.023770 -0.433715
v -0.015092 0.023770 -0.341346
v -0.010488 0.083774 -0.342692
v 0.003324 0.087922 -0.346731
v -0.027212 0.097861 -0.432524
v -0.045082 0.091933 -0.433417
v -0.010488 0.083774 -0.342692
v -0.048044 0.001828 -0.521672
v -0.068458 0.001828 -0.503916
v -0.059859 0.069072 -0.498230
v -0.045534 0.076180 -0.510618
v -0.048044 0.001828 -0.521672
v -0.045534 0.076180 -0.510618
v -0.027305 0.069072 -0.505812
v -0.022610 0.001828 -0.517321
v -0.010608 0.001829 -0.481111
v -0.017457 0.073398 -0.480198
v -0.009342 0.092210 -0.431630
v -0.003385 0.023770 -0.431332
v -0.010608 0.001829 -0.481111
v -0.022610 0.001828 -0.517321
v -0.027305 0.069072 -0.505812
v -0.017457 0.073398 -0.480198
v -0.038005 0.080550 -0.477457
v -0.058553 0.073398 -0.474717
v -0.045082 0.091933 -0.433417
v -0.027212 0.097861 -0.432524
v -0.038005 0.080550 -0.477457
v -0.027212 0.097861 -0.432524
v -0.009342 0.092210 -0.431630
v -0.017457 0.073398 -0.480198
v -0.038005 0.080550 -0.477457
v -0.017457 0.073398 -0.480198
v -0.027305 0.069072 -0.505812
v -0.045534 0.076180 -0.510618
v -0.038005 0.080550 -0.477457
v -0.045534 0.076180 -0.510618
v -0.059859 0.069072 -0.498230
v -0.058553 0.073398 -0.474717
v -0.065402 0.001829 -0.473803
v -0.051038 0.023770 -0.433715
v -0.045082 0.091933 -0.433417
v -0.058553 0.073398 -0.474717
v -0.065402 0.001829 -0.473803
v -0.058553 0.073398 -0.474717
v -0.059859 0.069072 -0.498230
v -0.068458 0.001828 -0.503916
v -0.034514 0.001828 -0.601687
v -0.040081 0.065517 -0.600203
v -0.028825 0.069225 -0.568618
v -0.023339 0.001828 -0.569542
v -0.034514 0.001828 -0.601687
v -0.044532 0.001828 -0.616903
v -0.047708 0.061781 -0.611419
v -0.040081 0.065517 -0.600203
v -0.062716 0.001828 -0.618018
v -0.061232 0.061150 -0.612451
v -0.047708 0.061781 -0.611419
v -0.044532 0.001828 -0.616903
v -0.062716 0.001828 -0.618018
v -0.077931 0.001828 -0.608000
v -0.072447 0.053255 -0.604824
v -0.061232 0.061150 -0.612451
v -0.079046 0.001828 -0.589816
v -0.073480 0.055452 -0.591300
v -0.072447 0.053255 -0.604824
v -0.077931 0.001828 -0.608000
v -0.079046 0.001828 -0.589816
v -0.067224 0.001828 -0.562153
v -0.061739 0.063431 -0.563076
v -0.073480 0.055452 -0.591300
v 0.038861 0.069225 -0.492582
v -0.028825 0.069225 -0.568618
v -0.045282 0.071926 -0.565847
v 0.022413 0.074986 -0.493330
v -0.056780 0.064715 -0.595752
v -0.061232 0.061150 -0.612451
v -0.072447 0.053255 -0.604824
v -0.073480 0.055452 -0.591300
v -0.056780 0.064715 -0.595752
v -0.040081 0.065517 -0.600203
v -0.047708 0.061781 -0.611419
v -0.061232 0.061150 -0.612451
v -0.056780 0.064715 -0.595752
v -0.045282 0.071926 -0.565847
v -0.028825 0.069225 -0.568618
v -0.040081 0.065517 -0.600203
v -0.056780 0.064715 -0.595752
v -0.073480 0.055452 -0.591300
v -0.061739 0.063431 -0.563076
v -0.045282 0.071926 -0.565847
v 0.005964 0.069225 -0.494079
v -0.061739 0.063431 -0.563076
v -0.067224 0.001828 -0.562153
v 0.000481 0.001828 -0.494328
v -0.045282 0.071926 -0.565847
v -0.061739 0.063431 -0.563076
v 0.005964 0.069225 -0.494079
v 0.022413 0.074986 -0.493330
v -0.035243 0.001829 -0.327531
v -0.040469 0.062662 -0.326900
v -0.018270 0.064409 -0.238136
v -0.015170 -0.003042 -0.242284
v 0.024062 0.074986 -0.457412
v -0.030175 0.075052 -0.373680
v -0.013908 0.069269 -0.370260
v 0.040315 0.069225 -0.452611
v 0.048604 0.001829 -0.013401
v 0.083745 -0.005047 -0.105045
v 0.078078 0.043568 -0.105162
v 0.043788 0.069183 -0.016052
v -0.030175 0.075052 -0.373680
v -0.056146 0.059852 -0.325007
v -0.040469 0.062662 -0.326900
v -0.013908 0.069269 -0.370260
v -0.030175 0.075052 -0.373680
v -0.046442 0.068505 -0.377101
v -0.071824 0.048489 -0.323114
v -0.056146 0.059852 -0.325007
v -0.036873 0.063608 -0.213244
v -0.027572 0.068338 -0.225690
v 0.045733 0.001828 -0.451011
v 0.044344 0.001828 -0.492332
v 0.038861 0.069225 -0.492582
v 0.040315 0.069225 -0.452611
v -0.051864 0.001828 -0.378241
v -0.046442 0.068505 -0.377101
v 0.007809 0.069225 -0.462212
v 0.002391 0.001828 -0.463812
v 0.024062 0.074986 -0.457412
v 0.022413 0.074986 -0.493330
v 0.005964 0.069225 -0.494079
v 0.007809 0.069225 -0.462212
v 0.024062 0.074986 -0.457412
v 0.040315 0.069225 -0.452611
v 0.038861 0.069225 -0.492582
v 0.022413 0.074986 -0.493330
v 0.002391 0.001828 -0.463812
v 0.007809 0.069225 -0.462212
v 0.005964 0.069225 -0.494079
v 0.000481 0.001828 -0.494328
v 0.024062 0.074986 -0.457412
v 0.007809 0.069225 -0.462212
v -0.046442 0.068505 -0.377101
v -0.030175 0.075052 -0.373680
v -0.051864 0.001828 -0.378241
v -0.077049 0.001829 -0.322483
v -0.071824 0.048489 -0.323114
v -0.046442 0.068505 -0.377101
v -0.008486 0.001829 -0.369120
v -0.040469 0.062662 -0.326900
v -0.035243 0.001829 -0.327531
v -0.013908 0.069269 -0.370260
v 0.040315 0.069225 -0.452611
v 0.045733 0.001828 -0.451011
v -0.018270 0.064409 -0.238136
v -0.040469 0.062662 -0.326900
v -0.056146 0.059852 -0.325007
v -0.027572 0.068338 -0.225690
v -0.036873 0.063608 -0.213244
v -0.071824 0.048489 -0.323114
v -0.077049 0.001829 -0.322483
v -0.039974 -0.003042 -0.209096
v -0.015170 -0.003042 -0.242284
v -0.018270 0.064409 -0.238136
v 0.069039 0.055306 -0.153438
v 0.075795 -0.000279 -0.151992
v 0.061076 0.056059 -0.105513
v 0.054109 0.063388 -0.148380
v 0.039041 0.063815 -0.143566
v 0.044075 0.058482 -0.105864
v 0.061076 0.056059 -0.105513
v 0.078078 0.043568 -0.105162
v 0.069039 0.055306 -0.153438
v 0.054109 0.063388 -0.148380
v 0.048604 0.001829 -0.013401
v 0.043788 0.069183 -0.016052
v -0.014330 0.069225 0.054390
v -0.009461 0.001829 0.056303
v 0.029339 0.074924 -0.024006
v 0.043788 0.069183 -0.016052
v 0.078078 0.043568 -0.105162
v 0.061076 0.056059 -0.105513
v 0.069039 0.055306 -0.153438
v -0.018270 0.064409 -0.238136
v -0.027572 0.068338 -0.225690
v 0.054109 0.063388 -0.148380
v 0.039041 0.063815 -0.143566
v -0.036873 0.063608 -0.213244
v -0.039974 -0.003042 -0.209096
v 0.033790 0.002137 -0.142362
v -0.027572 0.068338 -0.225690
v -0.036873 0.063608 -0.213244
v 0.039041 0.063815 -0.143566
v 0.054109 0.063388 -0.148380
v -0.038372 0.064267 0.090455
v -0.054144 0.063627 0.091341
v -0.043737 0.074986 0.207168
v -0.032228 0.069225 0.195160
v 0.038407 0.004052 -0.105981
v 0.044075 0.058482 -0.105864
v 0.039041 0.063815 -0.143566
v 0.033790 0.002137 -0.142362
v 0.029339 0.074924 -0.024006
v 0.061076 0.056059 -0.105513
v 0.044075 0.058482 -0.105864
v 0.014890 0.069225 -0.031961
v 0.083745 -0.005047 -0.105045
v 0.075795 -0.000279 -0.151992
v 0.069039 0.055306 -0.153438
v 0.078078 0.043568 -0.105162
v 0.010073 0.001829 -0.034612
v 0.014890 0.069225 -0.031961
v 0.044075 0.058482 -0.105864
v 0.038407 0.004052 -0.105981
v -0.048413 0.001829 0.040999
v -0.043544 0.069225 0.042912
v 0.014890 0.069225 -0.031961
v 0.010073 0.001829 -0.034612
v -0.009461 0.001829 0.056303
v -0.014330 0.069225 0.054390
v -0.038372 0.064267 0.090455
v -0.033115 0.001829 0.090159
v 0.060325 -0.004507 0.296744
v -0.002469 -0.004507 0.225640
v -0.006032 0.062890 0.230166
v 0.055687 0.062890 0.298639
v -0.028937 0.074986 0.048651
v -0.014330 0.069225 0.054390
v 0.043788 0.069183 -0.016052
v 0.029339 0.074924 -0.024006
v -0.028937 0.074986 0.048651
v 0.029339 0.074924 -0.024006
v 0.014890 0.069225 -0.031961
v -0.043544 0.069225 0.042912
v -0.055246 0.069225 0.219176
v -0.069915 0.054638 0.092227
v -0.075172 0.001829 0.092522
v -0.059083 0.001829 0.223178
v -0.054144 0.063627 0.091341
v -0.069915 0.054638 0.092227
v -0.055246 0.069225 0.219176
v -0.043737 0.074986 0.207168
v -0.028937 0.074986 0.048651
v -0.054144 0.063627 0.091341
v -0.038372 0.064267 0.090455
v -0.014330 0.069225 0.054390
v -0.028937 0.074986 0.048651
v -0.043544 0.069225 0.042912
v -0.069915 0.054638 0.092227
v -0.054144 0.063627 0.091341
v -0.048413 0.001829 0.040999
v -0.075172 0.001829 0.092522
v -0.069915 0.054638 0.092227
v -0.043544 0.069225 0.042912
v -0.033115 0.001829 0.090159
v -0.038372 0.064267 0.090455
v -0.032228 0.069225 0.195160
v -0.028391 0.001829 0.191157
v -0.043503 0.001829 0.490407
v -0.047771 0.061870 0.492597
v -0.011361 0.070269 0.569497
v -0.007242 0.001829 0.565183
v -0.016720 0.068650 0.243747
v 0.041772 0.068650 0.304325
v 0.055687 0.062890 0.298639
v -0.006032 0.062890 0.230166
v 0.041772 0.068650 0.304325
v 0.056820 0.074986 0.338195
v 0.072728 0.069225 0.339466
v 0.055687 0.062890 0.298639
v 0.041772 0.068650 0.304325
v 0.027858 0.062890 0.310012
v 0.040913 0.068846 0.336924
v 0.056820 0.074986 0.338195
v -0.002469 -0.004507 0.225640
v -0.028391 0.001829 0.191157
v -0.032228 0.069225 0.195160
v -0.006032 0.062890 0.230166
v 0.023219 -0.004507 0.311907
v 0.027858 0.062890 0.310012
v -0.027409 0.062890 0.257328
v -0.030972 -0.004507 0.261855
v -0.016720 0.068650 0.243747
v -0.043737 0.074986 0.207168
v -0.055246 0.069225 0.219176
v -0.027409 0.062890 0.257328
v -0.016720 0.068650 0.243747
v -0.006032 0.062890 0.230166
v -0.032228 0.069225 0.195160
v -0.043737 0.074986 0.207168
v -0.030972 -0.004507 0.261855
v -0.027409 0.062890 0.257328
v -0.055246 0.069225 0.219176
v -0.059083 0.001829 0.223178
v -0.016720 0.068650 0.243747
v -0.027409 0.062890 0.257328
v 0.027858 0.062890 0.310012
v 0.041772 0.068650 0.304325
v 0.031542 0.001829 0.363021
v 0.036687 0.069225 0.365138
v 0.040913 0.068846 0.336924
v 0.035610 0.001067 0.336500
v 0.031542 0.001829 0.363021
v 0.013760 0.001829 0.385399
v 0.018095 0.069225 0.388811
v 0.036687 0.069225 0.365138
v 0.023219 -0.004507 0.311907
v 0.035610 0.001067 0.336500
v 0.040913 0.068846 0.336924
v 0.027858 0.062890 0.310012
v 0.060325 -0.004507 0.296744
v 0.055687 0.062890 0.298639
v 0.072728 0.069225 0.339466
v 0.078031 0.001829 0.339890
v 0.072701 0.001829 0.379964
v 0.078031 0.001829 0.339890
v 0.072728 0.069225 0.339466
v 0.067556 0.069225 0.377846
v 0.072701 0.001829 0.379964
v 0.067556 0.069225 0.377846
v 0.044106 0.069225 0.409281
v 0.048441 0.001829 0.412692
v 0.052121 0.074986 0.371492
v 0.056820 0.074986 0.338195
v 0.040913 0.068846 0.336924
v 0.036687 0.069225 0.365138
v 0.052121 0.074986 0.371492
v 0.067556 0.069225 0.377846
v 0.072728 0.069225 0.339466
v 0.056820 0.074986 0.338195
v 0.052121 0.074986 0.371492
v 0.031101 0.074986 0.399046
v 0.044106 0.069225 0.409281
v 0.067556 0.069225 0.377846
v 0.052121 0.074986 0.371492
v 0.036687 0.069225 0.365138
v 0.018095 0.069225 0.388811
v 0.031101 0.074986 0.399046
v -0.056395 0.073961 0.462017
v -0.036395 0.074986 0.432861
v -0.043342 0.069225 0.420192
v -0.065977 0.068380 0.458282
v -0.056395 0.073961 0.462017
v -0.046813 0.069054 0.465753
v -0.029448 0.069225 0.445530
v -0.036395 0.074986 0.432861
v -0.056395 0.073961 0.462017
v -0.060574 0.060427 0.499167
v -0.047771 0.061870 0.492597
v -0.046813 0.069054 0.465753
v -0.056395 0.073961 0.462017
v -0.065977 0.068380 0.458282
v -0.073377 0.051125 0.505737
v -0.060574 0.060427 0.499167
v 0.009359 0.001829 0.433803
v 0.048441 0.001829 0.412692
v 0.044106 0.069225 0.409281
v 0.006315 0.069225 0.429274
v 0.009359 0.001829 0.433803
v 0.006315 0.069225 0.429274
v -0.029448 0.069225 0.445530
v -0.027132 0.001829 0.449753
v -0.002817 0.074986 0.415686
v 0.031101 0.074986 0.399046
v 0.018095 0.069225 0.388811
v -0.011950 0.069225 0.402099
v -0.043342 0.069225 0.420192
v -0.036395 0.074986 0.432861
v -0.002817 0.074986 0.415686
v 0.044106 0.069225 0.409281
v 0.031101 0.074986 0.399046
v 0.006315 0.069225 0.429274
v -0.029448 0.069225 0.445530
v -0.036395 0.074986 0.432861
v -0.014994 0.001829 0.397569
v -0.011950 0.069225 0.402099
v 0.018095 0.069225 0.388811
v 0.013760 0.001829 0.385399
v -0.014994 0.001829 0.397569
v -0.045658 0.001829 0.415969
v -0.043342 0.069225 0.420192
v -0.011950 0.069225 0.402099
v -0.069171 0.001829 0.457036
v -0.065977 0.068380 0.458282
v -0.043342 0.069225 0.420192
v -0.045658 0.001829 0.415969
v -0.069171 0.001829 0.457036
v -0.077644 0.001829 0.507927
v -0.073377 0.051125 0.505737
v -0.065977 0.068380 0.458282
v -0.043619 0.001829 0.466998
v -0.027132 0.001829 0.449753
v -0.029448 0.069225 0.445530
v -0.046813 0.069054 0.465753
v -0.043619 0.001829 0.466998
v -0.046813 0.069054 0.465753
v -0.047771 0.061870 0.492597
v -0.043503 0.001829 0.490407
v -0.011361 0.070269 0.569497
v -0.047771 0.061870 0.492597
v -0.060574 0.060427 0.499167
v -0.023715 0.075919 0.582439
v -0.036070 0.069992 0.595381
v -0.073377 0.051125 0.505737
v -0.077644 0.001829 0.507927
v -0.040189 0.001829 0.599695
v -0.023035 0.001829 0.638671
v -0.017436 0.073398 0.634622
v -0.060574 0.060427 0.499167
v -0.073377 0.051125 0.505737
v -0.036070 0.069992 0.595381
v -0.023715 0.075919 0.582439
v 0.022494 0.001829 0.661472
v 0.016711 0.076180 0.651723
v -0.002208 0.069072 0.652586
v -0.004537 0.001829 0.662629
v 0.022494 0.001829 0.661472
v 0.037959 0.001829 0.640817
v 0.026634 0.069072 0.635694
v 0.016711 0.076180 0.651723
v 0.021760 0.001829 0.606280
v -0.007242 0.001829 0.565183
v -0.011361 0.070269 0.569497
v 0.016161 0.073398 0.610329
v 0.021760 0.001829 0.606280
v 0.016161 0.073398 0.610329
v 0.026634 0.069072 0.635694
v 0.037959 0.001829 0.640817
v -0.000637 0.080550 0.622476
v -0.023715 0.075919 0.582439
v -0.036070 0.069992 0.595381
v -0.017436 0.073398 0.634622
v -0.000637 0.080550 0.622476
v 0.016161 0.073398 0.610329
v -0.011361 0.070269 0.569497
v -0.023715 0.075919 0.582439
v -0.000637 0.080550 0.622476
v 0.016711 0.076180 0.651723
v 0.026634 0.069072 0.635694
v 0.016161 0.073398 0.610329
v -0.000637 0.080550 0.622476
v -0.017436 0.073398 0.634622
v -0.002208 0.069072 0.652586
v 0.016711 0.076180 0.651723
v -0.023035 0.001829 0.638671
v -0.004537 0.001829 0.662629
v -0.002208 0.069072 0.652586
v -0.017436 0.073398 0.634622
v -0.023339 0.001828 -0.569542
v -0.028825 0.069225 -0.568618
v 0.038861 0.069225 -0.492582
v 0.044344 0.001828 -0.492332
v 0.049843 0.056934 0.708915
v 0.119785 -0.014053 0.708915
v 0.119785 -0.014053 -0.708916
v 0.049843 0.056934 -0.708916
v -0.119785 -0.111930 0.708915
v -0.119559 -0.012275 0.708915
v -0.119559 -0.012275 -0.708916
v -0.119785 -0.111930 -0.708916
v -0.049843 -0.182917 0.708915
v -0.119785 -0.111930 0.708915
v -0.119785 -0.111930 -0.708916
v -0.049843 -0.182917 -0.708916
v 0.049297 -0.183653 0.708915
v -0.049843 -0.182917 0.708915
v -0.049843 -0.182917 -0.708916
v 0.049297 -0.183653 -0.708916
v 0.119559 -0.113707 0.708915
v 0.049297 -0.183653 0.708915
v 0.049297 -0.183653 -0.708916
v 0.119559 -0.113707 -0.708916
v 0.119785 -0.014053 0.708915
v 0.119559 -0.113707 0.708915
v 0.119559 -0.113707 -0.708916
v 0.119785 -0.014053 -0.708916
v -0.119559 -0.012275 0.708915
v -0.049297 0.057670 0.708915
v -0.049297 0.057670 -0.708916
v -0.119559 -0.012275 -0.708916
v -0.119559 -0.012275 0.708915
v -0.104355 -0.018725 0.774622
v -0.043028 0.042326 0.774622
v -0.049297 0.057670 0.708915
v -0.031574 -0.049598 0.824036
v -0.031634 -0.075915 0.824036
v -0.013131 -0.076052 0.828067
v -0.013065 -0.049735 0.828067
v -0.119785 -0.111930 0.708915
v -0.104553 -0.105706 0.774622
v -0.104355 -0.018725 0.774622
v -0.119559 -0.012275 0.708915
v -0.043505 -0.167666 0.774622
v -0.027960 -0.130266 0.812412
v -0.067196 -0.090444 0.812412
v -0.104553 -0.105706 0.774622
v -0.049843 -0.182917 0.708915
v -0.043505 -0.167666 0.774622
v -0.104553 -0.105706 0.774622
v -0.119785 -0.111930 0.708915
v 0.043028 -0.168309 0.774622
v 0.027654 -0.130679 0.812412
v -0.027960 -0.130266 0.812412
v -0.043505 -0.167666 0.774622
v 0.049297 -0.183653 0.708915
v 0.043028 -0.168309 0.774622
v -0.043505 -0.167666 0.774622
v -0.049843 -0.182917 0.708915
v 0.104355 -0.107258 0.774622
v 0.067069 -0.091441 0.812412
v 0.027654 -0.130679 0.812412
v 0.043028 -0.168309 0.774622
v 0.119559 -0.113707 0.708915
v 0.104355 -0.107258 0.774622
v 0.043028 -0.168309 0.774622
v 0.049297 -0.183653 0.708915
v 0.104552 -0.020276 0.774622
v 0.067196 -0.035538 0.812412
v 0.067069 -0.091441 0.812412
v 0.104355 -0.107258 0.774622
v 0.119785 -0.014053 0.708915
v 0.104552 -0.020276 0.774622
v 0.104355 -0.107258 0.774622
v 0.119559 -0.113707 0.708915
v 0.043505 0.041684 0.774622
v 0.027960 0.004283 0.812412
v 0.067196 -0.035538 0.812412
v 0.104552 -0.020276 0.774622
v 0.049843 0.056934 0.708915
v 0.043505 0.041684 0.774622
v 0.104552 -0.020276 0.774622
v 0.119785 -0.014053 0.708915
v -0.049297 0.057670 0.708915
v -0.043028 0.042326 0.774622
v 0.043505 0.041684 0.774622
v 0.049843 0.056934 0.708915
v -0.104355 -0.018725 0.774622
v -0.067069 -0.034541 0.812412
v -0.027654 0.004696 0.812412
v -0.043028 0.042326 0.774622
v -0.104553 -0.105706 0.774622
v -0.067196 -0.090444 0.812412
v -0.067069 -0.034541 0.812412
v -0.104355 -0.018725 0.774622
v -0.013019 -0.031126 0.824036
v -0.027654 0.004696 0.812412
v -0.067069 -0.034541 0.812412
v -0.031574 -0.049598 0.824036
v -0.013065 -0.049735 0.828067
v -0.031574 -0.049598 0.824036
v -0.067069 -0.034541 0.812412
v -0.067196 -0.090444 0.812412
v -0.031634 -0.075915 0.824036
v -0.031634 -0.075915 0.824036
v -0.067196 -0.090444 0.812412
v -0.027960 -0.130266 0.812412
v -0.013163 -0.094662 0.824036
v -0.013131 -0.076052 0.828067
v -0.013163 -0.094662 0.824036
v -0.027960 -0.130266 0.812412
v 0.027654 -0.130679 0.812412
v 0.013018 -0.094856 0.824036
v 0.013018 -0.094856 0.824036
v 0.027654 -0.130679 0.812412
v 0.067069 -0.091441 0.812412
v 0.031574 -0.076384 0.824036
v 0.013059 -0.076247 0.828067
v 0.031574 -0.076384 0.824036
v 0.067069 -0.091441 0.812412
v 0.067196 -0.035538 0.812412
v 0.031633 -0.050067 0.824036
v 0.031633 -0.050067 0.824036
v 0.067196 -0.035538 0.812412
v 0.027960 0.004283 0.812412
v 0.013163 -0.031321 0.824036
v 0.013117 -0.049930 0.828067
v 0.013163 -0.031321 0.824036
v 0.027960 0.004283 0.812412
v -0.027654 0.004696 0.812412
v -0.013019 -0.031126 0.824036
v -0.043028 0.042326 0.774622
v -0.027654 0.004696 0.812412
v 0.027960 0.004283 0.812412
v 0.043505 0.041684 0.774622
v 0.013163 -0.031321 0.824036
v -0.013019 -0.031126 0.824036
v -0.013065 -0.049735 0.828067
v 0.013117 -0.049930 0.828067
v 0.013059 -0.076247 0.828067
v 0.031574 -0.076384 0.824036
v 0.031633 -0.050067 0.824036
v 0.013117 -0.049930 0.828067
v -0.013163 -0.094662 0.824036
v 0.013018 -0.094856 0.824036
v 0.013059 -0.076247 0.828067
v -0.013131 -0.076052 0.828067
v -0.013131 -0.076052 0.828067
v 0.013059 -0.076247 0.828067
v 0.013117 -0.049930 0.828067
v -0.013065 -0.049735 0.828067
v -0.119559 -0.012275 -0.708916
v -0.049297 0.057670 -0.708916
v -0.043028 0.042326 -0.774622
v -0.104355 -0.018725 -0.774622
v -0.031574 -0.049598 -0.824037
v -0.013065 -0.049735 -0.828067
v -0.013131 -0.076053 -0.828067
v -0.031633 -0.075915 -0.824037
v -0.119785 -0.111930 -0.708916
v -0.119559 -0.012275 -0.708916
v -0.104355 -0.018725 -0.774622
v -0.104552 -0.105706 -0.774622
v -0.043505 -0.167666 -0.774622
v -0.104552 -0.105706 -0.774622
v -0.067196 -0.090444 -0.812412
v -0.027960 -0.130266 -0.812412
v -0.049843 -0.182917 -0.708916
v -0.119785 -0.111930 -0.708916
v -0.104552 -0.105706 -0.774622
v -0.043505 -0.167666 -0.774622
v 0.043028 -0.168309 -0.774622
v -0.043505 -0.167666 -0.774622
v -0.027960 -0.130266 -0.812412
v 0.027654 -0.130679 -0.812412
v 0.049297 -0.183653 -0.708916
v -0.049843 -0.182917 -0.708916
v -0.043505 -0.167666 -0.774622
v 0.043028 -0.168309 -0.774622
v 0.104355 -0.107258 -0.774622
v 0.043028 -0.168309 -0.774622
v 0.027654 -0.130679 -0.812412
v 0.067069 -0.091441 -0.812412
v 0.119559 -0.113707 -0.708916
v 0.049297 -0.183653 -0.708916
v 0.043028 -0.168309 -0.774622
v 0.104355 -0.107258 -0.774622
v 0.104553 -0.020276 -0.774622
v 0.104355 -0.107258 -0.774622
v 0.067069 -0.091441 -0.812412
v 0.067196 -0.035538 -0.812412
v 0.119785 -0.014053 -0.708916
v 0.119559 -0.113707 -0.708916
v 0.104355 -0.107258 -0.774622
v 0.104553 -0.020276 -0.774622
v 0.043505 0.041684 -0.774622
v 0.104553 -0.020276 -0.774622
v 0.067196 -0.035538 -0.812412
v 0.027960 0.004283 -0.812412
v 0.049843 0.056934 -0.708916
v 0.119785 -0.014053 -0.708916
v 0.104553 -0.020276 -0.774622
v 0.043505 0.041684 -0.774622
v -0.049297 0.057670 -0.708916
v 0.049843 0.056934 -0.708916
v 0.043505 0.041684 -0.774622
v -0.043028 0.042326 -0.774622
v -0.104355 -0.018725 -0.774622
v -0.043028 0.042326 -0.774622
v -0.027654 0.004696 -0.812412
v -0.067069 -0.034541 -0.812412
v -0.104552 -0.105706 -0.774622
v -0.104355 -0.018725 -0.774622
v -0.067069 -0.034541 -0.812412
v -0.067196 -0.090444 -0.812412
v -0.013018 -0.031126 -0.824037
v -0.067069 -0.034541 -0.812412
v -0.027654 0.004696 -0.812412
v -0.031574 -0.049598 -0.824037
v -0.013065 -0.049735 -0.828067
v -0.031574 -0.049598 -0.824037
v -0.031633 -0.075915 -0.824037
v -0.067196 -0.090444 -0.812412
v -0.067069 -0.034541 -0.812412
v -0.031633 -0.075915 -0.824037
v -0.027960 -0.130266 -0.812412
v -0.067196 -0.090444 -0.812412
v -0.013163 -0.094662 -0.824037
v -0.013131 -0.076053 -0.828067
v -0.013163 -0.094662 -0.824037
v 0.013019 -0.094856 -0.824037
v 0.027654 -0.130679 -0.812412
v -0.027960 -0.130266 -0.812412
v 0.013019 -0.094856 -0.824037
v 0.067069 -0.091441 -0.812412
v 0.027654 -0.130679 -0.812412
v 0.031574 -0.076385 -0.824037
v 0.013059 -0.076247 -0.828067
v 0.031574 -0.076385 -0.824037
v 0.031634 -0.050067 -0.824037
v 0.067196 -0.035538 -0.812412
v 0.067069 -0.091441 -0.812412
v 0.031634 -0.050067 -0.824037
v 0.027960 0.004283 -0.812412
v 0.067196 -0.035538 -0.812412
v 0.013163 -0.031321 -0.824037
v 0.013117 -0.049930 -0.828067
v 0.013163 -0.031321 -0.824037
v -0.013018 -0.031126 -0.824037
v -0.027654 0.004696 -0.812412
v 0.027960 0.004283 -0.812412
v -0.043028 0.042326 -0.774622
v 0.043505 0.041684 -0.774622
v 0.027960 0.004283 -0.812412
v -0.027654 0.004696 -0.812412
v 0.013163 -0.031321 -0.824037
v 0.013117 -0.049930 -0.828067
v -0.013065 -0.049735 -0.828067
v -0.013018 -0.031126 -0.824037
v 0.013059 -0.076247 -0.828067
v 0.013117 -0.049930 -0.828067
v 0.031634 -0.050067 -0.824037
v 0.031574 -0.076385 -0.824037
v -0.013163 -0.094662 -0.824037
v -0.013131 -0.076053 -0.828067
v 0.013059 -0.076247 -0.828067
v 0.013019 -0.094856 -0.824037
v -0.013131 -0.076053 -0.828067
v -0.013065 -0.049735 -0.828067
v 0.013117 -0.049930 -0.828067
v 0.013059 -0.076247 -0.828067
v -0.049297 0.057670 0.708915
v 0.049843 0.056934 0.708915
v 0.049843 0.056934 -0.708916
v -0.049297 0.057670 -0.708916
vn 0.889554 0.097824 -0.446234
vn 0.889554 0.097824 -0.446234
vn 0.889554 0.097824 -0.446234
vn 0.889554 0.097824 -0.446234
vn 0.685704 0.611069 -0.395482
vn 0.685704 0.611069 -0.395482
vn 0.685704 0.611069 -0.395482
vn 0.685704 0.611069 -0.395482
vn 0.437600 0.449990 -0.778470
vn 0.437600 0.449990 -0.778470
vn 0.437600 0.449990 -0.778470
vn 0.437600 0.449990 -0.778470
vn 0.523374 0.059501 -0.850023
vn 0.523374 0.059501 -0.850023
vn 0.523374 0.059501 -0.850023
vn 0.523374 0.059501 -0.850023
vn 0.151437 0.014772 -0.988357
vn 0.151437 0.014772 -0.988357
vn 0.151437 0.014772 -0.988357
vn 0.151437 0.014772 -0.988357
vn 0.237302 0.404329 -0.883293
vn 0.237302 0.404329 -0.883293
vn 0.237302 0.404329 -0.883293
vn 0.237302 0.404329 -0.883293
vn -0.227086 0.397147 -0.889217
vn -0.227086 0.397147 -0.889217
vn -0.227086 0.397147 -0.889217
vn -0.227086 0.397147 -0.889217
vn -0.435314 0.004440 -0.900268
vn -0.435314 0.004440 -0.900268
vn -0.435314 0.004440 -0.900268
vn -0.435314 0.004440 -0.900268
vn -0.994661 0.062574 -0.082057
vn -0.994661 0.062574 -0.082057
vn -0.994661 0.062574 -0.082057
vn -0.994661 0.062574 -0.082057
vn -0.995308 0.062876 -0.073549
vn -0.995308 0.062876 -0.073549
vn -0.873252 0.487159 0.010365
vn -0.873252 0.487159 0.010365
vn -0.873252 0.487159 0.010365
vn -0.873252 0.487159 0.010365
vn -0.831979 0.489916 0.260371
vn -0.831979 0.489916 0.260371
vn -0.831979 0.489916 0.260371
vn -0.831979 0.489916 0.260371
vn -0.995986 0.052639 0.072402
vn -0.995986 0.052639 0.072402
vn -0.995986 0.052639 0.072402
vn -0.995986 0.052639 0.072402
vn -0.692787 0.007008 0.721108
vn -0.692787 0.007008 0.721108
vn -0.692787 0.007008 0.721108
vn -0.692787 0.007008 0.721108
vn -0.350573 0.594924 0.723300
vn -0.350573 0.594924 0.723300
vn -0.350573 0.594924 0.723300
vn -0.350573 0.594924 0.723300
vn 0.309284 0.562014 0.767127
vn 0.309284 0.562014 0.767127
vn 0.309284 0.562014 0.767127
vn 0.309284 0.562014 0.767127
vn 0.222376 0.024013 0.974665
vn 0.222376 0.024013 0.974665
vn 0.222376 0.024013 0.974665
vn 0.222376 0.024013 0.974665
vn -0.763720 0.645548 -0.000559
vn -0.763720 0.645548 -0.000559
vn -0.763720 0.645548 -0.000559
vn -0.763720 0.645548 -0.000559
vn 0.775319 -0.631570 -0.000482
vn 0.775319 -0.631570 -0.000482
vn 0.775319 -0.631570 -0.000482
vn 0.775319 -0.631570 -0.000482
vn 0.504664 -0.858775 0.088430
vn 0.504664 -0.858775 0.088430
vn 0.504664 -0.858775 0.088430
vn 0.504664 -0.858775 0.088430
vn 0.765536 -0.632334 0.118777
vn 0.765536 -0.632334 0.118777
vn 0.765536 -0.632334 0.118777
vn 0.765536 -0.632334 0.118777
vn 0.127941 0.957003 0.260339
vn 0.127941 0.957003 0.260339
vn 0.127941 0.957003 0.260339
vn 0.127941 0.957003 0.260339
vn 0.443320 0.842078 0.307200
vn 0.443320 0.842078 0.307200
vn 0.443320 0.842078 0.307200
vn 0.443320 0.842078 0.307200
vn 0.338254 0.750023 0.568375
vn 0.338254 0.750023 0.568375
vn 0.338254 0.750023 0.568375
vn 0.338254 0.750023 0.568375
vn 0.015587 0.855753 0.517150
vn 0.015587 0.855753 0.517150
vn 0.015587 0.855753 0.517150
vn 0.015587 0.855753 0.517150
vn -0.978048 0.207727 -0.016455
vn -0.978048 0.207727 -0.016455
vn -0.978048 0.207727 -0.016455
vn -0.978048 0.207727 -0.016455
vn -0.916197 0.400482 -0.014023
vn -0.916197 0.400482 -0.014023
vn -0.916197 0.400482 -0.014023
vn -0.916197 0.400482 -0.014023
vn -0.839466 0.430294 -0.331880
vn -0.839466 0.430294 -0.331880
vn -0.839466 0.430294 -0.331880
vn -0.839466 0.430294 -0.331880
vn -0.895544 0.201790 -0.396587
vn -0.895544 0.201790 -0.396587
vn -0.895544 0.201790 -0.396587
vn -0.895544 0.201790 -0.396587
vn -0.907618 0.419776 0.004202
vn -0.907618 0.419776 0.004202
vn -0.907618 0.419776 0.004202
vn -0.907618 0.419776 0.004202
vn -0.975430 0.209254 -0.068919
vn -0.975430 0.209254 -0.068919
vn -0.975430 0.209254 -0.068919
vn -0.975430 0.209254 -0.068919
vn -0.976074 0.207085 -0.066299
vn -0.976074 0.207085 -0.066299
vn -0.910536 0.408994 -0.060409
vn -0.910536 0.408994 -0.060409
vn -0.910536 0.408994 -0.060409
vn -0.910536 0.408994 -0.060409
vn -0.919623 0.388378 -0.058785
vn -0.919623 0.388378 -0.058785
vn 0.511494 -0.859287 -0.000759
vn 0.511494 -0.859287 -0.000759
vn 0.511494 -0.859287 -0.000759
vn 0.511494 -0.859287 -0.000759
vn -0.614241 0.559331 0.556648
vn -0.614241 0.559331 0.556648
vn -0.614241 0.559331 0.556648
vn -0.614241 0.559331 0.556648
vn -0.021140 -0.654810 0.755498
vn -0.021140 -0.654810 0.755498
vn -0.021140 -0.654810 0.755498
vn -0.021140 -0.654810 0.755498
vn -0.057849 -0.713522 0.698241
vn -0.057849 -0.713522 0.698241
vn -0.057849 -0.713522 0.698241
vn -0.057849 -0.713522 0.698241
vn -0.285784 0.878236 0.383445
vn -0.285784 0.878236 0.383445
vn -0.285784 0.878236 0.383445
vn -0.285784 0.878236 0.383445
vn -0.016146 -0.458510 -0.888543
vn -0.016146 -0.458510 -0.888543
vn -0.016146 -0.458510 -0.888543
vn -0.016146 -0.458510 -0.888543
vn -0.385443 0.494157 -0.779258
vn -0.385443 0.494157 -0.779258
vn -0.385443 0.494157 -0.779258
vn -0.385443 0.494157 -0.779258
vn -0.176989 0.791833 -0.584531
vn -0.176989 0.791833 -0.584531
vn -0.176989 0.791833 -0.584531
vn -0.176989 0.791833 -0.584531
vn -0.036434 -0.511436 -0.858549
vn -0.036434 -0.511436 -0.858549
vn -0.036434 -0.511436 -0.858549
vn -0.036434 -0.511436 -0.858549
vn -0.668745 0.741751 -0.050853
vn -0.668745 0.741751 -0.050853
vn -0.668745 0.741751 -0.050853
vn -0.668745 0.741751 -0.050853
vn -0.707713 0.705969 0.027394
vn -0.707713 0.705969 0.027394
vn -0.707713 0.705969 0.027394
vn -0.707713 0.705969 0.027394
vn -0.274224 0.961646 0.006190
vn -0.274224 0.961646 0.006190
vn -0.274224 0.961646 0.006190
vn -0.274224 0.961646 0.006190
vn -0.160219 0.986686 -0.027934
vn -0.160219 0.986686 -0.027934
vn -0.160219 0.986686 -0.027934
vn -0.160219 0.986686 -0.027934
vn 0.208539 -0.928530 -0.307154
vn 0.208539 -0.928530 -0.307154
vn 0.208539 -0.928530 -0.307154
vn 0.208539 -0.928530 -0.307154
vn 0.080944 -0.735730 -0.672420
vn 0.080944 -0.735730 -0.672420
vn 0.080944 -0.735730 -0.672420
vn 0.080944 -0.735730 -0.672420
vn -0.012939 -0.746048 -0.665767
vn -0.012939 -0.746048 -0.665767
vn -0.012939 -0.746048 -0.665767
vn -0.012939 -0.746048 -0.665767
vn 0.012939 -0.746048 -0.665767
vn 0.012939 -0.746048 -0.665767
vn 0.033915 -0.950479 -0.308932
vn 0.033915 -0.950479 -0.308932
vn 0.033915 -0.950479 -0.308932
vn 0.033915 -0.950479 -0.308932
vn 0.104937 -0.870486 0.480877
vn 0.104937 -0.870486 0.480877
vn 0.104937 -0.870486 0.480877
vn 0.104937 -0.870486 0.480877
vn 0.203932 -0.946576 0.249813
vn 0.203932 -0.946576 0.249813
vn 0.203932 -0.946576 0.249813
vn 0.203932 -0.946576 0.249813
vn 0.028929 -0.970018 0.241307
vn 0.028929 -0.970018 0.241307
vn 0.028929 -0.970018 0.241307
vn 0.028929 -0.970018 0.241307
vn -0.015357 -0.887341 0.460859
vn -0.015357 -0.887341 0.460859
vn -0.015357 -0.887341 0.460859
vn -0.015357 -0.887341 0.460859
vn 0.015357 -0.887341 0.460859
vn 0.015357 -0.887341 0.460859
vn -0.574294 0.817980 -0.033094
vn -0.574294 0.817980 -0.033094
vn -0.574294 0.817980 -0.033094
vn -0.574294 0.817980 -0.033094
vn -0.041226 0.999150 0.000054
vn -0.062623 0.998015 -0.006727
vn -0.062623 0.998015 -0.006727
vn -0.041226 0.999150 0.000054
vn -0.041226 0.999150 0.000054
vn -0.041226 0.999150 0.000054
vn -0.064973 0.997862 0.007084
vn -0.064973 0.997862 0.007084
vn -0.977748 0.209732 0.004590
vn -0.977748 0.209732 0.004590
vn -0.977748 0.209732 0.004590
vn -0.977748 0.209732 0.004590
vn 0.702375 -0.604912 -0.375168
vn 0.702375 -0.604912 -0.375168
vn 0.702375 -0.604912 -0.375168
vn 0.702375 -0.604912 -0.375168
vn 0.435239 -0.415494 -0.798707
vn 0.435239 -0.415494 -0.798707
vn 0.435239 -0.415494 -0.798707
vn 0.435239 -0.415494 -0.798707
vn 0.280388 -0.637180 -0.717903
vn 0.280388 -0.637180 -0.717903
vn 0.280388 -0.637180 -0.717903
vn 0.280388 -0.637180 -0.717903
vn 0.455871 -0.829689 -0.322177
vn 0.455871 -0.829689 -0.322177
vn 0.455871 -0.829689 -0.322177
vn 0.455871 -0.829689 -0.322177
vn -0.404745 0.114681 -0.907210
vn -0.404745 0.114681 -0.907210
vn -0.404745 0.114681 -0.907210
vn -0.404745 0.114681 -0.907210
vn -0.410449 0.253200 -0.876026
vn -0.410449 0.253200 -0.876026
vn -0.410449 0.253200 -0.876026
vn -0.410449 0.253200 -0.876026
vn 0.073976 -0.305086 -0.949447
vn 0.073976 -0.305086 -0.949447
vn 0.073976 -0.305086 -0.949447
vn 0.073976 -0.305086 -0.949447
vn 0.114261 -0.147903 -0.982379
vn 0.114261 -0.147903 -0.982379
vn 0.114261 -0.147903 -0.982379
vn 0.114261 -0.147903 -0.982379
vn -0.535628 0.844452 0.001889
vn -0.535628 0.844452 0.001889
vn -0.535628 0.844452 0.001889
vn -0.535628 0.844452 0.001889
vn 0.185749 0.982597 -0.000618
vn 0.185749 0.982597 -0.000618
vn 0.185749 0.982597 -0.000618
vn 0.185749 0.982597 -0.000618
vn 0.499897 0.860837 0.095200
vn 0.499897 0.860837 0.095200
vn 0.499897 0.860837 0.095200
vn 0.499897 0.860837 0.095200
vn 0.176862 0.981940 0.067185
vn 0.176862 0.981940 0.067185
vn 0.176862 0.981940 0.067185
vn 0.176862 0.981940 0.067185
vn 0.509344 0.860562 -0.000972
vn 0.509344 0.860562 -0.000972
vn 0.509344 0.860562 -0.000972
vn 0.509344 0.860562 -0.000972
vn -0.998006 0.062953 0.004520
vn -0.998006 0.062953 0.004520
vn -0.998006 0.062953 0.004520
vn -0.998006 0.062953 0.004520
vn -0.868245 0.493946 -0.046567
vn -0.868245 0.493946 -0.046567
vn -0.868245 0.493946 -0.046567
vn -0.868245 0.493946 -0.046567
vn 0.655853 0.077415 0.750909
vn 0.655853 0.077415 0.750909
vn 0.655853 0.077415 0.750909
vn 0.655853 0.077415 0.750909
vn 0.520966 0.557286 0.646550
vn 0.520966 0.557286 0.646550
vn 0.520966 0.557286 0.646550
vn 0.520966 0.557286 0.646550
vn 0.687422 0.629366 0.362423
vn 0.687422 0.629366 0.362423
vn 0.687422 0.629366 0.362423
vn 0.687422 0.629366 0.362423
vn 0.901368 0.101459 0.421001
vn 0.901368 0.101459 0.421001
vn 0.901368 0.101459 0.421001
vn 0.901368 0.101459 0.421001
vn -0.930229 0.048558 -0.363754
vn -0.930229 0.048558 -0.363754
vn -0.930229 0.048558 -0.363754
vn -0.930229 0.048558 -0.363754
vn -0.710124 0.415099 -0.568698
vn -0.710124 0.415099 -0.568698
vn -0.710124 0.415099 -0.568698
vn -0.710124 0.415099 -0.568698
vn -0.867092 0.486704 -0.106163
vn -0.867092 0.486704 -0.106163
vn -0.867092 0.486704 -0.106163
vn -0.867092 0.486704 -0.106163
vn -0.998024 0.062795 0.002315
vn -0.998024 0.062795 0.002315
vn -0.998024 0.062795 0.002315
vn -0.998024 0.062795 0.002315
vn 0.021785 0.696962 -0.716777
vn 0.021785 0.696962 -0.716777
vn 0.021785 0.696962 -0.716777
vn 0.021785 0.696962 -0.716777
vn 0.293509 0.620079 -0.727568
vn 0.293509 0.620079 -0.727568
vn 0.293509 0.620079 -0.727568
vn 0.293509 0.620079 -0.727568
vn 0.449112 0.821907 -0.350382
vn 0.449112 0.821907 -0.350382
vn 0.449112 0.821907 -0.350382
vn 0.449112 0.821907 -0.350382
vn 0.140522 0.936184 -0.322201
vn 0.140522 0.936184 -0.322201
vn 0.140522 0.936184 -0.322201
vn 0.140522 0.936184 -0.322201
vn 0.162687 -0.239755 0.957105
vn 0.162687 -0.239755 0.957105
vn 0.162687 -0.239755 0.957105
vn 0.162687 -0.239755 0.957105
vn 0.105861 -0.459632 0.881778
vn 0.105861 -0.459632 0.881778
vn 0.105861 -0.459632 0.881778
vn 0.105861 -0.459632 0.881778
vn -0.648769 0.342449 0.679579
vn -0.648769 0.342449 0.679579
vn -0.648769 0.342449 0.679579
vn -0.648769 0.342449 0.679579
vn -0.648835 0.181985 0.738847
vn -0.648835 0.181985 0.738847
vn -0.648835 0.181985 0.738847
vn -0.648835 0.181985 0.738847
vn -0.595626 0.789656 -0.147221
vn -0.595626 0.789656 -0.147221
vn -0.595626 0.789656 -0.147221
vn -0.595626 0.789656 -0.147221
vn -0.636546 0.770980 0.019986
vn -0.636546 0.770980 0.019986
vn -0.636546 0.770980 0.019986
vn -0.636546 0.770980 0.019986
vn -0.142275 0.989290 0.032619
vn -0.142275 0.989290 0.032619
vn -0.142275 0.989290 0.032619
vn -0.142275 0.989290 0.032619
vn -0.193439 0.980876 -0.021553
vn -0.193439 0.980876 -0.021553
vn -0.193439 0.980876 -0.021553
vn -0.193439 0.980876 -0.021553
vn 0.058383 -0.998294 -0.000039
vn 0.058383 -0.998294 -0.000039
vn 0.058383 -0.998294 -0.000039
vn 0.058383 -0.998294 -0.000039
vn 0.257453 -0.963884 -0.068152
vn 0.257453 -0.963884 -0.068152
vn 0.257453 -0.963884 -0.068152
vn 0.257453 -0.963884 -0.068152
vn 0.057229 -0.996710 -0.057387
vn 0.057229 -0.996710 -0.057387
vn 0.057229 -0.996710 -0.057387
vn 0.057229 -0.996710 -0.057387
vn -0.868898 0.494978 0.003694
vn -0.868898 0.494978 0.003694
vn -0.868898 0.494978 0.003694
vn -0.868898 0.494978 0.003694
vn -0.866755 0.497100 0.040339
vn -0.866755 0.497100 0.040339
vn -0.970083 0.221170 0.100113
vn -0.970083 0.221170 0.100113
vn -0.970083 0.221170 0.100113
vn -0.970083 0.221170 0.100113
vn -0.906941 0.414583 0.074698
vn -0.906941 0.414583 0.074698
vn -0.906941 0.414583 0.074698
vn -0.906941 0.414583 0.074698
vn 0.258808 -0.965929 -0.000419
vn 0.258808 -0.965929 -0.000419
vn 0.258808 -0.965929 -0.000419
vn 0.258808 -0.965929 -0.000419
vn 0.994529 0.104460 -0.000226
vn 0.994529 0.104460 -0.000226
vn 0.994529 0.104460 -0.000226
vn 0.994529 0.104460 -0.000226
vn 0.753283 0.646127 -0.122822
vn 0.753283 0.646127 -0.122822
vn 0.753283 0.646127 -0.122822
vn 0.753283 0.646127 -0.122822
vn 0.983385 0.104727 -0.148277
vn 0.983385 0.104727 -0.148277
vn 0.983385 0.104727 -0.148277
vn 0.983385 0.104727 -0.148277
vn 0.703083 -0.620811 0.346797
vn 0.703083 -0.620811 0.346797
vn 0.703083 -0.620811 0.346797
vn 0.703083 -0.620811 0.346797
vn 0.452991 -0.845297 0.283324
vn 0.452991 -0.845297 0.283324
vn 0.452991 -0.845297 0.283324
vn 0.452991 -0.845297 0.283324
vn 0.333095 -0.760005 0.558069
vn 0.333095 -0.760005 0.558069
vn 0.333095 -0.760005 0.558069
vn 0.333095 -0.760005 0.558069
vn 0.525894 -0.522621 0.671046
vn 0.525894 -0.522621 0.671046
vn 0.525894 -0.522621 0.671046
vn 0.525894 -0.522621 0.671046
vn 0.983456 0.104554 0.147926
vn 0.983456 0.104554 0.147926
vn 0.983456 0.104554 0.147926
vn 0.983456 0.104554 0.147926
vn 0.753735 0.645829 0.121609
vn 0.753735 0.645829 0.121609
vn 0.753735 0.645829 0.121609
vn 0.753735 0.645829 0.121609
vn 0.254275 -0.964968 0.064661
vn 0.254275 -0.964968 0.064661
vn 0.254275 -0.964968 0.064661
vn 0.254275 -0.964968 0.064661
vn 0.055569 -0.997030 0.053326
vn 0.055569 -0.997030 0.053326
vn 0.055569 -0.997030 0.053326
vn 0.055569 -0.997030 0.053326
vn -0.995630 0.063324 0.068630
vn -0.995630 0.063324 0.068630
vn -0.995630 0.063324 0.068630
vn -0.995630 0.063324 0.068630
vn 0.179013 0.981267 -0.071199
vn 0.179013 0.981267 -0.071199
vn 0.179013 0.981267 -0.071199
vn 0.179013 0.981267 -0.071199
vn 0.500062 0.860473 -0.097593
vn 0.500062 0.860473 -0.097593
vn 0.500062 0.860473 -0.097593
vn 0.500062 0.860473 -0.097593
vn -0.585544 0.810013 0.031905
vn -0.585544 0.810013 0.031905
vn -0.585544 0.810013 0.031905
vn -0.585544 0.810013 0.031905
vn -0.975451 0.210730 0.063945
vn -0.975451 0.210730 0.063945
vn -0.975451 0.210730 0.063945
vn -0.975451 0.210730 0.063945
vn -0.911911 0.406513 0.056261
vn -0.911911 0.406513 0.056261
vn -0.911911 0.406513 0.056261
vn -0.911911 0.406513 0.056261
vn 0.765024 -0.632825 -0.119463
vn 0.765024 -0.632825 -0.119463
vn 0.765024 -0.632825 -0.119463
vn 0.765024 -0.632825 -0.119463
vn 0.505666 -0.857978 -0.090416
vn 0.505666 -0.857978 -0.090416
vn 0.505666 -0.857978 -0.090416
vn 0.505666 -0.857978 -0.090416
vn -0.889554 0.097824 -0.446234
vn -0.889554 0.097824 -0.446234
vn -0.889554 0.097824 -0.446234
vn -0.889554 0.097824 -0.446234
vn -0.523374 0.059501 -0.850023
vn -0.523374 0.059501 -0.850023
vn -0.523374 0.059501 -0.850023
vn -0.523374 0.059501 -0.850023
vn -0.437600 0.449989 -0.778470
vn -0.437600 0.449989 -0.778470
vn -0.437600 0.449989 -0.778470
vn -0.437600 0.449989 -0.778470
vn -0.685704 0.611069 -0.395481
vn -0.685704 0.611069 -0.395481
vn -0.685704 0.611069 -0.395481
vn -0.685704 0.611069 -0.395481
vn -0.151437 0.014772 -0.988357
vn -0.151437 0.014772 -0.988357
vn -0.151437 0.014772 -0.988357
vn -0.151437 0.014772 -0.988357
vn 0.435314 0.004439 -0.900268
vn 0.435314 0.004439 -0.900268
vn 0.435314 0.004439 -0.900268
vn 0.435314 0.004439 -0.900268
vn 0.227087 0.397146 -0.889217
vn 0.227087 0.397146 -0.889217
vn 0.227087 0.397146 -0.889217
vn 0.227087 0.397146 -0.889217
vn -0.237301 0.404330 -0.883292
vn -0.237301 0.404330 -0.883292
vn -0.237301 0.404330 -0.883292
vn -0.237301 0.404330 -0.883292
vn 0.994661 0.062574 -0.082057
vn 0.994661 0.062574 -0.082057
vn 0.994661 0.062574 -0.082057
vn 0.994661 0.062574 -0.082057
vn 0.995308 0.062876 -0.073549
vn 0.995308 0.062876 -0.073549
vn 0.995986 0.052639 0.072402
vn 0.995986 0.052639 0.072402
vn 0.995986 0.052639 0.072402
vn 0.995986 0.052639 0.072402
vn 0.831979 0.489916 0.260371
vn 0.831979 0.489916 0.260371
vn 0.831979 0.489916 0.260371
vn 0.831979 0.489916 0.260371
vn 0.873252 0.487159 0.010365
vn 0.873252 0.487159 0.010365
vn 0.873252 0.487159 0.010365
vn 0.873252 0.487159 0.010365
vn 0.692788 0.007007 0.721108
vn 0.692788 0.007007 0.721108
vn 0.692788 0.007007 0.721108
vn 0.692788 0.007007 0.721108
vn -0.222376 0.024011 0.974665
vn -0.222376 0.024011 0.974665
vn -0.222376 0.024011 0.974665
vn -0.222376 0.024011 0.974665
vn -0.309285 0.562015 0.767126
vn -0.309285 0.562015 0.767126
vn -0.309285 0.562015 0.767126
vn -0.309285 0.562015 0.767126
vn 0.350574 0.594925 0.723300
vn 0.350574 0.594925 0.723300
vn 0.350574 0.594925 0.723300
vn 0.350574 0.594925 0.723300
vn -0.765536 -0.632334 0.118777
vn -0.765536 -0.632334 0.118777
vn -0.765536 -0.632334 0.118777
vn -0.765536 -0.632334 0.118777
vn -0.504664 -0.858775 0.088430
vn -0.504664 -0.858775 0.088430
vn -0.504664 -0.858775 0.088430
vn -0.504664 -0.858775 0.088430
vn -0.775319 -0.631570 -0.000482
vn -0.775319 -0.631570 -0.000482
vn -0.775319 -0.631570 -0.000482
vn -0.775319 -0.631570 -0.000482
vn -0.127941 0.957003 0.260339
vn -0.127941 0.957003 0.260339
vn -0.127941 0.957003 0.260339
vn -0.127941 0.957003 0.260339
vn -0.015587 0.855753 0.517150
vn -0.015587 0.855753 0.517150
vn -0.015587 0.855753 0.517150
vn -0.015587 0.855753 0.517150
vn -0.338254 0.750023 0.568375
vn -0.338254 0.750023 0.568375
vn -0.338254 0.750023 0.568375
vn -0.338254 0.750023 0.568375
vn -0.443320 0.842078 0.307200
vn -0.443320 0.842078 0.307200
vn -0.443320 0.842078 0.307200
vn -0.443320 0.842078 0.307200
vn 0.978048 0.207727 -0.016455
vn 0.978048 0.207727 -0.016455
vn 0.978048 0.207727 -0.016455
vn 0.978048 0.207727 -0.016455
vn 0.895544 0.201791 -0.396587
vn 0.895544 0.201791 -0.396587
vn 0.895544 0.201791 -0.396587
vn 0.895544 0.201791 -0.396587
vn 0.839466 0.430294 -0.331880
vn 0.839466 0.430294 -0.331880
vn 0.839466 0.430294 -0.331880
vn 0.839466 0.430294 -0.331880
vn 0.916197 0.400482 -0.014023
vn 0.916197 0.400482 -0.014023
vn 0.916197 0.400482 -0.014023
vn 0.916197 0.400482 -0.014023
vn 0.907618 0.419776 0.004202
vn 0.907618 0.419776 0.004202
vn 0.907618 0.419776 0.004202
vn 0.907618 0.419776 0.004202
vn -0.511494 -0.859287 -0.000759
vn -0.511494 -0.859287 -0.000759
vn -0.511494 -0.859287 -0.000759
vn -0.511494 -0.859287 -0.000759
vn 0.910536 0.408994 -0.060409
vn 0.910536 0.408994 -0.060409
vn 0.910536 0.408994 -0.060409
vn 0.910536 0.408994 -0.060409
vn 0.919623 0.388378 -0.058785
vn 0.919623 0.388378 -0.058785
vn 0.975430 0.209254 -0.068919
vn 0.975430 0.209254 -0.068919
vn 0.975430 0.209254 -0.068919
vn 0.975430 0.209254 -0.068919
vn 0.976074 0.207085 -0.066299
vn 0.976074 0.207085 -0.066299
vn 0.614241 0.559331 0.556648
vn 0.614241 0.559331 0.556648
vn 0.614241 0.559331 0.556648
vn 0.614241 0.559331 0.556648
vn 0.285784 0.878236 0.383445
vn 0.285784 0.878236 0.383445
vn 0.285784 0.878236 0.383445
vn 0.285784 0.878236 0.383445
vn 0.057849 -0.713522 0.698241
vn 0.057849 -0.713522 0.698241
vn 0.057849 -0.713522 0.698241
vn 0.057849 -0.713522 0.698241
vn 0.021140 -0.654810 0.755498
vn 0.021140 -0.654810 0.755498
vn 0.021140 -0.654810 0.755498
vn 0.021140 -0.654810 0.755498
vn 0.016145 -0.458510 -0.888542
vn 0.016145 -0.458510 -0.888542
vn 0.016145 -0.458510 -0.888542
vn 0.016145 -0.458510 -0.888542
vn 0.036434 -0.511436 -0.858549
vn 0.036434 -0.511436 -0.858549
vn 0.036434 -0.511436 -0.858549
vn 0.036434 -0.511436 -0.858549
vn 0.176990 0.791833 -0.584530
vn 0.176990 0.791833 -0.584530
vn 0.176990 0.791833 -0.584530
vn 0.176990 0.791833 -0.584530
vn 0.385443 0.494157 -0.779258
vn 0.385443 0.494157 -0.779258
vn 0.385443 0.494157 -0.779258
vn 0.385443 0.494157 -0.779258
vn 0.668744 0.741752 -0.050853
vn 0.668744 0.741752 -0.050853
vn 0.668744 0.741752 -0.050853
vn 0.668744 0.741752 -0.050853
vn 0.160220 0.986686 -0.027934
vn 0.160220 0.986686 -0.027934
vn 0.160220 0.986686 -0.027934
vn 0.160220 0.986686 -0.027934
vn 0.274224 0.961646 0.006190
vn 0.274224 0.961646 0.006190
vn 0.274224 0.961646 0.006190
vn 0.274224 0.961646 0.006190
vn 0.707713 0.705969 0.027394
vn 0.707713 0.705969 0.027394
vn 0.707713 0.705969 0.027394
vn 0.707713 0.705969 0.027394
vn -0.208539 -0.928530 -0.307154
vn -0.208539 -0.928530 -0.307154
vn -0.208539 -0.928530 -0.307154
vn -0.208539 -0.928530 -0.307154
vn -0.033915 -0.950479 -0.308932
vn -0.033915 -0.950479 -0.308932
vn -0.033915 -0.950479 -0.308932
vn -0.033915 -0.950479 -0.308932
vn -0.080944 -0.735730 -0.672420
vn -0.080944 -0.735730 -0.672420
vn -0.080944 -0.735730 -0.672420
vn -0.080944 -0.735730 -0.672420
vn -0.104937 -0.870486 0.480877
vn -0.104937 -0.870486 0.480877
vn -0.104937 -0.870486 0.480877
vn -0.104937 -0.870486 0.480877
vn -0.028929 -0.970018 0.241307
vn -0.028929 -0.970018 0.241307
vn -0.028929 -0.970018 0.241307
vn -0.028929 -0.970018 0.241307
vn -0.203932 -0.946576 0.249813
vn -0.203932 -0.946576 0.249813
vn -0.203932 -0.946576 0.249813
vn -0.203932 -0.946576 0.249813
vn 0.977748 0.209732 0.004590
vn 0.977748 0.209732 0.004590
vn 0.977748 0.209732 0.004590
vn 0.977748 0.209732 0.004590
vn 0.041226 0.999150 0.000054
vn 0.062623 0.998015 -0.006727
vn 0.062623 0.998015 -0.006727
vn 0.041226 0.999150 0.000054
vn 0.041226 0.999150 0.000054
vn 0.041226 0.999150 0.000054
vn 0.064973 0.997862 0.007084
vn 0.064973 0.997862 0.007084
vn 0.574294 0.817980 -0.033094
vn 0.574294 0.817980 -0.033094
vn 0.574294 0.817980 -0.033094
vn 0.574294 0.817980 -0.033094
vn -0.702375 -0.604912 -0.375168
vn -0.702375 -0.604912 -0.375168
vn -0.702375 -0.604912 -0.375168
vn -0.702375 -0.604912 -0.375168
vn -0.455871 -0.829689 -0.322177
vn -0.455871 -0.829689 -0.322177
vn -0.455871 -0.829689 -0.322177
vn -0.455871 -0.829689 -0.322177
vn -0.280388 -0.637180 -0.717903
vn -0.280388 -0.637180 -0.717903
vn -0.280388 -0.637180 -0.717903
vn -0.280388 -0.637180 -0.717903
vn -0.435238 -0.415495 -0.798707
vn -0.435238 -0.415495 -0.798707
vn -0.435238 -0.415495 -0.798707
vn -0.435238 -0.415495 -0.798707
vn 0.404745 0.114679 -0.907210
vn 0.404745 0.114679 -0.907210
vn 0.404745 0.114679 -0.907210
vn 0.404745 0.114679 -0.907210
vn -0.114260 -0.147905 -0.982379
vn -0.114260 -0.147905 -0.982379
vn -0.114260 -0.147905 -0.982379
vn -0.114260 -0.147905 -0.982379
vn -0.073976 -0.305087 -0.949447
vn -0.073976 -0.305087 -0.949447
vn -0.073976 -0.305087 -0.949447
vn -0.073976 -0.305087 -0.949447
vn 0.410448 0.253202 -0.876026
vn 0.410448 0.253202 -0.876026
vn 0.410448 0.253202 -0.876026
vn 0.410448 0.253202 -0.876026
vn 0.535628 0.844452 0.001889
vn 0.535628 0.844452 0.001889
vn 0.535628 0.844452 0.001889
vn 0.535628 0.844452 0.001889
vn -0.176863 0.981940 0.067185
vn -0.176863 0.981940 0.067185
vn -0.176863 0.981940 0.067185
vn -0.176863 0.981940 0.067185
vn -0.499897 0.860837 0.095199
vn -0.499897 0.860837 0.095199
vn -0.499897 0.860837 0.095199
vn -0.499897 0.860837 0.095199
vn -0.185749 0.982597 -0.000618
vn -0.185749 0.982597 -0.000618
vn -0.185749 0.982597 -0.000618
vn -0.185749 0.982597 -0.000618
vn -0.509344 0.860562 -0.000972
vn -0.509344 0.860562 -0.000972
vn -0.509344 0.860562 -0.000972
vn -0.509344 0.860562 -0.000972
vn 0.868245 0.493946 -0.046567
vn 0.868245 0.493946 -0.046567
vn 0.868245 0.493946 -0.046567
vn 0.868245 0.493946 -0.046567
vn 0.998006 0.062953 0.004520
vn 0.998006 0.062953 0.004520
vn 0.998006 0.062953 0.004520
vn 0.998006 0.062953 0.004520
vn -0.655852 0.077416 0.750909
vn -0.655852 0.077416 0.750909
vn -0.655852 0.077416 0.750909
vn -0.655852 0.077416 0.750909
vn -0.901368 0.101460 0.421001
vn -0.901368 0.101460 0.421001
vn -0.901368 0.101460 0.421001
vn -0.901368 0.101460 0.421001
vn -0.687422 0.629366 0.362423
vn -0.687422 0.629366 0.362423
vn -0.687422 0.629366 0.362423
vn -0.687422 0.629366 0.362423
vn -0.520966 0.557286 0.646550
vn -0.520966 0.557286 0.646550
vn -0.520966 0.557286 0.646550
vn -0.520966 0.557286 0.646550
vn 0.930229 0.048558 -0.363754
vn 0.930229 0.048558 -0.363754
vn 0.930229 0.048558 -0.363754
vn 0.930229 0.048558 -0.363754
vn 0.998024 0.062795 0.002315
vn 0.998024 0.062795 0.002315
vn 0.998024 0.062795 0.002315
vn 0.998024 0.062795 0.002315
vn 0.867092 0.486704 -0.106163
vn 0.867092 0.486704 -0.106163
vn 0.867092 0.486704 -0.106163
vn 0.867092 0.486704 -0.106163
vn 0.710124 0.415098 -0.568698
vn 0.710124 0.415098 -0.568698
vn 0.710124 0.415098 -0.568698
vn 0.710124 0.415098 -0.568698
vn -0.021786 0.696961 -0.716778
vn -0.021786 0.696961 -0.716778
vn -0.021786 0.696961 -0.716778
vn -0.021786 0.696961 -0.716778
vn -0.140522 0.936184 -0.322201
vn -0.140522 0.936184 -0.322201
vn -0.140522 0.936184 -0.322201
vn -0.140522 0.936184 -0.322201
vn -0.449112 0.821907 -0.350382
vn -0.449112 0.821907 -0.350382
vn -0.449112 0.821907 -0.350382
vn -0.449112 0.821907 -0.350382
vn -0.293509 0.620080 -0.727567
vn -0.293509 0.620080 -0.727567
vn -0.293509 0.620080 -0.727567
vn -0.293509 0.620080 -0.727567
vn -0.162687 -0.239756 0.957105
vn -0.162687 -0.239756 0.957105
vn -0.162687 -0.239756 0.957105
vn -0.162687 -0.239756 0.957105
vn 0.648835 0.181985 0.738847
vn 0.648835 0.181985 0.738847
vn 0.648835 0.181985 0.738847
vn 0.648835 0.181985 0.738847
vn 0.648769 0.342448 0.679580
vn 0.648769 0.342448 0.679580
vn 0.648769 0.342448 0.679580
vn 0.648769 0.342448 0.679580
vn -0.105861 -0.459630 0.881779
vn -0.105861 -0.459630 0.881779
vn -0.105861 -0.459630 0.881779
vn -0.105861 -0.459630 0.881779
vn 0.595626 0.789656 -0.147221
vn 0.595626 0.789656 -0.147221
vn 0.595626 0.789656 -0.147221
vn 0.595626 0.789656 -0.147221
vn 0.193438 0.980876 -0.021553
vn 0.193438 0.980876 -0.021553
vn 0.193438 0.980876 -0.021553
vn 0.193438 0.980876 -0.021553
vn 0.142275 0.989290 0.032619
vn 0.142275 0.989290 0.032619
vn 0.142275 0.989290 0.032619
vn 0.142275 0.989290 0.032619
vn 0.636546 0.770980 0.019986
vn 0.636546 0.770980 0.019986
vn 0.636546 0.770980 0.019986
vn 0.636546 0.770980 0.019986
vn -0.058383 -0.998294 -0.000039
vn -0.058383 -0.998294 -0.000039
vn -0.058383 -0.998294 -0.000039
vn -0.058383 -0.998294 -0.000039
vn 0.868898 0.494978 0.003694
vn 0.868898 0.494978 0.003694
vn 0.868898 0.494978 0.003694
vn 0.868898 0.494978 0.003694
vn 0.866755 0.497100 0.040339
vn 0.866755 0.497100 0.040339
vn -0.057230 -0.996710 -0.057387
vn -0.057230 -0.996710 -0.057387
vn -0.057230 -0.996710 -0.057387
vn -0.057230 -0.996710 -0.057387
vn -0.257453 -0.963885 -0.068152
vn -0.257453 -0.963885 -0.068152
vn -0.257453 -0.963885 -0.068152
vn -0.257453 -0.963885 -0.068152
vn 0.970083 0.221170 0.100113
vn 0.970083 0.221170 0.100113
vn 0.970083 0.221170 0.100113
vn 0.970083 0.221170 0.100113
vn 0.906941 0.414583 0.074698
vn 0.906941 0.414583 0.074698
vn 0.906941 0.414583 0.074698
vn 0.906941 0.414583 0.074698
vn -0.258808 -0.965929 -0.000419
vn -0.258808 -0.965929 -0.000419
vn -0.258808 -0.965929 -0.000419
vn -0.258808 -0.965929 -0.000419
vn -0.983385 0.104727 -0.148277
vn -0.983385 0.104727 -0.148277
vn -0.983385 0.104727 -0.148277
vn -0.983385 0.104727 -0.148277
vn -0.753283 0.646127 -0.122822
vn -0.753283 0.646127 -0.122822
vn -0.753283 0.646127 -0.122822
vn -0.753283 0.646127 -0.122822
vn -0.994529 0.104460 -0.000226
vn -0.994529 0.104460 -0.000226
vn -0.994529 0.104460 -0.000226
vn -0.994529 0.104460 -0.000226
vn -0.703083 -0.620811 0.346797
vn -0.703083 -0.620811 0.346797
vn -0.703083 -0.620811 0.346797
vn -0.703083 -0.620811 0.346797
vn -0.525893 -0.522622 0.671046
vn -0.525893 -0.522622 0.671046
vn -0.525893 -0.522622 0.671046
vn -0.525893 -0.522622 0.671046
vn -0.333095 -0.760005 0.558069
vn -0.333095 -0.760005 0.558069
vn -0.333095 -0.760005 0.558069
vn -0.333095 -0.760005 0.558069
vn -0.452991 -0.845297 0.283325
vn -0.452991 -0.845297 0.283325
vn -0.452991 -0.845297 0.283325
vn -0.452991 -0.845297 0.283325
vn -0.983456 0.104554 0.147926
vn -0.983456 0.104554 0.147926
vn -0.983456 0.104554 0.147926
vn -0.983456 0.104554 0.147926
vn -0.753735 0.645829 0.121609
vn -0.753735 0.645829 0.121609
vn -0.753735 0.645829 0.121609
vn -0.753735 0.645829 0.121609
vn -0.254274 -0.964968 0.064661
vn -0.254274 -0.964968 0.064661
vn -0.254274 -0.964968 0.064661
vn -0.254274 -0.964968 0.064661
vn -0.055569 -0.997030 0.053326
vn -0.055569 -0.997030 0.053326
vn -0.055569 -0.997030 0.053326
vn -0.055569 -0.997030 0.053326
vn 0.995630 0.063324 0.068630
vn 0.995630 0.063324 0.068630
vn 0.995630 0.063324 0.068630
vn 0.995630 0.063324 0.068630
vn -0.179013 0.981267 -0.071199
vn -0.179013 0.981267 -0.071199
vn -0.179013 0.981267 -0.071199
vn -0.179013 0.981267 -0.071199
vn -0.500062 0.860473 -0.097593
vn -0.500062 0.860473 -0.097593
vn -0.500062 0.860473 -0.097593
vn -0.500062 0.860473 -0.097593
vn 0.585544 0.810013 0.031905
vn 0.585544 0.810013 0.031905
vn 0.585544 0.810013 0.031905
vn 0.585544 0.810013 0.031905
vn 0.975451 0.210730 0.063945
vn 0.975451 0.210730 0.063945
vn 0.975451 0.210730 0.063945
vn 0.975451 0.210730 0.063945
vn 0.911911 0.406513 0.056261
vn 0.911911 0.406513 0.056261
vn 0.911911 0.406513 0.056261
vn 0.911911 0.406513 0.056261
vn -0.765024 -0.632825 -0.119463
vn -0.765024 -0.632825 -0.119463
vn -0.765024 -0.632825 -0.119463
vn -0.765024 -0.632825 -0.119463
vn -0.505666 -0.857978 -0.090416
vn -0.505666 -0.857978 -0.090416
vn -0.505666 -0.857978 -0.090416
vn -0.505666 -0.857978 -0.090416
vn 0.763720 0.645548 -0.000559
vn 0.763720 0.645548 -0.000559
vn 0.763720 0.645548 -0.000559
vn 0.763720 0.645548 -0.000559
vn 0.930787 0.089804 0.354361
vn 0.930787 0.089804 0.354361
vn 0.930787 0.089804 0.354361
vn 0.930787 0.089804 0.354361
vn 0.295403 0.092971 0.950838
vn 0.295403 0.092971 0.950838
vn 0.295403 0.092971 0.950838
vn 0.295403 0.092971 0.950838
vn -0.367390 0.100255 0.924648
vn -0.367390 0.100255 0.924648
vn -0.367390 0.100255 0.924648
vn -0.367390 0.100255 0.924648
vn -0.946895 0.105507 0.303739
vn -0.946895 0.105507 0.303739
vn -0.946895 0.105507 0.303739
vn -0.946895 0.105507 0.303739
vn 0.992576 0.083651 0.088297
vn 0.992576 0.083651 0.088297
vn 0.992576 0.083651 0.088297
vn 0.992576 0.083651 0.088297
vn -0.513434 0.829024 0.221595
vn -0.513434 0.829024 0.221595
vn -0.513434 0.829024 0.221595
vn -0.513434 0.829024 0.221595
vn -0.017269 0.972117 0.233860
vn -0.017269 0.972117 0.233860
vn -0.017269 0.972117 0.233860
vn -0.017269 0.972117 0.233860
vn 0.968402 0.071753 0.238849
vn 0.968402 0.071753 0.238849
vn 0.968402 0.071753 0.238849
vn 0.968402 0.071753 0.238849
vn 0.310192 0.945355 -0.100428
vn 0.310192 0.945355 -0.100428
vn 0.310192 0.945355 -0.100428
vn 0.310192 0.945355 -0.100428
vn 0.995662 0.089391 0.025808
vn 0.995662 0.089391 0.025808
vn 0.995662 0.089391 0.025808
vn 0.995662 0.089391 0.025808
vn 0.177979 0.880155 -0.440058
vn 0.177979 0.880155 -0.440058
vn 0.177979 0.880155 -0.440058
vn 0.177979 0.880155 -0.440058
vn -0.354702 0.919568 -0.169061
vn -0.354702 0.919568 -0.169061
vn -0.354702 0.919568 -0.169061
vn -0.354702 0.919568 -0.169061
vn -0.985874 0.089345 -0.141670
vn -0.985874 0.089345 -0.141670
vn -0.985874 0.089345 -0.141670
vn -0.985874 0.089345 -0.141670
vn -0.837693 0.078773 0.540431
vn -0.837693 0.078773 0.540431
vn -0.837693 0.078773 0.540431
vn -0.837693 0.078773 0.540431
vn 0.143159 0.989399 -0.024410
vn 0.143159 0.989399 -0.024410
vn 0.143159 0.989399 -0.024410
vn 0.143159 0.989399 -0.024410
vn -0.412752 0.910042 -0.038209
vn -0.412752 0.910042 -0.038209
vn -0.412752 0.910042 -0.038209
vn -0.412752 0.910042 -0.038209
vn -0.279336 0.920522 0.273150
vn -0.279336 0.920522 0.273150
vn -0.279336 0.920522 0.273150
vn -0.279336 0.920522 0.273150
vn -0.912850 0.080384 0.400304
vn -0.912850 0.080384 0.400304
vn -0.912850 0.080384 0.400304
vn -0.912850 0.080384 0.400304
vn 0.835430 0.071511 -0.544925
vn 0.835430 0.071511 -0.544925
vn 0.835430 0.071511 -0.544925
vn 0.835430 0.071511 -0.544925
vn 0.835850 0.078238 -0.543354
vn 0.835850 0.078238 -0.543354
vn 0.136490 0.982076 0.129989
vn 0.136490 0.982076 0.129989
vn 0.136490 0.982076 0.129989
vn 0.136490 0.982076 0.129989
vn -0.950142 0.075806 -0.302461
vn -0.950142 0.075806 -0.302461
vn -0.950142 0.075806 -0.302461
vn -0.950142 0.075806 -0.302461
vn -0.369585 0.929012 -0.018565
vn -0.369585 0.929012 -0.018565
vn -0.369585 0.929012 -0.018565
vn -0.369585 0.929012 -0.018565
vn 0.855707 0.081808 0.510953
vn 0.855707 0.081808 0.510953
vn 0.855707 0.081808 0.510953
vn 0.855707 0.081808 0.510953
vn 0.128834 0.983646 -0.125870
vn 0.128834 0.983646 -0.125870
vn 0.128834 0.983646 -0.125870
vn 0.128834 0.983646 -0.125870
vn 0.557310 0.828019 -0.061560
vn 0.557310 0.828019 -0.061560
vn 0.557310 0.828019 -0.061560
vn 0.557310 0.828019 -0.061560
vn 0.806691 0.077825 -0.585827
vn 0.806691 0.077825 -0.585827
vn 0.806691 0.077825 -0.585827
vn 0.806691 0.077825 -0.585827
vn 0.522992 0.842042 0.132077
vn 0.522992 0.842042 0.132077
vn 0.522992 0.842042 0.132077
vn 0.522992 0.842042 0.132077
vn 0.367923 0.912567 0.178477
vn 0.367923 0.912567 0.178477
vn 0.367923 0.912567 0.178477
vn 0.367923 0.912567 0.178477
vn -0.875169 0.076875 -0.477672
vn -0.875169 0.076875 -0.477672
vn -0.875169 0.076875 -0.477672
vn -0.875169 0.076875 -0.477672
vn -0.110002 0.993440 -0.031261
vn -0.110002 0.993440 -0.031261
vn -0.110002 0.993440 -0.031261
vn -0.110002 0.993440 -0.031261
vn 0.179974 0.983622 0.009886
vn 0.179974 0.983622 0.009886
vn 0.179974 0.983622 0.009886
vn 0.179974 0.983622 0.009886
vn -0.986664 0.094023 -0.132866
vn -0.986664 0.094023 -0.132866
vn -0.986664 0.094023 -0.132866
vn -0.986664 0.094023 -0.132866
vn -0.989872 0.082558 -0.115487
vn -0.989872 0.082558 -0.115487
vn -0.093214 0.994864 0.039451
vn -0.093214 0.994864 0.039451
vn -0.093214 0.994864 0.039451
vn -0.093214 0.994864 0.039451
vn 0.983198 0.106872 0.147990
vn 0.983198 0.106872 0.147990
vn 0.983198 0.106872 0.147990
vn 0.983198 0.106872 0.147990
vn -0.816988 0.078051 0.571348
vn -0.816988 0.078051 0.571348
vn -0.816988 0.078051 0.571348
vn -0.816988 0.078051 0.571348
vn 0.887361 0.074875 -0.454956
vn 0.887361 0.074875 -0.454956
vn 0.887361 0.074875 -0.454956
vn 0.887361 0.074875 -0.454956
vn 0.879719 0.072564 0.469925
vn 0.879719 0.072564 0.469925
vn 0.879719 0.072564 0.469925
vn 0.879719 0.072564 0.469925
vn 0.329902 0.939781 -0.089316
vn 0.329902 0.939781 -0.089316
vn 0.329902 0.939781 -0.089316
vn 0.329902 0.939781 -0.089316
vn -0.224682 0.927330 0.299296
vn -0.224682 0.927330 0.299296
vn -0.224682 0.927330 0.299296
vn -0.224682 0.927330 0.299296
vn -0.996656 0.076431 -0.028917
vn -0.996656 0.076431 -0.028917
vn -0.996656 0.076431 -0.028917
vn -0.996656 0.076431 -0.028917
vn -0.491998 0.869358 0.046425
vn -0.491998 0.869358 0.046425
vn -0.491998 0.869358 0.046425
vn -0.491998 0.869358 0.046425
vn 0.125913 0.964982 -0.230123
vn 0.125913 0.964982 -0.230123
vn 0.125913 0.964982 -0.230123
vn 0.125913 0.964982 -0.230123
vn -0.437879 0.898993 -0.008540
vn -0.437879 0.898993 -0.008540
vn -0.437879 0.898993 -0.008540
vn -0.437879 0.898993 -0.008540
vn -0.918042 0.082555 0.387793
vn -0.918042 0.082555 0.387793
vn -0.918042 0.082555 0.387793
vn -0.918042 0.082555 0.387793
vn 0.995309 0.067414 -0.069390
vn 0.995309 0.067414 -0.069390
vn 0.995309 0.067414 -0.069390
vn 0.995309 0.067414 -0.069390
vn 0.949873 0.080350 -0.302134
vn 0.949873 0.080350 -0.302134
vn 0.949873 0.080350 -0.302134
vn 0.949873 0.080350 -0.302134
vn 0.327449 0.931005 0.161267
vn 0.327449 0.931005 0.161267
vn 0.327449 0.931005 0.161267
vn 0.327449 0.931005 0.161267
vn 0.795361 0.081666 0.600609
vn 0.795361 0.081666 0.600609
vn 0.795361 0.081666 0.600609
vn 0.795361 0.081666 0.600609
vn -0.835652 0.072405 -0.544467
vn -0.835652 0.072405 -0.544467
vn -0.835652 0.072405 -0.544467
vn -0.835652 0.072405 -0.544467
vn -0.291830 0.941133 -0.170600
vn -0.291830 0.941133 -0.170600
vn -0.291830 0.941133 -0.170600
vn -0.291830 0.941133 -0.170600
vn -0.300973 0.930579 -0.208418
vn -0.300973 0.930579 -0.208418
vn 0.236077 0.946211 0.221251
vn 0.236077 0.946211 0.221251
vn 0.236077 0.946211 0.221251
vn 0.236077 0.946211 0.221251
vn -0.807439 0.081299 -0.584323
vn -0.807439 0.081299 -0.584323
vn -0.807439 0.081299 -0.584323
vn -0.807439 0.081299 -0.584323
vn 0.251629 0.966447 -0.051604
vn 0.251629 0.966447 -0.051604
vn 0.251629 0.966447 -0.051604
vn 0.251629 0.966447 -0.051604
vn 0.341975 0.910815 0.231233
vn 0.341975 0.910815 0.231233
vn 0.341975 0.910815 0.231233
vn 0.341975 0.910815 0.231233
vn -0.087083 0.873226 0.479471
vn -0.087083 0.873226 0.479471
vn -0.087083 0.873226 0.479471
vn -0.087083 0.873226 0.479471
vn 0.956915 0.080557 -0.278970
vn 0.956915 0.080557 -0.278970
vn 0.956915 0.080557 -0.278970
vn 0.956915 0.080557 -0.278970
vn -0.423061 0.901420 0.091988
vn -0.423061 0.901420 0.091988
vn -0.423061 0.901420 0.091988
vn -0.423061 0.901420 0.091988
vn -0.776454 0.059260 0.627381
vn -0.776454 0.059260 0.627381
vn -0.776454 0.059260 0.627381
vn -0.776454 0.059260 0.627381
vn -0.985828 0.050990 0.159820
vn -0.985828 0.050990 0.159820
vn -0.985828 0.050990 0.159820
vn -0.985828 0.050990 0.159820
vn 0.789583 0.087292 -0.607404
vn 0.789583 0.087292 -0.607404
vn 0.789583 0.087292 -0.607404
vn 0.789583 0.087292 -0.607404
vn 0.286518 0.958058 0.005645
vn 0.286518 0.958058 0.005645
vn 0.286518 0.958058 0.005645
vn 0.286518 0.958058 0.005645
vn -0.928995 0.079504 0.361452
vn -0.928995 0.079504 0.361452
vn -0.928995 0.079504 0.361452
vn -0.928995 0.079504 0.361452
vn -0.278975 0.939401 0.199247
vn -0.278975 0.939401 0.199247
vn -0.278975 0.939401 0.199247
vn -0.278975 0.939401 0.199247
vn -0.665096 0.138924 -0.733722
vn -0.665096 0.138924 -0.733722
vn -0.665096 0.138924 -0.733722
vn -0.665096 0.138924 -0.733722
vn 0.227111 0.156664 -0.961185
vn 0.227111 0.156664 -0.961185
vn 0.227111 0.156664 -0.961185
vn 0.227111 0.156664 -0.961185
vn 0.977650 0.090255 -0.189879
vn 0.977650 0.090255 -0.189879
vn 0.977650 0.090255 -0.189879
vn 0.977650 0.090255 -0.189879
vn 0.934932 0.108000 -0.337991
vn 0.934932 0.108000 -0.337991
vn 0.934932 0.108000 -0.337991
vn 0.934932 0.108000 -0.337991
vn -0.321165 0.903108 -0.285043
vn -0.321165 0.903108 -0.285043
vn -0.321165 0.903108 -0.285043
vn -0.321165 0.903108 -0.285043
vn 0.273424 0.877382 -0.394260
vn 0.273424 0.877382 -0.394260
vn 0.273424 0.877382 -0.394260
vn 0.273424 0.877382 -0.394260
vn 0.346417 0.907721 -0.236722
vn 0.346417 0.907721 -0.236722
vn 0.346417 0.907721 -0.236722
vn 0.346417 0.907721 -0.236722
vn -0.405637 0.910826 -0.076517
vn -0.405637 0.910826 -0.076517
vn -0.405637 0.910826 -0.076517
vn -0.405637 0.910826 -0.076517
vn -0.955150 0.088780 0.282500
vn -0.955150 0.088780 0.282500
vn -0.955150 0.088780 0.282500
vn -0.955150 0.088780 0.282500
vn -0.991557 0.107876 0.071959
vn -0.991557 0.107876 0.071959
vn -0.991557 0.107876 0.071959
vn -0.991557 0.107876 0.071959
vn 0.938282 0.085265 -0.335198
vn 0.938282 0.085265 -0.335198
vn 0.938282 0.085265 -0.335198
vn 0.938282 0.085265 -0.335198
vn 0.822435 0.089803 -0.561726
vn 0.822435 0.089803 -0.561726
vn 0.822435 0.089803 -0.561726
vn 0.822435 0.089803 -0.561726
vn 0.065423 0.092972 -0.993517
vn 0.065423 0.092972 -0.993517
vn 0.065423 0.092972 -0.993517
vn 0.065423 0.092972 -0.993517
vn -0.572964 0.100252 -0.813426
vn -0.572964 0.100252 -0.813426
vn -0.572964 0.100252 -0.813426
vn -0.572964 0.100252 -0.813426
vn -0.991627 0.105506 -0.074456
vn -0.991627 0.105506 -0.074456
vn -0.991627 0.105506 -0.074456
vn -0.991627 0.105506 -0.074456
vn -0.922018 0.096272 0.374987
vn -0.922018 0.096272 0.374987
vn -0.922018 0.096272 0.374987
vn -0.922018 0.096272 0.374987
vn 0.229284 0.946174 -0.228439
vn 0.229284 0.946174 -0.228439
vn 0.229284 0.946174 -0.228439
vn 0.229284 0.946174 -0.228439
vn -0.550964 0.829024 -0.095701
vn -0.550964 0.829024 -0.095701
vn -0.550964 0.829024 -0.095701
vn -0.550964 0.829024 -0.095701
vn -0.071352 0.972117 -0.223377
vn -0.071352 0.972117 -0.223377
vn -0.071352 0.972117 -0.223377
vn -0.071352 0.972117 -0.223377
vn 0.016938 0.983356 -0.180898
vn 0.016938 0.983356 -0.180898
vn 0.016938 0.983356 -0.180898
vn 0.016938 0.983356 -0.180898
vn -0.478247 0.877399 -0.038090
vn -0.478247 0.877399 -0.038090
vn -0.478247 0.877399 -0.038090
vn -0.478247 0.877399 -0.038090
vn -0.710664 0.064087 0.700607
vn -0.710664 0.064087 0.700607
vn -0.710664 0.064087 0.700607
vn -0.710664 0.064087 0.700607
vn -0.364757 0.883565 0.293709
vn -0.364757 0.883565 0.293709
vn -0.364757 0.883565 0.293709
vn -0.364757 0.883565 0.293709
vn 0.969535 0.071655 -0.234239
vn 0.969535 0.071655 -0.234239
vn 0.969535 0.071655 -0.234239
vn 0.969535 0.071655 -0.234239
vn 0.286465 0.939774 0.186450
vn 0.286465 0.939774 0.186450
vn 0.286465 0.939774 0.186450
vn 0.286465 0.939774 0.186450
vn 0.934946 0.092693 0.342468
vn 0.934946 0.092693 0.342468
vn 0.934946 0.092693 0.342468
vn 0.934946 0.092693 0.342468
vn 0.076364 0.959557 0.270958
vn 0.076364 0.959557 0.270958
vn 0.076364 0.959557 0.270958
vn 0.076364 0.959557 0.270958
vn -0.490297 0.869933 0.053168
vn -0.490297 0.869933 0.053168
vn -0.490297 0.869933 0.053168
vn -0.490297 0.869933 0.053168
vn -0.515947 0.854499 0.060256
vn -0.515947 0.854499 0.060256
vn 0.996179 0.080081 -0.034839
vn 0.996179 0.080081 -0.034839
vn 0.996179 0.080081 -0.034839
vn 0.996179 0.080081 -0.034839
vn -0.841426 0.078956 -0.534572
vn -0.841426 0.078956 -0.534572
vn -0.841426 0.078956 -0.534572
vn -0.841426 0.078956 -0.534572
vn -0.334861 0.942110 0.017259
vn -0.334861 0.942110 0.017259
vn -0.334861 0.942110 0.017259
vn -0.334861 0.942110 0.017259
vn 0.334338 0.942354 -0.013672
vn 0.334338 0.942354 -0.013672
vn 0.334338 0.942354 -0.013672
vn 0.334338 0.942354 -0.013672
vn -0.995023 0.079644 0.059878
vn -0.995023 0.079644 0.059878
vn -0.995023 0.079644 0.059878
vn -0.995023 0.079644 0.059878
vn -0.304534 0.932937 -0.192062
vn -0.304534 0.932937 -0.192062
vn -0.304534 0.932937 -0.192062
vn -0.304534 0.932937 -0.192062
vn -0.910712 0.087375 -0.403694
vn -0.910712 0.087375 -0.403694
vn -0.910712 0.087375 -0.403694
vn -0.910712 0.087375 -0.403694
vn 0.842258 0.072036 0.534239
vn 0.842258 0.072036 0.534239
vn 0.842258 0.072036 0.534239
vn 0.842258 0.072036 0.534239
vn 0.831977 0.078048 0.549293
vn 0.831977 0.078048 0.549293
vn 0.011750 0.998277 -0.057484
vn 0.011750 0.998277 -0.057484
vn 0.011750 0.998277 -0.057484
vn 0.011750 0.998277 -0.057484
vn -0.949553 0.082537 0.302551
vn -0.949553 0.082537 0.302551
vn -0.949553 0.082537 0.302551
vn -0.949553 0.082537 0.302551
vn 0.699997 0.071686 -0.710539
vn 0.699997 0.071686 -0.710539
vn 0.699997 0.071686 -0.710539
vn 0.699997 0.071686 -0.710539
vn 0.106811 0.984542 0.138813
vn 0.106811 0.984542 0.138813
vn 0.106811 0.984542 0.138813
vn 0.106811 0.984542 0.138813
vn 0.548044 0.832808 0.077969
vn 0.548044 0.832808 0.077969
vn 0.548044 0.832808 0.077969
vn 0.548044 0.832808 0.077969
vn 0.767594 0.076725 0.636328
vn 0.767594 0.076725 0.636328
vn 0.767594 0.076725 0.636328
vn 0.767594 0.076725 0.636328
vn 0.506913 0.861528 -0.028427
vn 0.506913 0.861528 -0.028427
vn 0.506913 0.861528 -0.028427
vn 0.506913 0.861528 -0.028427
vn 0.295435 0.927835 -0.227685
vn 0.295435 0.927835 -0.227685
vn 0.295435 0.927835 -0.227685
vn 0.295435 0.927835 -0.227685
vn -0.673185 0.074494 0.735712
vn -0.673185 0.074494 0.735712
vn -0.673185 0.074494 0.735712
vn -0.673185 0.074494 0.735712
vn -0.086341 0.988460 0.124470
vn -0.086341 0.988460 0.124470
vn -0.086341 0.988460 0.124470
vn -0.086341 0.988460 0.124470
vn 0.145424 0.985810 -0.083854
vn 0.145424 0.985810 -0.083854
vn 0.145424 0.985810 -0.083854
vn 0.145424 0.985810 -0.083854
vn -0.986664 0.094020 0.132868
vn -0.986664 0.094020 0.132868
vn -0.986664 0.094020 0.132868
vn -0.986664 0.094020 0.132868
vn -0.047712 0.977608 -0.204952
vn -0.047712 0.977608 -0.204952
vn -0.047712 0.977608 -0.204952
vn -0.047712 0.977608 -0.204952
vn 0.981209 0.114657 -0.155185
vn 0.981209 0.114657 -0.155185
vn 0.981209 0.114657 -0.155185
vn 0.981209 0.114657 -0.155185
vn -0.924392 0.087982 -0.371159
vn -0.924392 0.087982 -0.371159
vn -0.924392 0.087982 -0.371159
vn -0.924392 0.087982 -0.371159
vn -0.787302 0.077284 -0.611705
vn -0.787302 0.077284 -0.611705
vn -0.787302 0.077284 -0.611705
vn -0.787302 0.077284 -0.611705
vn 0.821654 0.071128 0.565531
vn 0.821654 0.071128 0.565531
vn 0.821654 0.071128 0.565531
vn 0.821654 0.071128 0.565531
vn 0.744019 0.076891 -0.663719
vn 0.744019 0.076891 -0.663719
vn 0.744019 0.076891 -0.663719
vn 0.744019 0.076891 -0.663719
vn 0.268708 0.938256 0.217880
vn 0.268708 0.938256 0.217880
vn 0.268708 0.938256 0.217880
vn 0.268708 0.938256 0.217880
vn -0.269615 0.938960 -0.213686
vn -0.269615 0.938960 -0.213686
vn -0.269615 0.938960 -0.213686
vn -0.269615 0.938960 -0.213686
vn -0.990361 0.078989 0.113778
vn -0.990361 0.078989 0.113778
vn -0.990361 0.078989 0.113778
vn -0.990361 0.078989 0.113778
vn -0.490606 0.870352 -0.042344
vn -0.490606 0.870352 -0.042344
vn -0.490606 0.870352 -0.042344
vn -0.490606 0.870352 -0.042344
vn 0.117660 0.955222 0.271491
vn 0.117660 0.955222 0.271491
vn 0.117660 0.955222 0.271491
vn 0.117660 0.955222 0.271491
vn -0.437823 0.899025 0.008094
vn -0.437823 0.899025 0.008094
vn -0.437823 0.899025 0.008094
vn -0.437823 0.899025 0.008094
vn -0.886591 0.080815 -0.455439
vn -0.886591 0.080815 -0.455439
vn -0.886591 0.080815 -0.455439
vn -0.886591 0.080815 -0.455439
vn 0.995955 0.071555 -0.054348
vn 0.995955 0.071555 -0.054348
vn 0.995955 0.071555 -0.054348
vn 0.995955 0.071555 -0.054348
vn 0.897157 0.080543 -0.434307
vn 0.897157 0.080543 -0.434307
vn 0.897157 0.080543 -0.434307
vn 0.897157 0.080543 -0.434307
vn 0.253946 0.937846 -0.236552
vn 0.253946 0.937846 -0.236552
vn 0.253946 0.937846 -0.236552
vn 0.253946 0.937846 -0.236552
vn 0.308129 0.907251 -0.286273
vn 0.308129 0.907251 -0.286273
vn 0.308129 0.907251 -0.286273
vn 0.308129 0.907251 -0.286273
vn -0.372566 0.927878 -0.015385
vn -0.372566 0.927878 -0.015385
vn -0.372566 0.927878 -0.015385
vn -0.372566 0.927878 -0.015385
vn 0.804405 0.081395 -0.588479
vn 0.804405 0.081395 -0.588479
vn 0.804405 0.081395 -0.588479
vn 0.804405 0.081395 -0.588479
vn -0.682376 0.076157 0.727024
vn -0.682376 0.076157 0.727024
vn -0.682376 0.076157 0.727024
vn -0.682376 0.076157 0.727024
vn -0.165647 0.945058 0.281829
vn -0.165647 0.945058 0.281829
vn -0.165647 0.945058 0.281829
vn -0.165647 0.945058 0.281829
vn 0.360893 0.926766 -0.104218
vn 0.360893 0.926766 -0.104218
vn 0.360893 0.926766 -0.104218
vn 0.360893 0.926766 -0.104218
vn -0.799233 0.081553 0.595463
vn -0.799233 0.081553 0.595463
vn -0.799233 0.081553 0.595463
vn -0.799233 0.081553 0.595463
vn -0.245715 0.937399 0.246794
vn -0.245715 0.937399 0.246794
vn -0.245715 0.937399 0.246794
vn -0.245715 0.937399 0.246794
vn -0.985379 0.078995 -0.150957
vn -0.985379 0.078995 -0.150957
vn -0.985379 0.078995 -0.150957
vn -0.985379 0.078995 -0.150957
vn -0.782193 0.080358 -0.617833
vn -0.782193 0.080358 -0.617833
vn -0.782193 0.080358 -0.617833
vn -0.782193 0.080358 -0.617833
vn -0.900511 0.070894 0.429016
vn -0.900511 0.070894 0.429016
vn -0.900511 0.070894 0.429016
vn -0.900511 0.070894 0.429016
vn 0.917746 0.071947 -0.390598
vn 0.917746 0.071947 -0.390598
vn 0.917746 0.071947 -0.390598
vn 0.917746 0.071947 -0.390598
vn 0.988055 0.079074 0.132268
vn 0.988055 0.079074 0.132268
vn 0.988055 0.079074 0.132268
vn 0.988055 0.079074 0.132268
vn 0.799863 0.080652 0.594740
vn 0.799863 0.080652 0.594740
vn 0.799863 0.080652 0.594740
vn 0.799863 0.080652 0.594740
vn -0.342616 0.937835 -0.055498
vn -0.342616 0.937835 -0.055498
vn -0.342616 0.937835 -0.055498
vn -0.342616 0.937835 -0.055498
vn 0.334768 0.941172 0.046104
vn 0.334768 0.941172 0.046104
vn 0.334768 0.941172 0.046104
vn 0.334768 0.941172 0.046104
vn 0.265393 0.943153 0.200074
vn 0.265393 0.943153 0.200074
vn 0.265393 0.943153 0.200074
vn 0.265393 0.943153 0.200074
vn -0.263276 0.942994 -0.203590
vn -0.263276 0.942994 -0.203590
vn -0.263276 0.942994 -0.203590
vn -0.263276 0.942994 -0.203590
vn -0.391160 0.892853 -0.223178
vn -0.391160 0.892853 -0.223178
vn -0.391160 0.892853 -0.223178
vn -0.391160 0.892853 -0.223178
vn 0.322393 0.908477 0.265956
vn 0.322393 0.908477 0.265956
vn 0.322393 0.908477 0.265956
vn 0.322393 0.908477 0.265956
vn 0.184078 0.930696 0.316101
vn 0.184078 0.930696 0.316101
vn 0.184078 0.930696 0.316101
vn 0.184078 0.930696 0.316101
vn -0.518720 0.823760 0.228798
vn -0.518720 0.823760 0.228798
vn -0.518720 0.823760 0.228798
vn -0.518720 0.823760 0.228798
vn 0.470107 0.077530 0.879197
vn 0.470107 0.077530 0.879197
vn 0.470107 0.077530 0.879197
vn 0.470107 0.077530 0.879197
vn 0.405963 0.075279 0.910784
vn 0.405963 0.075279 0.910784
vn 0.405963 0.075279 0.910784
vn 0.405963 0.075279 0.910784
vn -0.147815 0.937203 -0.315913
vn -0.147815 0.937203 -0.315913
vn -0.147815 0.937203 -0.315913
vn -0.147815 0.937203 -0.315913
vn -0.167404 0.936414 -0.308390
vn -0.167404 0.936414 -0.308390
vn 0.157218 0.938389 0.307749
vn 0.157218 0.938389 0.307749
vn 0.157218 0.938389 0.307749
vn 0.157218 0.938389 0.307749
vn 0.152879 0.935991 0.317096
vn 0.152879 0.935991 0.317096
vn -0.396186 0.075597 -0.915053
vn -0.396186 0.075597 -0.915053
vn -0.396186 0.075597 -0.915053
vn -0.396186 0.075597 -0.915053
vn -0.505445 0.075908 -0.859513
vn -0.505445 0.075908 -0.859513
vn -0.505445 0.075908 -0.859513
vn -0.505445 0.075908 -0.859513
vn -0.862811 0.056001 -0.502416
vn -0.862811 0.056001 -0.502416
vn -0.862811 0.056001 -0.502416
vn -0.862811 0.056001 -0.502416
vn -0.986967 0.062359 -0.148351
vn -0.986967 0.062359 -0.148351
vn -0.986967 0.062359 -0.148351
vn -0.986967 0.062359 -0.148351
vn 0.740649 0.057505 0.669427
vn 0.740649 0.057505 0.669427
vn 0.740649 0.057505 0.669427
vn 0.740649 0.057505 0.669427
vn 0.997983 0.058327 0.025066
vn 0.997983 0.058327 0.025066
vn 0.997983 0.058327 0.025066
vn 0.997983 0.058327 0.025066
vn 0.037530 0.985714 -0.164195
vn 0.037530 0.985714 -0.164195
vn 0.037530 0.985714 -0.164195
vn 0.037530 0.985714 -0.164195
vn -0.924233 0.086577 0.371883
vn -0.924233 0.086577 0.371883
vn -0.924233 0.086577 0.371883
vn -0.924233 0.086577 0.371883
vn -0.907267 0.087712 0.411306
vn -0.907267 0.087712 0.411306
vn -0.494743 0.868132 0.039698
vn -0.494743 0.868132 0.039698
vn -0.494743 0.868132 0.039698
vn -0.494743 0.868132 0.039698
vn 0.022049 0.138923 0.990058
vn 0.022049 0.138923 0.990058
vn 0.022049 0.138923 0.990058
vn 0.022049 0.138923 0.990058
vn 0.826066 0.156667 0.541360
vn 0.826066 0.156667 0.541360
vn 0.826066 0.156667 0.541360
vn 0.826066 0.156667 0.541360
vn 0.818097 0.090702 -0.567882
vn 0.818097 0.090702 -0.567882
vn 0.818097 0.090702 -0.567882
vn 0.818097 0.090702 -0.567882
vn 0.911063 0.108001 -0.397870
vn 0.911063 0.108001 -0.397870
vn 0.911063 0.108001 -0.397870
vn 0.911063 0.108001 -0.397870
vn -0.344765 0.934681 0.086650
vn -0.344765 0.934681 0.086650
vn -0.344765 0.934681 0.086650
vn -0.344765 0.934681 0.086650
vn 0.219807 0.948396 -0.228539
vn 0.219807 0.948396 -0.228539
vn 0.219807 0.948396 -0.228539
vn 0.219807 0.948396 -0.228539
vn 0.414270 0.907721 -0.066507
vn 0.414270 0.907721 -0.066507
vn 0.414270 0.907721 -0.066507
vn 0.414270 0.907721 -0.066507
vn -0.241762 0.910825 0.334587
vn -0.241762 0.910825 0.334587
vn -0.241762 0.910825 0.334587
vn -0.241762 0.910825 0.334587
vn -0.769145 0.107877 0.629904
vn -0.769145 0.107877 0.629904
vn -0.769145 0.107877 0.629904
vn -0.769145 0.107877 0.629904
vn 0.747924 0.064164 -0.660675
vn 0.747924 0.064164 -0.660675
vn 0.747924 0.064164 -0.660675
vn 0.747924 0.064164 -0.660675
vn 0.712329 0.701846 0.000000
vn 0.712329 0.701846 0.000000
vn 0.712329 0.701846 0.000000
vn 0.712329 0.701846 0.000000
vn -0.999997 0.002271 0.000000
vn -0.999997 0.002271 0.000000
vn -0.999997 0.002271 0.000000
vn -0.999997 0.002271 0.000000
vn -0.712329 -0.701846 0.000000
vn -0.712329 -0.701846 0.000000
vn -0.712329 -0.701846 0.000000
vn -0.712329 -0.701846 0.000000
vn -0.007426 -0.999972 0.000000
vn -0.007426 -0.999972 0.000000
vn -0.007426 -0.999972 0.000000
vn -0.007426 -0.999972 0.000000
vn 0.705509 -0.708701 0.000000
vn 0.705509 -0.708701 0.000000
vn 0.705509 -0.708701 0.000000
vn 0.705509 -0.708701 0.000000
vn 0.999997 -0.002271 0.000000
vn 0.999997 -0.002271 0.000000
vn 0.999997 -0.002271 0.000000
vn 0.999997 -0.002271 0.000000
vn -0.705509 0.708701 0.000000
vn -0.705509 0.708701 0.000000
vn -0.705509 0.708701 0.000000
vn -0.705509 0.708701 0.000000
vn -0.687133 0.690243 0.226746
vn -0.687133 0.690243 0.226746
vn -0.687133 0.690243 0.226746
vn -0.687133 0.690243 0.226746
vn -0.212823 0.000508 0.977091
vn -0.212823 0.000508 0.977091
vn -0.212823 0.000508 0.977091
vn -0.212823 0.000508 0.977091
vn -0.974208 0.002212 0.225639
vn -0.974208 0.002212 0.225639
vn -0.974208 0.002212 0.225639
vn -0.974208 0.002212 0.225639
vn -0.506821 -0.499362 0.702688
vn -0.506821 -0.499362 0.702688
vn -0.506821 -0.499362 0.702688
vn -0.506821 -0.499362 0.702688
vn -0.693959 -0.683746 0.225640
vn -0.693959 -0.683746 0.225640
vn -0.693959 -0.683746 0.225640
vn -0.693959 -0.683746 0.225640
vn -0.005270 -0.709667 0.704518
vn -0.005270 -0.709667 0.704518
vn -0.005270 -0.709667 0.704518
vn -0.005270 -0.709667 0.704518
vn -0.007232 -0.973927 0.226746
vn -0.007232 -0.973927 0.226746
vn -0.007232 -0.973927 0.226746
vn -0.007232 -0.973927 0.226746
vn 0.500689 -0.502955 0.704519
vn 0.500689 -0.502955 0.704519
vn 0.500689 -0.502955 0.704519
vn 0.500689 -0.502955 0.704519
vn 0.687133 -0.690242 0.226746
vn 0.687133 -0.690242 0.226746
vn 0.687133 -0.690242 0.226746
vn 0.687133 -0.690242 0.226746
vn 0.711497 -0.001615 0.702687
vn 0.711497 -0.001615 0.702687
vn 0.711497 -0.001615 0.702687
vn 0.711497 -0.001615 0.702687
vn 0.974208 -0.002212 0.225640
vn 0.974208 -0.002212 0.225640
vn 0.974208 -0.002212 0.225640
vn 0.974208 -0.002212 0.225640
vn 0.506821 0.499362 0.702688
vn 0.506821 0.499362 0.702688
vn 0.506821 0.499362 0.702688
vn 0.506821 0.499362 0.702688
vn 0.693958 0.683746 0.225639
vn 0.693958 0.683746 0.225639
vn 0.693958 0.683746 0.225639
vn 0.693958 0.683746 0.225639
vn 0.007233 0.973927 0.226746
vn 0.007233 0.973927 0.226746
vn 0.007233 0.973927 0.226746
vn 0.007233 0.973927 0.226746
vn -0.500689 0.502955 0.704519
vn -0.500689 0.502955 0.704519
vn -0.500689 0.502955 0.704519
vn -0.500689 0.502955 0.704519
vn -0.711497 0.001615 0.702687
vn -0.711497 0.001615 0.702687
vn -0.711497 0.001615 0.702687
vn -0.711497 0.001615 0.702687
vn -0.218361 0.219350 0.950896
vn -0.218361 0.219350 0.950896
vn -0.218361 0.219350 0.950896
vn -0.218361 0.219350 0.950896
vn -0.206683 0.207621 0.956125
vn -0.310954 0.000706 0.950425
vn -0.310954 0.000706 0.950425
vn -0.310954 0.000706 0.950425
vn -0.310954 0.000706 0.950425
vn -0.221502 -0.218245 0.950424
vn -0.221502 -0.218245 0.950424
vn -0.221502 -0.218245 0.950424
vn -0.221502 -0.218245 0.950424
vn -0.209732 -0.206639 0.955674
vn -0.002298 -0.309502 0.950896
vn -0.002298 -0.309502 0.950896
vn -0.002298 -0.309502 0.950896
vn -0.002298 -0.309502 0.950896
vn 0.218361 -0.219350 0.950896
vn 0.218361 -0.219350 0.950896
vn 0.218361 -0.219350 0.950896
vn 0.218361 -0.219350 0.950896
vn 0.206615 -0.207547 0.956156
vn 0.310954 -0.000706 0.950425
vn 0.310954 -0.000706 0.950425
vn 0.310954 -0.000706 0.950425
vn 0.310954 -0.000706 0.950425
vn 0.221502 0.218243 0.950425
vn 0.221502 0.218243 0.950425
vn 0.221502 0.218243 0.950425
vn 0.221502 0.218243 0.950425
vn 0.209587 0.206500 0.955736
vn 0.002298 0.309502 0.950896
vn 0.002298 0.309502 0.950896
vn 0.002298 0.309502 0.950896
vn 0.002298 0.309502 0.950896
vn 0.005270 0.709666 0.704519
vn 0.005270 0.709666 0.704519
vn 0.005270 0.709666 0.704519
vn 0.005270 0.709666 0.704519
vn 0.001572 0.211686 0.977336
vn 0.001572 0.211686 0.977336
vn 0.001572 0.211686 0.977336
vn 0.001572 0.211686 0.977336
vn 0.212710 -0.000477 0.977115
vn 0.212710 -0.000477 0.977115
vn 0.212710 -0.000477 0.977115
vn 0.212710 -0.000477 0.977115
vn -0.001572 -0.211691 0.977335
vn -0.001572 -0.211691 0.977335
vn -0.001572 -0.211691 0.977335
vn -0.001572 -0.211691 0.977335
vn 0.000000 0.000002 1.000000
vn 0.000000 0.000002 1.000000
vn 0.000000 0.000002 1.000000
vn 0.000000 0.000002 1.000000
vn -0.687133 0.690243 -0.226746
vn -0.687133 0.690243 -0.226746
vn -0.687133 0.690243 -0.226746
vn -0.687133 0.690243 -0.226746
vn -0.212820 0.000508 -0.977091
vn -0.212820 0.000508 -0.977091
vn -0.212820 0.000508 -0.977091
vn -0.212820 0.000508 -0.977091
vn -0.974208 0.002212 -0.225639
vn -0.974208 0.002212 -0.225639
vn -0.974208 0.002212 -0.225639
vn -0.974208 0.002212 -0.225639
vn -0.506821 -0.499362 -0.702688
vn -0.506821 -0.499362 -0.702688
vn -0.506821 -0.499362 -0.702688
vn -0.506821 -0.499362 -0.702688
vn -0.693959 -0.683746 -0.225639
vn -0.693959 -0.683746 -0.225639
vn -0.693959 -0.683746 -0.225639
vn -0.693959 -0.683746 -0.225639
vn -0.005270 -0.709667 -0.704518
vn -0.005270 -0.709667 -0.704518
vn -0.005270 -0.709667 -0.704518
vn -0.005270 -0.709667 -0.704518
vn -0.007232 -0.973927 -0.226746
vn -0.007232 -0.973927 -0.226746
vn -0.007232 -0.973927 -0.226746
vn -0.007232 -0.973927 -0.226746
vn 0.500689 -0.502955 -0.704519
vn 0.500689 -0.502955 -0.704519
vn 0.500689 -0.502955 -0.704519
vn 0.500689 -0.502955 -0.704519
vn 0.687133 -0.690242 -0.226746
vn 0.687133 -0.690242 -0.226746
vn 0.687133 -0.690242 -0.226746
vn 0.687133 -0.690242 -0.226746
vn 0.711496 -0.001616 -0.702688
vn 0.711496 -0.001616 -0.702688
vn 0.711496 -0.001616 -0.702688
vn 0.711496 -0.001616 -0.702688
vn 0.974208 -0.002212 -0.225639
vn 0.974208 -0.002212 -0.225639
vn 0.974208 -0.002212 -0.225639
vn 0.974208 -0.002212 -0.225639
vn 0.506821 0.499362 -0.702688
vn 0.506821 0.499362 -0.702688
vn 0.506821 0.499362 -0.702688
vn 0.506821 0.499362 -0.702688
vn 0.693959 0.683746 -0.225640
vn 0.693959 0.683746 -0.225640
vn 0.693959 0.683746 -0.225640
vn 0.693959 0.683746 -0.225640
vn 0.007232 0.973927 -0.226746
vn 0.007232 0.973927 -0.226746
vn 0.007232 0.973927 -0.226746
vn 0.007232 0.973927 -0.226746
vn -0.500689 0.502954 -0.704520
vn -0.500689 0.502954 -0.704520
vn -0.500689 0.502954 -0.704520
vn -0.500689 0.502954 -0.704520
vn -0.711497 0.001616 -0.702688
vn -0.711497 0.001616 -0.702688
vn -0.711497 0.001616 -0.702688
vn -0.711497 0.001616 -0.702688
vn -0.218362 0.219352 -0.950896
vn -0.218362 0.219352 -0.950896
vn -0.218362 0.219352 -0.950896
vn -0.218362 0.219352 -0.950896
vn -0.206681 0.207621 -0.956126
vn -0.310955 0.000705 -0.950424
vn -0.310955 0.000705 -0.950424
vn -0.310955 0.000705 -0.950424
vn -0.310955 0.000705 -0.950424
vn -0.221503 -0.218244 -0.950424
vn -0.221503 -0.218244 -0.950424
vn -0.221503 -0.218244 -0.950424
vn -0.221503 -0.218244 -0.950424
vn -0.209729 -0.206640 -0.955675
vn -0.002298 -0.309502 -0.950896
vn -0.002298 -0.309502 -0.950896
vn -0.002298 -0.309502 -0.950896
vn -0.002298 -0.309502 -0.950896
vn 0.218362 -0.219351 -0.950896
vn 0.218362 -0.219351 -0.950896
vn 0.218362 -0.219351 -0.950896
vn 0.218362 -0.219351 -0.950896
vn 0.206613 -0.207543 -0.956158
vn 0.310955 -0.000707 -0.950424
vn 0.310955 -0.000707 -0.950424
vn 0.310955 -0.000707 -0.950424
vn 0.310955 -0.000707 -0.950424
vn 0.221503 0.218244 -0.950424
vn 0.221503 0.218244 -0.950424
vn 0.221503 0.218244 -0.950424
vn 0.221503 0.218244 -0.950424
vn 0.209584 0.206490 -0.955739
vn 0.002298 0.309502 -0.950896
vn 0.002298 0.309502 -0.950896
vn 0.002298 0.309502 -0.950896
vn 0.002298 0.309502 -0.950896
vn 0.005270 0.709665 -0.704519
vn 0.005270 0.709665 -0.704519
vn 0.005270 0.709665 -0.704519
vn 0.005270 0.709665 -0.704519
vn 0.001572 0.211685 -0.977337
vn 0.001572 0.211685 -0.977337
vn 0.001572 0.211685 -0.977337
vn 0.001572 0.211685 -0.977337
vn 0.212707 -0.000478 -0.977116
vn 0.212707 -0.000478 -0.977116
vn 0.212707 -0.000478 -0.977116
vn 0.212707 -0.000478 -0.977116
vn -0.001572 -0.211686 -0.977337
vn -0.001572 -0.211686 -0.977337
vn -0.001572 -0.211686 -0.977337
vn -0.001572 -0.211686 -0.977337
vn 0.000000 0.000003 -1.000000
vn 0.000000 0.000003 -1.000000
vn 0.000000 0.000003 -1.000000
vn 0.000000 0.000003 -1.000000
vn 0.007426 0.999972 0.000000
vn 0.007426 0.999972 0.000000
vn 0.007426 0.999972 0.000000
vn 0.007426 0.999972 0.000000
g Hotdog_LightYellow
usemtl LightYellow
f 1 2 3
f 1 3 4
f 5 6 7
f 5 7 8
f 9 10 11
f 9 11 12
f 13 14 15
f 13 15 16
f 17 18 19
f 17 19 20
f 21 22 23
f 21 23 24
f 25 26 27
f 25 27 28
f 29 30 31
f 29 31 32
f 33 34 35
f 33 36 34
f 37 34 36
f 37 38 34
f 39 40 41
f 39 41 42
f 43 44 45
f 43 45 46
f 47 48 49
f 47 49 50
f 51 52 53
f 51 53 54
f 55 56 57
f 55 57 58
f 59 60 61
f 59 61 62
f 63 64 65
f 63 65 66
f 67 68 69
f 67 69 70
f 71 72 73
f 71 73 74
f 75 76 77
f 75 77 78
f 79 80 81
f 79 81 82
f 83 84 85
f 83 85 86
f 87 88 89
f 87 89 90
f 91 92 93
f 91 93 94
f 95 96 97
f 95 97 98
f 99 100 101
f 99 101 102
f 103 104 105
f 103 105 106
f 107 108 109
f 107 109 110
f 111 112 113
f 111 113 114
f 115 116 117
f 115 117 118
f 119 120 121
f 119 122 120
f 123 120 122
f 123 124 120
f 125 126 127
f 125 127 128
f 129 128 127
f 129 127 130
f 131 132 133
f 131 133 134
f 135 136 137
f 135 137 138
f 139 140 141
f 139 141 142
f 143 144 145
f 143 145 146
f 147 148 149
f 147 149 150
f 151 152 153
f 151 153 154
f 155 156 157
f 155 157 158
f 159 160 161
f 159 161 162
f 163 164 165
f 163 165 166
f 167 168 169
f 167 169 170
f 171 172 173
f 171 173 174
f 175 176 177
f 175 177 178
f 179 180 181
f 179 181 182
f 183 184 185
f 183 185 186
f 187 188 189
f 187 189 190
f 191 192 193
f 191 194 192
f 195 192 194
f 195 196 192
f 197 198 199
f 197 199 200
f 201 202 203
f 201 203 204
f 205 206 207
f 205 207 208
f 209 210 211
f 209 211 212
f 213 214 215
f 213 215 216
f 217 216 215
f 217 215 218
f 219 220 221
f 219 221 222
f 223 224 225
f 223 226 224
f 227 226 223
f 227 228 226
f 227 229 228
f 227 230 229
f 231 232 233
f 231 233 234
f 235 236 237
f 235 237 238
f 239 240 241
f 239 241 242
f 243 244 245
f 243 245 246
f 247 248 249
f 247 249 250
f 251 252 253
f 251 253 254
f 255 256 257
f 255 257 258
f 259 260 261
f 259 261 262
f 263 264 265
f 263 265 266
f 267 268 269
f 267 269 270
f 271 272 273
f 271 273 274
f 275 276 277
f 275 277 278
f 279 280 281
f 279 281 282
f 283 284 285
f 283 285 286
f 287 288 289
f 287 289 290
f 291 292 293
f 291 293 294
f 295 296 297
f 295 297 298
f 299 300 301
f 299 301 302
f 303 304 305
f 303 305 306
f 307 308 309
f 307 309 310
f 311 312 313
f 311 313 314
f 315 316 317
f 315 317 318
f 319 320 321
f 319 321 322
f 323 324 325
f 323 325 326
f 327 328 329
f 327 329 330
f 331 332 333
f 331 333 334
f 335 336 337
f 335 337 338
f 339 340 341
f 339 341 342
f 343 344 345
f 343 345 346
f 347 348 349
f 347 349 350
f 351 352 353
f 351 353 354
f 355 356 357
f 355 357 358
f 359 360 361
f 359 361 362
f 363 364 365
f 363 365 366
f 367 368 369
f 367 369 370
f 371 372 373
f 371 373 374
f 375 376 377
f 375 377 378
f 379 380 381
f 379 381 382
f 383 384 385
f 383 385 386
f 387 388 389
f 387 389 390
f 387 390 391
f 387 391 392
f 393 394 395
f 393 395 396
f 397 398 399
f 397 399 400
f 401 402 403
f 401 403 404
f 405 406 407
f 405 407 408
f 409 410 411
f 409 411 412
f 413 414 415
f 413 415 416
f 417 418 419
f 417 419 420
f 421 422 423
f 421 423 424
f 425 426 427
f 425 427 428
f 429 430 431
f 429 431 432
f 433 434 435
f 433 435 436
f 437 438 439
f 437 439 440
f 441 442 443
f 441 443 444
f 445 446 447
f 445 447 448
f 449 450 451
f 449 451 452
f 453 454 455
f 453 455 456
f 457 458 459
f 457 459 460
f 461 462 463
f 461 463 464
f 465 466 467
f 465 467 468
f 469 470 471
f 469 471 472
f 473 474 475
f 473 475 476
f 477 478 479
f 477 479 480
f 481 482 483
f 481 483 484
f 485 486 487
f 485 487 488
f 489 490 491
f 489 491 492
f 493 494 495
f 493 495 496
f 497 498 499
f 497 499 500
f 501 502 503
f 501 503 504
f 505 506 507
f 505 507 508
f 509 510 511
f 509 511 512
f 513 514 515
f 513 515 516
f 517 516 515
f 517 515 518
f 519 520 521
f 519 521 522
f 523 524 525
f 523 525 526
f 527 528 529
f 527 529 530
f 531 532 533
f 531 533 534
f 535 536 537
f 535 537 538
f 539 540 541
f 539 541 542
f 543 544 545
f 543 545 546
f 547 548 549
f 547 549 550
f 551 552 553
f 551 553 554
f 555 556 557
f 555 557 558
f 559 560 561
f 559 561 562
f 563 564 565
f 563 565 566
f 567 568 569
f 567 569 570
f 571 572 573
f 571 573 574
f 575 576 577
f 575 577 578
f 579 580 581
f 579 581 582
f 583 584 585
f 583 585 586
f 587 588 589
f 587 589 590
f 591 592 593
f 591 593 594
f 595 596 597
f 595 597 598
f 599 600 601
f 599 602 600
f 603 600 602
f 603 604 600
f 605 606 607
f 605 607 608
f 609 608 607
f 609 607 610
f 611 612 613
f 611 613 614
f 615 616 617
f 615 617 618
f 619 620 621
f 619 621 622
f 623 624 625
f 623 625 626
f 627 628 629
f 627 629 630
f 631 632 633
f 631 633 634
f 635 636 637
f 635 637 638
f 639 640 641
f 639 641 642
f 643 644 645
f 643 645 646
f 647 648 649
f 647 649 650
f 651 652 653
f 651 653 654
f 655 656 657
f 655 657 658
f 659 660 661
f 659 661 662
f 663 664 665
f 663 665 666
f 667 668 669
f 667 669 670
f 671 672 673
f 671 673 674
f 675 676 677
f 675 677 678
f 679 680 681
f 679 681 682
f 683 684 685
f 683 685 686
f 687 688 689
f 687 689 690
f 691 687 690
f 691 690 692
f 691 692 693
f 691 693 694
f 695 696 697
f 695 697 698
f 699 700 701
f 699 701 702
f 703 704 705
f 703 705 706
f 707 708 709
f 707 709 710
f 711 712 713
f 711 713 714
f 715 716 717
f 715 717 718
f 719 720 721
f 719 721 722
f 723 724 725
f 723 725 726
f 727 728 729
f 727 729 730
f 731 732 733
f 731 733 734
f 735 736 737
f 735 737 738
f 739 740 741
f 739 741 742
f 743 744 745
f 743 745 746
f 747 748 749
f 747 749 750
f 751 752 753
f 751 753 754
f 755 756 757
f 755 757 758
f 759 760 761
f 759 761 762
f 763 764 765
f 763 765 766
f 767 768 769
f 767 769 770
f 771 772 773
f 771 773 774
f 775 776 777
f 775 777 778
f 779 780 781
f 779 781 782
f 783 784 785
f 783 785 786
f 787 788 789
f 787 789 790
f 791 792 793
f 791 793 794
f 795 796 797
f 795 797 798
f 799 800 801
f 799 801 802
f 803 804 805
f 803 805 806
f 807 808 809
f 807 809 810
f 811 812 813
f 811 813 814
f 815 816 817
f 815 817 818
f 819 820 821
f 819 821 822
f 823 824 825
f 823 825 826
f 827 828 829
f 827 829 830
f 831 832 833
f 831 833 834
f 835 836 837
f 835 837 838
f 839 840 841
f 839 841 842
f 843 844 845
f 843 846 844
f 843 847 846
f 843 848 847
f 849 850 851
f 849 851 852
f 853 854 855
f 853 855 856
f 857 858 859
f 857 859 860
f 861 862 863
f 861 863 864
f 865 866 867
f 865 867 868
f 869 870 871
f 869 871 872
f 873 874 875
f 873 875 876
f 877 878 879
f 877 879 880
f 881 882 883
f 881 883 884
f 885 886 887
f 885 887 888
f 889 890 891
f 889 891 892
f 893 894 895
f 893 895 896
f 897 898 899
f 897 899 900
f 901 902 903
f 901 903 904
f 905 906 907
f 905 907 908
f 909 910 911
f 909 911 912
f 913 914 915
f 913 915 916
f 917 918 919
f 917 919 920
f 921 922 923
f 921 923 924
f 925 926 927
f 925 927 928
f 929 930 931
f 929 931 932
f 933 934 935
f 933 935 936
f 937 938 939
f 937 939 940
f 941 942 943
f 941 943 944
f 945 946 947
f 945 947 948
g Hotdog_Red
usemtl Red
f 949 950 951
f 949 951 952
f 953 954 955
f 953 955 956
f 957 958 959
f 957 959 960
f 961 962 963
f 961 963 964
f 965 966 967
f 965 967 968
f 969 970 971
f 969 971 972
f 973 974 975
f 973 975 976
f 977 978 979
f 977 979 980
f 981 982 983
f 981 983 984
f 985 986 987
f 985 987 988
f 989 990 991
f 989 991 992
f 993 994 995
f 993 995 996
f 997 998 999
f 997 999 1000
f 1001 1002 1003
f 1001 1003 1004
f 1005 1006 1007
f 1005 1007 1008
f 1009 1010 1011
f 1009 1011 1012
f 1013 1014 1015
f 1013 1015 1016
f 1017 1018 1019
f 1017 1019 1020
f 1021 1022 1023
f 1021 1023 1024
f 1021 1024 1025
f 1021 1025 1026
f 1027 1028 1029
f 1027 1029 1030
f 1031 1032 1033
f 1031 1033 1034
f 1035 1036 1037
f 1035 1037 1038
f 1039 1040 1041
f 1039 1041 1042
f 1043 1044 1045
f 1043 1045 1046
f 1047 1048 1049
f 1047 1049 1050
f 1051 1052 1053
f 1051 1053 1054
f 1055 1056 1057
f 1055 1057 1058
f 1059 1060 1061
f 1059 1061 1062
f 1063 1064 1065
f 1063 1065 1066
f 1067 1068 1069
f 1067 1069 1070
f 1071 1072 1073
f 1071 1073 1074
f 1075 1076 1077
f 1075 1077 1078
f 1079 1075 1078
f 1079 1078 1080
f 1081 1082 1083
f 1081 1083 1084
f 1085 1086 1087
f 1085 1087 1088
f 1089 1090 1091
f 1089 1091 1092
f 1093 1094 1095
f 1093 1095 1096
f 1097 1098 1099
f 1097 1099 1100
f 1101 1102 1103
f 1101 1103 1104
f 1105 1106 1107
f 1105 1107 1108
f 1109 1110 1111
f 1109 1111 1112
f 1113 1114 1115
f 1113 1115 1116
f 1117 1118 1119
f 1117 1119 1120
f 1121 1122 1123
f 1121 1123 1124
f 1125 1126 1127
f 1125 1127 1128
f 1129 1130 1131
f 1129 1131 1132
f 1133 1134 1135
f 1133 1135 1136
f 1137 1138 1139
f 1137 1139 1140
f 1141 1142 1143
f 1141 1143 1144
f 1145 1146 1147
f 1145 1147 1148
f 1149 1150 1151
f 1149 1152 1150
f 1149 1153 1152
f 1149 1154 1153
f 1155 1156 1157
f 1155 1157 1158
f 1159 1160 1161
f 1159 1161 1162
f 1163 1164 1165
f 1163 1165 1166
f 1167 1168 1169
f 1167 1169 1170
f 1171 1172 1173
f 1171 1173 1174
f 1175 1176 1177
f 1175 1177 1178
f 1179 1180 1181
f 1179 1181 1182
f 1183 1184 1185
f 1183 1185 1186
f 1187 1188 1189
f 1187 1189 1190
f 1191 1192 1193
f 1191 1193 1194
f 1195 1196 1197
f 1195 1197 1198
f 1199 1200 1201
f 1199 1201 1202
f 1203 1204 1205
f 1203 1205 1206
f 1207 1208 1209
f 1207 1209 1210
f 1211 1212 1213
f 1211 1213 1214
f 1215 1216 1217
f 1215 1217 1218
f 1219 1220 1221
f 1219 1221 1222
f 1223 1224 1225
f 1223 1225 1226
f 1227 1228 1229
f 1227 1229 1230
f 1231 1232 1233
f 1231 1233 1234
f 1235 1236 1237
f 1235 1237 1238
f 1239 1240 1241
f 1239 1241 1242
f 1243 1244 1245
f 1243 1245 1246
g Hotdog_Cheese
usemtl Cheese
f 1247 1248 1249
f 1247 1249 1250
f 1251 1252 1253
f 1251 1253 1254
f 1255 1256 1257
f 1255 1257 1258
f 1259 1260 1261
f 1259 1261 1262
f 1263 1264 1265
f 1263 1265 1266
f 1267 1268 1269
f 1267 1269 1270
f 1271 1272 1273
f 1271 1273 1274
f 1275 1276 1277
f 1275 1277 1278
f 1279 1280 1281
f 1279 1281 1282
f 1283 1284 1285
f 1283 1285 1286
f 1287 1288 1289
f 1287 1289 1290
f 1291 1292 1293
f 1291 1293 1294
f 1295 1296 1297
f 1295 1297 1298
f 1299 1300 1301
f 1299 1301 1302
f 1303 1304 1305
f 1303 1305 1306
f 1307 1308 1309
f 1307 1309 1310
f 1311 1312 1313
f 1311 1313 1314
f 1315 1316 1317
f 1315 1317 1318
f 1318 1317 1319
f 1318 1319 1320
f 1321 1322 1323
f 1321 1323 1324
f 1325 1326 1327
f 1325 1327 1328
f 1329 1330 1331
f 1329 1331 1332
f 1333 1334 1335
f 1333 1335 1336
f 1337 1338 1339
f 1337 1339 1340
f 1341 1342 1343
f 1341 1343 1344
f 1345 1346 1347
f 1345 1347 1348
f 1349 1350 1351
f 1349 1352 1350
f 1349 1353 1352
f 1349 1354 1353
f 1355 1356 1357
f 1355 1357 1358
f 1359 1360 1361
f 1359 1361 1362
f 1363 1364 1365
f 1363 1365 1366
f 1367 1368 1369
f 1367 1369 1370
f 1371 1372 1373
f 1371 1373 1374
f 1375 1376 1377
f 1375 1377 1378
f 1379 1380 1381
f 1379 1381 1382
f 1383 1384 1385
f 1383 1385 1386
f 1387 1388 1389
f 1387 1389 1390
f 1391 1392 1393
f 1391 1393 1394
f 1395 1396 1397
f 1395 1397 1398
f 1399 1400 1401
f 1399 1401 1402
f 1403 1404 1405
f 1403 1405 1406
f 1407 1408 1409
f 1407 1409 1410
f 1411 1412 1413
f 1411 1413 1414
f 1415 1416 1417
f 1415 1417 1418
f 1419 1420 1421
f 1419 1421 1422
f 1423 1424 1425
f 1423 1425 1426
f 1427 1428 1429
f 1427 1429 1430
f 1431 1432 1433
f 1431 1433 1434
f 1435 1436 1437
f 1435 1437 1438
f 1439 1440 1441
f 1439 1441 1442
f 1443 1444 1445
f 1443 1445 1446
f 1447 1448 1449
f 1447 1449 1450
f 1451 1452 1453
f 1451 1453 1454
f 1455 1456 1457
f 1455 1457 1458
f 1459 1460 1461
f 1459 1461 1462
f 1463 1464 1465
f 1463 1465 1466
f 1467 1468 1469
f 1467 1469 1470
f 1471 1472 1473
f 1471 1473 1474
f 1475 1476 1477
f 1475 1477 1478
f 1479 1480 1481
f 1479 1481 1482
f 1483 1484 1485
f 1483 1485 1486
f 1487 1488 1489
f 1487 1489 1490
f 1491 1492 1493
f 1491 1493 1494
f 1495 1496 1497
f 1495 1497 1498
f 1499 1500 1501
f 1499 1501 1502
f 1503 1504 1505
f 1503 1505 1506
f 1507 1508 1509
f 1507 1509 1510
f 1511 1512 1513
f 1511 1513 1514
f 1515 1516 1517
f 1515 1517 1518
f 1519 1520 1521
f 1519 1521 1522
f 1523 1524 1525
f 1523 1525 1526
f 1527 1528 1529
f 1527 1529 1530
f 1531 1532 1533
f 1531 1533 1534
f 1535 1536 1537
f 1535 1537 1538
f 1539 1540 1541
f 1539 1541 1542
f 1543 1544 1545
f 1543 1545 1546
f 1547 1548 1549
f 1547 1549 1550
f 1551 1552 1553
f 1551 1553 1554
f 1555 1556 1557
f 1555 1557 1558
f 1559 1560 1561
f 1559 1561 1562
f 1563 1564 1565
f 1563 1565 1566
f 1563 1566 1567
f 1563 1567 1568
f 1569 1570 1571
f 1569 1572 1570
f 1569 1573 1572
f 1569 1574 1573
f 1575 1576 1577
f 1575 1577 1578
f 1579 1580 1581
f 1579 1581 1582
f 1583 1584 1585
f 1583 1585 1586
f 1587 1588 1589
f 1587 1589 1590
f 1591 1592 1593
f 1591 1593 1594
f 1595 1596 1597
f 1595 1597 1598
f 1599 1600 1601
f 1599 1601 1602
f 1603 1604 1605
f 1603 1605 1606
f 1607 1603 1606
f 1607 1608 1603
f 1609 1610 1611
f 1609 1611 1612
f 1613 1614 1615
f 1613 1615 1616
f 1617 1618 1619
f 1617 1619 1620
f 1621 1622 1623
f 1621 1623 1624
f 1625 1626 1627
f 1625 1627 1628
f 1629 1630 1631
f 1629 1631 1632
f 1633 1634 1635
f 1633 1635 1636
f 1637 1638 1639
f 1637 1639 1640
f 1641 1642 1643
f 1641 1643 1644
f 1645 1646 1647
f 1645 1647 1648
f 1649 1650 1651
f 1649 1651 1652
g Hotdog_Hotdog
usemtl Hotdog
f 1653 1654 1655
f 1653 1655 1656
f 1657 1658 1659
f 1657 1659 1660
f 1661 1662 1663
f 1661 1663 1664
f 1665 1666 1667
f 1665 1667 1668
f 1669 1670 1671
f 1669 1671 1672
f 1673 1674 1675
f 1673 1675 1676
f 1677 1678 1679
f 1677 1679 1680
f 1681 1682 1683
f 1681 1683 1684
f 1685 1686 1687
f 1685 1687 1688
f 1689 1690 1691
f 1689 1691 1692
f 1693 1694 1695
f 1693 1695 1696
f 1697 1698 1699
f 1697 1699 1700
f 1701 1702 1703
f 1701 1703 1704
f 1705 1706 1707
f 1705 1707 1708
f 1709 1710 1711
f 1709 1711 1712
f 1713 1714 1715
f 1713 1715 1716
f 1717 1718 1719
f 1717 1719 1720
f 1721 1722 1723
f 1721 1723 1724
f 1725 1726 1727
f 1725 1727 1728
f 1729 1730 1731
f 1729 1731 1732
f 1733 1734 1735
f 1733 1735 1736
f 1737 1738 1739
f 1737 1739 1740
f 1741 1742 1743
f 1741 1743 1744
f 1745 1746 1747
f 1745 1747 1748
f 1745 1748 1749
f 1750 1751 1752
f 1750 1752 1753
f 1754 1755 1756
f 1754 1756 1757
f 1754 1757 1758
f 1759 1760 1761
f 1759 1761 1762
f 1763 1764 1765
f 1763 1765 1766
f 1763 1766 1767
f 1768 1769 1770
f 1768 1770 1771
f 1772 1773 1774
f 1772 1774 1775
f 1772 1775 1776
f 1777 1778 1779
f 1777 1779 1780
f 1781 1782 1783
f 1781 1783 1784
f 1785 1786 1787
f 1785 1787 1788
f 1789 1790 1791
f 1789 1791 1792
f 1793 1794 1795
f 1793 1795 1796
f 1797 1798 1799
f 1797 1799 1800
f 1801 1802 1803
f 1801 1803 1804
f 1805 1806 1807
f 1805 1807 1808
f 1809 1810 1811
f 1809 1811 1812
f 1813 1814 1815
f 1813 1815 1816
f 1817 1818 1819
f 1817 1819 1820
f 1821 1822 1823
f 1821 1823 1824
f 1825 1826 1827
f 1825 1827 1828
f 1829 1830 1831
f 1829 1831 1832
f 1833 1834 1835
f 1833 1835 1836
f 1837 1838 1839
f 1837 1839 1840
f 1841 1842 1843
f 1841 1843 1844
f 1845 1846 1847
f 1845 1847 1848
f 1849 1850 1851
f 1849 1851 1852
f 1853 1854 1855
f 1853 1855 1856
f 1857 1858 1859
f 1857 1859 1860
f 1861 1862 1863
f 1861 1863 1864
f 1865 1866 1867
f 1865 1868 1866
f 1865 1869 1868
f 1870 1871 1872
f 1870 1872 1873
f 1874 1875 1876
f 1874 1877 1875
f 1874 1878 1877
f 1879 1880 1881
f 1879 1881 1882
f 1883 1884 1885
f 1883 1886 1884
f 1883 1887 1886
f 1888 1889 1890
f 1888 1890 1891
f 1892 1893 1894
f 1892 1895 1893
f 1892 1896 1895
f 1897 1898 1899
f 1897 1899 1900
f 1901 1902 1903
f 1901 1903 1904
f 1905 1906 1907
f 1905 1907 1908
f 1909 1910 1911
f 1909 1911 1912
f 1913 1914 1915
f 1913 1915 1916
f 1917 1918 1919
f 1917 1919 1920
f 1921 1922 1923
f 1921 1923 1924
