mtllib Materials.mtl
# Ultimate Food Pack - IceCream_3
o IceCream_3
v -0.132017 0.045919 0.003414
v -0.113577 0.045919 0.067383
v -0.116286 0.089358 0.069215
v -0.135286 0.089358 0.003304
v -0.127673 -0.013153 0.003213
v -0.109793 -0.013153 0.065240
v -0.112501 0.030285 0.067073
v -0.130942 0.030285 0.003104
v -0.123329 -0.072226 0.003013
v -0.106009 -0.072226 0.063098
v -0.108717 -0.028788 0.064930
v -0.126598 -0.028788 0.002903
v 0.044042 0.045919 0.124501
v 0.099182 0.045919 0.087196
v 0.101762 0.089358 0.089205
v 0.044948 0.089358 0.127643
v 0.042509 -0.013153 0.120431
v 0.095975 -0.013153 0.084259
v 0.098555 0.030285 0.086269
v 0.043415 0.030285 0.123574
v 0.040976 -0.072226 0.116362
v 0.092768 -0.072226 0.081322
v 0.095348 -0.028788 0.083332
v 0.041882 -0.028788 0.119504
v 0.108811 0.045919 0.074836
v 0.131492 0.045919 0.012245
v 0.134761 0.089358 0.012355
v 0.111391 0.089358 0.076845
v 0.105179 -0.013153 0.072445
v 0.127172 -0.013153 0.011754
v 0.130440 0.030285 0.011864
v 0.107758 0.030285 0.074454
v 0.052939 0.155383 -0.146087
v 0.054675 0.159897 -0.150879
v 0.132918 0.159897 -0.089926
v 0.128696 0.155383 -0.087070
v 0.126599 0.159897 0.098624
v 0.126599 0.193751 0.098624
v 0.044451 0.193751 0.154201
v 0.044451 0.159897 0.154201
v 0.101546 -0.072226 0.070054
v 0.122851 -0.072226 0.011263
v 0.126119 -0.028788 0.011373
v 0.104126 -0.028788 0.072063
v 0.132017 0.045919 -0.003414
v 0.113577 0.045919 -0.067383
v 0.116286 0.089358 -0.069215
v 0.135285 0.089358 -0.003304
v -0.110632 -0.134326 0.074848
v -0.090934 -0.155383 0.061522
v -0.037405 -0.155383 0.103222
v -0.045508 -0.134326 0.125581
v -0.045508 -0.134326 0.125581
v -0.037405 -0.155383 0.103222
v 0.030411 -0.155383 0.105494
v 0.036998 -0.134326 0.128346
v 0.036998 -0.134326 0.128346
v 0.030411 -0.155383 0.105494
v 0.086611 -0.155383 0.067472
v 0.105372 -0.134326 0.082087
v 0.105372 -0.134326 0.082087
v 0.086611 -0.155383 0.067472
v 0.109728 -0.155383 0.003677
v 0.133498 -0.134326 0.004474
v 0.133498 -0.134326 0.004474
v 0.109728 -0.155383 0.003677
v 0.090934 -0.155383 -0.061522
v 0.110632 -0.134326 -0.074848
v 0.110632 -0.134326 -0.074848
v 0.090934 -0.155383 -0.061522
v 0.037405 -0.155383 -0.103222
v 0.045508 -0.134326 -0.125581
v 0.045508 -0.134326 -0.125581
v 0.037405 -0.155383 -0.103222
v -0.030411 -0.155383 -0.105494
v -0.036998 -0.134326 -0.128346
v -0.036998 -0.134326 -0.128346
v -0.030411 -0.155383 -0.105494
v -0.086611 -0.155383 -0.067472
v -0.105372 -0.134326 -0.082087
v -0.105372 -0.134326 -0.082087
v -0.086611 -0.155383 -0.067472
v -0.109728 -0.155383 -0.003677
v -0.133498 -0.134326 -0.004474
v -0.133498 -0.134326 -0.004474
v -0.109728 -0.155383 -0.003677
v -0.090934 -0.155383 0.061522
v -0.110632 -0.134326 0.074848
v -0.090934 -0.155383 0.061522
v -0.109728 -0.155383 -0.003677
v -0.086611 -0.155383 -0.067472
v -0.037405 -0.155383 0.103222
v -0.030411 -0.155383 -0.105494
v 0.030411 -0.155383 0.105494
v 0.037405 -0.155383 -0.103222
v 0.086611 -0.155383 0.067472
v 0.090934 -0.155383 -0.061522
v 0.109728 -0.155383 0.003677
v 0.128696 0.155383 -0.087070
v 0.132918 0.159897 -0.089926
v 0.160390 0.159897 0.005375
v 0.155296 0.155383 0.005204
v 0.155296 0.155383 0.005204
v 0.160390 0.159897 0.005375
v 0.126599 0.159897 0.098624
v 0.122578 0.155383 0.095491
v -0.052939 0.155383 0.146087
v -0.054675 0.159897 0.150879
v -0.132918 0.159897 0.089926
v -0.128696 0.155383 0.087070
v 0.122578 0.155383 0.095491
v 0.126599 0.159897 0.098624
v 0.044451 0.159897 0.154201
v 0.043039 0.155383 0.149303
v 0.043039 0.155383 0.149303
v 0.044451 0.159897 0.154201
v -0.054675 0.159897 0.150879
v -0.052939 0.155383 0.146087
v -0.128696 0.155383 0.087070
v -0.132918 0.159897 0.089926
v -0.160390 0.159897 -0.005375
v -0.155296 0.155383 -0.005204
v -0.155296 0.155383 -0.005204
v -0.160390 0.159897 -0.005375
v -0.126599 0.159897 -0.098624
v -0.122578 0.155383 -0.095491
v -0.122578 0.155383 -0.095491
v -0.126599 0.159897 -0.098624
v -0.044451 0.159897 -0.154201
v -0.043039 0.155383 -0.149303
v -0.043039 0.155383 -0.149303
v -0.044451 0.159897 -0.154201
v 0.054675 0.159897 -0.150879
v 0.052939 0.155383 -0.146087
v 0.132918 0.193751 -0.089926
v 0.145868 0.197512 -0.098688
v 0.176017 0.197512 0.005899
v 0.160390 0.193751 0.005375
v 0.132918 0.159897 -0.089926
v 0.132918 0.193751 -0.089926
v 0.160390 0.193751 0.005375
v 0.160390 0.159897 0.005375
v -0.044451 0.159897 -0.154201
v -0.044451 0.193751 -0.154201
v 0.054675 0.193751 -0.150879
v 0.054675 0.159897 -0.150879
v 0.044451 0.159897 0.154201
v 0.044451 0.193751 0.154201
v -0.054675 0.193751 0.150879
v -0.054675 0.159897 0.150879
v -0.160390 0.159897 -0.005375
v -0.160390 0.193751 -0.005375
v -0.126599 0.193751 -0.098624
v -0.126599 0.159897 -0.098624
v 0.160390 0.159897 0.005375
v 0.160390 0.193751 0.005375
v 0.126599 0.193751 0.098624
v 0.126599 0.159897 0.098624
v 0.054675 0.159897 -0.150879
v 0.054675 0.193751 -0.150879
v 0.132918 0.193751 -0.089926
v 0.132918 0.159897 -0.089926
v -0.126599 0.159897 -0.098624
v -0.126599 0.193751 -0.098624
v -0.044451 0.193751 -0.154201
v -0.044451 0.159897 -0.154201
v -0.132918 0.159897 0.089926
v -0.132918 0.193751 0.089926
v -0.160390 0.193751 -0.005375
v -0.160390 0.159897 -0.005375
v -0.054675 0.159897 0.150879
v -0.054675 0.193751 0.150879
v -0.132918 0.193751 0.089926
v -0.132918 0.159897 0.089926
v -0.138934 0.197512 -0.108233
v -0.128975 0.235128 -0.100475
v -0.045285 0.235128 -0.157095
v -0.048782 0.197512 -0.169225
v -0.126599 0.193751 -0.098624
v -0.138934 0.197512 -0.108233
v -0.048782 0.197512 -0.169225
v -0.044451 0.193751 -0.154201
v -0.054675 0.193751 0.150879
v -0.060003 0.197512 0.165579
v -0.145868 0.197512 0.098688
v -0.132918 0.193751 0.089926
v 0.160390 0.193751 0.005375
v 0.176017 0.197512 0.005899
v 0.138934 0.197512 0.108233
v 0.126599 0.193751 0.098624
v -0.044451 0.193751 -0.154201
v -0.048782 0.197512 -0.169225
v 0.060002 0.197512 -0.165579
v 0.054675 0.193751 -0.150879
v -0.132918 0.193751 0.089926
v -0.145868 0.197512 0.098688
v -0.176017 0.197512 -0.005899
v -0.160390 0.193751 -0.005375
v 0.126599 0.193751 0.098624
v 0.138934 0.197512 0.108233
v 0.048782 0.197512 0.169225
v 0.044451 0.193751 0.154201
v 0.054675 0.193751 -0.150879
v 0.060002 0.197512 -0.165579
v 0.145868 0.197512 -0.098688
v 0.132918 0.193751 -0.089926
v -0.160390 0.193751 -0.005375
v -0.176017 0.197512 -0.005899
v -0.138934 0.197512 -0.108233
v -0.126599 0.193751 -0.098624
v 0.044451 0.193751 0.154201
v 0.048782 0.197512 0.169225
v -0.060003 0.197512 0.165579
v -0.054675 0.193751 0.150879
v -0.055702 0.235128 0.153711
v -0.063580 0.281771 0.175450
v -0.154564 0.281771 0.104571
v -0.135412 0.235128 0.091614
v -0.060003 0.197512 0.165579
v -0.055702 0.235128 0.153711
v -0.135412 0.235128 0.091614
v -0.145868 0.197512 0.098688
v 0.176017 0.197512 0.005899
v 0.163400 0.235128 0.005476
v 0.128975 0.235128 0.100474
v 0.138934 0.197512 0.108233
v -0.048782 0.197512 -0.169225
v -0.045285 0.235128 -0.157095
v 0.055701 0.235128 -0.153711
v 0.060002 0.197512 -0.165579
v -0.145868 0.197512 0.098688
v -0.135412 0.235128 0.091614
v -0.163400 0.235128 -0.005476
v -0.176017 0.197512 -0.005899
v 0.138934 0.197512 0.108233
v 0.128975 0.235128 0.100474
v 0.045285 0.235128 0.157095
v 0.048782 0.197512 0.169225
v 0.060002 0.197512 -0.165579
v 0.055701 0.235128 -0.153711
v 0.135412 0.235128 -0.091614
v 0.145868 0.197512 -0.098688
v -0.176017 0.197512 -0.005899
v -0.163400 0.235128 -0.005476
v -0.128975 0.235128 -0.100475
v -0.138934 0.197512 -0.108233
v 0.048782 0.197512 0.169225
v 0.045285 0.235128 0.157095
v -0.055702 0.235128 0.153711
v -0.060003 0.197512 0.165579
v 0.145868 0.197512 -0.098688
v 0.135412 0.235128 -0.091614
v 0.163400 0.235128 0.005476
v 0.176017 0.197512 0.005899
v 0.186510 0.281771 0.006251
v 0.199332 0.341204 0.006680
v 0.157336 0.341204 0.122569
v 0.147216 0.281771 0.114685
v 0.163400 0.235128 0.005476
v 0.186510 0.281771 0.006251
v 0.147216 0.281771 0.114685
v 0.128975 0.235128 0.100474
v -0.045285 0.235128 -0.157095
v -0.051690 0.281771 -0.179313
v 0.063580 0.281771 -0.175450
v 0.055701 0.235128 -0.153711
v -0.135412 0.235128 0.091614
v -0.154564 0.281771 0.104571
v -0.186510 0.281771 -0.006251
v -0.163400 0.235128 -0.005476
v 0.128975 0.235128 0.100474
v 0.147216 0.281771 0.114685
v 0.051690 0.281771 0.179313
v 0.045285 0.235128 0.157095
v 0.055701 0.235128 -0.153711
v 0.063580 0.281771 -0.175450
v 0.154564 0.281771 -0.104571
v 0.135412 0.235128 -0.091614
v -0.163400 0.235128 -0.005476
v -0.186510 0.281771 -0.006251
v -0.147216 0.281771 -0.114685
v -0.128975 0.235128 -0.100475
v 0.045285 0.235128 0.157095
v 0.051690 0.281771 0.179313
v -0.063580 0.281771 0.175450
v -0.055702 0.235128 0.153711
v 0.135412 0.235128 -0.091614
v 0.154564 0.281771 -0.104571
v 0.186510 0.281771 0.006251
v 0.163400 0.235128 0.005476
v -0.128975 0.235128 -0.100475
v -0.147216 0.281771 -0.114685
v -0.051690 0.281771 -0.179313
v -0.045285 0.235128 -0.157095
v -0.055244 0.341204 -0.191640
v -0.055617 0.399132 -0.192934
v 0.068409 0.399132 -0.188778
v 0.067950 0.341204 -0.187512
v -0.051690 0.281771 -0.179313
v -0.055244 0.341204 -0.191640
v 0.067950 0.341204 -0.187512
v 0.063580 0.281771 -0.175450
v -0.154564 0.281771 0.104571
v -0.165190 0.341204 0.111760
v -0.199332 0.341204 -0.006680
v -0.186510 0.281771 -0.006251
v 0.147216 0.281771 0.114685
v 0.157336 0.341204 0.122569
v 0.055244 0.341204 0.191640
v 0.051690 0.281771 0.179313
v 0.063580 0.281771 -0.175450
v 0.067950 0.341204 -0.187512
v 0.165190 0.341204 -0.111760
v 0.154564 0.281771 -0.104571
v -0.186510 0.281771 -0.006251
v -0.199332 0.341204 -0.006680
v -0.157336 0.341204 -0.122569
v -0.147216 0.281771 -0.114685
v 0.051690 0.281771 0.179313
v 0.055244 0.341204 0.191640
v -0.067950 0.341204 0.187512
v -0.063580 0.281771 0.175450
v 0.154564 0.281771 -0.104571
v 0.165190 0.341204 -0.111760
v 0.199332 0.341204 0.006680
v 0.186510 0.281771 0.006251
v -0.147216 0.281771 -0.114685
v -0.157336 0.341204 -0.122569
v -0.055244 0.341204 -0.191640
v -0.051690 0.281771 -0.179313
v -0.063580 0.281771 0.175450
v -0.067950 0.341204 0.187512
v -0.165190 0.341204 0.111760
v -0.154564 0.281771 0.104571
v -0.166305 0.399132 0.112515
v -0.174859 0.408160 0.118302
v -0.211000 0.408160 -0.007071
v -0.200678 0.399132 -0.006725
v -0.165190 0.341204 0.111760
v -0.166305 0.399132 0.112515
v -0.200678 0.399132 -0.006725
v -0.199332 0.341204 -0.006680
v 0.157336 0.341204 0.122569
v 0.158399 0.399132 0.123397
v 0.055617 0.399132 0.192934
v 0.055244 0.341204 0.191640
v 0.067950 0.341204 -0.187512
v 0.068409 0.399132 -0.188778
v 0.166305 0.399132 -0.112515
v 0.165190 0.341204 -0.111760
v -0.199332 0.341204 -0.006680
v -0.200678 0.399132 -0.006725
v -0.158399 0.399132 -0.123397
v -0.157336 0.341204 -0.122569
v 0.055244 0.341204 0.191640
v 0.055617 0.399132 0.192934
v -0.068409 0.399132 0.188778
v -0.067950 0.341204 0.187512
v 0.165190 0.341204 -0.111760
v 0.166305 0.399132 -0.112515
v 0.200678 0.399132 0.006725
v 0.199332 0.341204 0.006680
v -0.157336 0.341204 -0.122569
v -0.158399 0.399132 -0.123397
v -0.055617 0.399132 -0.192934
v -0.055244 0.341204 -0.191640
v -0.067950 0.341204 0.187512
v -0.068409 0.399132 0.188778
v -0.166305 0.399132 0.112515
v -0.165190 0.341204 0.111760
v 0.199332 0.341204 0.006680
v 0.200678 0.399132 0.006725
v 0.158399 0.399132 0.123397
v 0.157336 0.341204 0.122569
v 0.071928 0.408160 -0.198488
v 0.077972 0.416435 -0.215166
v 0.189551 0.416435 -0.128242
v 0.174859 0.408160 -0.118302
v 0.158399 0.399132 0.123397
v 0.166546 0.408160 0.129744
v 0.058477 0.408160 0.202858
v 0.055617 0.399132 0.192934
v 0.068409 0.399132 -0.188778
v 0.071928 0.408160 -0.198488
v 0.174859 0.408160 -0.118302
v 0.166305 0.399132 -0.112515
v -0.200678 0.399132 -0.006725
v -0.211000 0.408160 -0.007071
v -0.166546 0.408160 -0.129744
v -0.158399 0.399132 -0.123397
v 0.055617 0.399132 0.192934
v 0.058477 0.408160 0.202858
v -0.071928 0.408160 0.198488
v -0.068409 0.399132 0.188778
v 0.166305 0.399132 -0.112515
v 0.174859 0.408160 -0.118302
v 0.211000 0.408160 0.007071
v 0.200678 0.399132 0.006725
v -0.158399 0.399132 -0.123397
v -0.166546 0.408160 -0.129744
v -0.058477 0.408160 -0.202858
v -0.055617 0.399132 -0.192934
v -0.068409 0.399132 0.188778
v -0.071928 0.408160 0.198488
v -0.174859 0.408160 0.118302
v -0.166305 0.399132 0.112515
v 0.200678 0.399132 0.006725
v 0.211000 0.408160 0.007071
v 0.166546 0.408160 0.129744
v 0.158399 0.399132 0.123397
v -0.055617 0.399132 -0.192934
v -0.058477 0.408160 -0.202858
v 0.071928 0.408160 -0.198488
v 0.068409 0.399132 -0.188778
v -0.233406 0.445399 -0.007822
v -0.220148 0.474363 -0.007378
v -0.173767 0.474363 -0.135369
v -0.184232 0.445399 -0.143521
v -0.211000 0.408160 -0.007071
v -0.228729 0.416435 -0.007665
v -0.180540 0.416435 -0.140645
v -0.166546 0.408160 -0.129744
v 0.058477 0.408160 0.202858
v 0.063391 0.416435 0.219903
v -0.077972 0.416435 0.215165
v -0.071928 0.408160 0.198488
v 0.174859 0.408160 -0.118302
v 0.189551 0.416435 -0.128242
v 0.228729 0.416435 0.007665
v 0.211000 0.408160 0.007071
v -0.166546 0.408160 -0.129744
v -0.180540 0.416435 -0.140645
v -0.063391 0.416435 -0.219903
v -0.058477 0.408160 -0.202858
v -0.071928 0.408160 0.198488
v -0.077972 0.416435 0.215165
v -0.189551 0.416435 0.128242
v -0.174859 0.408160 0.118302
v 0.211000 0.408160 0.007071
v 0.228729 0.416435 0.007665
v 0.180540 0.416435 0.140645
v 0.166546 0.408160 0.129744
v -0.058477 0.408160 -0.202858
v -0.063391 0.416435 -0.219903
v 0.077972 0.416435 -0.215166
v 0.071928 0.408160 -0.198488
v -0.174859 0.408160 0.118302
v -0.189551 0.416435 0.128242
v -0.228729 0.416435 -0.007665
v -0.211000 0.408160 -0.007071
v 0.166546 0.408160 0.129744
v 0.180540 0.416435 0.140645
v 0.063391 0.416435 0.219903
v 0.058477 0.408160 0.202858
v -0.173767 0.474363 -0.135369
v -0.220148 0.474363 -0.007378
v -0.182440 0.474363 0.123431
v -0.075046 0.474363 0.207094
v -0.061013 0.474363 -0.211654
v 0.061013 0.474363 0.211653
v 0.075046 0.474363 -0.207094
v 0.173767 0.474363 0.135369
v 0.182440 0.474363 -0.123431
v 0.220148 0.474363 0.007378
v 0.064687 0.445399 0.224399
v 0.061013 0.474363 0.211653
v -0.075046 0.474363 0.207094
v -0.079566 0.445399 0.219565
v 0.193427 0.445399 -0.130864
v 0.182440 0.474363 -0.123431
v 0.220148 0.474363 0.007378
v 0.233406 0.445399 0.007822
v -0.184232 0.445399 -0.143521
v -0.173767 0.474363 -0.135369
v -0.061013 0.474363 -0.211654
v -0.064687 0.445399 -0.224399
v -0.079566 0.445399 0.219565
v -0.075046 0.474363 0.207094
v -0.182440 0.474363 0.123431
v -0.193427 0.445399 0.130864
v 0.233406 0.445399 0.007822
v 0.220148 0.474363 0.007378
v 0.173767 0.474363 0.135369
v 0.184232 0.445399 0.143521
v -0.064687 0.445399 -0.224399
v -0.061013 0.474363 -0.211654
v 0.075046 0.474363 -0.207094
v 0.079566 0.445399 -0.219565
v -0.193427 0.445399 0.130864
v -0.182440 0.474363 0.123431
v -0.220148 0.474363 -0.007378
v -0.233406 0.445399 -0.007822
v 0.184232 0.445399 0.143521
v 0.173767 0.474363 0.135369
v 0.061013 0.474363 0.211653
v 0.064687 0.445399 0.224399
v 0.079566 0.445399 -0.219565
v 0.075046 0.474363 -0.207094
v 0.182440 0.474363 -0.123431
v 0.193427 0.445399 -0.130864
v 0.077972 0.416435 -0.215166
v 0.079566 0.445399 -0.219565
v 0.193427 0.445399 -0.130864
v 0.189551 0.416435 -0.128242
v 0.180540 0.416435 0.140645
v 0.184232 0.445399 0.143521
v 0.064687 0.445399 0.224399
v 0.063391 0.416435 0.219903
v -0.189551 0.416435 0.128242
v -0.193427 0.445399 0.130864
v -0.233406 0.445399 -0.007822
v -0.228729 0.416435 -0.007665
v -0.063391 0.416435 -0.219903
v -0.064687 0.445399 -0.224399
v 0.079566 0.445399 -0.219565
v 0.077972 0.416435 -0.215166
v 0.228729 0.416435 0.007665
v 0.233406 0.445399 0.007822
v 0.184232 0.445399 0.143521
v 0.180540 0.416435 0.140645
v -0.077972 0.416435 0.215165
v -0.079566 0.445399 0.219565
v -0.193427 0.445399 0.130864
v -0.189551 0.416435 0.128242
v -0.180540 0.416435 -0.140645
v -0.184232 0.445399 -0.143521
v -0.064687 0.445399 -0.224399
v -0.063391 0.416435 -0.219903
v 0.189551 0.416435 -0.128242
v 0.193427 0.445399 -0.130864
v 0.233406 0.445399 0.007822
v 0.228729 0.416435 0.007665
v 0.063391 0.416435 0.219903
v 0.064687 0.445399 0.224399
v -0.079566 0.445399 0.219565
v -0.077972 0.416435 0.215165
v -0.228729 0.416435 -0.007665
v -0.233406 0.445399 -0.007822
v -0.184232 0.445399 -0.143521
v -0.180540 0.416435 -0.140645
v -0.110632 -0.134326 0.074848
v -0.045508 -0.134326 0.125581
v -0.046878 -0.080908 0.129362
v -0.113962 -0.080908 0.077102
v -0.056099 -0.073091 0.122888
v -0.105429 -0.073091 0.084459
v -0.057214 -0.029653 0.125963
v -0.117646 -0.021835 0.079594
v -0.048393 -0.021835 0.133543
v -0.108138 -0.029653 0.086291
v -0.057901 -0.014018 0.126846
v -0.108825 -0.014018 0.087175
v -0.059016 0.029420 0.129920
v -0.121329 0.037237 0.082086
v -0.049908 0.037237 0.137724
v -0.111534 0.029420 0.089007
v -0.059704 0.045054 0.130803
v -0.112222 0.045054 0.089890
v -0.060818 0.088493 0.133878
v -0.125012 0.096310 0.084578
v -0.051424 0.096310 0.141905
v -0.114930 0.088493 0.091723
v -0.061506 0.104127 0.134761
v -0.115618 0.104127 0.092606
v -0.062620 0.147566 0.137835
v -0.128696 0.155383 0.087070
v -0.052939 0.155383 0.146087
v -0.118327 0.147566 0.094438
v -0.045508 -0.134326 0.125581
v 0.036998 -0.134326 0.128346
v 0.038112 -0.080908 0.132210
v -0.046878 -0.080908 0.129362
v 0.026846 -0.073091 0.132393
v -0.035650 -0.073091 0.130298
v 0.027752 -0.029653 0.135535
v -0.048393 -0.021835 0.133543
v 0.039344 -0.021835 0.136484
v -0.036764 -0.029653 0.133373
v 0.027715 -0.014018 0.136654
v -0.036802 -0.014018 0.134492
v 0.028620 0.029420 0.139796
v -0.049908 0.037237 0.137724
v 0.040576 0.037237 0.140757
v -0.037916 0.029420 0.137566
v 0.028583 0.045054 0.140915
v -0.037953 0.045054 0.138685
v 0.029489 0.088493 0.144057
v -0.051424 0.096310 0.141905
v 0.041807 0.096310 0.145030
v -0.039067 0.088493 0.141760
v 0.029451 0.104127 0.145176
v -0.039105 0.104127 0.142878
v 0.030357 0.147566 0.148318
v -0.052939 0.155383 0.146087
v 0.043039 0.155383 0.149303
v -0.040219 0.147566 0.145953
v -0.105372 -0.134326 -0.082087
v -0.133498 -0.134326 -0.004474
v -0.137517 -0.080908 -0.004609
v -0.108545 -0.080908 -0.084559
v -0.134209 -0.073091 -0.015379
v -0.112905 -0.073091 -0.074170
v -0.137477 -0.029653 -0.015489
v -0.112053 -0.021836 -0.087292
v -0.141962 -0.021835 -0.004758
v -0.115484 -0.029653 -0.076179
v -0.138530 -0.014018 -0.015870
v -0.116537 -0.014018 -0.076561
v -0.141798 0.029420 -0.015980
v -0.115561 0.037237 -0.090025
v -0.146406 0.037237 -0.004907
v -0.119117 0.029420 -0.078570
v -0.142851 0.045054 -0.016361
v -0.120169 0.045054 -0.078952
v -0.146119 0.088493 -0.016471
v -0.119069 0.096310 -0.092758
v -0.150851 0.096310 -0.005055
v -0.122749 0.088493 -0.080961
v -0.147171 0.104127 -0.016852
v -0.123801 0.104127 -0.081343
v -0.150440 0.147566 -0.016961
v -0.122578 0.155383 -0.095491
v -0.155296 0.155383 -0.005204
v -0.126381 0.147566 -0.083353
v -0.036998 -0.134326 -0.128346
v -0.105372 -0.134326 -0.082087
v -0.108545 -0.080908 -0.084559
v -0.038112 -0.080908 -0.132210
v -0.099538 -0.073091 -0.091328
v -0.047746 -0.073091 -0.126368
v -0.102118 -0.029653 -0.093338
v -0.039344 -0.021836 -0.136484
v -0.112053 -0.021836 -0.087292
v -0.048652 -0.029653 -0.129510
v -0.102745 -0.014018 -0.094265
v -0.049279 -0.014018 -0.130438
v -0.105325 0.029420 -0.096275
v -0.040576 0.037237 -0.140757
v -0.115561 0.037237 -0.090025
v -0.050185 0.029420 -0.133580
v -0.105952 0.045054 -0.097202
v -0.050812 0.045054 -0.134507
v -0.108532 0.088493 -0.099212
v -0.041807 0.096310 -0.145030
v -0.119069 0.096310 -0.092758
v -0.051718 0.088493 -0.137649
v -0.109159 0.104127 -0.100139
v -0.052345 0.104127 -0.138576
v -0.111739 0.147566 -0.102148
v -0.043039 0.155383 -0.149303
v -0.122578 0.155383 -0.095491
v -0.053251 0.147566 -0.141719
v 0.045508 -0.134326 -0.125581
v -0.036998 -0.134326 -0.128346
v -0.038112 -0.080908 -0.132210
v 0.046878 -0.080908 -0.129362
v -0.026846 -0.073091 -0.132393
v 0.035650 -0.073091 -0.130298
v -0.027752 -0.029653 -0.135535
v 0.048393 -0.021836 -0.133543
v -0.039344 -0.021836 -0.136484
v 0.036764 -0.029653 -0.133373
v -0.027715 -0.014018 -0.136654
v 0.036802 -0.014018 -0.134492
v -0.028620 0.029420 -0.139796
v 0.049908 0.037237 -0.137724
v -0.040576 0.037237 -0.140757
v 0.037916 0.029420 -0.137566
v -0.028583 0.045054 -0.140915
v 0.037953 0.045054 -0.138685
v -0.029489 0.088493 -0.144057
v 0.051424 0.096310 -0.141905
v -0.041807 0.096310 -0.145030
v 0.039067 0.088493 -0.141760
v -0.029451 0.104127 -0.145176
v 0.039105 0.104127 -0.142878
v -0.030357 0.147566 -0.148318
v 0.052939 0.155383 -0.146087
v -0.043039 0.155383 -0.149303
v 0.040219 0.147566 -0.145953
v 0.110632 -0.134326 -0.074848
v 0.045508 -0.134326 -0.125581
v 0.046878 -0.080908 -0.129362
v 0.113962 -0.080908 -0.077102
v 0.056099 -0.073091 -0.122888
v 0.105429 -0.073091 -0.084459
v 0.057214 -0.029653 -0.125963
v 0.117646 -0.021836 -0.079594
v 0.048393 -0.021836 -0.133543
v 0.108138 -0.029653 -0.086291
v 0.057901 -0.014018 -0.126846
v 0.108825 -0.014018 -0.087175
v 0.059016 0.029420 -0.129920
v 0.121329 0.037237 -0.082086
v 0.049908 0.037237 -0.137724
v 0.111534 0.029420 -0.089007
v 0.059704 0.045054 -0.130803
v 0.112222 0.045054 -0.089890
v 0.060818 0.088493 -0.133878
v 0.125012 0.096310 -0.084578
v 0.051424 0.096310 -0.141905
v 0.114930 0.088493 -0.091723
v 0.061506 0.104127 -0.134761
v 0.115618 0.104127 -0.092606
v 0.062620 0.147566 -0.137835
v 0.128696 0.155383 -0.087070
v 0.052939 0.155383 -0.146087
v 0.118327 0.147566 -0.094438
v 0.133498 -0.134326 0.004474
v 0.110632 -0.134326 -0.074848
v 0.113962 -0.080908 -0.077102
v 0.137517 -0.080908 0.004609
v 0.117617 -0.073091 -0.066444
v 0.134938 -0.073091 -0.006359
v 0.120326 -0.029653 -0.068277
v 0.141961 -0.021836 0.004758
v 0.117646 -0.021836 -0.079594
v 0.138206 -0.029653 -0.006250
v 0.121401 -0.014018 -0.068587
v 0.139282 -0.014018 -0.006560
v 0.124110 0.029420 -0.070419
v 0.146406 0.037237 0.004907
v 0.121329 0.037237 -0.082086
v 0.142550 0.029420 -0.006450
v 0.125185 0.045054 -0.070729
v 0.143625 0.045054 -0.006760
v 0.127894 0.088493 -0.072562
v 0.150851 0.096310 0.005056
v 0.125012 0.096310 -0.084578
v 0.146894 0.088493 -0.006651
v 0.128969 0.104127 -0.072872
v 0.147969 0.104127 -0.006961
v 0.131678 0.147566 -0.074704
v 0.155296 0.155383 0.005204
v 0.128696 0.155383 -0.087070
v 0.151238 0.147566 -0.006851
v 0.105372 -0.134326 0.082087
v 0.133498 -0.134326 0.004474
v 0.137517 -0.080908 0.004609
v 0.108545 -0.080908 0.084559
v 0.134209 -0.073091 0.015379
v 0.112905 -0.073091 0.074170
v 0.137477 -0.029653 0.015489
v 0.112053 -0.021835 0.087292
v 0.141961 -0.021836 0.004758
v 0.115484 -0.029653 0.076179
v 0.138530 -0.014018 0.015870
v 0.116537 -0.014018 0.076561
v 0.141798 0.029420 0.015980
v 0.115561 0.037237 0.090025
v 0.146406 0.037237 0.004907
v 0.119117 0.029420 0.078570
v 0.142851 0.045054 0.016361
v 0.120169 0.045054 0.078952
v 0.146119 0.088493 0.016471
v 0.119069 0.096310 0.092758
v 0.150851 0.096310 0.005056
v 0.122749 0.088493 0.080961
v 0.147171 0.104127 0.016852
v 0.123801 0.104127 0.081343
v 0.150440 0.147566 0.016961
v 0.122578 0.155383 0.095491
v 0.155296 0.155383 0.005204
v 0.126381 0.147566 0.083353
v 0.036998 -0.134326 0.128346
v 0.105372 -0.134326 0.082087
v 0.108545 -0.080908 0.084559
v 0.038112 -0.080908 0.132210
v 0.099538 -0.073091 0.091328
v 0.047746 -0.073091 0.126368
v 0.102118 -0.029653 0.093338
v 0.039344 -0.021835 0.136484
v 0.112053 -0.021835 0.087292
v 0.048652 -0.029653 0.129510
v 0.102745 -0.014018 0.094265
v 0.049279 -0.014018 0.130438
v 0.105325 0.029420 0.096275
v 0.040576 0.037237 0.140757
v 0.115561 0.037237 0.090025
v 0.050185 0.029420 0.133580
v 0.105952 0.045054 0.097202
v 0.050812 0.045054 0.134507
v 0.108532 0.088493 0.099212
v 0.041807 0.096310 0.145030
v 0.119069 0.096310 0.092758
v 0.051718 0.088493 0.137649
v 0.109159 0.104127 0.100139
v 0.052345 0.104127 0.138576
v 0.111739 0.147566 0.102148
v 0.043039 0.155383 0.149303
v 0.122578 0.155383 0.095491
v 0.053251 0.147566 0.141718
v -0.133498 -0.134326 -0.004474
v -0.110632 -0.134326 0.074848
v -0.113962 -0.080908 0.077102
v -0.137517 -0.080908 -0.004609
v -0.117617 -0.073091 0.066444
v -0.134938 -0.073091 0.006359
v -0.120326 -0.029653 0.068277
v -0.141962 -0.021835 -0.004758
v -0.117646 -0.021835 0.079594
v -0.138206 -0.029653 0.006250
v -0.121401 -0.014018 0.068587
v -0.139282 -0.014018 0.006560
v -0.124110 0.029420 0.070419
v -0.146406 0.037237 -0.004907
v -0.121329 0.037237 0.082086
v -0.142550 0.029420 0.006450
v -0.125185 0.045054 0.070729
v -0.143626 0.045054 0.006760
v -0.127894 0.088493 0.072562
v -0.150851 0.096310 -0.005055
v -0.125012 0.096310 0.084578
v -0.146894 0.088493 0.006651
v -0.128970 0.104127 0.072872
v -0.147969 0.104127 0.006961
v -0.131678 0.147566 0.074704
v -0.155296 0.155383 -0.005204
v -0.128696 0.155383 0.087070
v -0.151238 0.147566 0.006851
v 0.127673 -0.013153 -0.003213
v 0.109793 -0.013153 -0.065240
v 0.112501 0.030285 -0.067073
v 0.130942 0.030285 -0.003104
v 0.123329 -0.072226 -0.003013
v 0.106009 -0.072226 -0.063098
v 0.108717 -0.028788 -0.064930
v 0.126598 -0.028788 -0.002903
v 0.104797 0.045919 -0.080360
v 0.052279 0.045919 -0.121273
v 0.053393 0.089358 -0.124347
v 0.107506 0.089358 -0.082192
v 0.101401 -0.013153 -0.077644
v 0.050477 -0.013153 -0.117315
v 0.051591 0.030285 -0.120390
v 0.104110 0.030285 -0.079477
v 0.098005 -0.072226 -0.074929
v 0.048675 -0.072226 -0.113358
v 0.049789 -0.028788 -0.116432
v 0.100713 -0.028788 -0.076761
v 0.037549 0.045919 -0.126611
v -0.028988 0.045919 -0.128841
v -0.029893 0.089358 -0.131983
v 0.038663 0.089358 -0.129685
v 0.036397 -0.013153 -0.122417
v -0.028119 -0.013153 -0.124580
v -0.029025 0.030285 -0.127722
v 0.037511 0.030285 -0.125492
v 0.035245 -0.072226 -0.118224
v -0.027251 -0.072226 -0.120319
v -0.028157 -0.028788 -0.123461
v 0.036360 -0.028788 -0.121299
v -0.044042 0.045919 -0.124501
v -0.099182 0.045919 -0.087196
v -0.101762 0.089358 -0.089205
v -0.044948 0.089358 -0.127643
v -0.042509 -0.013153 -0.120431
v -0.095975 -0.013153 -0.084259
v -0.098555 0.030285 -0.086269
v -0.043415 0.030285 -0.123574
v -0.040976 -0.072226 -0.116362
v -0.092768 -0.072226 -0.081322
v -0.095348 -0.028788 -0.083332
v -0.041882 -0.028788 -0.119504
v -0.108811 0.045919 -0.074836
v -0.131492 0.045919 -0.012245
v -0.134761 0.089358 -0.012355
v -0.111391 0.089358 -0.076845
v -0.105179 -0.013153 -0.072445
v -0.127172 -0.013153 -0.011754
v -0.130440 0.030285 -0.011864
v -0.107758 0.030285 -0.074454
v -0.101546 -0.072226 -0.070054
v -0.122851 -0.072226 -0.011263
v -0.126119 -0.028788 -0.011373
v -0.104126 -0.028788 -0.072063
v -0.037549 0.045919 0.126611
v 0.028988 0.045919 0.128841
v 0.029893 0.089358 0.131983
v -0.038663 0.089358 0.129685
v -0.036397 -0.013153 0.122417
v 0.028119 -0.013153 0.124580
v 0.029025 0.030285 0.127722
v -0.037511 0.030285 0.125492
v -0.035245 -0.072226 0.118224
v 0.027251 -0.072226 0.120319
v 0.028157 -0.028788 0.123461
v -0.036360 -0.028788 0.121299
v -0.104797 0.045919 0.080360
v -0.052279 0.045919 0.121273
v -0.053393 0.089358 0.124347
v -0.107506 0.089358 0.082192
v -0.101401 -0.013153 0.077644
v -0.050477 -0.013153 0.117315
v -0.051591 0.030285 0.120390
v -0.104110 0.030285 0.079477
v -0.098005 -0.072226 0.074929
v -0.048675 -0.072226 0.113358
v -0.049789 -0.028788 0.116432
v -0.100713 -0.028788 0.076761
v -0.108194 0.104992 0.083075
v -0.054081 0.104992 0.125230
v -0.055195 0.148431 0.128305
v -0.110902 0.148431 0.084908
v -0.038700 0.104992 0.130804
v 0.029856 0.104992 0.133102
v 0.030762 0.148431 0.136244
v -0.039814 0.148431 0.133879
v -0.112443 0.104992 -0.077227
v -0.135813 0.104992 -0.012736
v -0.139081 0.148431 -0.012845
v -0.115023 0.148431 -0.079237
v -0.045575 0.104992 -0.128570
v -0.102389 0.104992 -0.090133
v -0.104969 0.148431 -0.092142
v -0.046481 0.148431 -0.131712
v 0.038700 0.104992 -0.130804
v -0.029856 0.104992 -0.133102
v -0.030762 0.148431 -0.136244
v 0.039814 0.148431 -0.133879
v 0.108194 0.104992 -0.083075
v 0.054081 0.104992 -0.125230
v 0.055195 0.148431 -0.128305
v 0.110902 0.148431 -0.084908
v 0.136361 0.104992 -0.003614
v 0.117361 0.104992 -0.069525
v 0.120070 0.148431 -0.071358
v 0.139629 0.148431 -0.003505
v 0.112443 0.104992 0.077227
v 0.135813 0.104992 0.012736
v 0.139081 0.148431 0.012845
v 0.115023 0.148431 0.079237
v 0.045575 0.104992 0.128570
v 0.102389 0.104992 0.090133
v 0.104969 0.148431 0.092142
v 0.046481 0.148431 0.131712
v -0.136361 0.104992 0.003614
v -0.117361 0.104992 0.069525
v -0.120070 0.148431 0.071358
v -0.139629 0.148431 0.003505
v 0.062620 0.147566 -0.137835
v 0.055195 0.148431 -0.128305
v 0.054081 0.104992 -0.125230
v 0.061506 0.104127 -0.134761
v 0.105952 0.045054 0.097202
v 0.099182 0.045919 0.087196
v 0.044042 0.045919 0.124501
v 0.050812 0.045054 0.134507
v -0.116537 -0.014018 -0.076561
v -0.105179 -0.013153 -0.072445
v -0.107758 0.030285 -0.074454
v -0.119117 0.029420 -0.078570
v 0.118327 0.147566 -0.094438
v 0.110902 0.148431 -0.084908
v 0.055195 0.148431 -0.128305
v 0.062620 0.147566 -0.137835
v 0.108532 0.088493 0.099212
v 0.101762 0.089358 0.089205
v 0.099182 0.045919 0.087196
v 0.105952 0.045054 0.097202
v -0.027715 -0.014018 -0.136654
v -0.028119 -0.013153 -0.124580
v 0.036397 -0.013153 -0.122417
v 0.036802 -0.014018 -0.134492
v 0.115618 0.104127 -0.092606
v 0.108194 0.104992 -0.083075
v 0.110902 0.148431 -0.084908
v 0.118327 0.147566 -0.094438
v 0.051718 0.088493 0.137649
v 0.044948 0.089358 0.127643
v 0.101762 0.089358 0.089205
v 0.108532 0.088493 0.099212
v -0.028620 0.029420 -0.139796
v -0.029025 0.030285 -0.127722
v -0.028119 -0.013153 -0.124580
v -0.027715 -0.014018 -0.136654
v -0.056099 -0.073091 0.122888
v -0.048675 -0.072226 0.113358
v -0.098005 -0.072226 0.074929
v -0.105429 -0.073091 0.084459
v 0.050812 0.045054 0.134507
v 0.044042 0.045919 0.124501
v 0.044948 0.089358 0.127643
v 0.051718 0.088493 0.137649
v 0.037916 0.029420 -0.137566
v 0.037511 0.030285 -0.125492
v -0.029025 0.030285 -0.127722
v -0.028620 0.029420 -0.139796
v -0.057214 -0.029653 0.125963
v -0.049789 -0.028788 0.116432
v -0.048675 -0.072226 0.113358
v -0.056099 -0.073091 0.122888
v 0.036802 -0.014018 -0.134492
v 0.036397 -0.013153 -0.122417
v 0.037511 0.030285 -0.125492
v 0.037916 0.029420 -0.137566
v -0.108138 -0.029653 0.086291
v -0.100713 -0.028788 0.076761
v -0.049789 -0.028788 0.116432
v -0.057214 -0.029653 0.125963
v 0.121401 -0.014018 -0.068587
v 0.109793 -0.013153 -0.065240
v 0.127673 -0.013153 -0.003213
v 0.139282 -0.014018 -0.006560
v -0.105429 -0.073091 0.084459
v -0.098005 -0.072226 0.074929
v -0.100713 -0.028788 0.076761
v -0.108138 -0.029653 0.086291
v 0.124110 0.029420 -0.070419
v 0.112501 0.030285 -0.067073
v 0.109793 -0.013153 -0.065240
v 0.121401 -0.014018 -0.068587
v -0.134209 -0.073091 -0.015379
v -0.122851 -0.072226 -0.011263
v -0.101546 -0.072226 -0.070054
v -0.112905 -0.073091 -0.074170
v 0.142550 0.029420 -0.006450
v 0.130942 0.030285 -0.003104
v 0.112501 0.030285 -0.067073
v 0.124110 0.029420 -0.070419
v -0.137477 -0.029653 -0.015489
v -0.126119 -0.028788 -0.011373
v -0.122851 -0.072226 -0.011263
v -0.134209 -0.073091 -0.015379
v 0.128969 0.104127 -0.072872
v 0.117361 0.104992 -0.069525
v 0.136361 0.104992 -0.003614
v 0.147969 0.104127 -0.006961
v 0.139282 -0.014018 -0.006560
v 0.127673 -0.013153 -0.003213
v 0.130942 0.030285 -0.003104
v 0.142550 0.029420 -0.006450
v -0.115484 -0.029653 -0.076179
v -0.104126 -0.028788 -0.072063
v -0.126119 -0.028788 -0.011373
v -0.137477 -0.029653 -0.015489
v 0.131678 0.147566 -0.074704
v 0.120070 0.148431 -0.071358
v 0.117361 0.104992 -0.069525
v 0.128969 0.104127 -0.072872
v 0.102745 -0.014018 0.094265
v 0.095975 -0.013153 0.084259
v 0.042509 -0.013153 0.120431
v 0.049279 -0.014018 0.130438
v -0.112905 -0.073091 -0.074170
v -0.101546 -0.072226 -0.070054
v -0.104126 -0.028788 -0.072063
v -0.115484 -0.029653 -0.076179
v 0.151238 0.147566 -0.006851
v 0.139629 0.148431 -0.003505
v 0.120070 0.148431 -0.071358
v 0.131678 0.147566 -0.074704
v 0.105325 0.029420 0.096275
v 0.098555 0.030285 0.086269
v 0.095975 -0.013153 0.084259
v 0.102745 -0.014018 0.094265
v -0.026846 -0.073091 -0.132393
v -0.027251 -0.072226 -0.120319
v 0.035245 -0.072226 -0.118224
v 0.035650 -0.073091 -0.130298
v 0.147969 0.104127 -0.006961
v 0.136361 0.104992 -0.003614
v 0.139629 0.148431 -0.003505
v 0.151238 0.147566 -0.006851
v 0.050185 0.029420 0.133580
v 0.043415 0.030285 0.123574
v 0.098555 0.030285 0.086269
v 0.105325 0.029420 0.096275
v -0.027752 -0.029653 -0.135535
v -0.028157 -0.028788 -0.123461
v -0.027251 -0.072226 -0.120319
v -0.026846 -0.073091 -0.132393
v -0.061506 0.104127 0.134761
v -0.054081 0.104992 0.125230
v -0.108194 0.104992 0.083075
v -0.115618 0.104127 0.092606
v 0.049279 -0.014018 0.130438
v 0.042509 -0.013153 0.120431
v 0.043415 0.030285 0.123574
v 0.050185 0.029420 0.133580
v 0.036764 -0.029653 -0.133373
v 0.036360 -0.028788 -0.121299
v -0.028157 -0.028788 -0.123461
v -0.027752 -0.029653 -0.135535
v -0.062620 0.147566 0.137835
v -0.055195 0.148431 0.128305
v -0.054081 0.104992 0.125230
v -0.061506 0.104127 0.134761
v 0.035650 -0.073091 -0.130298
v 0.035245 -0.072226 -0.118224
v 0.036360 -0.028788 -0.121299
v 0.036764 -0.029653 -0.133373
v -0.118327 0.147566 0.094438
v -0.110902 0.148431 0.084908
v -0.055195 0.148431 0.128305
v -0.062620 0.147566 0.137835
v 0.117617 -0.073091 -0.066444
v 0.106009 -0.072226 -0.063098
v 0.123329 -0.072226 -0.003013
v 0.134938 -0.073091 -0.006359
v -0.119117 0.029420 -0.078570
v -0.107758 0.030285 -0.074454
v -0.130440 0.030285 -0.011864
v -0.141798 0.029420 -0.015980
v 0.143625 0.045054 -0.006760
v 0.132017 0.045919 -0.003414
v 0.135285 0.089358 -0.003304
v 0.146894 0.088493 -0.006651
v 0.061506 0.104127 -0.134761
v 0.054081 0.104992 -0.125230
v 0.108194 0.104992 -0.083075
v 0.115618 0.104127 -0.092606
v -0.141798 0.029420 -0.015980
v -0.130440 0.030285 -0.011864
v -0.127172 -0.013153 -0.011754
v -0.138530 -0.014018 -0.015870
v 0.146894 0.088493 -0.006651
v 0.135285 0.089358 -0.003304
v 0.116286 0.089358 -0.069215
v 0.127894 0.088493 -0.072562
v -0.138530 -0.014018 -0.015870
v -0.127172 -0.013153 -0.011754
v -0.105179 -0.013153 -0.072445
v -0.116537 -0.014018 -0.076561
v 0.127894 0.088493 -0.072562
v 0.116286 0.089358 -0.069215
v 0.113577 0.045919 -0.067383
v 0.125185 0.045054 -0.070729
v -0.108825 -0.014018 0.087175
v -0.101401 -0.013153 0.077644
v -0.104110 0.030285 0.079477
v -0.111534 0.029420 0.089007
v 0.125185 0.045054 -0.070729
v 0.113577 0.045919 -0.067383
v 0.132017 0.045919 -0.003414
v 0.143625 0.045054 -0.006760
v -0.111534 0.029420 0.089007
v -0.104110 0.030285 0.079477
v -0.051591 0.030285 0.120390
v -0.059016 0.029420 0.129920
v 0.037953 0.045054 -0.138685
v 0.037549 0.045919 -0.126611
v 0.038663 0.089358 -0.129685
v 0.039067 0.088493 -0.141760
v -0.059016 0.029420 0.129920
v -0.051591 0.030285 0.120390
v -0.050477 -0.013153 0.117315
v -0.057901 -0.014018 0.126846
v 0.039067 0.088493 -0.141760
v 0.038663 0.089358 -0.129685
v -0.029893 0.089358 -0.131983
v -0.029489 0.088493 -0.144057
v -0.134938 -0.073091 0.006359
v -0.123329 -0.072226 0.003013
v -0.126598 -0.028788 0.002903
v -0.138206 -0.029653 0.006250
v -0.057901 -0.014018 0.126846
v -0.050477 -0.013153 0.117315
v -0.101401 -0.013153 0.077644
v -0.108825 -0.014018 0.087175
v -0.029489 0.088493 -0.144057
v -0.029893 0.089358 -0.131983
v -0.028988 0.045919 -0.128841
v -0.028583 0.045054 -0.140915
v -0.138206 -0.029653 0.006250
v -0.126598 -0.028788 0.002903
v -0.108717 -0.028788 0.064930
v -0.120326 -0.029653 0.068277
v 0.039105 0.104127 -0.142878
v 0.038700 0.104992 -0.130804
v 0.039814 0.148431 -0.133879
v 0.040219 0.147566 -0.145953
v -0.028583 0.045054 -0.140915
v -0.028988 0.045919 -0.128841
v 0.037549 0.045919 -0.126611
v 0.037953 0.045054 -0.138685
v -0.120326 -0.029653 0.068277
v -0.108717 -0.028788 0.064930
v -0.106009 -0.072226 0.063098
v -0.117617 -0.073091 0.066444
v 0.040219 0.147566 -0.145953
v 0.039814 0.148431 -0.133879
v -0.030762 0.148431 -0.136244
v -0.030357 0.147566 -0.148318
v -0.120169 0.045054 -0.078952
v -0.108811 0.045919 -0.074836
v -0.111391 0.089358 -0.076845
v -0.122749 0.088493 -0.080961
v -0.117617 -0.073091 0.066444
v -0.106009 -0.072226 0.063098
v -0.123329 -0.072226 0.003013
v -0.134938 -0.073091 0.006359
v -0.030357 0.147566 -0.148318
v -0.030762 0.148431 -0.136244
v -0.029856 0.104992 -0.133102
v -0.029451 0.104127 -0.145176
v -0.122749 0.088493 -0.080961
v -0.111391 0.089358 -0.076845
v -0.134761 0.089358 -0.012355
v -0.146119 0.088493 -0.016471
v 0.112905 -0.073091 0.074170
v 0.101546 -0.072226 0.070054
v 0.104126 -0.028788 0.072063
v 0.115484 -0.029653 0.076179
v -0.029451 0.104127 -0.145176
v -0.029856 0.104992 -0.133102
v 0.038700 0.104992 -0.130804
v 0.039105 0.104127 -0.142878
v -0.146119 0.088493 -0.016471
v -0.134761 0.089358 -0.012355
v -0.131492 0.045919 -0.012245
v -0.142851 0.045054 -0.016361
v 0.115484 -0.029653 0.076179
v 0.104126 -0.028788 0.072063
v 0.126119 -0.028788 0.011373
v 0.137477 -0.029653 0.015489
v -0.142851 0.045054 -0.016361
v -0.131492 0.045919 -0.012245
v -0.108811 0.045919 -0.074836
v -0.120169 0.045054 -0.078952
v 0.137477 -0.029653 0.015489
v 0.126119 -0.028788 0.011373
v 0.122851 -0.072226 0.011263
v 0.134209 -0.073091 0.015379
v -0.112222 0.045054 0.089890
v -0.104797 0.045919 0.080360
v -0.107506 0.089358 0.082192
v -0.114930 0.088493 0.091723
v 0.134209 -0.073091 0.015379
v 0.122851 -0.072226 0.011263
v 0.101546 -0.072226 0.070054
v 0.112905 -0.073091 0.074170
v -0.114930 0.088493 0.091723
v -0.107506 0.089358 0.082192
v -0.053393 0.089358 0.124347
v -0.060818 0.088493 0.133878
v 0.105429 -0.073091 -0.084459
v 0.098005 -0.072226 -0.074929
v 0.100713 -0.028788 -0.076761
v 0.108138 -0.029653 -0.086291
v -0.060818 0.088493 0.133878
v -0.053393 0.089358 0.124347
v -0.052279 0.045919 0.121273
v -0.059704 0.045054 0.130803
v 0.108138 -0.029653 -0.086291
v 0.100713 -0.028788 -0.076761
v 0.049789 -0.028788 -0.116432
v 0.057214 -0.029653 -0.125963
v -0.139282 -0.014018 0.006560
v -0.127673 -0.013153 0.003213
v -0.130942 0.030285 0.003104
v -0.142550 0.029420 0.006450
v -0.059704 0.045054 0.130803
v -0.052279 0.045919 0.121273
v -0.104797 0.045919 0.080360
v -0.112222 0.045054 0.089890
v 0.057214 -0.029653 -0.125963
v 0.049789 -0.028788 -0.116432
v 0.048675 -0.072226 -0.113358
v 0.056099 -0.073091 -0.122888
v -0.142550 0.029420 0.006450
v -0.130942 0.030285 0.003104
v -0.112501 0.030285 0.067073
v -0.124110 0.029420 0.070419
v -0.052345 0.104127 -0.138576
v -0.045575 0.104992 -0.128570
v -0.046481 0.148431 -0.131712
v -0.053251 0.147566 -0.141719
v 0.056099 -0.073091 -0.122888
v 0.048675 -0.072226 -0.113358
v 0.098005 -0.072226 -0.074929
v 0.105429 -0.073091 -0.084459
v -0.124110 0.029420 0.070419
v -0.112501 0.030285 0.067073
v -0.109793 -0.013153 0.065240
v -0.121401 -0.014018 0.068587
v -0.053251 0.147566 -0.141719
v -0.046481 0.148431 -0.131712
v -0.104969 0.148431 -0.092142
v -0.111739 0.147566 -0.102148
v -0.047746 -0.073091 -0.126368
v -0.040976 -0.072226 -0.116362
v -0.041882 -0.028788 -0.119504
v -0.048652 -0.029653 -0.129510
v -0.121401 -0.014018 0.068587
v -0.109793 -0.013153 0.065240
v -0.127673 -0.013153 0.003213
v -0.139282 -0.014018 0.006560
v -0.111739 0.147566 -0.102148
v -0.104969 0.148431 -0.092142
v -0.102389 0.104992 -0.090133
v -0.109159 0.104127 -0.100139
v -0.048652 -0.029653 -0.129510
v -0.041882 -0.028788 -0.119504
v -0.095348 -0.028788 -0.083332
v -0.102118 -0.029653 -0.093338
v 0.116537 -0.014018 0.076561
v 0.105179 -0.013153 0.072445
v 0.107758 0.030285 0.074454
v 0.119117 0.029420 0.078570
v -0.109159 0.104127 -0.100139
v -0.102389 0.104992 -0.090133
v -0.045575 0.104992 -0.128570
v -0.052345 0.104127 -0.138576
v -0.102118 -0.029653 -0.093338
v -0.095348 -0.028788 -0.083332
v -0.092768 -0.072226 -0.081322
v -0.099538 -0.073091 -0.091328
v 0.119117 0.029420 0.078570
v 0.107758 0.030285 0.074454
v 0.130440 0.030285 0.011864
v 0.141798 0.029420 0.015980
v -0.147969 0.104127 0.006961
v -0.136361 0.104992 0.003614
v -0.139629 0.148431 0.003505
v -0.151238 0.147566 0.006851
v -0.099538 -0.073091 -0.091328
v -0.092768 -0.072226 -0.081322
v -0.040976 -0.072226 -0.116362
v -0.047746 -0.073091 -0.126368
v 0.141798 0.029420 0.015980
v 0.130440 0.030285 0.011864
v 0.127172 -0.013153 0.011754
v 0.138530 -0.014018 0.015870
v -0.151238 0.147566 0.006851
v -0.139629 0.148431 0.003505
v -0.120070 0.148431 0.071358
v -0.131678 0.147566 0.074704
v -0.035650 -0.073091 0.130298
v -0.035245 -0.072226 0.118224
v -0.036360 -0.028788 0.121299
v -0.036764 -0.029653 0.133373
v 0.138530 -0.014018 0.015870
v 0.127172 -0.013153 0.011754
v 0.105179 -0.013153 0.072445
v 0.116537 -0.014018 0.076561
v -0.131678 0.147566 0.074704
v -0.120070 0.148431 0.071358
v -0.117361 0.104992 0.069525
v -0.128970 0.104127 0.072872
v -0.036764 -0.029653 0.133373
v -0.036360 -0.028788 0.121299
v 0.028157 -0.028788 0.123461
v 0.027752 -0.029653 0.135535
v 0.108825 -0.014018 -0.087175
v 0.101401 -0.013153 -0.077644
v 0.104110 0.030285 -0.079477
v 0.111534 0.029420 -0.089007
v -0.128970 0.104127 0.072872
v -0.117361 0.104992 0.069525
v -0.136361 0.104992 0.003614
v -0.147969 0.104127 0.006961
v 0.027752 -0.029653 0.135535
v 0.028157 -0.028788 0.123461
v 0.027251 -0.072226 0.120319
v 0.026846 -0.073091 0.132393
v 0.111534 0.029420 -0.089007
v 0.104110 0.030285 -0.079477
v 0.051591 0.030285 -0.120390
v 0.059016 0.029420 -0.129920
v -0.143626 0.045054 0.006760
v -0.132017 0.045919 0.003414
v -0.135286 0.089358 0.003304
v -0.146894 0.088493 0.006651
v 0.026846 -0.073091 0.132393
v 0.027251 -0.072226 0.120319
v -0.035245 -0.072226 0.118224
v -0.035650 -0.073091 0.130298
v 0.059016 0.029420 -0.129920
v 0.051591 0.030285 -0.120390
v 0.050477 -0.013153 -0.117315
v 0.057901 -0.014018 -0.126846
v -0.146894 0.088493 0.006651
v -0.135286 0.089358 0.003304
v -0.116286 0.089358 0.069215
v -0.127894 0.088493 0.072562
v -0.123801 0.104127 -0.081343
v -0.112443 0.104992 -0.077227
v -0.115023 0.148431 -0.079237
v -0.126381 0.147566 -0.083353
v 0.057901 -0.014018 -0.126846
v 0.050477 -0.013153 -0.117315
v 0.101401 -0.013153 -0.077644
v 0.108825 -0.014018 -0.087175
v -0.127894 0.088493 0.072562
v -0.116286 0.089358 0.069215
v -0.113577 0.045919 0.067383
v -0.125185 0.045054 0.070729
v -0.126381 0.147566 -0.083353
v -0.115023 0.148431 -0.079237
v -0.139081 0.148431 -0.012845
v -0.150440 0.147566 -0.016961
v -0.049279 -0.014018 -0.130438
v -0.042509 -0.013153 -0.120431
v -0.043415 0.030285 -0.123574
v -0.050185 0.029420 -0.133580
v -0.125185 0.045054 0.070729
v -0.113577 0.045919 0.067383
v -0.132017 0.045919 0.003414
v -0.143626 0.045054 0.006760
v -0.150440 0.147566 -0.016961
v -0.139081 0.148431 -0.012845
v -0.135813 0.104992 -0.012736
v -0.147171 0.104127 -0.016852
v -0.050185 0.029420 -0.133580
v -0.043415 0.030285 -0.123574
v -0.098555 0.030285 -0.086269
v -0.105325 0.029420 -0.096275
v 0.120169 0.045054 0.078952
v 0.108811 0.045919 0.074836
v 0.111391 0.089358 0.076845
v 0.122749 0.088493 0.080961
v -0.147171 0.104127 -0.016852
v -0.135813 0.104992 -0.012736
v -0.112443 0.104992 -0.077227
v -0.123801 0.104127 -0.081343
v -0.105325 0.029420 -0.096275
v -0.098555 0.030285 -0.086269
v -0.095975 -0.013153 -0.084259
v -0.102745 -0.014018 -0.094265
v 0.122749 0.088493 0.080961
v 0.111391 0.089358 0.076845
v 0.134761 0.089358 0.012355
v 0.146119 0.088493 0.016471
v 0.052345 0.104127 0.138576
v 0.045575 0.104992 0.128570
v 0.046481 0.148431 0.131712
v 0.053251 0.147566 0.141718
v -0.102745 -0.014018 -0.094265
v -0.095975 -0.013153 -0.084259
v -0.042509 -0.013153 -0.120431
v -0.049279 -0.014018 -0.130438
v 0.146119 0.088493 0.016471
v 0.134761 0.089358 0.012355
v 0.131492 0.045919 0.012245
v 0.142851 0.045054 0.016361
v 0.053251 0.147566 0.141718
v 0.046481 0.148431 0.131712
v 0.104969 0.148431 0.092142
v 0.111739 0.147566 0.102148
v -0.036802 -0.014018 0.134492
v -0.036397 -0.013153 0.122417
v -0.037511 0.030285 0.125492
v -0.037916 0.029420 0.137566
v 0.142851 0.045054 0.016361
v 0.131492 0.045919 0.012245
v 0.108811 0.045919 0.074836
v 0.120169 0.045054 0.078952
v 0.111739 0.147566 0.102148
v 0.104969 0.148431 0.092142
v 0.102389 0.104992 0.090133
v 0.109159 0.104127 0.100139
v -0.037916 0.029420 0.137566
v -0.037511 0.030285 0.125492
v 0.029025 0.030285 0.127722
v 0.028620 0.029420 0.139796
v 0.112222 0.045054 -0.089890
v 0.104797 0.045919 -0.080360
v 0.107506 0.089358 -0.082192
v 0.114930 0.088493 -0.091723
v 0.109159 0.104127 0.100139
v 0.102389 0.104992 0.090133
v 0.045575 0.104992 0.128570
v 0.052345 0.104127 0.138576
v 0.028620 0.029420 0.139796
v 0.029025 0.030285 0.127722
v 0.028119 -0.013153 0.124580
v 0.027715 -0.014018 0.136654
v 0.114930 0.088493 -0.091723
v 0.107506 0.089358 -0.082192
v 0.053393 0.089358 -0.124347
v 0.060818 0.088493 -0.133878
v 0.027715 -0.014018 0.136654
v 0.028119 -0.013153 0.124580
v -0.036397 -0.013153 0.122417
v -0.036802 -0.014018 0.134492
v 0.060818 0.088493 -0.133878
v 0.053393 0.089358 -0.124347
v 0.052279 0.045919 -0.121273
v 0.059704 0.045054 -0.130803
v -0.039105 0.104127 0.142878
v -0.038700 0.104992 0.130804
v -0.039814 0.148431 0.133879
v -0.040219 0.147566 0.145953
v 0.059704 0.045054 -0.130803
v 0.052279 0.045919 -0.121273
v 0.104797 0.045919 -0.080360
v 0.112222 0.045054 -0.089890
v -0.040219 0.147566 0.145953
v -0.039814 0.148431 0.133879
v 0.030762 0.148431 0.136244
v 0.030357 0.147566 0.148318
v -0.050812 0.045054 -0.134507
v -0.044042 0.045919 -0.124501
v -0.044948 0.089358 -0.127643
v -0.051718 0.088493 -0.137649
v 0.030357 0.147566 0.148318
v 0.030762 0.148431 0.136244
v 0.029856 0.104992 0.133102
v 0.029451 0.104127 0.145176
v -0.051718 0.088493 -0.137649
v -0.044948 0.089358 -0.127643
v -0.101762 0.089358 -0.089205
v -0.108532 0.088493 -0.099212
v 0.047746 -0.073091 0.126368
v 0.040976 -0.072226 0.116362
v 0.041882 -0.028788 0.119504
v 0.048652 -0.029653 0.129510
v 0.029451 0.104127 0.145176
v 0.029856 0.104992 0.133102
v -0.038700 0.104992 0.130804
v -0.039105 0.104127 0.142878
v -0.108532 0.088493 -0.099212
v -0.101762 0.089358 -0.089205
v -0.099182 0.045919 -0.087196
v -0.105952 0.045054 -0.097202
v 0.048652 -0.029653 0.129510
v 0.041882 -0.028788 0.119504
v 0.095348 -0.028788 0.083332
v 0.102118 -0.029653 0.093338
v 0.123801 0.104127 0.081343
v 0.112443 0.104992 0.077227
v 0.115023 0.148431 0.079237
v 0.126381 0.147566 0.083353
v -0.105952 0.045054 -0.097202
v -0.099182 0.045919 -0.087196
v -0.044042 0.045919 -0.124501
v -0.050812 0.045054 -0.134507
v 0.102118 -0.029653 0.093338
v 0.095348 -0.028788 0.083332
v 0.092768 -0.072226 0.081322
v 0.099538 -0.073091 0.091328
v 0.126381 0.147566 0.083353
v 0.115023 0.148431 0.079237
v 0.139081 0.148431 0.012845
v 0.150440 0.147566 0.016961
v -0.037953 0.045054 0.138685
v -0.037549 0.045919 0.126611
v -0.038663 0.089358 0.129685
v -0.039067 0.088493 0.141760
v 0.099538 -0.073091 0.091328
v 0.092768 -0.072226 0.081322
v 0.040976 -0.072226 0.116362
v 0.047746 -0.073091 0.126368
v 0.150440 0.147566 0.016961
v 0.139081 0.148431 0.012845
v 0.135813 0.104992 0.012736
v 0.147171 0.104127 0.016852
v -0.039067 0.088493 0.141760
v -0.038663 0.089358 0.129685
v 0.029893 0.089358 0.131983
v 0.029489 0.088493 0.144057
v 0.134938 -0.073091 -0.006359
v 0.123329 -0.072226 -0.003013
v 0.126598 -0.028788 -0.002903
v 0.138206 -0.029653 -0.006250
v 0.147171 0.104127 0.016852
v 0.135813 0.104992 0.012736
v 0.112443 0.104992 0.077227
v 0.123801 0.104127 0.081343
v 0.029489 0.088493 0.144057
v 0.029893 0.089358 0.131983
v 0.028988 0.045919 0.128841
v 0.028583 0.045054 0.140915
v 0.138206 -0.029653 -0.006250
v 0.126598 -0.028788 -0.002903
v 0.108717 -0.028788 -0.064930
v 0.120326 -0.029653 -0.068277
v 0.028583 0.045054 0.140915
v 0.028988 0.045919 0.128841
v -0.037549 0.045919 0.126611
v -0.037953 0.045054 0.138685
v 0.120326 -0.029653 -0.068277
v 0.108717 -0.028788 -0.064930
v 0.106009 -0.072226 -0.063098
v 0.117617 -0.073091 -0.066444
v -0.115618 0.104127 0.092606
v -0.108194 0.104992 0.083075
v -0.110902 0.148431 0.084908
v -0.118327 0.147566 0.094438
v -0.209253 0.582823 0.056939
v -0.203407 0.587206 0.066033
v -0.205076 0.624301 0.049225
v -0.210921 0.619918 0.040132
v -0.203407 0.587206 0.066033
v -0.193324 0.585167 0.060533
v -0.194992 0.622263 0.043725
v -0.205076 0.624301 0.049225
v -0.193324 0.585167 0.060533
v -0.199170 0.580784 0.051440
v -0.200838 0.617880 0.034632
v -0.194992 0.622263 0.043725
v -0.199170 0.580784 0.051440
v -0.209253 0.582823 0.056939
v -0.210921 0.619918 0.040132
v -0.200838 0.617880 0.034632
v -0.203407 0.587206 0.066033
v -0.209253 0.582823 0.056939
v -0.199170 0.580784 0.051440
v -0.193324 0.585167 0.060533
v -0.194992 0.622263 0.043725
v -0.200838 0.617880 0.034632
v -0.210921 0.619918 0.040132
v -0.205076 0.624301 0.049225
v 0.082209 0.736349 -0.078183
v 0.087321 0.744352 -0.084958
v 0.051868 0.764189 -0.088276
v 0.046756 0.756186 -0.081501
v 0.087321 0.744352 -0.084958
v 0.084675 0.738043 -0.094407
v 0.049222 0.757880 -0.097724
v 0.051868 0.764189 -0.088276
v 0.084675 0.738043 -0.094407
v 0.079563 0.730040 -0.087632
v 0.044110 0.749877 -0.090949
v 0.049222 0.757880 -0.097724
v 0.079563 0.730040 -0.087632
v 0.082209 0.736349 -0.078183
v 0.046756 0.756186 -0.081501
v 0.044110 0.749877 -0.090949
v 0.087321 0.744352 -0.084958
v 0.082209 0.736349 -0.078183
v 0.079563 0.730040 -0.087632
v 0.084675 0.738043 -0.094407
v 0.049222 0.757880 -0.097724
v 0.044110 0.749877 -0.090949
v 0.046756 0.756186 -0.081501
v 0.051868 0.764189 -0.088276
v -0.045284 0.757118 0.022069
v -0.048761 0.767932 0.024723
v -0.025707 0.767098 0.058326
v -0.022230 0.756283 0.055673
v -0.048761 0.767932 0.024723
v -0.057731 0.763564 0.030768
v -0.034676 0.762730 0.064372
v -0.025707 0.767098 0.058326
v -0.057731 0.763564 0.030768
v -0.054254 0.752750 0.028114
v -0.031200 0.751916 0.061718
v -0.034676 0.762730 0.064372
v -0.054254 0.752750 0.028114
v -0.045284 0.757118 0.022069
v -0.022230 0.756283 0.055673
v -0.031200 0.751916 0.061718
v -0.048761 0.767932 0.024723
v -0.045284 0.757118 0.022069
v -0.054254 0.752750 0.028114
v -0.057731 0.763564 0.030768
v -0.034676 0.762730 0.064372
v -0.031200 0.751916 0.061718
v -0.022230 0.756283 0.055673
v -0.025707 0.767098 0.058326
v -0.097851 0.721540 -0.097913
v -0.106666 0.725726 -0.104305
v -0.130644 0.725562 -0.071344
v -0.121829 0.721376 -0.064952
v -0.106666 0.725726 -0.104305
v -0.110025 0.714837 -0.106802
v -0.134003 0.714673 -0.073842
v -0.130644 0.725562 -0.071344
v -0.110025 0.714837 -0.106802
v -0.101210 0.710652 -0.100410
v -0.125188 0.710488 -0.067450
v -0.134003 0.714673 -0.073842
v -0.101210 0.710652 -0.100410
v -0.097851 0.721540 -0.097913
v -0.121829 0.721376 -0.064952
v -0.125188 0.710488 -0.067450
v -0.106666 0.725726 -0.104305
v -0.097851 0.721540 -0.097913
v -0.101210 0.710652 -0.100410
v -0.110025 0.714837 -0.106802
v -0.134003 0.714673 -0.073842
v -0.125188 0.710488 -0.067450
v -0.121829 0.721376 -0.064952
v -0.130644 0.725562 -0.071344
v 0.171738 0.696541 -0.026136
v 0.163858 0.703570 -0.031094
v 0.150087 0.714144 0.005783
v 0.157966 0.707115 0.010741
v 0.163858 0.703570 -0.031094
v 0.156212 0.694765 -0.031425
v 0.142441 0.705339 0.005453
v 0.150087 0.714144 0.005783
v 0.156212 0.694765 -0.031425
v 0.164092 0.687737 -0.026466
v 0.150321 0.698310 0.010411
v 0.142441 0.705339 0.005453
v 0.164092 0.687737 -0.026466
v 0.171738 0.696541 -0.026136
v 0.157966 0.707115 0.010741
v 0.150321 0.698310 0.010411
v 0.163858 0.703570 -0.031094
v 0.171738 0.696541 -0.026136
v 0.164092 0.687737 -0.026466
v 0.156212 0.694765 -0.031425
v 0.142441 0.705339 0.005453
v 0.150321 0.698310 0.010411
v 0.157966 0.707115 0.010741
v 0.150087 0.714144 0.005783
v 0.061220 0.688944 0.149512
v 0.059833 0.697233 0.141422
v 0.097873 0.690775 0.128282
v 0.099260 0.682486 0.136372
v 0.059833 0.697233 0.141422
v 0.063786 0.705230 0.148938
v 0.101826 0.698772 0.135799
v 0.097873 0.690775 0.128282
v 0.063786 0.705230 0.148938
v 0.065174 0.696941 0.157028
v 0.103214 0.690483 0.143888
v 0.101826 0.698772 0.135799
v 0.065174 0.696941 0.157028
v 0.061220 0.688944 0.149512
v 0.099260 0.682486 0.136372
v 0.103214 0.690483 0.143888
v 0.059833 0.697233 0.141422
v 0.061220 0.688944 0.149512
v 0.065174 0.696941 0.157028
v 0.063786 0.705230 0.148938
v 0.101826 0.698772 0.135799
v 0.103214 0.690483 0.143888
v 0.099260 0.682486 0.136372
v 0.097873 0.690775 0.128282
v 0.017832 0.760169 0.048843
v 0.019939 0.762941 0.059977
v 0.059818 0.765226 0.051860
v 0.057710 0.762454 0.040726
v 0.019939 0.762941 0.059977
v 0.021115 0.751628 0.062571
v 0.060994 0.753913 0.054453
v 0.059818 0.765226 0.051860
v 0.021115 0.751628 0.062571
v 0.019008 0.748857 0.051437
v 0.058887 0.751142 0.043320
v 0.060994 0.753913 0.054453
v 0.019008 0.748857 0.051437
v 0.017832 0.760169 0.048843
v 0.057710 0.762454 0.040726
v 0.058887 0.751142 0.043320
v 0.019939 0.762941 0.059977
v 0.017832 0.760169 0.048843
v 0.019008 0.748857 0.051437
v 0.021115 0.751628 0.062571
v 0.060994 0.753913 0.054453
v 0.058887 0.751142 0.043320
v 0.057710 0.762454 0.040726
v 0.059818 0.765226 0.051860
v -0.023986 0.680119 -0.183531
v -0.025916 0.690583 -0.178750
v 0.014174 0.695453 -0.173226
v 0.016104 0.684989 -0.178008
v -0.025916 0.690583 -0.178750
v -0.026763 0.685619 -0.168228
v 0.013327 0.690489 -0.162704
v 0.014174 0.695453 -0.173226
v -0.026763 0.685619 -0.168228
v -0.024833 0.675155 -0.173009
v 0.015257 0.680025 -0.167485
v 0.013327 0.690489 -0.162704
v -0.024833 0.675155 -0.173009
v -0.023986 0.680119 -0.183531
v 0.016104 0.684989 -0.178008
v 0.015257 0.680025 -0.167485
v -0.025916 0.690583 -0.178750
v -0.023986 0.680119 -0.183531
v -0.024833 0.675155 -0.173009
v -0.026763 0.685619 -0.168228
v 0.013327 0.690489 -0.162704
v 0.015257 0.680025 -0.167485
v 0.016104 0.684989 -0.178008
v 0.014174 0.695453 -0.173226
v -0.050444 0.748576 -0.054784
v -0.051234 0.760101 -0.056405
v -0.010588 0.762653 -0.058080
v -0.009798 0.751128 -0.056458
v -0.051234 0.760101 -0.056405
v -0.050862 0.761750 -0.044863
v -0.010216 0.764302 -0.046538
v -0.010588 0.762653 -0.058080
v -0.050862 0.761750 -0.044863
v -0.050072 0.750225 -0.043242
v -0.009426 0.752777 -0.044916
v -0.010216 0.764302 -0.046538
v -0.050072 0.750225 -0.043242
v -0.050444 0.748576 -0.054784
v -0.009798 0.751128 -0.056458
v -0.009426 0.752777 -0.044916
v -0.051234 0.760101 -0.056405
v -0.050444 0.748576 -0.054784
v -0.050072 0.750225 -0.043242
v -0.050862 0.761750 -0.044863
v -0.010216 0.764302 -0.046538
v -0.009426 0.752777 -0.044916
v -0.009798 0.751128 -0.056458
v -0.010588 0.762653 -0.058080
v -0.122276 0.722534 0.057001
v -0.125169 0.733827 0.057440
v -0.129642 0.734258 0.016929
v -0.126749 0.722965 0.016489
v -0.125169 0.733827 0.057440
v -0.113940 0.736749 0.056232
v -0.118413 0.737181 0.015720
v -0.129642 0.734258 0.016929
v -0.113940 0.736749 0.056232
v -0.111048 0.725457 0.055792
v -0.115521 0.725888 0.015281
v -0.118413 0.737181 0.015720
v -0.111048 0.725457 0.055792
v -0.122276 0.722534 0.057001
v -0.126749 0.722965 0.016489
v -0.115521 0.725888 0.015281
v -0.125169 0.733827 0.057440
v -0.122276 0.722534 0.057001
v -0.111048 0.725457 0.055792
v -0.113940 0.736749 0.056232
v -0.118413 0.737181 0.015720
v -0.115521 0.725888 0.015281
v -0.126749 0.722965 0.016489
v -0.129642 0.734258 0.016929
v -0.046728 0.677591 0.167399
v -0.048513 0.685116 0.176132
v -0.087594 0.688643 0.165103
v -0.085808 0.681118 0.156370
v -0.048513 0.685116 0.176132
v -0.045721 0.693973 0.169072
v -0.084802 0.697499 0.158043
v -0.087594 0.688643 0.165103
v -0.045721 0.693973 0.169072
v -0.043936 0.686448 0.160338
v -0.083017 0.689975 0.149310
v -0.084802 0.697499 0.158043
v -0.043936 0.686448 0.160338
v -0.046728 0.677591 0.167399
v -0.085808 0.681118 0.156370
v -0.083017 0.689975 0.149310
v -0.048513 0.685116 0.176132
v -0.046728 0.677591 0.167399
v -0.043936 0.686448 0.160338
v -0.045721 0.693973 0.169072
v -0.084802 0.697499 0.158043
v -0.083017 0.689975 0.149310
v -0.085808 0.681118 0.156370
v -0.087594 0.688643 0.165103
v -0.152444 0.498506 -0.154884
v -0.036054 0.546322 -0.227441
v -0.068659 0.443848 -0.165079
v -0.079015 0.666285 -0.185821
v -0.059154 0.721698 -0.144444
v 0.071172 0.676438 -0.184353
v -0.166761 0.581963 -0.159368
v -0.226751 0.551582 -0.047254
v -0.183260 0.676438 -0.076337
v -0.152444 0.498506 -0.154884
v -0.068659 0.443848 -0.165079
v -0.169978 0.456161 -0.075770
v -0.166761 0.581963 -0.159368
v -0.152444 0.498506 -0.154884
v -0.226751 0.551582 -0.047254
v -0.153791 0.498506 0.147279
v -0.226347 0.546322 0.030888
v -0.163986 0.443848 0.063494
v -0.184728 0.666285 0.073850
v -0.143351 0.721698 0.053989
v -0.183260 0.676438 -0.076337
v -0.158275 0.581963 0.161596
v -0.046160 0.551583 0.221586
v -0.075244 0.676438 0.178095
v -0.153791 0.498506 0.147279
v -0.163986 0.443848 0.063494
v -0.074676 0.456161 0.164813
v -0.158275 0.581963 0.161596
v -0.153791 0.498506 0.147279
v -0.046160 0.551583 0.221586
v 0.148373 0.498506 0.148626
v 0.031982 0.546322 0.221182
v 0.064588 0.443848 0.158821
v 0.074944 0.666285 0.179563
v 0.055082 0.721698 0.138185
v -0.075244 0.676438 0.178095
v 0.148373 0.498506 0.148626
v 0.064588 0.443848 0.158821
v 0.165907 0.456161 0.069511
v 0.162690 0.581963 0.153110
v 0.148373 0.498506 0.148626
v 0.222680 0.551582 0.040995
v 0.149719 0.498506 -0.153538
v 0.222275 0.546322 -0.037147
v 0.159914 0.443848 -0.069753
v 0.180656 0.666285 -0.080109
v 0.139279 0.721698 -0.060248
v 0.195525 0.660629 0.034634
v 0.154203 0.581963 -0.167855
v 0.042089 0.551582 -0.227845
v 0.071172 0.676438 -0.184353
v 0.149719 0.498506 -0.153538
v 0.159914 0.443848 -0.069753
v 0.070605 0.456161 -0.171072
v 0.154203 0.581963 -0.167855
v 0.149719 0.498506 -0.153538
v 0.042089 0.551582 -0.227845
v -0.113330 0.407340 0.020352
v -0.163986 0.443848 0.063494
v -0.169978 0.456161 -0.075770
v 0.021445 0.407340 0.108164
v 0.064588 0.443848 0.158821
v -0.074676 0.456161 0.164813
v 0.109258 0.407340 -0.026610
v 0.159914 0.443848 -0.069753
v 0.165907 0.456161 0.069511
v -0.025517 0.407340 -0.114423
v -0.068659 0.443848 -0.165079
v 0.070605 0.456161 -0.171072
v -0.055107 0.757141 0.076555
v -0.143351 0.721698 0.053989
v -0.075244 0.676438 0.178095
v 0.051774 0.772065 0.025726
v -0.055107 0.757141 0.076555
v 0.055082 0.721698 0.138185
v -0.081720 0.757141 -0.056201
v -0.059154 0.721698 -0.144444
v -0.183260 0.676438 -0.076337
v -0.055107 0.757141 0.076555
v -0.081720 0.757141 -0.056201
v -0.143351 0.721698 0.053989
v 0.051036 0.757141 -0.082814
v 0.139279 0.721698 -0.060248
v 0.071172 0.676438 -0.184353
v -0.081720 0.757141 -0.056201
v 0.051036 0.757141 -0.082814
v -0.059154 0.721698 -0.144444
v 0.051774 0.772065 0.025726
v 0.055082 0.721698 0.138185
v 0.151500 0.688081 0.099131
v 0.051036 0.757141 -0.082814
v 0.051774 0.772065 0.025726
v 0.139279 0.721698 -0.060248
v 0.072039 0.579473 0.034004
v 0.086145 0.542078 0.204194
v 0.196232 0.538835 0.109614
v 0.072039 0.579473 0.034004
v -0.138985 0.567432 0.090491
v 0.086145 0.542078 0.204194
v -0.084608 0.413736 0.003783
v -0.161013 0.451132 0.156512
v -0.228015 0.454375 0.027768
v -0.084608 0.413736 0.003783
v 0.090259 0.425778 0.134717
v -0.161013 0.451132 0.156512
v 0.046137 0.496605 0.246765
v 0.086145 0.542078 0.204194
v -0.051766 0.496605 0.254644
v 0.184823 0.496595 0.174537
v 0.166418 0.460972 0.160570
v 0.255738 0.496605 0.046601
v 0.090259 0.425778 0.134717
v 0.166418 0.460972 0.160570
v 0.028861 0.454375 0.222850
v -0.095656 0.567432 -0.140079
v -0.074193 0.513027 -0.247250
v -0.200304 0.538835 -0.115873
v -0.188894 0.496595 -0.180796
v -0.170490 0.460972 -0.166828
v -0.259810 0.496605 -0.052859
v -0.094331 0.425778 -0.140976
v -0.170490 0.460972 -0.166828
v -0.032933 0.454375 -0.229109
v 0.134914 0.567432 -0.096749
v 0.242085 0.513027 -0.075286
v 0.110708 0.538835 -0.201398
v 0.175631 0.496595 -0.189988
v 0.161663 0.460972 -0.171583
v 0.047694 0.496605 -0.260903
v 0.135810 0.425778 -0.095424
v 0.161663 0.460972 -0.171583
v 0.223944 0.454375 -0.034027
v -0.138985 0.567432 0.090491
v -0.246157 0.513027 0.069028
v -0.114780 0.538835 0.195139
v -0.179702 0.496595 0.183730
v -0.161013 0.451132 0.156512
v -0.051766 0.496605 0.254644
v -0.166761 0.581963 -0.159368
v -0.036054 0.546322 -0.227441
v -0.152444 0.498506 -0.154884
v -0.166761 0.581963 -0.159368
v -0.079015 0.666285 -0.185821
v -0.036054 0.546322 -0.227441
v -0.166761 0.581963 -0.159368
v -0.183260 0.676438 -0.076337
v -0.079015 0.666285 -0.185821
v -0.079015 0.666285 -0.185821
v -0.183260 0.676438 -0.076337
v -0.059154 0.721698 -0.144444
v -0.152444 0.498506 -0.154884
v -0.169978 0.456161 -0.075770
v -0.226751 0.551582 -0.047254
v -0.158275 0.581963 0.161596
v -0.226347 0.546322 0.030888
v -0.153791 0.498506 0.147279
v -0.158275 0.581963 0.161596
v -0.184728 0.666285 0.073850
v -0.226347 0.546322 0.030888
v -0.158275 0.581963 0.161596
v -0.075244 0.676438 0.178095
v -0.184728 0.666285 0.073850
v -0.184728 0.666285 0.073850
v -0.075244 0.676438 0.178095
v -0.143351 0.721698 0.053989
v -0.153791 0.498506 0.147279
v -0.074676 0.456161 0.164813
v -0.046160 0.551583 0.221586
v 0.162690 0.581963 0.153110
v 0.031982 0.546322 0.221182
v 0.148373 0.498506 0.148626
v 0.162690 0.581963 0.153110
v 0.074944 0.666285 0.179563
v 0.031982 0.546322 0.221182
v 0.162690 0.581963 0.153110
v 0.151500 0.688081 0.099131
v 0.074944 0.666285 0.179563
v 0.074944 0.666285 0.179563
v 0.151500 0.688081 0.099131
v 0.055082 0.721698 0.138185
v 0.148373 0.498506 0.148626
v 0.165907 0.456161 0.069511
v 0.222680 0.551582 0.040995
v 0.154203 0.581963 -0.167855
v 0.222275 0.546322 -0.037147
v 0.149719 0.498506 -0.153538
v 0.154203 0.581963 -0.167855
v 0.180656 0.666285 -0.080109
v 0.222275 0.546322 -0.037147
v 0.154203 0.581963 -0.167855
v 0.071172 0.676438 -0.184353
v 0.180656 0.666285 -0.080109
v 0.180656 0.666285 -0.080109
v 0.071172 0.676438 -0.184353
v 0.139279 0.721698 -0.060248
v 0.149719 0.498506 -0.153538
v 0.070605 0.456161 -0.171072
v 0.042089 0.551582 -0.227845
v -0.002036 0.391033 -0.003129
v -0.113330 0.407340 0.020352
v -0.025517 0.407340 -0.114423
v -0.002036 0.391033 -0.003129
v 0.021445 0.407340 0.108164
v -0.113330 0.407340 0.020352
v -0.002036 0.391033 -0.003129
v 0.109258 0.407340 -0.026610
v 0.021445 0.407340 0.108164
v -0.002036 0.391033 -0.003129
v -0.025517 0.407340 -0.114423
v 0.109258 0.407340 -0.026610
v -0.055107 0.757141 0.076555
v -0.075244 0.676438 0.178095
v 0.055082 0.721698 0.138185
v 0.051774 0.772065 0.025726
v -0.081720 0.757141 -0.056201
v -0.055107 0.757141 0.076555
v -0.081720 0.757141 -0.056201
v -0.183260 0.676438 -0.076337
v -0.143351 0.721698 0.053989
v 0.051774 0.772065 0.025726
v 0.051036 0.757141 -0.082814
v -0.081720 0.757141 -0.056201
v 0.051036 0.757141 -0.082814
v 0.071172 0.676438 -0.184353
v -0.059154 0.721698 -0.144444
v 0.072039 0.579473 0.034004
v -0.095656 0.567432 -0.140079
v -0.138985 0.567432 0.090491
v -0.095656 0.567432 -0.140079
v -0.200304 0.538835 -0.115873
v -0.138985 0.567432 0.090491
v 0.072039 0.579473 0.034004
v 0.134914 0.567432 -0.096749
v -0.095656 0.567432 -0.140079
v 0.134914 0.567432 -0.096749
v 0.110708 0.538835 -0.201398
v -0.095656 0.567432 -0.140079
v 0.072039 0.579473 0.034004
v 0.196232 0.538835 0.109614
v 0.134914 0.567432 -0.096749
v -0.138985 0.567432 0.090491
v -0.114780 0.538835 0.195139
v 0.086145 0.542078 0.204194
v -0.084608 0.413736 0.003783
v -0.228015 0.454375 0.027768
v -0.094331 0.425778 -0.140976
v 0.090259 0.425778 0.134717
v 0.028861 0.454375 0.222850
v -0.161013 0.451132 0.156512
v -0.084608 0.413736 0.003783
v 0.135810 0.425778 -0.095424
v 0.090259 0.425778 0.134717
v 0.135810 0.425778 -0.095424
v 0.223944 0.454375 -0.034027
v 0.090259 0.425778 0.134717
v -0.084608 0.413736 0.003783
v -0.094331 0.425778 -0.140976
v 0.135810 0.425778 -0.095424
v -0.094331 0.425778 -0.140976
v -0.032933 0.454375 -0.229109
v 0.135810 0.425778 -0.095424
v 0.184823 0.496595 0.174537
v 0.086145 0.542078 0.204194
v 0.046137 0.496605 0.246765
v 0.086145 0.542078 0.204194
v -0.114780 0.538835 0.195139
v -0.051766 0.496605 0.254644
v 0.184823 0.496595 0.174537
v 0.196232 0.538835 0.109614
v 0.086145 0.542078 0.204194
v 0.184823 0.496595 0.174537
v 0.255738 0.496605 0.046601
v 0.196232 0.538835 0.109614
v 0.046137 0.496605 0.246765
v -0.051766 0.496605 0.254644
v 0.028861 0.454375 0.222850
v -0.188894 0.496595 -0.180796
v -0.200304 0.538835 -0.115873
v -0.074193 0.513027 -0.247250
v -0.188894 0.496595 -0.180796
v -0.259810 0.496605 -0.052859
v -0.200304 0.538835 -0.115873
v -0.074193 0.513027 -0.247250
v 0.047694 0.496605 -0.260903
v -0.032933 0.454375 -0.229109
v 0.175631 0.496595 -0.189988
v 0.110708 0.538835 -0.201398
v 0.242085 0.513027 -0.075286
v 0.175631 0.496595 -0.189988
v 0.047694 0.496605 -0.260903
v 0.110708 0.538835 -0.201398
v 0.242085 0.513027 -0.075286
v 0.255738 0.496605 0.046601
v 0.223944 0.454375 -0.034027
v -0.179702 0.496595 0.183730
v -0.114780 0.538835 0.195139
v -0.246157 0.513027 0.069028
v -0.179702 0.496595 0.183730
v -0.051766 0.496605 0.254644
v -0.114780 0.538835 0.195139
v -0.161013 0.451132 0.156512
v 0.028861 0.454375 0.222850
v -0.051766 0.496605 0.254644
v -0.246157 0.513027 0.069028
v -0.259810 0.496605 -0.052859
v -0.228015 0.454375 0.027768
v 0.071172 0.676438 -0.184353
v 0.042089 0.551582 -0.227845
v -0.036054 0.546322 -0.227441
v -0.079015 0.666285 -0.185821
v -0.169978 0.456161 -0.075770
v -0.163986 0.443848 0.063494
v -0.226347 0.546322 0.030888
v -0.226751 0.551582 -0.047254
v 0.070605 0.456161 -0.171072
v -0.068659 0.443848 -0.165079
v -0.036054 0.546322 -0.227441
v 0.042089 0.551582 -0.227845
v -0.183260 0.676438 -0.076337
v -0.226751 0.551582 -0.047254
v -0.226347 0.546322 0.030888
v -0.184728 0.666285 0.073850
v -0.074676 0.456161 0.164813
v 0.064588 0.443848 0.158821
v 0.031982 0.546322 0.221182
v -0.046160 0.551583 0.221586
v -0.075244 0.676438 0.178095
v -0.046160 0.551583 0.221586
v 0.031982 0.546322 0.221182
v 0.074944 0.666285 0.179563
v 0.195525 0.660629 0.034634
v 0.151500 0.688081 0.099131
v 0.162690 0.581963 0.153110
v 0.222680 0.551582 0.040995
v 0.165907 0.456161 0.069511
v 0.159914 0.443848 -0.069753
v 0.222275 0.546322 -0.037147
v 0.222680 0.551582 0.040995
v 0.195525 0.660629 0.034634
v 0.222680 0.551582 0.040995
v 0.222275 0.546322 -0.037147
v 0.180656 0.666285 -0.080109
v -0.169978 0.456161 -0.075770
v -0.068659 0.443848 -0.165079
v -0.025517 0.407340 -0.114423
v -0.113330 0.407340 0.020352
v -0.074676 0.456161 0.164813
v -0.163986 0.443848 0.063494
v -0.113330 0.407340 0.020352
v 0.021445 0.407340 0.108164
v 0.165907 0.456161 0.069511
v 0.064588 0.443848 0.158821
v 0.021445 0.407340 0.108164
v 0.109258 0.407340 -0.026610
v 0.070605 0.456161 -0.171072
v 0.159914 0.443848 -0.069753
v 0.109258 0.407340 -0.026610
v -0.025517 0.407340 -0.114423
v 0.195525 0.660629 0.034634
v 0.139279 0.721698 -0.060248
v 0.051774 0.772065 0.025726
v 0.151500 0.688081 0.099131
v 0.223944 0.454375 -0.034027
v 0.255738 0.496605 0.046601
v 0.166418 0.460972 0.160570
v 0.090259 0.425778 0.134717
v 0.028861 0.454375 0.222850
v 0.166418 0.460972 0.160570
v 0.184823 0.496595 0.174537
v 0.046137 0.496605 0.246765
v 0.110708 0.538835 -0.201398
v 0.047694 0.496605 -0.260903
v -0.074193 0.513027 -0.247250
v -0.095656 0.567432 -0.140079
v -0.228015 0.454375 0.027768
v -0.259810 0.496605 -0.052859
v -0.170490 0.460972 -0.166828
v -0.094331 0.425778 -0.140976
v -0.032933 0.454375 -0.229109
v -0.170490 0.460972 -0.166828
v -0.188894 0.496595 -0.180796
v -0.074193 0.513027 -0.247250
v 0.196232 0.538835 0.109614
v 0.255738 0.496605 0.046601
v 0.242085 0.513027 -0.075286
v 0.134914 0.567432 -0.096749
v -0.032933 0.454375 -0.229109
v 0.047694 0.496605 -0.260903
v 0.161663 0.460972 -0.171583
v 0.135810 0.425778 -0.095424
v 0.223944 0.454375 -0.034027
v 0.161663 0.460972 -0.171583
v 0.175631 0.496595 -0.189988
v 0.242085 0.513027 -0.075286
v -0.200304 0.538835 -0.115873
v -0.259810 0.496605 -0.052859
v -0.246157 0.513027 0.069028
v -0.138985 0.567432 0.090491
v -0.228015 0.454375 0.027768
v -0.161013 0.451132 0.156512
v -0.179702 0.496595 0.183730
v -0.246157 0.513027 0.069028
vn -0.958420 -0.071416 0.276281
vn -0.958420 -0.071416 0.276281
vn -0.958420 -0.071416 0.276281
vn -0.958420 -0.071416 0.276281
vn -0.958420 -0.071416 0.276282
vn -0.958420 -0.071416 0.276282
vn -0.958420 -0.071416 0.276282
vn -0.958420 -0.071416 0.276282
vn -0.958420 -0.071416 0.276281
vn -0.958420 -0.071416 0.276281
vn -0.958420 -0.071416 0.276281
vn -0.958420 -0.071416 0.276281
vn 0.558927 -0.071416 0.826136
vn 0.558927 -0.071416 0.826136
vn 0.558927 -0.071416 0.826136
vn 0.558927 -0.071416 0.826136
vn 0.558927 -0.071415 0.826136
vn 0.558927 -0.071415 0.826136
vn 0.558927 -0.071415 0.826136
vn 0.558927 -0.071415 0.826136
vn 0.558927 -0.071416 0.826136
vn 0.558927 -0.071416 0.826136
vn 0.558927 -0.071416 0.826136
vn 0.558927 -0.071416 0.826136
vn 0.937772 -0.071416 0.339829
vn 0.937772 -0.071416 0.339829
vn 0.937772 -0.071416 0.339829
vn 0.937772 -0.071416 0.339829
vn 0.937772 -0.071416 0.339829
vn 0.937772 -0.071416 0.339829
vn 0.937772 -0.071416 0.339829
vn 0.937772 -0.071416 0.339829
vn 0.418781 -0.731873 -0.537573
vn 0.418781 -0.731873 -0.537573
vn 0.418781 -0.731873 -0.537573
vn 0.418781 -0.731873 -0.537573
vn 0.560358 0.000000 0.828251
vn 0.560358 0.000000 0.828251
vn 0.560358 0.000000 0.828251
vn 0.560358 0.000000 0.828251
vn 0.937772 -0.071416 0.339829
vn 0.937772 -0.071416 0.339829
vn 0.937772 -0.071416 0.339829
vn 0.937772 -0.071416 0.339829
vn 0.958420 -0.071416 -0.276281
vn 0.958420 -0.071416 -0.276281
vn 0.958420 -0.071416 -0.276281
vn 0.958420 -0.071416 -0.276281
vn -0.418751 -0.731921 0.537531
vn -0.418751 -0.731921 0.537531
vn -0.418751 -0.731921 0.537531
vn -0.418751 -0.731921 0.537531
vn -0.022823 -0.731921 0.681007
vn -0.022823 -0.731921 0.681007
vn -0.022823 -0.731921 0.681007
vn -0.022823 -0.731921 0.681007
vn 0.381822 -0.731921 0.564362
vn 0.381822 -0.731921 0.564362
vn 0.381822 -0.731921 0.564362
vn 0.381822 -0.731921 0.564362
vn 0.640624 -0.731921 0.232149
vn 0.640624 -0.731921 0.232149
vn 0.640624 -0.731921 0.232149
vn 0.640624 -0.731921 0.232149
vn 0.654729 -0.731921 -0.188737
vn 0.654729 -0.731921 -0.188737
vn 0.654729 -0.731921 -0.188737
vn 0.654729 -0.731921 -0.188737
vn 0.418750 -0.731921 -0.537532
vn 0.418750 -0.731921 -0.537532
vn 0.418750 -0.731921 -0.537532
vn 0.418750 -0.731921 -0.537532
vn 0.022823 -0.731921 -0.681007
vn 0.022823 -0.731921 -0.681007
vn 0.022823 -0.731921 -0.681007
vn 0.022823 -0.731921 -0.681007
vn -0.381822 -0.731921 -0.564361
vn -0.381822 -0.731921 -0.564361
vn -0.381822 -0.731921 -0.564361
vn -0.381822 -0.731921 -0.564361
vn -0.640624 -0.731921 -0.232149
vn -0.640624 -0.731921 -0.232149
vn -0.640624 -0.731921 -0.232149
vn -0.640624 -0.731921 -0.232149
vn -0.654729 -0.731921 0.188737
vn -0.654729 -0.731921 0.188737
vn -0.654729 -0.731921 0.188737
vn -0.654729 -0.731921 0.188737
vn 0.000000 -1.000000 0.000000
vn 0.000000 -1.000000 0.000000
vn 0.000000 -1.000000 0.000000
vn 0.000000 -1.000000 0.000000
vn 0.000000 -1.000000 0.000000
vn 0.000000 -1.000000 0.000000
vn 0.000000 -1.000000 0.000000
vn 0.000000 -1.000000 0.000000
vn 0.000000 -1.000000 0.000000
vn 0.000000 -1.000000 0.000000
vn 0.654779 -0.731872 -0.188752
vn 0.654779 -0.731872 -0.188752
vn 0.654779 -0.731872 -0.188752
vn 0.654779 -0.731872 -0.188752
vn 0.640672 -0.731873 0.232167
vn 0.640672 -0.731873 0.232167
vn 0.640672 -0.731873 0.232167
vn 0.640672 -0.731873 0.232167
vn -0.418781 -0.731873 0.537573
vn -0.418781 -0.731873 0.537573
vn -0.418781 -0.731873 0.537573
vn -0.418781 -0.731873 0.537573
vn 0.381851 -0.731873 0.564405
vn 0.381851 -0.731873 0.564405
vn 0.381851 -0.731873 0.564405
vn 0.381851 -0.731873 0.564405
vn -0.022825 -0.731872 0.681060
vn -0.022825 -0.731872 0.681060
vn -0.022825 -0.731872 0.681060
vn -0.022825 -0.731872 0.681060
vn -0.654779 -0.731872 0.188752
vn -0.654779 -0.731872 0.188752
vn -0.654779 -0.731872 0.188752
vn -0.654779 -0.731872 0.188752
vn -0.640671 -0.731874 -0.232167
vn -0.640671 -0.731874 -0.232167
vn -0.640671 -0.731874 -0.232167
vn -0.640671 -0.731874 -0.232167
vn -0.381851 -0.731872 -0.564405
vn -0.381851 -0.731872 -0.564405
vn -0.381851 -0.731872 -0.564405
vn -0.381851 -0.731872 -0.564405
vn 0.022825 -0.731871 -0.681061
vn 0.022825 -0.731871 -0.681061
vn 0.022825 -0.731871 -0.681061
vn 0.022825 -0.731871 -0.681061
vn 0.235636 -0.969465 -0.067926
vn 0.235636 -0.969465 -0.067926
vn 0.235636 -0.969465 -0.067926
vn 0.235636 -0.969465 -0.067926
vn 0.960873 0.000000 -0.276988
vn 0.960873 0.000000 -0.276988
vn 0.960873 0.000000 -0.276988
vn 0.960873 0.000000 -0.276988
vn 0.033495 0.000000 -0.999439
vn 0.033495 0.000000 -0.999439
vn 0.033495 0.000000 -0.999439
vn 0.033495 0.000000 -0.999439
vn -0.033495 0.000000 0.999439
vn -0.033495 0.000000 0.999439
vn -0.033495 0.000000 0.999439
vn -0.033495 0.000000 0.999439
vn -0.940173 0.000000 -0.340699
vn -0.940173 0.000000 -0.340699
vn -0.940173 0.000000 -0.340699
vn -0.940173 0.000000 -0.340699
vn 0.940173 0.000000 0.340699
vn 0.940173 0.000000 0.340699
vn 0.940173 0.000000 0.340699
vn 0.940173 0.000000 0.340699
vn 0.614553 0.000000 -0.788875
vn 0.614553 0.000000 -0.788875
vn 0.614553 0.000000 -0.788875
vn 0.614553 0.000000 -0.788875
vn -0.560358 0.000000 -0.828251
vn -0.560358 0.000000 -0.828251
vn -0.560358 0.000000 -0.828251
vn -0.560358 0.000000 -0.828251
vn -0.960873 0.000000 0.276989
vn -0.960873 0.000000 0.276989
vn -0.960873 0.000000 0.276989
vn -0.960873 0.000000 0.276989
vn -0.614553 0.000000 0.788875
vn -0.614553 0.000000 0.788875
vn -0.614553 0.000000 0.788875
vn -0.614553 0.000000 0.788875
vn -0.533826 0.304066 -0.789034
vn -0.533826 0.304066 -0.789034
vn -0.533826 0.304066 -0.789034
vn -0.533826 0.304066 -0.789034
vn -0.137416 -0.969465 -0.203112
vn -0.137416 -0.969465 -0.203112
vn -0.137416 -0.969465 -0.203112
vn -0.137416 -0.969465 -0.203112
vn -0.150707 -0.969465 0.193456
vn -0.150707 -0.969465 0.193456
vn -0.150707 -0.969465 0.193456
vn -0.150707 -0.969465 0.193456
vn 0.230559 -0.969465 0.083550
vn 0.230559 -0.969465 0.083550
vn 0.230559 -0.969465 0.083550
vn 0.230559 -0.969465 0.083550
vn 0.008214 -0.969465 -0.245093
vn 0.008214 -0.969465 -0.245093
vn 0.008214 -0.969465 -0.245093
vn 0.008214 -0.969465 -0.245093
vn -0.235635 -0.969465 0.067926
vn -0.235635 -0.969465 0.067926
vn -0.235635 -0.969465 0.067926
vn -0.235635 -0.969465 0.067926
vn 0.137417 -0.969465 0.203112
vn 0.137417 -0.969465 0.203112
vn 0.137417 -0.969465 0.203112
vn 0.137417 -0.969465 0.203112
vn 0.150708 -0.969465 -0.193456
vn 0.150708 -0.969465 -0.193456
vn 0.150708 -0.969465 -0.193456
vn 0.150708 -0.969465 -0.193456
vn -0.230559 -0.969465 -0.083550
vn -0.230559 -0.969465 -0.083550
vn -0.230559 -0.969465 -0.083550
vn -0.230559 -0.969465 -0.083550
vn -0.008214 -0.969465 0.245093
vn -0.008214 -0.969465 0.245093
vn -0.008214 -0.969465 0.245093
vn -0.008214 -0.969465 0.245093
vn -0.555869 -0.426456 0.713544
vn -0.555869 -0.426456 0.713544
vn -0.555869 -0.426456 0.713544
vn -0.555869 -0.426456 0.713544
vn -0.585455 0.304066 0.751523
vn -0.585455 0.304066 0.751523
vn -0.585455 0.304066 0.751523
vn -0.585455 0.304066 0.751523
vn 0.895656 0.304066 0.324567
vn 0.895656 0.304066 0.324567
vn 0.895656 0.304066 0.324567
vn 0.895656 0.304066 0.324567
vn 0.031909 0.304066 -0.952117
vn 0.031909 0.304066 -0.952117
vn 0.031909 0.304066 -0.952117
vn 0.031909 0.304066 -0.952117
vn -0.915377 0.304066 0.263874
vn -0.915377 0.304066 0.263874
vn -0.915377 0.304066 0.263874
vn -0.915377 0.304066 0.263874
vn 0.533826 0.304066 0.789034
vn 0.533826 0.304066 0.789034
vn 0.533826 0.304066 0.789034
vn 0.533826 0.304066 0.789034
vn 0.585455 0.304066 -0.751523
vn 0.585455 0.304066 -0.751523
vn 0.585455 0.304066 -0.751523
vn 0.585455 0.304066 -0.751523
vn -0.895656 0.304066 -0.324567
vn -0.895656 0.304066 -0.324567
vn -0.895656 0.304066 -0.324567
vn -0.895656 0.304066 -0.324567
vn -0.031909 0.304067 0.952116
vn -0.031909 0.304067 0.952116
vn -0.031909 0.304067 0.952116
vn -0.031909 0.304067 0.952116
vn 0.915377 0.304066 -0.263873
vn 0.915377 0.304066 -0.263873
vn 0.915377 0.304066 -0.263873
vn 0.915377 0.304066 -0.263873
vn 0.920966 -0.201097 0.333739
vn 0.920966 -0.201097 0.333739
vn 0.920966 -0.201097 0.333739
vn 0.920966 -0.201097 0.333739
vn 0.850394 -0.426456 0.308165
vn 0.850394 -0.426456 0.308165
vn 0.850394 -0.426456 0.308165
vn 0.850394 -0.426456 0.308165
vn 0.030296 -0.426456 -0.904001
vn 0.030296 -0.426456 -0.904001
vn 0.030296 -0.426456 -0.904001
vn 0.030296 -0.426456 -0.904001
vn -0.869118 -0.426456 0.250539
vn -0.869118 -0.426456 0.250539
vn -0.869118 -0.426456 0.250539
vn -0.869118 -0.426456 0.250539
vn 0.506848 -0.426456 0.749160
vn 0.506848 -0.426456 0.749160
vn 0.506848 -0.426456 0.749160
vn 0.506848 -0.426456 0.749160
vn 0.555868 -0.426456 -0.713544
vn 0.555868 -0.426456 -0.713544
vn 0.555868 -0.426456 -0.713544
vn 0.555868 -0.426456 -0.713544
vn -0.850394 -0.426456 -0.308165
vn -0.850394 -0.426456 -0.308165
vn -0.850394 -0.426456 -0.308165
vn -0.850394 -0.426456 -0.308165
vn -0.030296 -0.426456 0.904001
vn -0.030296 -0.426456 0.904001
vn -0.030296 -0.426456 0.904001
vn -0.030296 -0.426456 0.904001
vn 0.869118 -0.426456 -0.250538
vn 0.869118 -0.426456 -0.250538
vn 0.869118 -0.426456 -0.250538
vn 0.869118 -0.426456 -0.250538
vn -0.506848 -0.426456 -0.749160
vn -0.506848 -0.426456 -0.749160
vn -0.506848 -0.426456 -0.749160
vn -0.506848 -0.426456 -0.749160
vn 0.033486 -0.022107 -0.999195
vn 0.033486 -0.022107 -0.999195
vn 0.033486 -0.022107 -0.999195
vn 0.033486 -0.022107 -0.999195
vn 0.032810 -0.201097 -0.979022
vn 0.032810 -0.201097 -0.979022
vn 0.032810 -0.201097 -0.979022
vn 0.032810 -0.201097 -0.979022
vn -0.941244 -0.201096 0.271330
vn -0.941244 -0.201096 0.271330
vn -0.941244 -0.201096 0.271330
vn -0.941244 -0.201096 0.271330
vn 0.548910 -0.201097 0.811331
vn 0.548910 -0.201097 0.811331
vn 0.548910 -0.201097 0.811331
vn 0.548910 -0.201097 0.811331
vn 0.601999 -0.201097 -0.772760
vn 0.601999 -0.201097 -0.772760
vn 0.601999 -0.201097 -0.772760
vn 0.601999 -0.201097 -0.772760
vn -0.920966 -0.201097 -0.333739
vn -0.920966 -0.201097 -0.333739
vn -0.920966 -0.201097 -0.333739
vn -0.920966 -0.201097 -0.333739
vn -0.032810 -0.201096 0.979022
vn -0.032810 -0.201096 0.979022
vn -0.032810 -0.201096 0.979022
vn -0.032810 -0.201096 0.979022
vn 0.941244 -0.201097 -0.271330
vn 0.941244 -0.201097 -0.271330
vn 0.941244 -0.201097 -0.271330
vn 0.941244 -0.201097 -0.271330
vn -0.548910 -0.201097 -0.811331
vn -0.548910 -0.201097 -0.811331
vn -0.548910 -0.201097 -0.811331
vn -0.548910 -0.201097 -0.811331
vn -0.601999 -0.201097 0.772760
vn -0.601999 -0.201097 0.772760
vn -0.601999 -0.201097 0.772760
vn -0.601999 -0.201097 0.772760
vn -0.650213 -0.736268 0.187435
vn -0.650213 -0.736268 0.187435
vn -0.650213 -0.736268 0.187435
vn -0.650213 -0.736268 0.187435
vn -0.960638 -0.022107 0.276921
vn -0.960638 -0.022107 0.276921
vn -0.960638 -0.022107 0.276921
vn -0.960638 -0.022107 0.276921
vn 0.560221 -0.022107 0.828048
vn 0.560221 -0.022107 0.828048
vn 0.560221 -0.022107 0.828048
vn 0.560221 -0.022107 0.828048
vn 0.614403 -0.022107 -0.788683
vn 0.614403 -0.022107 -0.788683
vn 0.614403 -0.022107 -0.788683
vn 0.614403 -0.022107 -0.788683
vn -0.939943 -0.022107 -0.340616
vn -0.939943 -0.022107 -0.340616
vn -0.939943 -0.022107 -0.340616
vn -0.939943 -0.022107 -0.340616
vn -0.033486 -0.022107 0.999195
vn -0.033486 -0.022107 0.999195
vn -0.033486 -0.022107 0.999195
vn -0.033486 -0.022107 0.999195
vn 0.960638 -0.022107 -0.276921
vn 0.960638 -0.022107 -0.276921
vn 0.960638 -0.022107 -0.276921
vn 0.960638 -0.022107 -0.276921
vn -0.560221 -0.022107 -0.828048
vn -0.560221 -0.022107 -0.828048
vn -0.560221 -0.022107 -0.828048
vn -0.560221 -0.022107 -0.828048
vn -0.614403 -0.022107 0.788683
vn -0.614403 -0.022107 0.788683
vn -0.614403 -0.022107 0.788683
vn -0.614403 -0.022107 0.788683
vn 0.939943 -0.022107 0.340616
vn 0.939943 -0.022107 0.340616
vn 0.939943 -0.022107 0.340616
vn 0.939943 -0.022107 0.340616
vn 0.270646 -0.897804 -0.347417
vn 0.270646 -0.897804 -0.347417
vn 0.270646 -0.897804 -0.347417
vn 0.270646 -0.897804 -0.347417
vn 0.379189 -0.736267 0.560469
vn 0.379189 -0.736267 0.560469
vn 0.379189 -0.736267 0.560469
vn 0.379189 -0.736267 0.560469
vn 0.415862 -0.736268 -0.533825
vn 0.415862 -0.736268 -0.533825
vn 0.415862 -0.736268 -0.533825
vn 0.415862 -0.736268 -0.533825
vn -0.636206 -0.736268 -0.230547
vn -0.636206 -0.736268 -0.230547
vn -0.636206 -0.736268 -0.230547
vn -0.636206 -0.736268 -0.230547
vn -0.022665 -0.736268 0.676310
vn -0.022665 -0.736268 0.676310
vn -0.022665 -0.736268 0.676310
vn -0.022665 -0.736268 0.676310
vn 0.650215 -0.736267 -0.187435
vn 0.650215 -0.736267 -0.187435
vn 0.650215 -0.736267 -0.187435
vn 0.650215 -0.736267 -0.187435
vn -0.379189 -0.736269 -0.560468
vn -0.379189 -0.736269 -0.560468
vn -0.379189 -0.736269 -0.560468
vn -0.379189 -0.736269 -0.560468
vn -0.415862 -0.736268 0.533824
vn -0.415862 -0.736268 0.533824
vn -0.415862 -0.736268 0.533824
vn -0.415862 -0.736268 0.533824
vn 0.636205 -0.736268 0.230548
vn 0.636205 -0.736268 0.230548
vn 0.636205 -0.736268 0.230548
vn 0.636205 -0.736268 0.230548
vn 0.022666 -0.736267 -0.676311
vn 0.022666 -0.736267 -0.676311
vn 0.022666 -0.736267 -0.676311
vn 0.022666 -0.736267 -0.676311
vn -0.861957 0.399329 -0.312355
vn -0.861957 0.399329 -0.312355
vn -0.861957 0.399329 -0.312355
vn -0.861957 0.399329 -0.312355
vn -0.414047 -0.897804 -0.150042
vn -0.414047 -0.897804 -0.150042
vn -0.414047 -0.897804 -0.150042
vn -0.414047 -0.897804 -0.150042
vn -0.014751 -0.897804 0.440149
vn -0.014751 -0.897804 0.440149
vn -0.014751 -0.897804 0.440149
vn -0.014751 -0.897804 0.440149
vn 0.423164 -0.897804 -0.121984
vn 0.423164 -0.897804 -0.121984
vn 0.423164 -0.897804 -0.121984
vn 0.423164 -0.897804 -0.121984
vn -0.246778 -0.897804 -0.364758
vn -0.246778 -0.897804 -0.364758
vn -0.246778 -0.897804 -0.364758
vn -0.246778 -0.897804 -0.364758
vn -0.270647 -0.897804 0.347417
vn -0.270647 -0.897804 0.347417
vn -0.270647 -0.897804 0.347417
vn -0.270647 -0.897804 0.347417
vn 0.414047 -0.897804 0.150042
vn 0.414047 -0.897804 0.150042
vn 0.414047 -0.897804 0.150042
vn 0.414047 -0.897804 0.150042
vn 0.014751 -0.897804 -0.440147
vn 0.014751 -0.897804 -0.440147
vn 0.014751 -0.897804 -0.440147
vn 0.014751 -0.897804 -0.440147
vn -0.423163 -0.897804 0.121985
vn -0.423163 -0.897804 0.121985
vn -0.423163 -0.897804 0.121985
vn -0.423163 -0.897804 0.121985
vn 0.246778 -0.897804 0.364758
vn 0.246778 -0.897804 0.364758
vn 0.246778 -0.897804 0.364758
vn 0.246778 -0.897804 0.364758
vn 0.000000 1.000000 0.000000
vn 0.000000 1.000000 0.000000
vn 0.000000 1.000000 0.000000
vn 0.000000 1.000000 0.000000
vn 0.000000 1.000000 0.000000
vn 0.000000 1.000000 0.000000
vn 0.000000 1.000000 0.000000
vn 0.000000 1.000000 0.000000
vn 0.000000 1.000000 0.000000
vn 0.000000 1.000000 0.000000
vn -0.030708 0.399330 0.916293
vn -0.030708 0.399330 0.916293
vn -0.030708 0.399330 0.916293
vn -0.030708 0.399330 0.916293
vn 0.880936 0.399330 -0.253945
vn 0.880936 0.399330 -0.253945
vn 0.880936 0.399330 -0.253945
vn 0.880936 0.399330 -0.253945
vn -0.513740 0.399330 -0.759346
vn -0.513740 0.399330 -0.759346
vn -0.513740 0.399330 -0.759346
vn -0.513740 0.399330 -0.759346
vn -0.563427 0.399330 0.723247
vn -0.563427 0.399330 0.723247
vn -0.563427 0.399330 0.723247
vn -0.563427 0.399330 0.723247
vn 0.861957 0.399330 0.312356
vn 0.861957 0.399330 0.312356
vn 0.861957 0.399330 0.312356
vn 0.861957 0.399330 0.312356
vn 0.030708 0.399329 -0.916293
vn 0.030708 0.399329 -0.916293
vn 0.030708 0.399329 -0.916293
vn 0.030708 0.399329 -0.916293
vn -0.880936 0.399330 0.253946
vn -0.880936 0.399330 0.253946
vn -0.880936 0.399330 0.253946
vn -0.880936 0.399330 0.253946
vn 0.513740 0.399330 0.759346
vn 0.513740 0.399330 0.759346
vn 0.513740 0.399330 0.759346
vn 0.513740 0.399330 0.759346
vn 0.563428 0.399329 -0.723247
vn 0.563428 0.399329 -0.723247
vn 0.563428 0.399329 -0.723247
vn 0.563428 0.399329 -0.723247
vn 0.607425 -0.151871 -0.779725
vn 0.607425 -0.151871 -0.779725
vn 0.607425 -0.151871 -0.779725
vn 0.607425 -0.151871 -0.779725
vn 0.553858 -0.151871 0.818643
vn 0.553858 -0.151871 0.818643
vn 0.553858 -0.151871 0.818643
vn 0.553858 -0.151871 0.818643
vn -0.949727 -0.151872 0.273776
vn -0.949727 -0.151872 0.273776
vn -0.949727 -0.151872 0.273776
vn -0.949727 -0.151872 0.273776
vn 0.033106 -0.151871 -0.987846
vn 0.033106 -0.151871 -0.987846
vn 0.033106 -0.151871 -0.987846
vn 0.033106 -0.151871 -0.987846
vn 0.929267 -0.151872 0.336747
vn 0.929267 -0.151872 0.336747
vn 0.929267 -0.151872 0.336747
vn 0.929267 -0.151872 0.336747
vn -0.607425 -0.151871 0.779724
vn -0.607425 -0.151871 0.779724
vn -0.607425 -0.151871 0.779724
vn -0.607425 -0.151871 0.779724
vn -0.553857 -0.151873 -0.818643
vn -0.553857 -0.151873 -0.818643
vn -0.553857 -0.151873 -0.818643
vn -0.553857 -0.151873 -0.818643
vn 0.949727 -0.151872 -0.273775
vn 0.949727 -0.151872 -0.273775
vn 0.949727 -0.151872 -0.273775
vn 0.949727 -0.151872 -0.273775
vn -0.033106 -0.151872 0.987846
vn -0.033106 -0.151872 0.987846
vn -0.033106 -0.151872 0.987846
vn -0.033106 -0.151872 0.987846
vn -0.929267 -0.151872 -0.336747
vn -0.929267 -0.151872 -0.336747
vn -0.929267 -0.151872 -0.336747
vn -0.929267 -0.151872 -0.336747
vn -0.612984 -0.071416 0.786861
vn -0.612984 -0.071416 0.786861
vn -0.612984 -0.071416 0.786861
vn -0.612984 -0.071416 0.786861
vn -0.612984 -0.071416 0.786861
vn -0.612984 -0.071416 0.786861
vn -0.612984 -0.071417 0.786861
vn -0.612984 -0.071416 0.786861
vn -0.612984 -0.071417 0.786861
vn -0.612984 -0.071416 0.786861
vn -0.612985 -0.071416 0.786861
vn -0.612984 -0.071416 0.786861
vn -0.612984 -0.071415 0.786861
vn -0.612984 -0.071416 0.786861
vn -0.612984 -0.071415 0.786861
vn -0.612984 -0.071416 0.786861
vn -0.612984 -0.071415 0.786861
vn -0.612985 -0.071416 0.786861
vn -0.612984 -0.071415 0.786861
vn -0.612985 -0.071415 0.786861
vn -0.612983 -0.071416 0.786862
vn -0.612985 -0.071416 0.786861
vn -0.612983 -0.071416 0.786862
vn -0.612985 -0.071415 0.786861
vn -0.612984 -0.071416 0.786861
vn -0.612985 -0.071415 0.786861
vn -0.612984 -0.071416 0.786861
vn -0.612985 -0.071415 0.786861
vn -0.033409 -0.071416 0.996887
vn -0.033409 -0.071416 0.996887
vn -0.033409 -0.071416 0.996887
vn -0.033409 -0.071416 0.996887
vn -0.033410 -0.071416 0.996887
vn -0.033408 -0.071415 0.996887
vn -0.033409 -0.071417 0.996887
vn -0.033408 -0.071415 0.996887
vn -0.033409 -0.071417 0.996887
vn -0.033408 -0.071415 0.996887
vn -0.033409 -0.071415 0.996887
vn -0.033409 -0.071416 0.996887
vn -0.033409 -0.071417 0.996887
vn -0.033409 -0.071416 0.996887
vn -0.033409 -0.071417 0.996887
vn -0.033409 -0.071416 0.996887
vn -0.033408 -0.071416 0.996887
vn -0.033409 -0.071415 0.996887
vn -0.033409 -0.071412 0.996887
vn -0.033410 -0.071416 0.996887
vn -0.033408 -0.071416 0.996887
vn -0.033409 -0.071415 0.996887
vn -0.033408 -0.071416 0.996887
vn -0.033410 -0.071416 0.996887
vn -0.033409 -0.071415 0.996887
vn -0.033410 -0.071416 0.996887
vn -0.033409 -0.071415 0.996887
vn -0.033410 -0.071416 0.996887
vn -0.937772 -0.071416 -0.339829
vn -0.937772 -0.071416 -0.339829
vn -0.937772 -0.071416 -0.339829
vn -0.937772 -0.071416 -0.339829
vn -0.937772 -0.071415 -0.339830
vn -0.937772 -0.071416 -0.339829
vn -0.937772 -0.071415 -0.339829
vn -0.937772 -0.071416 -0.339829
vn -0.937772 -0.071415 -0.339829
vn -0.937772 -0.071416 -0.339829
vn -0.937772 -0.071416 -0.339829
vn -0.937772 -0.071416 -0.339829
vn -0.937772 -0.071416 -0.339829
vn -0.937772 -0.071416 -0.339829
vn -0.937772 -0.071416 -0.339829
vn -0.937772 -0.071416 -0.339829
vn -0.937772 -0.071416 -0.339829
vn -0.937772 -0.071416 -0.339828
vn -0.937772 -0.071416 -0.339829
vn -0.937772 -0.071416 -0.339828
vn -0.937772 -0.071416 -0.339829
vn -0.937772 -0.071416 -0.339828
vn -0.937772 -0.071416 -0.339829
vn -0.937772 -0.071416 -0.339828
vn -0.937772 -0.071416 -0.339829
vn -0.937772 -0.071416 -0.339828
vn -0.937772 -0.071416 -0.339829
vn -0.937772 -0.071416 -0.339828
vn -0.558927 -0.071416 -0.826136
vn -0.558927 -0.071416 -0.826136
vn -0.558927 -0.071416 -0.826136
vn -0.558927 -0.071416 -0.826136
vn -0.558927 -0.071416 -0.826136
vn -0.558927 -0.071416 -0.826136
vn -0.558927 -0.071415 -0.826136
vn -0.558927 -0.071416 -0.826136
vn -0.558927 -0.071415 -0.826136
vn -0.558927 -0.071416 -0.826136
vn -0.558927 -0.071416 -0.826136
vn -0.558927 -0.071416 -0.826136
vn -0.558927 -0.071418 -0.826136
vn -0.558927 -0.071416 -0.826136
vn -0.558927 -0.071418 -0.826136
vn -0.558927 -0.071416 -0.826136
vn -0.558926 -0.071416 -0.826136
vn -0.558927 -0.071416 -0.826136
vn -0.558927 -0.071416 -0.826136
vn -0.558927 -0.071416 -0.826136
vn -0.558926 -0.071416 -0.826136
vn -0.558927 -0.071416 -0.826136
vn -0.558926 -0.071416 -0.826136
vn -0.558927 -0.071416 -0.826136
vn -0.558927 -0.071416 -0.826136
vn -0.558927 -0.071416 -0.826136
vn -0.558927 -0.071416 -0.826136
vn -0.558927 -0.071416 -0.826136
vn 0.033409 -0.071416 -0.996887
vn 0.033409 -0.071416 -0.996887
vn 0.033409 -0.071416 -0.996887
vn 0.033409 -0.071416 -0.996887
vn 0.033409 -0.071416 -0.996887
vn 0.033409 -0.071415 -0.996887
vn 0.033409 -0.071414 -0.996887
vn 0.033409 -0.071415 -0.996887
vn 0.033409 -0.071414 -0.996887
vn 0.033409 -0.071415 -0.996887
vn 0.033410 -0.071416 -0.996887
vn 0.033410 -0.071416 -0.996887
vn 0.033409 -0.071417 -0.996887
vn 0.033410 -0.071416 -0.996887
vn 0.033409 -0.071417 -0.996887
vn 0.033410 -0.071416 -0.996887
vn 0.033409 -0.071416 -0.996887
vn 0.033410 -0.071416 -0.996887
vn 0.033409 -0.071411 -0.996887
vn 0.033410 -0.071416 -0.996887
vn 0.033409 -0.071416 -0.996887
vn 0.033410 -0.071416 -0.996887
vn 0.033409 -0.071416 -0.996887
vn 0.033410 -0.071416 -0.996887
vn 0.033409 -0.071416 -0.996887
vn 0.033410 -0.071416 -0.996887
vn 0.033409 -0.071416 -0.996887
vn 0.033410 -0.071416 -0.996887
vn 0.612984 -0.071416 -0.786861
vn 0.612984 -0.071416 -0.786861
vn 0.612984 -0.071416 -0.786861
vn 0.612984 -0.071416 -0.786861
vn 0.612984 -0.071416 -0.786861
vn 0.612985 -0.071416 -0.786861
vn 0.612984 -0.071414 -0.786861
vn 0.612985 -0.071416 -0.786861
vn 0.612984 -0.071414 -0.786861
vn 0.612985 -0.071416 -0.786861
vn 0.612984 -0.071416 -0.786861
vn 0.612984 -0.071416 -0.786861
vn 0.612984 -0.071415 -0.786861
vn 0.612984 -0.071416 -0.786861
vn 0.612984 -0.071415 -0.786861
vn 0.612984 -0.071416 -0.786861
vn 0.612984 -0.071416 -0.786862
vn 0.612985 -0.071416 -0.786861
vn 0.612984 -0.071416 -0.786861
vn 0.612984 -0.071416 -0.786861
vn 0.612984 -0.071416 -0.786861
vn 0.612985 -0.071416 -0.786861
vn 0.612984 -0.071416 -0.786861
vn 0.612984 -0.071416 -0.786861
vn 0.612984 -0.071415 -0.786861
vn 0.612984 -0.071416 -0.786861
vn 0.612984 -0.071415 -0.786861
vn 0.612984 -0.071416 -0.786861
vn 0.958420 -0.071416 -0.276281
vn 0.958420 -0.071416 -0.276281
vn 0.958420 -0.071416 -0.276281
vn 0.958420 -0.071416 -0.276281
vn 0.958420 -0.071416 -0.276282
vn 0.958420 -0.071416 -0.276282
vn 0.958420 -0.071415 -0.276281
vn 0.958420 -0.071416 -0.276282
vn 0.958420 -0.071415 -0.276281
vn 0.958420 -0.071416 -0.276282
vn 0.958420 -0.071416 -0.276281
vn 0.958420 -0.071416 -0.276281
vn 0.958420 -0.071416 -0.276281
vn 0.958420 -0.071416 -0.276281
vn 0.958420 -0.071416 -0.276281
vn 0.958420 -0.071416 -0.276281
vn 0.958420 -0.071416 -0.276282
vn 0.958420 -0.071416 -0.276282
vn 0.958420 -0.071417 -0.276281
vn 0.958420 -0.071416 -0.276281
vn 0.958420 -0.071416 -0.276280
vn 0.958420 -0.071416 -0.276282
vn 0.958420 -0.071416 -0.276280
vn 0.958420 -0.071416 -0.276281
vn 0.958420 -0.071417 -0.276281
vn 0.958420 -0.071416 -0.276281
vn 0.958420 -0.071417 -0.276281
vn 0.958420 -0.071416 -0.276281
vn 0.937772 -0.071416 0.339829
vn 0.937772 -0.071416 0.339829
vn 0.937772 -0.071416 0.339829
vn 0.937772 -0.071416 0.339829
vn 0.937772 -0.071416 0.339828
vn 0.937772 -0.071416 0.339829
vn 0.937772 -0.071415 0.339829
vn 0.937772 -0.071416 0.339829
vn 0.937772 -0.071415 0.339829
vn 0.937772 -0.071416 0.339829
vn 0.937772 -0.071416 0.339828
vn 0.937772 -0.071415 0.339830
vn 0.937772 -0.071415 0.339829
vn 0.937772 -0.071415 0.339830
vn 0.937772 -0.071415 0.339829
vn 0.937772 -0.071415 0.339830
vn 0.937772 -0.071416 0.339829
vn 0.937772 -0.071416 0.339829
vn 0.937772 -0.071415 0.339829
vn 0.937772 -0.071416 0.339830
vn 0.937772 -0.071416 0.339830
vn 0.937772 -0.071416 0.339829
vn 0.937772 -0.071416 0.339830
vn 0.937772 -0.071416 0.339830
vn 0.937772 -0.071416 0.339829
vn 0.937772 -0.071416 0.339830
vn 0.937772 -0.071416 0.339829
vn 0.937772 -0.071416 0.339830
vn 0.558927 -0.071416 0.826136
vn 0.558927 -0.071416 0.826136
vn 0.558927 -0.071416 0.826136
vn 0.558927 -0.071416 0.826136
vn 0.558927 -0.071416 0.826136
vn 0.558927 -0.071416 0.826136
vn 0.558927 -0.071416 0.826136
vn 0.558927 -0.071416 0.826136
vn 0.558927 -0.071416 0.826136
vn 0.558927 -0.071416 0.826136
vn 0.558927 -0.071416 0.826136
vn 0.558927 -0.071415 0.826136
vn 0.558927 -0.071416 0.826136
vn 0.558927 -0.071415 0.826136
vn 0.558927 -0.071416 0.826136
vn 0.558927 -0.071415 0.826136
vn 0.558927 -0.071415 0.826136
vn 0.558927 -0.071415 0.826136
vn 0.558927 -0.071415 0.826136
vn 0.558927 -0.071416 0.826136
vn 0.558927 -0.071416 0.826136
vn 0.558927 -0.071415 0.826136
vn 0.558927 -0.071416 0.826136
vn 0.558927 -0.071416 0.826136
vn 0.558927 -0.071414 0.826136
vn 0.558927 -0.071416 0.826136
vn 0.558927 -0.071414 0.826136
vn 0.558927 -0.071416 0.826136
vn -0.958420 -0.071416 0.276281
vn -0.958420 -0.071416 0.276281
vn -0.958420 -0.071416 0.276281
vn -0.958420 -0.071416 0.276281
vn -0.958420 -0.071416 0.276282
vn -0.958420 -0.071416 0.276282
vn -0.958420 -0.071416 0.276282
vn -0.958420 -0.071416 0.276282
vn -0.958420 -0.071416 0.276282
vn -0.958420 -0.071416 0.276282
vn -0.958420 -0.071416 0.276281
vn -0.958420 -0.071416 0.276282
vn -0.958420 -0.071416 0.276282
vn -0.958420 -0.071416 0.276282
vn -0.958420 -0.071416 0.276282
vn -0.958420 -0.071416 0.276282
vn -0.958420 -0.071416 0.276281
vn -0.958420 -0.071415 0.276281
vn -0.958420 -0.071416 0.276281
vn -0.958420 -0.071416 0.276281
vn -0.958420 -0.071416 0.276281
vn -0.958420 -0.071415 0.276281
vn -0.958420 -0.071416 0.276281
vn -0.958420 -0.071416 0.276281
vn -0.958420 -0.071416 0.276281
vn -0.958420 -0.071416 0.276281
vn -0.958420 -0.071416 0.276281
vn -0.958420 -0.071416 0.276281
vn 0.958420 -0.071416 -0.276281
vn 0.958420 -0.071416 -0.276281
vn 0.958420 -0.071416 -0.276281
vn 0.958420 -0.071416 -0.276281
vn 0.958420 -0.071416 -0.276281
vn 0.958420 -0.071416 -0.276281
vn 0.958420 -0.071416 -0.276281
vn 0.958420 -0.071416 -0.276281
vn 0.612984 -0.071416 -0.786861
vn 0.612984 -0.071416 -0.786861
vn 0.612984 -0.071416 -0.786861
vn 0.612984 -0.071416 -0.786861
vn 0.612984 -0.071415 -0.786861
vn 0.612984 -0.071415 -0.786861
vn 0.612984 -0.071415 -0.786861
vn 0.612984 -0.071415 -0.786861
vn 0.612984 -0.071416 -0.786861
vn 0.612984 -0.071416 -0.786861
vn 0.612984 -0.071416 -0.786861
vn 0.612984 -0.071416 -0.786861
vn 0.033409 -0.071416 -0.996887
vn 0.033409 -0.071416 -0.996887
vn 0.033409 -0.071416 -0.996887
vn 0.033409 -0.071416 -0.996887
vn 0.033409 -0.071415 -0.996887
vn 0.033409 -0.071415 -0.996887
vn 0.033409 -0.071415 -0.996887
vn 0.033409 -0.071415 -0.996887
vn 0.033409 -0.071416 -0.996887
vn 0.033409 -0.071416 -0.996887
vn 0.033409 -0.071416 -0.996887
vn 0.033409 -0.071416 -0.996887
vn -0.558927 -0.071416 -0.826136
vn -0.558927 -0.071416 -0.826136
vn -0.558927 -0.071416 -0.826136
vn -0.558927 -0.071416 -0.826136
vn -0.558927 -0.071416 -0.826136
vn -0.558927 -0.071416 -0.826136
vn -0.558927 -0.071416 -0.826136
vn -0.558927 -0.071416 -0.826136
vn -0.558927 -0.071416 -0.826136
vn -0.558927 -0.071416 -0.826136
vn -0.558927 -0.071416 -0.826136
vn -0.558927 -0.071416 -0.826136
vn -0.937772 -0.071416 -0.339829
vn -0.937772 -0.071416 -0.339829
vn -0.937772 -0.071416 -0.339829
vn -0.937772 -0.071416 -0.339829
vn -0.937772 -0.071416 -0.339829
vn -0.937772 -0.071416 -0.339829
vn -0.937772 -0.071416 -0.339829
vn -0.937772 -0.071416 -0.339829
vn -0.937772 -0.071416 -0.339829
vn -0.937772 -0.071416 -0.339829
vn -0.937772 -0.071416 -0.339829
vn -0.937772 -0.071416 -0.339829
vn -0.033409 -0.071416 0.996887
vn -0.033409 -0.071416 0.996887
vn -0.033409 -0.071416 0.996887
vn -0.033409 -0.071416 0.996887
vn -0.033409 -0.071416 0.996887
vn -0.033409 -0.071416 0.996887
vn -0.033409 -0.071416 0.996887
vn -0.033409 -0.071416 0.996887
vn -0.033409 -0.071415 0.996887
vn -0.033409 -0.071415 0.996887
vn -0.033409 -0.071415 0.996887
vn -0.033409 -0.071415 0.996887
vn -0.612984 -0.071416 0.786861
vn -0.612984 -0.071416 0.786861
vn -0.612984 -0.071416 0.786861
vn -0.612984 -0.071416 0.786861
vn -0.612984 -0.071416 0.786861
vn -0.612984 -0.071416 0.786861
vn -0.612984 -0.071416 0.786861
vn -0.612984 -0.071416 0.786861
vn -0.612984 -0.071416 0.786861
vn -0.612984 -0.071416 0.786861
vn -0.612984 -0.071416 0.786861
vn -0.612984 -0.071416 0.786861
vn -0.612984 -0.071415 0.786861
vn -0.612984 -0.071415 0.786861
vn -0.612984 -0.071415 0.786861
vn -0.612984 -0.071415 0.786861
vn -0.033409 -0.071416 0.996887
vn -0.033409 -0.071416 0.996887
vn -0.033409 -0.071416 0.996887
vn -0.033409 -0.071416 0.996887
vn -0.937772 -0.071416 -0.339829
vn -0.937772 -0.071416 -0.339829
vn -0.937772 -0.071416 -0.339829
vn -0.937772 -0.071416 -0.339829
vn -0.558927 -0.071416 -0.826136
vn -0.558927 -0.071416 -0.826136
vn -0.558927 -0.071416 -0.826136
vn -0.558927 -0.071416 -0.826136
vn 0.033409 -0.071416 -0.996887
vn 0.033409 -0.071416 -0.996887
vn 0.033409 -0.071416 -0.996887
vn 0.033409 -0.071416 -0.996887
vn 0.612984 -0.071416 -0.786861
vn 0.612984 -0.071416 -0.786861
vn 0.612984 -0.071416 -0.786861
vn 0.612984 -0.071416 -0.786861
vn 0.958420 -0.071416 -0.276281
vn 0.958420 -0.071416 -0.276281
vn 0.958420 -0.071416 -0.276281
vn 0.958420 -0.071416 -0.276281
vn 0.937772 -0.071416 0.339829
vn 0.937772 -0.071416 0.339829
vn 0.937772 -0.071416 0.339829
vn 0.937772 -0.071416 0.339829
vn 0.558927 -0.071416 0.826136
vn 0.558927 -0.071416 0.826136
vn 0.558927 -0.071416 0.826136
vn 0.558927 -0.071416 0.826136
vn -0.958420 -0.071415 0.276281
vn -0.958420 -0.071415 0.276281
vn -0.958420 -0.071415 0.276281
vn -0.958420 -0.071415 0.276281
vn 0.789681 0.023139 0.613081
vn 0.789681 0.023139 0.613081
vn 0.789681 0.023139 0.613081
vn 0.789681 0.023139 0.613081
vn 0.040018 0.997447 0.059150
vn 0.040018 0.997447 0.059150
vn 0.040018 0.997447 0.059150
vn 0.040018 0.997447 0.059150
vn -0.342166 0.023139 0.939355
vn -0.342166 0.023139 0.939355
vn -0.342166 0.023139 0.939355
vn -0.342166 0.023139 0.939355
vn -0.043889 -0.997447 0.056338
vn -0.043889 -0.997447 0.056338
vn -0.043889 -0.997447 0.056338
vn -0.043889 -0.997447 0.056338
vn -0.827099 0.023139 0.561579
vn -0.827099 0.023139 0.561579
vn -0.827099 0.023139 0.561579
vn -0.827099 0.023139 0.561579
vn 0.002392 0.997447 -0.071376
vn 0.002392 0.997447 -0.071376
vn 0.002392 0.997447 -0.071376
vn 0.002392 0.997447 -0.071376
vn -0.787645 0.023139 -0.615694
vn -0.787645 0.023139 -0.615694
vn -0.787645 0.023139 -0.615694
vn -0.787645 0.023139 -0.615694
vn -0.040018 -0.997447 -0.059150
vn -0.040018 -0.997447 -0.059150
vn -0.040018 -0.997447 -0.059150
vn -0.040018 -0.997447 -0.059150
vn 0.999225 0.023139 0.031830
vn 0.999225 0.023139 0.031830
vn 0.999225 0.023139 0.031830
vn 0.999225 0.023139 0.031830
vn -0.043889 0.997447 0.056338
vn -0.043889 0.997447 0.056338
vn -0.043889 0.997447 0.056338
vn -0.043889 0.997447 0.056338
vn 0.828956 0.023139 -0.558835
vn 0.828956 0.023139 -0.558835
vn 0.828956 0.023139 -0.558835
vn 0.828956 0.023139 -0.558835
vn -0.002392 -0.997447 0.071375
vn -0.002392 -0.997447 0.071375
vn -0.002392 -0.997447 0.071375
vn -0.002392 -0.997447 0.071375
vn -0.789681 0.023139 -0.613081
vn -0.789681 0.023139 -0.613081
vn -0.789681 0.023139 -0.613081
vn -0.789681 0.023139 -0.613081
vn -0.999115 0.023139 -0.035141
vn -0.999115 0.023139 -0.035141
vn -0.999115 0.023139 -0.035141
vn -0.999115 0.023139 -0.035141
vn 0.043889 -0.997447 -0.056338
vn 0.043889 -0.997447 -0.056338
vn 0.043889 -0.997447 -0.056338
vn 0.043889 -0.997447 -0.056338
vn 0.068621 0.997447 -0.019781
vn 0.068621 0.997447 -0.019781
vn 0.068621 0.997447 -0.019781
vn 0.068621 0.997447 -0.019781
vn 0.787645 0.023139 0.615695
vn 0.787645 0.023139 0.615695
vn 0.787645 0.023139 0.615695
vn 0.787645 0.023139 0.615695
vn 0.278506 0.023139 0.960156
vn 0.278506 0.023139 0.960156
vn 0.278506 0.023139 0.960156
vn 0.278506 0.023139 0.960156
vn -0.067143 0.997447 -0.024331
vn -0.067143 0.997447 -0.024331
vn -0.067143 0.997447 -0.024331
vn -0.067143 0.997447 -0.024331
vn -0.068621 -0.997447 0.019781
vn -0.068621 -0.997447 0.019781
vn -0.068621 -0.997447 0.019781
vn -0.068621 -0.997447 0.019781
vn 0.339049 0.023139 -0.940484
vn 0.339049 0.023139 -0.940484
vn 0.339049 0.023139 -0.940484
vn 0.339049 0.023139 -0.940484
vn 0.068621 0.997447 -0.019781
vn 0.068621 0.997447 -0.019781
vn 0.068621 0.997447 -0.019781
vn 0.068621 0.997447 -0.019781
vn -0.275322 0.023139 -0.961074
vn -0.275322 0.023139 -0.961074
vn -0.275322 0.023139 -0.961074
vn -0.275322 0.023139 -0.961074
vn 0.067143 -0.997447 0.024331
vn 0.067143 -0.997447 0.024331
vn 0.067143 -0.997447 0.024331
vn 0.067143 -0.997447 0.024331
vn 0.278506 0.023139 0.960156
vn 0.278506 0.023139 0.960156
vn 0.278506 0.023139 0.960156
vn 0.278506 0.023139 0.960156
vn 0.040018 0.997447 0.059150
vn 0.040018 0.997447 0.059150
vn 0.040018 0.997447 0.059150
vn 0.040018 0.997447 0.059150
vn -0.342165 0.023139 0.939355
vn -0.342165 0.023139 0.939355
vn -0.342165 0.023139 0.939355
vn -0.342165 0.023139 0.939355
vn -0.068622 -0.997447 0.019781
vn -0.068622 -0.997447 0.019781
vn -0.068622 -0.997447 0.019781
vn -0.068622 -0.997447 0.019781
vn -0.827099 0.023139 0.561580
vn -0.827099 0.023139 0.561580
vn -0.827099 0.023139 0.561580
vn -0.827099 0.023139 0.561580
vn 0.002392 0.997447 -0.071376
vn 0.002392 0.997447 -0.071376
vn 0.002392 0.997447 -0.071376
vn 0.002392 0.997447 -0.071376
vn -0.275322 0.023139 -0.961074
vn -0.275322 0.023139 -0.961074
vn -0.275322 0.023139 -0.961074
vn -0.275322 0.023139 -0.961074
vn -0.040018 -0.997447 -0.059150
vn -0.040018 -0.997447 -0.059150
vn -0.040018 -0.997447 -0.059150
vn -0.040018 -0.997447 -0.059150
vn 0.999225 0.023139 0.031830
vn 0.999225 0.023139 0.031830
vn 0.999225 0.023139 0.031830
vn 0.999225 0.023139 0.031830
vn -0.043889 0.997447 0.056338
vn -0.043889 0.997447 0.056338
vn -0.043889 0.997447 0.056338
vn -0.043889 0.997447 0.056338
vn 0.828956 0.023139 -0.558835
vn 0.828956 0.023139 -0.558835
vn 0.828956 0.023139 -0.558835
vn 0.828956 0.023139 -0.558835
vn -0.002392 -0.997447 0.071376
vn -0.002392 -0.997447 0.071376
vn -0.002392 -0.997447 0.071376
vn -0.002392 -0.997447 0.071376
vn -0.789682 0.023139 -0.613081
vn -0.789682 0.023139 -0.613081
vn -0.789682 0.023139 -0.613081
vn -0.789682 0.023139 -0.613081
vn -0.999115 0.023139 -0.035142
vn -0.999115 0.023139 -0.035142
vn -0.999115 0.023139 -0.035142
vn -0.999115 0.023139 -0.035142
vn 0.043889 -0.997447 -0.056338
vn 0.043889 -0.997447 -0.056338
vn 0.043889 -0.997447 -0.056338
vn 0.043889 -0.997447 -0.056338
vn 0.068621 0.997447 -0.019781
vn 0.068621 0.997447 -0.019781
vn 0.068621 0.997447 -0.019781
vn 0.068621 0.997447 -0.019781
vn 0.067143 -0.997447 0.024331
vn 0.067143 -0.997447 0.024331
vn 0.067143 -0.997447 0.024331
vn 0.067143 -0.997447 0.024331
vn -0.275322 0.023139 -0.961074
vn -0.275322 0.023139 -0.961074
vn -0.275322 0.023139 -0.961074
vn -0.275322 0.023139 -0.961074
vn 0.043889 0.997447 -0.056338
vn 0.043889 0.997447 -0.056338
vn 0.043889 0.997447 -0.056338
vn 0.043889 0.997447 -0.056338
vn 0.339049 0.023139 -0.940484
vn 0.339049 0.023139 -0.940484
vn 0.339049 0.023139 -0.940484
vn 0.339049 0.023139 -0.940484
vn -0.068621 -0.997447 0.019781
vn -0.068621 -0.997447 0.019781
vn -0.068621 -0.997447 0.019781
vn -0.068621 -0.997447 0.019781
vn -0.067143 0.997447 -0.024331
vn -0.067143 0.997447 -0.024331
vn -0.067143 0.997447 -0.024331
vn -0.067143 0.997447 -0.024331
vn 0.278506 0.023139 0.960156
vn 0.278506 0.023139 0.960156
vn 0.278506 0.023139 0.960156
vn 0.278506 0.023139 0.960156
vn 0.787645 0.023139 0.615695
vn 0.787645 0.023139 0.615695
vn 0.787645 0.023139 0.615695
vn 0.787645 0.023139 0.615695
vn 0.068622 0.997447 -0.019781
vn 0.068622 0.997447 -0.019781
vn 0.068622 0.997447 -0.019781
vn 0.068622 0.997447 -0.019781
vn 0.043889 -0.997447 -0.056338
vn 0.043889 -0.997447 -0.056338
vn 0.043889 -0.997447 -0.056338
vn 0.043889 -0.997447 -0.056338
vn -0.999115 0.023139 -0.035142
vn -0.999115 0.023139 -0.035142
vn -0.999115 0.023139 -0.035142
vn -0.999115 0.023139 -0.035142
vn -0.789681 0.023139 -0.613081
vn -0.789681 0.023139 -0.613081
vn -0.789681 0.023139 -0.613081
vn -0.789681 0.023139 -0.613081
vn -0.002392 -0.997447 0.071376
vn -0.002392 -0.997447 0.071376
vn -0.002392 -0.997447 0.071376
vn -0.002392 -0.997447 0.071376
vn 0.275322 0.023139 0.961074
vn 0.275322 0.023139 0.961074
vn 0.275322 0.023139 0.961074
vn 0.275322 0.023139 0.961074
vn -0.043889 0.997447 0.056338
vn -0.043889 0.997447 0.056338
vn -0.043889 0.997447 0.056338
vn -0.043889 0.997447 0.056338
vn 0.999225 0.023139 0.031830
vn 0.999225 0.023139 0.031830
vn 0.999225 0.023139 0.031830
vn 0.999225 0.023139 0.031830
vn 0.068621 -0.997447 -0.019781
vn 0.068621 -0.997447 -0.019781
vn 0.068621 -0.997447 -0.019781
vn 0.068621 -0.997447 -0.019781
vn -0.999115 0.023139 -0.035142
vn -0.999115 0.023139 -0.035142
vn -0.999115 0.023139 -0.035142
vn -0.999115 0.023139 -0.035142
vn 0.002392 0.997447 -0.071376
vn 0.002392 0.997447 -0.071376
vn 0.002392 0.997447 -0.071376
vn 0.002392 0.997447 -0.071376
vn -0.278506 0.023139 -0.960156
vn -0.278506 0.023139 -0.960156
vn -0.278506 0.023139 -0.960156
vn -0.278506 0.023139 -0.960156
vn -0.002392 -0.997447 0.071377
vn -0.002392 -0.997447 0.071377
vn -0.002392 -0.997447 0.071377
vn -0.002392 -0.997447 0.071377
vn -0.342165 0.023139 0.939355
vn -0.342165 0.023139 0.939355
vn -0.342165 0.023139 0.939355
vn -0.342165 0.023139 0.939355
vn -0.068622 0.997447 0.019781
vn -0.068622 0.997447 0.019781
vn -0.068622 0.997447 0.019781
vn -0.068622 0.997447 0.019781
vn 0.999226 0.023139 0.031829
vn 0.999226 0.023139 0.031829
vn 0.999226 0.023139 0.031829
vn 0.999226 0.023139 0.031829
vn 0.067143 -0.997447 0.024331
vn 0.067143 -0.997447 0.024331
vn 0.067143 -0.997447 0.024331
vn 0.067143 -0.997447 0.024331
vn 0.342165 0.023139 -0.939355
vn 0.342165 0.023139 -0.939355
vn 0.342165 0.023139 -0.939355
vn 0.342165 0.023139 -0.939355
vn 0.002392 0.997447 -0.071376
vn 0.002392 0.997447 -0.071376
vn 0.002392 0.997447 -0.071376
vn 0.002392 0.997447 -0.071376
vn 0.339049 0.023139 -0.940484
vn 0.339049 0.023139 -0.940484
vn 0.339049 0.023139 -0.940484
vn 0.339049 0.023139 -0.940484
vn -0.067143 -0.997447 -0.024331
vn -0.067143 -0.997447 -0.024331
vn -0.067143 -0.997447 -0.024331
vn -0.067143 -0.997447 -0.024331
vn -0.067143 0.997447 -0.024331
vn -0.067143 0.997447 -0.024331
vn -0.067143 0.997447 -0.024331
vn -0.067143 0.997447 -0.024331
vn -0.339050 0.023139 0.940484
vn -0.339050 0.023139 0.940484
vn -0.339050 0.023139 0.940484
vn -0.339050 0.023139 0.940484
vn 0.787645 0.023139 0.615695
vn 0.787645 0.023139 0.615695
vn 0.787645 0.023139 0.615695
vn 0.787645 0.023139 0.615695
vn 0.067143 0.997447 0.024331
vn 0.067143 0.997447 0.024331
vn 0.067143 0.997447 0.024331
vn 0.067143 0.997447 0.024331
vn 0.043888 -0.997447 -0.056338
vn 0.043888 -0.997447 -0.056338
vn 0.043888 -0.997447 -0.056338
vn 0.043888 -0.997447 -0.056338
vn -0.787645 0.023139 -0.615695
vn -0.787645 0.023139 -0.615695
vn -0.787645 0.023139 -0.615695
vn -0.787645 0.023139 -0.615695
vn -0.789681 0.023139 -0.613081
vn -0.789681 0.023139 -0.613081
vn -0.789681 0.023139 -0.613081
vn -0.789681 0.023139 -0.613081
vn -0.043889 -0.997447 0.056338
vn -0.043889 -0.997447 0.056338
vn -0.043889 -0.997447 0.056338
vn -0.043889 -0.997447 0.056338
vn 0.275323 0.023139 0.961073
vn 0.275323 0.023139 0.961073
vn 0.275323 0.023139 0.961073
vn 0.275323 0.023139 0.961073
vn -0.043889 0.997447 0.056338
vn -0.043889 0.997447 0.056338
vn -0.043889 0.997447 0.056338
vn -0.043889 0.997447 0.056338
vn 0.789681 0.023139 0.613081
vn 0.789681 0.023139 0.613081
vn 0.789681 0.023139 0.613081
vn 0.789681 0.023139 0.613081
vn 0.068621 -0.997447 -0.019781
vn 0.068621 -0.997447 -0.019781
vn 0.068621 -0.997447 -0.019781
vn 0.068621 -0.997447 -0.019781
vn -0.828957 0.023139 0.558834
vn -0.828957 0.023139 0.558834
vn -0.828957 0.023139 0.558834
vn -0.828957 0.023139 0.558834
vn 0.043889 0.997447 -0.056338
vn 0.043889 0.997447 -0.056338
vn 0.043889 0.997447 -0.056338
vn 0.043889 0.997447 -0.056338
vn -0.278506 0.023139 -0.960156
vn -0.278506 0.023139 -0.960156
vn -0.278506 0.023139 -0.960156
vn -0.278506 0.023139 -0.960156
vn 0.040019 -0.997447 0.059151
vn 0.040019 -0.997447 0.059151
vn 0.040019 -0.997447 0.059151
vn 0.040019 -0.997447 0.059151
vn -0.828956 0.023139 0.558835
vn -0.828956 0.023139 0.558835
vn -0.828956 0.023139 0.558835
vn -0.828956 0.023139 0.558835
vn -0.068621 0.997447 0.019781
vn -0.068621 0.997447 0.019781
vn -0.068621 0.997447 0.019781
vn -0.068621 0.997447 0.019781
vn 0.827100 0.023139 -0.561579
vn 0.827100 0.023139 -0.561579
vn 0.827100 0.023139 -0.561579
vn 0.827100 0.023139 -0.561579
vn 0.040019 -0.997447 0.059150
vn 0.040019 -0.997447 0.059150
vn 0.040019 -0.997447 0.059150
vn 0.040019 -0.997447 0.059150
vn 0.342165 0.023139 -0.939355
vn 0.342165 0.023139 -0.939355
vn 0.342165 0.023139 -0.939355
vn 0.342165 0.023139 -0.939355
vn -0.040018 0.997447 -0.059150
vn -0.040018 0.997447 -0.059150
vn -0.040018 0.997447 -0.059150
vn -0.040018 0.997447 -0.059150
vn 0.827099 0.023139 -0.561580
vn 0.827099 0.023139 -0.561580
vn 0.827099 0.023139 -0.561580
vn 0.827099 0.023139 -0.561580
vn -0.067143 -0.997447 -0.024331
vn -0.067143 -0.997447 -0.024331
vn -0.067143 -0.997447 -0.024331
vn -0.067143 -0.997447 -0.024331
vn 0.275322 0.023139 0.961074
vn 0.275322 0.023139 0.961074
vn 0.275322 0.023139 0.961074
vn 0.275322 0.023139 0.961074
vn -0.040018 0.997447 -0.059150
vn -0.040018 0.997447 -0.059150
vn -0.040018 0.997447 -0.059150
vn -0.040018 0.997447 -0.059150
vn -0.339050 0.023139 0.940484
vn -0.339050 0.023139 0.940484
vn -0.339050 0.023139 0.940484
vn -0.339050 0.023139 0.940484
vn 0.068623 -0.997447 -0.019781
vn 0.068623 -0.997447 -0.019781
vn 0.068623 -0.997447 -0.019781
vn 0.068623 -0.997447 -0.019781
vn 0.999115 0.023139 0.035141
vn 0.999115 0.023139 0.035141
vn 0.999115 0.023139 0.035141
vn 0.999115 0.023139 0.035141
vn 0.067143 0.997447 0.024331
vn 0.067143 0.997447 0.024331
vn 0.067143 0.997447 0.024331
vn 0.067143 0.997447 0.024331
vn -0.278506 0.023139 -0.960156
vn -0.278506 0.023139 -0.960156
vn -0.278506 0.023139 -0.960156
vn -0.278506 0.023139 -0.960156
vn 0.002392 -0.997447 -0.071375
vn 0.002392 -0.997447 -0.071375
vn 0.002392 -0.997447 -0.071375
vn 0.002392 -0.997447 -0.071375
vn -0.787645 0.023139 -0.615695
vn -0.787645 0.023139 -0.615695
vn -0.787645 0.023139 -0.615695
vn -0.787645 0.023139 -0.615695
vn -0.068620 0.997447 0.019781
vn -0.068620 0.997447 0.019781
vn -0.068620 0.997447 0.019781
vn -0.068620 0.997447 0.019781
vn -0.999225 0.023139 -0.031830
vn -0.999225 0.023139 -0.031830
vn -0.999225 0.023139 -0.031830
vn -0.999225 0.023139 -0.031830
vn -0.043889 -0.997447 0.056338
vn -0.043889 -0.997447 0.056338
vn -0.043889 -0.997447 0.056338
vn -0.043889 -0.997447 0.056338
vn 0.275322 0.023139 0.961074
vn 0.275322 0.023139 0.961074
vn 0.275322 0.023139 0.961074
vn 0.275322 0.023139 0.961074
vn -0.002392 0.997447 0.071375
vn -0.002392 0.997447 0.071375
vn -0.002392 0.997447 0.071375
vn -0.002392 0.997447 0.071375
vn 0.789682 0.023139 0.613080
vn 0.789682 0.023139 0.613080
vn 0.789682 0.023139 0.613080
vn 0.789682 0.023139 0.613080
vn 0.068621 -0.997447 -0.019781
vn 0.068621 -0.997447 -0.019781
vn 0.068621 -0.997447 -0.019781
vn 0.068621 -0.997447 -0.019781
vn -0.342164 0.023139 0.939355
vn -0.342164 0.023139 0.939355
vn -0.342164 0.023139 0.939355
vn -0.342164 0.023139 0.939355
vn 0.043889 0.997447 -0.056338
vn 0.043889 0.997447 -0.056338
vn 0.043889 0.997447 -0.056338
vn 0.043889 0.997447 -0.056338
vn -0.278506 0.023139 -0.960156
vn -0.278506 0.023139 -0.960156
vn -0.278506 0.023139 -0.960156
vn -0.278506 0.023139 -0.960156
vn 0.067143 -0.997447 0.024331
vn 0.067143 -0.997447 0.024331
vn 0.067143 -0.997447 0.024331
vn 0.067143 -0.997447 0.024331
vn -0.828956 0.023139 0.558835
vn -0.828956 0.023139 0.558835
vn -0.828956 0.023139 0.558835
vn -0.828956 0.023139 0.558835
vn -0.068621 0.997447 0.019781
vn -0.068621 0.997447 0.019781
vn -0.068621 0.997447 0.019781
vn -0.068621 0.997447 0.019781
vn 0.339050 0.023139 -0.940484
vn 0.339050 0.023139 -0.940484
vn 0.339050 0.023139 -0.940484
vn 0.339050 0.023139 -0.940484
vn 0.040018 -0.997447 0.059150
vn 0.040018 -0.997447 0.059150
vn 0.040018 -0.997447 0.059150
vn 0.040018 -0.997447 0.059150
vn 0.342166 0.023139 -0.939355
vn 0.342166 0.023139 -0.939355
vn 0.342166 0.023139 -0.939355
vn 0.342166 0.023139 -0.939355
vn -0.067144 0.997447 -0.024331
vn -0.067144 0.997447 -0.024331
vn -0.067144 0.997447 -0.024331
vn -0.067144 0.997447 -0.024331
vn 0.827099 0.023139 -0.561580
vn 0.827099 0.023139 -0.561580
vn 0.827099 0.023139 -0.561580
vn 0.827099 0.023139 -0.561580
vn -0.067143 -0.997447 -0.024331
vn -0.067143 -0.997447 -0.024331
vn -0.067143 -0.997447 -0.024331
vn -0.067143 -0.997447 -0.024331
vn 0.828957 0.023139 -0.558834
vn 0.828957 0.023139 -0.558834
vn 0.828957 0.023139 -0.558834
vn 0.828957 0.023139 -0.558834
vn -0.040018 0.997447 -0.059150
vn -0.040018 0.997447 -0.059150
vn -0.040018 0.997447 -0.059150
vn -0.040018 0.997447 -0.059150
vn -0.339050 0.023139 0.940484
vn -0.339050 0.023139 0.940484
vn -0.339050 0.023139 0.940484
vn -0.339050 0.023139 0.940484
vn -0.040019 -0.997447 -0.059151
vn -0.040019 -0.997447 -0.059151
vn -0.040019 -0.997447 -0.059151
vn -0.040019 -0.997447 -0.059151
vn 0.999115 0.023139 0.035141
vn 0.999115 0.023139 0.035141
vn 0.999115 0.023139 0.035141
vn 0.999115 0.023139 0.035141
vn 0.067143 0.997447 0.024331
vn 0.067143 0.997447 0.024331
vn 0.067143 0.997447 0.024331
vn 0.067143 0.997447 0.024331
vn -0.827100 0.023139 0.561579
vn -0.827100 0.023139 0.561579
vn -0.827100 0.023139 0.561579
vn -0.827100 0.023139 0.561579
vn 0.002392 -0.997447 -0.071375
vn 0.002392 -0.997447 -0.071375
vn 0.002392 -0.997447 -0.071375
vn 0.002392 -0.997447 -0.071375
vn -0.787645 0.023139 -0.615694
vn -0.787645 0.023139 -0.615694
vn -0.787645 0.023139 -0.615694
vn -0.787645 0.023139 -0.615694
vn 0.040018 0.997447 0.059150
vn 0.040018 0.997447 0.059150
vn 0.040018 0.997447 0.059150
vn 0.040018 0.997447 0.059150
vn -0.999225 0.023139 -0.031830
vn -0.999225 0.023139 -0.031830
vn -0.999225 0.023139 -0.031830
vn -0.999225 0.023139 -0.031830
vn -0.043889 -0.997447 0.056338
vn -0.043889 -0.997447 0.056338
vn -0.043889 -0.997447 0.056338
vn -0.043889 -0.997447 0.056338
vn -0.002392 0.997447 0.071376
vn -0.002392 0.997447 0.071376
vn -0.002392 0.997447 0.071376
vn -0.002392 0.997447 0.071376
vn 0.789682 0.023139 0.613080
vn 0.789682 0.023139 0.613080
vn 0.789682 0.023139 0.613080
vn 0.789682 0.023139 0.613080
vn 0.999115 0.023139 0.035141
vn 0.999115 0.023139 0.035141
vn 0.999115 0.023139 0.035141
vn 0.999115 0.023139 0.035141
vn 0.043889 0.997447 -0.056338
vn 0.043889 0.997447 -0.056338
vn 0.043889 0.997447 -0.056338
vn 0.043889 0.997447 -0.056338
vn 0.002392 -0.997447 -0.071375
vn 0.002392 -0.997447 -0.071375
vn 0.002392 -0.997447 -0.071375
vn 0.002392 -0.997447 -0.071375
vn -0.828956 0.023139 0.558835
vn -0.828956 0.023139 0.558835
vn -0.828956 0.023139 0.558835
vn -0.828956 0.023139 0.558835
vn -0.999226 0.023139 -0.031829
vn -0.999226 0.023139 -0.031829
vn -0.999226 0.023139 -0.031829
vn -0.999226 0.023139 -0.031829
vn 0.040018 -0.997447 0.059150
vn 0.040018 -0.997447 0.059150
vn 0.040018 -0.997447 0.059150
vn 0.040018 -0.997447 0.059150
vn 0.828956 0.023139 -0.558835
vn 0.828956 0.023139 -0.558835
vn 0.828956 0.023139 -0.558835
vn 0.828956 0.023139 -0.558835
vn -0.002392 0.997447 0.071375
vn -0.002392 0.997447 0.071375
vn -0.002392 0.997447 0.071375
vn -0.002392 0.997447 0.071375
vn 0.827100 0.023139 -0.561579
vn 0.827100 0.023139 -0.561579
vn 0.827100 0.023139 -0.561579
vn 0.827100 0.023139 -0.561579
vn -0.040019 -0.997447 -0.059150
vn -0.040019 -0.997447 -0.059150
vn -0.040019 -0.997447 -0.059150
vn -0.040019 -0.997447 -0.059150
vn 0.342165 0.023139 -0.939355
vn 0.342165 0.023139 -0.939355
vn 0.342165 0.023139 -0.939355
vn 0.342165 0.023139 -0.939355
vn -0.040018 0.997447 -0.059150
vn -0.040018 0.997447 -0.059150
vn -0.040018 0.997447 -0.059150
vn -0.040018 0.997447 -0.059150
vn -0.827099 0.023139 0.561580
vn -0.827099 0.023139 0.561580
vn -0.827099 0.023139 0.561580
vn -0.827099 0.023139 0.561580
vn -0.067144 -0.997447 -0.024331
vn -0.067144 -0.997447 -0.024331
vn -0.067144 -0.997447 -0.024331
vn -0.067144 -0.997447 -0.024331
vn 0.999115 0.023139 0.035140
vn 0.999115 0.023139 0.035140
vn 0.999115 0.023139 0.035140
vn 0.999115 0.023139 0.035140
vn 0.040018 0.997447 0.059150
vn 0.040018 0.997447 0.059150
vn 0.040018 0.997447 0.059150
vn 0.040018 0.997447 0.059150
vn -0.339050 0.023139 0.940484
vn -0.339050 0.023139 0.940484
vn -0.339050 0.023139 0.940484
vn -0.339050 0.023139 0.940484
vn 0.002392 -0.997447 -0.071375
vn 0.002392 -0.997447 -0.071375
vn 0.002392 -0.997447 -0.071375
vn 0.002392 -0.997447 -0.071375
vn -0.275322 0.023139 -0.961074
vn -0.275322 0.023139 -0.961074
vn -0.275322 0.023139 -0.961074
vn -0.275322 0.023139 -0.961074
vn 0.067143 0.997447 0.024331
vn 0.067143 0.997447 0.024331
vn 0.067143 0.997447 0.024331
vn 0.067143 0.997447 0.024331
vn -0.999226 0.023139 -0.031830
vn -0.999226 0.023139 -0.031830
vn -0.999226 0.023139 -0.031830
vn -0.999226 0.023139 -0.031830
vn -0.068621 -0.997447 0.019781
vn -0.068621 -0.997447 0.019781
vn -0.068621 -0.997447 0.019781
vn -0.068621 -0.997447 0.019781
vn -0.002392 0.997447 0.071375
vn -0.002392 0.997447 0.071375
vn -0.002392 0.997447 0.071375
vn -0.002392 0.997447 0.071375
vn 0.278505 0.023139 0.960156
vn 0.278505 0.023139 0.960156
vn 0.278505 0.023139 0.960156
vn 0.278505 0.023139 0.960156
vn 0.787645 0.023139 0.615695
vn 0.787645 0.023139 0.615695
vn 0.787645 0.023139 0.615695
vn 0.787645 0.023139 0.615695
vn -0.864391 0.174752 0.471476
vn -0.864391 0.174752 0.471476
vn -0.864391 0.174752 0.471476
vn -0.864391 0.174752 0.471476
vn 0.501151 0.375734 0.779534
vn 0.501151 0.375734 0.779534
vn 0.501151 0.375734 0.779534
vn 0.501151 0.375734 0.779534
vn 0.864397 -0.174750 -0.471466
vn 0.864397 -0.174750 -0.471466
vn 0.864397 -0.174750 -0.471466
vn 0.864397 -0.174750 -0.471466
vn -0.501150 -0.375735 -0.779534
vn -0.501150 -0.375735 -0.779534
vn -0.501150 -0.375735 -0.779534
vn -0.501150 -0.375735 -0.779534
vn 0.040919 -0.910101 0.412362
vn 0.040919 -0.910101 0.412362
vn 0.040919 -0.910101 0.412362
vn 0.040919 -0.910101 0.412362
vn -0.040922 0.910101 -0.412361
vn -0.040922 0.910101 -0.412361
vn -0.040922 0.910101 -0.412361
vn -0.040922 0.910101 -0.412361
vn 0.226815 0.540825 0.809977
vn 0.226815 0.540825 0.809977
vn 0.226815 0.540825 0.809977
vn 0.226815 0.540825 0.809977
vn 0.438217 0.686041 -0.580787
vn 0.438217 0.686041 -0.580787
vn 0.438217 0.686041 -0.580787
vn 0.438217 0.686041 -0.580787
vn -0.226812 -0.540822 -0.809980
vn -0.226812 -0.540822 -0.809980
vn -0.226812 -0.540822 -0.809980
vn -0.226812 -0.540822 -0.809980
vn -0.438216 -0.686051 0.580775
vn -0.438216 -0.686051 0.580775
vn -0.438216 -0.686051 0.580775
vn -0.438216 -0.686051 0.580775
vn 0.869786 -0.486670 0.081387
vn 0.869786 -0.486670 0.081387
vn 0.869786 -0.486670 0.081387
vn 0.869786 -0.486670 0.081387
vn -0.869785 0.486669 -0.081409
vn -0.869785 0.486669 -0.081409
vn -0.869785 0.486669 -0.081409
vn -0.869785 0.486669 -0.081409
vn 0.768928 0.374400 -0.518242
vn 0.768928 0.374400 -0.518242
vn 0.768928 0.374400 -0.518242
vn 0.768928 0.374400 -0.518242
vn -0.298052 0.927043 0.227499
vn -0.298052 0.927043 0.227499
vn -0.298052 0.927043 0.227499
vn -0.298052 0.927043 0.227499
vn -0.768929 -0.374393 0.518245
vn -0.768929 -0.374393 0.518245
vn -0.768929 -0.374393 0.518245
vn -0.768929 -0.374393 0.518245
vn 0.298049 -0.927046 -0.227493
vn 0.298049 -0.927046 -0.227493
vn 0.298049 -0.927046 -0.227493
vn 0.298049 -0.927046 -0.227493
vn -0.565604 0.020468 -0.824423
vn -0.565604 0.020468 -0.824423
vn -0.565604 0.020468 -0.824423
vn -0.565604 0.020468 -0.824423
vn 0.565609 -0.020470 0.824420
vn 0.565609 -0.020470 0.824420
vn 0.565609 -0.020470 0.824420
vn 0.565609 -0.020470 0.824420
vn 0.287919 0.933416 0.214099
vn 0.287919 0.933416 0.214099
vn 0.287919 0.933416 0.214099
vn 0.287919 0.933416 0.214099
vn -0.755663 0.358783 -0.547949
vn -0.755663 0.358783 -0.547949
vn -0.755663 0.358783 -0.547949
vn -0.755663 0.358783 -0.547949
vn -0.287928 -0.933413 -0.214099
vn -0.287928 -0.933413 -0.214099
vn -0.287928 -0.933413 -0.214099
vn -0.287928 -0.933413 -0.214099
vn 0.755664 -0.358786 0.547946
vn 0.755664 -0.358786 0.547946
vn 0.755664 -0.358786 0.547946
vn 0.755664 -0.358786 0.547946
vn 0.588259 0.004018 -0.808663
vn 0.588259 0.004018 -0.808663
vn 0.588259 0.004018 -0.808663
vn 0.588259 0.004018 -0.808663
vn -0.588256 -0.004017 0.808665
vn -0.588256 -0.004017 0.808665
vn -0.588256 -0.004017 0.808665
vn -0.588256 -0.004017 0.808665
vn 0.655416 0.754736 0.028347
vn 0.655416 0.754736 0.028347
vn 0.655416 0.754736 0.028347
vn 0.655416 0.754736 0.028347
vn -0.675489 0.602553 -0.425023
vn -0.675489 0.602553 -0.425023
vn -0.675489 0.602553 -0.425023
vn -0.675489 0.602553 -0.425023
vn -0.655414 -0.754737 -0.028348
vn -0.655414 -0.754737 -0.028348
vn -0.655414 -0.754737 -0.028348
vn -0.655414 -0.754737 -0.028348
vn 0.675486 -0.602556 0.425024
vn 0.675486 -0.602556 0.425024
vn 0.675486 -0.602556 0.425024
vn 0.675486 -0.602556 0.425024
vn 0.337864 -0.259426 -0.904735
vn 0.337864 -0.259426 -0.904735
vn 0.337864 -0.259426 -0.904735
vn 0.337864 -0.259426 -0.904735
vn -0.337864 0.259425 0.904736
vn -0.337864 0.259425 0.904736
vn -0.337864 0.259425 0.904736
vn -0.337864 0.259425 0.904736
vn -0.338939 -0.685535 -0.644331
vn -0.338939 -0.685535 -0.644331
vn -0.338939 -0.685535 -0.644331
vn -0.338939 -0.685535 -0.644331
vn -0.118914 0.710588 -0.693487
vn -0.118914 0.710588 -0.693487
vn -0.118914 0.710588 -0.693487
vn -0.118914 0.710588 -0.693487
vn 0.338938 0.685541 0.644325
vn 0.338938 0.685541 0.644325
vn 0.338938 0.685541 0.644325
vn 0.338938 0.685541 0.644325
vn 0.118913 -0.710593 0.693482
vn 0.118913 -0.710593 0.693482
vn 0.118913 -0.710593 0.693482
vn 0.118913 -0.710593 0.693482
vn -0.933265 0.158419 0.322366
vn -0.933265 0.158419 0.322366
vn -0.933265 0.158419 0.322366
vn -0.933265 0.158419 0.322366
vn 0.933269 -0.158405 -0.322362
vn 0.933269 -0.158405 -0.322362
vn 0.933269 -0.158405 -0.322362
vn 0.933269 -0.158405 -0.322362
vn -0.100817 0.969744 -0.222335
vn -0.100817 0.969744 -0.222335
vn -0.100817 0.969744 -0.222335
vn -0.100817 0.969744 -0.222335
vn 0.180660 0.237597 0.954416
vn 0.180660 0.237597 0.954416
vn 0.180660 0.237597 0.954416
vn 0.180660 0.237597 0.954416
vn 0.100815 -0.969744 0.222335
vn 0.100815 -0.969744 0.222335
vn 0.100815 -0.969744 0.222335
vn 0.100815 -0.969744 0.222335
vn -0.180658 -0.237596 -0.954417
vn -0.180658 -0.237596 -0.954417
vn -0.180658 -0.237596 -0.954417
vn -0.180658 -0.237596 -0.954417
vn -0.978365 -0.056064 0.199143
vn -0.978365 -0.056064 0.199143
vn -0.978365 -0.056064 0.199143
vn -0.978365 -0.056064 0.199143
vn 0.978366 0.056064 -0.199140
vn 0.978366 0.056064 -0.199140
vn 0.978366 0.056064 -0.199140
vn 0.978366 0.056064 -0.199140
vn 0.072597 0.425526 -0.902030
vn 0.072597 0.425526 -0.902030
vn 0.072597 0.425526 -0.902030
vn 0.072597 0.425526 -0.902030
vn -0.165431 0.897025 0.409853
vn -0.165431 0.897025 0.409853
vn -0.165431 0.897025 0.409853
vn -0.165431 0.897025 0.409853
vn -0.072595 -0.425528 0.902029
vn -0.072595 -0.425528 0.902029
vn -0.072595 -0.425528 0.902029
vn -0.072595 -0.425528 0.902029
vn 0.165435 -0.897025 -0.409851
vn 0.165435 -0.897025 -0.409851
vn 0.165435 -0.897025 -0.409851
vn 0.165435 -0.897025 -0.409851
vn -0.983545 -0.119478 -0.135518
vn -0.983545 -0.119478 -0.135518
vn -0.983545 -0.119478 -0.135518
vn -0.983545 -0.119478 -0.135518
vn 0.983547 0.119464 0.135514
vn 0.983547 0.119464 0.135514
vn 0.983547 0.119464 0.135514
vn 0.983547 0.119464 0.135514
vn -0.031883 -0.141372 -0.989443
vn -0.031883 -0.141372 -0.989443
vn -0.031883 -0.141372 -0.989443
vn -0.031883 -0.141372 -0.989443
vn -0.067760 0.987973 -0.138989
vn -0.067760 0.987973 -0.138989
vn -0.067760 0.987973 -0.138989
vn -0.067760 0.987973 -0.138989
vn 0.031884 0.141384 0.989441
vn 0.031884 0.141384 0.989441
vn 0.031884 0.141384 0.989441
vn 0.031884 0.141384 0.989441
vn 0.067757 -0.987974 0.138984
vn 0.067757 -0.987974 0.138984
vn 0.067757 -0.987974 0.138984
vn 0.067757 -0.987974 0.138984
vn -0.997192 -0.062615 0.041073
vn -0.997192 -0.062615 0.041073
vn -0.997192 -0.062615 0.041073
vn -0.997192 -0.062615 0.041073
vn 0.997192 0.062613 -0.041070
vn 0.997192 0.062613 -0.041070
vn 0.997192 0.062613 -0.041070
vn 0.997192 0.062613 -0.041070
vn -0.962540 -0.250565 0.103609
vn -0.962540 -0.250565 0.103609
vn -0.962540 -0.250565 0.103609
vn -0.962540 -0.250565 0.103609
vn -0.247937 0.968043 0.037678
vn -0.247937 0.968043 0.037678
vn -0.247937 0.968043 0.037678
vn -0.247937 0.968043 0.037678
vn 0.962538 0.250568 -0.103615
vn 0.962538 0.250568 -0.103615
vn 0.962538 0.250568 -0.103615
vn 0.962538 0.250568 -0.103615
vn 0.247941 -0.968042 -0.037679
vn 0.247941 -0.968042 -0.037679
vn 0.247941 -0.968042 -0.037679
vn 0.247941 -0.968042 -0.037679
vn 0.109741 -0.010580 0.993904
vn 0.109741 -0.010580 0.993904
vn 0.109741 -0.010580 0.993904
vn 0.109741 -0.010580 0.993904
vn -0.109732 0.010574 -0.993905
vn -0.109732 0.010574 -0.993905
vn -0.109732 0.010574 -0.993905
vn -0.109732 0.010574 -0.993905
vn -0.239323 -0.759205 0.605255
vn -0.239323 -0.759205 0.605255
vn -0.239323 -0.759205 0.605255
vn -0.239323 -0.759205 0.605255
vn -0.153064 0.645056 0.748649
vn -0.153064 0.645056 0.748649
vn -0.153064 0.645056 0.748649
vn -0.153064 0.645056 0.748649
vn 0.239318 0.759217 -0.605241
vn 0.239318 0.759217 -0.605241
vn 0.239318 0.759217 -0.605241
vn 0.239318 0.759217 -0.605241
vn 0.153058 -0.645068 -0.748640
vn 0.153058 -0.645068 -0.748640
vn 0.153058 -0.645068 -0.748640
vn 0.153058 -0.645068 -0.748640
vn 0.958800 -0.086526 0.270583
vn 0.958800 -0.086526 0.270583
vn 0.958800 -0.086526 0.270583
vn 0.958800 -0.086526 0.270583
vn -0.958802 0.086526 -0.270577
vn -0.958802 0.086526 -0.270577
vn -0.958802 0.086526 -0.270577
vn -0.958802 0.086526 -0.270577
vn -0.362085 -0.397804 -0.842999
vn -0.362085 -0.397804 -0.842999
vn -0.362085 -0.397804 -0.842999
vn -0.033169 0.605591 -0.795084
vn -0.033169 0.605591 -0.795084
vn -0.033169 0.605591 -0.795084
vn -0.884484 0.211182 -0.416042
vn -0.884484 0.211182 -0.416042
vn -0.884484 0.211182 -0.416042
vn -0.517299 -0.701545 -0.490140
vn -0.517299 -0.701545 -0.490140
vn -0.517299 -0.701545 -0.490140
vn -0.848312 -0.172425 -0.500636
vn -0.848312 -0.172425 -0.500636
vn -0.848312 -0.172425 -0.500636
vn -0.843000 -0.397802 0.362084
vn -0.843000 -0.397802 0.362084
vn -0.843000 -0.397802 0.362084
vn -0.795086 0.605589 0.033170
vn -0.795086 0.605589 0.033170
vn -0.795086 0.605589 0.033170
vn -0.416040 0.211181 0.884485
vn -0.416040 0.211181 0.884485
vn -0.416040 0.211181 0.884485
vn -0.490139 -0.701546 0.517299
vn -0.490139 -0.701546 0.517299
vn -0.490139 -0.701546 0.517299
vn -0.500635 -0.172426 0.848313
vn -0.500635 -0.172426 0.848313
vn -0.500635 -0.172426 0.848313
vn 0.362085 -0.397804 0.842999
vn 0.362085 -0.397804 0.842999
vn 0.362085 -0.397804 0.842999
vn 0.033169 0.605592 0.795084
vn 0.033169 0.605592 0.795084
vn 0.033169 0.605592 0.795084
vn 0.517299 -0.701545 0.490140
vn 0.517299 -0.701545 0.490140
vn 0.517299 -0.701545 0.490140
vn 0.848312 -0.172425 0.500636
vn 0.848312 -0.172425 0.500636
vn 0.848312 -0.172425 0.500636
vn 0.842999 -0.397801 -0.362086
vn 0.842999 -0.397801 -0.362086
vn 0.842999 -0.397801 -0.362086
vn 0.786704 0.613150 -0.071720
vn 0.786704 0.613150 -0.071720
vn 0.786704 0.613150 -0.071720
vn 0.416040 0.211181 -0.884485
vn 0.416040 0.211181 -0.884485
vn 0.416040 0.211181 -0.884485
vn 0.490139 -0.701545 -0.517300
vn 0.490139 -0.701545 -0.517300
vn 0.490139 -0.701545 -0.517300
vn 0.500635 -0.172426 -0.848313
vn 0.500635 -0.172426 -0.848313
vn 0.500635 -0.172426 -0.848313
vn -0.608439 -0.792387 -0.043878
vn -0.608439 -0.792387 -0.043878
vn -0.608439 -0.792387 -0.043878
vn -0.043879 -0.792388 0.608438
vn -0.043879 -0.792388 0.608438
vn -0.043879 -0.792388 0.608438
vn 0.608437 -0.792388 0.043879
vn 0.608437 -0.792388 0.043879
vn 0.608437 -0.792388 0.043879
vn 0.043879 -0.792388 -0.608438
vn 0.043879 -0.792388 -0.608438
vn 0.043879 -0.792388 -0.608438
vn -0.429746 0.746458 0.508054
vn -0.429746 0.746458 0.508054
vn -0.429746 0.746458 0.508054
vn 0.065936 0.911381 0.406247
vn 0.065936 0.911381 0.406247
vn 0.065936 0.911381 0.406247
vn -0.508055 0.746459 -0.429744
vn -0.508055 0.746459 -0.429744
vn -0.508055 0.746459 -0.429744
vn -0.388675 0.918075 0.077915
vn -0.388675 0.918075 0.077915
vn -0.388675 0.918075 0.077915
vn 0.429747 0.746457 -0.508055
vn 0.429747 0.746457 -0.508055
vn 0.429747 0.746457 -0.508055
vn -0.077916 0.918074 -0.388677
vn -0.077916 0.918074 -0.388677
vn -0.077916 0.918074 -0.388677
vn 0.433313 0.827203 0.357736
vn 0.433313 0.827203 0.357736
vn 0.433313 0.827203 0.357736
vn 0.397602 0.908637 -0.127640
vn 0.397602 0.908637 -0.127640
vn 0.397602 0.908637 -0.127640
vn 0.195794 0.961073 0.194946
vn 0.195794 0.961073 0.194946
vn 0.195794 0.961073 0.194946
vn 0.001677 0.976728 0.214476
vn 0.001677 0.976728 0.214476
vn 0.001677 0.976728 0.214476
vn -0.254262 -0.961073 0.108119
vn -0.254262 -0.961073 0.108119
vn -0.254262 -0.961073 0.108119
vn -0.081340 -0.976728 0.198459
vn -0.081340 -0.976728 0.198459
vn -0.081340 -0.976728 0.198459
vn 0.060750 0.653158 0.754781
vn 0.060750 0.653158 0.754781
vn 0.060750 0.653158 0.754781
vn 0.736033 -0.540222 0.407940
vn 0.736033 -0.540222 0.407940
vn 0.736033 -0.540222 0.407940
vn 0.244596 -0.859291 0.449212
vn 0.244596 -0.859291 0.449212
vn 0.244596 -0.859291 0.449212
vn -0.332768 0.812296 -0.479000
vn -0.332768 0.812296 -0.479000
vn -0.332768 0.812296 -0.479000
vn -0.736033 -0.540223 -0.407939
vn -0.736033 -0.540223 -0.407939
vn -0.736033 -0.540223 -0.407939
vn -0.244596 -0.859291 -0.449212
vn -0.244596 -0.859291 -0.449212
vn -0.244596 -0.859291 -0.449212
vn 0.478999 0.812296 -0.332768
vn 0.478999 0.812296 -0.332768
vn 0.478999 0.812296 -0.332768
vn 0.407935 -0.540229 -0.736031
vn 0.407935 -0.540229 -0.736031
vn 0.407935 -0.540229 -0.736031
vn 0.449211 -0.859292 -0.244597
vn 0.449211 -0.859292 -0.244597
vn 0.449211 -0.859292 -0.244597
vn -0.479000 0.812296 0.332768
vn -0.479000 0.812296 0.332768
vn -0.479000 0.812296 0.332768
vn -0.392852 -0.585863 0.708825
vn -0.392852 -0.585863 0.708825
vn -0.392852 -0.585863 0.708825
vn -0.485607 -0.129753 -0.864494
vn -0.485607 -0.129753 -0.864494
vn -0.485607 -0.129753 -0.864494
vn -0.421666 0.158718 -0.892752
vn -0.421666 0.158718 -0.892752
vn -0.421666 0.158718 -0.892752
vn -0.625231 0.450747 -0.637114
vn -0.625231 0.450747 -0.637114
vn -0.625231 0.450747 -0.637114
vn -0.539088 0.619396 -0.570731
vn -0.539088 0.619396 -0.570731
vn -0.539088 0.619396 -0.570731
vn -0.837835 -0.381910 -0.390099
vn -0.837835 -0.381910 -0.390099
vn -0.837835 -0.381910 -0.390099
vn -0.864495 -0.129753 0.485606
vn -0.864495 -0.129753 0.485606
vn -0.864495 -0.129753 0.485606
vn -0.892753 0.158719 0.421663
vn -0.892753 0.158719 0.421663
vn -0.892753 0.158719 0.421663
vn -0.637113 0.450749 0.625230
vn -0.637113 0.450749 0.625230
vn -0.637113 0.450749 0.625230
vn -0.570733 0.619394 0.539088
vn -0.570733 0.619394 0.539088
vn -0.570733 0.619394 0.539088
vn -0.390096 -0.381910 0.837836
vn -0.390096 -0.381910 0.837836
vn -0.390096 -0.381910 0.837836
vn 0.485608 -0.129753 0.864494
vn 0.485608 -0.129753 0.864494
vn 0.485608 -0.129753 0.864494
vn 0.421666 0.158718 0.892752
vn 0.421666 0.158718 0.892752
vn 0.421666 0.158718 0.892752
vn 0.601848 0.411585 0.684381
vn 0.601848 0.411585 0.684381
vn 0.601848 0.411585 0.684381
vn 0.470050 0.630049 0.618135
vn 0.470050 0.630049 0.618135
vn 0.470050 0.630049 0.618135
vn 0.837835 -0.381910 0.390098
vn 0.837835 -0.381910 0.390098
vn 0.837835 -0.381910 0.390098
vn 0.864494 -0.129753 -0.485607
vn 0.864494 -0.129753 -0.485607
vn 0.864494 -0.129753 -0.485607
vn 0.892753 0.158718 -0.421665
vn 0.892753 0.158718 -0.421665
vn 0.892753 0.158718 -0.421665
vn 0.637112 0.450748 -0.625231
vn 0.637112 0.450748 -0.625231
vn 0.637112 0.450748 -0.625231
vn 0.570732 0.619395 -0.539087
vn 0.570732 0.619395 -0.539087
vn 0.570732 0.619395 -0.539087
vn 0.390096 -0.381911 -0.837836
vn 0.390096 -0.381911 -0.837836
vn 0.390096 -0.381911 -0.837836
vn -0.166494 -0.980057 -0.108480
vn -0.166494 -0.980057 -0.108480
vn -0.166494 -0.980057 -0.108480
vn -0.108479 -0.980057 0.166495
vn -0.108479 -0.980057 0.166495
vn -0.108479 -0.980057 0.166495
vn 0.166494 -0.980057 0.108480
vn 0.166494 -0.980057 0.108480
vn 0.166494 -0.980057 0.108480
vn 0.108480 -0.980057 -0.166495
vn 0.108480 -0.980057 -0.166495
vn 0.108480 -0.980057 -0.166495
vn -0.087181 0.788223 0.609183
vn -0.087181 0.788223 0.609183
vn -0.087181 0.788223 0.609183
vn -0.126417 0.991653 0.025342
vn -0.126417 0.991653 0.025342
vn -0.126417 0.991653 0.025342
vn -0.609182 0.788224 -0.087183
vn -0.609182 0.788224 -0.087183
vn -0.609182 0.788224 -0.087183
vn -0.027261 0.990336 -0.135986
vn -0.027261 0.990336 -0.135986
vn -0.027261 0.990336 -0.135986
vn 0.087181 0.788223 -0.609183
vn 0.087181 0.788223 -0.609183
vn 0.087181 0.788223 -0.609183
vn -0.059973 0.998136 -0.011270
vn -0.059973 0.998136 -0.011270
vn -0.059973 0.998136 -0.011270
vn -0.274328 0.960253 -0.051553
vn -0.274328 0.960253 -0.051553
vn -0.274328 0.960253 -0.051553
vn 0.015814 0.996328 -0.084151
vn 0.015814 0.996328 -0.084151
vn 0.015814 0.996328 -0.084151
vn 0.051553 0.960253 -0.274329
vn 0.051553 0.960253 -0.274329
vn 0.051553 0.960253 -0.274329
vn 0.283925 0.957627 0.048338
vn 0.283925 0.957627 0.048338
vn 0.283925 0.957627 0.048338
vn -0.027679 0.962616 0.269452
vn -0.027679 0.962616 0.269452
vn -0.027679 0.962616 0.269452
vn -0.281529 -0.957628 -0.060751
vn -0.281529 -0.957628 -0.060751
vn -0.281529 -0.957628 -0.060751
vn -0.074543 -0.962616 0.260411
vn -0.074543 -0.962616 0.260411
vn -0.074543 -0.962616 0.260411
vn 0.059861 -0.998136 0.011848
vn 0.059861 -0.998136 0.011848
vn 0.059861 -0.998136 0.011848
vn 0.273818 -0.960253 0.054196
vn 0.273818 -0.960253 0.054196
vn 0.273818 -0.960253 0.054196
vn 0.016625 -0.996328 -0.083995
vn 0.016625 -0.996328 -0.083995
vn 0.016625 -0.996328 -0.083995
vn 0.054197 -0.960254 -0.273818
vn 0.054197 -0.960254 -0.273818
vn 0.054197 -0.960254 -0.273818
vn 0.425305 0.390270 0.816581
vn 0.425305 0.390270 0.816581
vn 0.425305 0.390270 0.816581
vn -0.040139 0.794296 0.606204
vn -0.040139 0.794296 0.606204
vn -0.040139 0.794296 0.606204
vn 0.480909 0.693874 0.535971
vn 0.480909 0.693874 0.535971
vn 0.480909 0.693874 0.535971
vn 0.779464 0.453576 0.432093
vn 0.779464 0.453576 0.432093
vn 0.779464 0.453576 0.432093
vn 0.068876 -0.512775 0.855756
vn 0.068876 -0.512775 0.855756
vn 0.068876 -0.512775 0.855756
vn -0.420013 0.725172 -0.545632
vn -0.420013 0.725172 -0.545632
vn -0.420013 0.725172 -0.545632
vn -0.779464 0.453576 -0.432093
vn -0.779464 0.453576 -0.432093
vn -0.779464 0.453576 -0.432093
vn -0.154172 -0.389335 -0.908102
vn -0.154172 -0.389335 -0.908102
vn -0.154172 -0.389335 -0.908102
vn 0.545632 0.725172 -0.420013
vn 0.545632 0.725172 -0.420013
vn 0.545632 0.725172 -0.420013
vn 0.432094 0.453577 -0.779463
vn 0.432094 0.453577 -0.779463
vn 0.432094 0.453577 -0.779463
vn 0.908101 -0.389338 -0.154171
vn 0.908101 -0.389338 -0.154171
vn 0.908101 -0.389338 -0.154171
vn -0.545631 0.725174 0.420012
vn -0.545631 0.725174 0.420012
vn -0.545631 0.725174 0.420012
vn -0.432094 0.453579 0.779462
vn -0.432094 0.453579 0.779462
vn -0.432094 0.453579 0.779462
vn -0.188249 -0.794295 0.577632
vn -0.188249 -0.794295 0.577632
vn -0.188249 -0.794295 0.577632
vn -0.908101 -0.389337 0.154174
vn -0.908101 -0.389337 0.154174
vn -0.908101 -0.389337 0.154174
vn -0.017702 0.327422 -0.944712
vn -0.017702 0.327422 -0.944712
vn -0.017702 0.327422 -0.944712
vn -0.017702 0.327422 -0.944712
vn -0.856466 -0.515939 -0.016504
vn -0.856466 -0.515939 -0.016504
vn -0.856466 -0.515939 -0.016504
vn -0.856466 -0.515939 -0.016504
vn 0.016506 -0.515939 -0.856466
vn 0.016506 -0.515939 -0.856466
vn 0.016506 -0.515939 -0.856466
vn 0.016506 -0.515939 -0.856466
vn -0.944712 0.327422 0.017704
vn -0.944712 0.327422 0.017704
vn -0.944712 0.327422 0.017704
vn -0.944712 0.327422 0.017704
vn -0.016505 -0.515939 0.856466
vn -0.016505 -0.515939 0.856466
vn -0.016505 -0.515939 0.856466
vn -0.016505 -0.515939 0.856466
vn 0.017702 0.327422 0.944712
vn 0.017702 0.327422 0.944712
vn 0.017702 0.327422 0.944712
vn 0.017702 0.327422 0.944712
vn 0.865463 0.272180 0.420586
vn 0.865463 0.272180 0.420586
vn 0.865463 0.272180 0.420586
vn 0.865463 0.272180 0.420586
vn 0.856467 -0.515939 0.016506
vn 0.856467 -0.515939 0.016506
vn 0.856467 -0.515939 0.016506
vn 0.856467 -0.515939 0.016506
vn 0.959376 0.271868 -0.075409
vn 0.959376 0.271868 -0.075409
vn 0.959376 0.271868 -0.075409
vn 0.959376 0.271868 -0.075409
vn -0.371559 -0.889873 -0.264707
vn -0.371559 -0.889873 -0.264707
vn -0.371559 -0.889873 -0.264707
vn -0.371559 -0.889873 -0.264707
vn -0.264706 -0.889873 0.371559
vn -0.264706 -0.889873 0.371559
vn -0.264706 -0.889873 0.371559
vn -0.264706 -0.889873 0.371559
vn 0.371559 -0.889873 0.264707
vn 0.371559 -0.889873 0.264707
vn 0.371559 -0.889873 0.264707
vn 0.371559 -0.889873 0.264707
vn 0.264706 -0.889873 -0.371559
vn 0.264706 -0.889873 -0.371559
vn 0.264706 -0.889873 -0.371559
vn 0.264706 -0.889873 -0.371559
vn 0.603594 0.788215 0.119968
vn 0.603594 0.788215 0.119968
vn 0.603594 0.788215 0.119968
vn 0.603594 0.788215 0.119968
vn 0.461392 -0.871540 0.165940
vn 0.461392 -0.871540 0.165940
vn 0.461392 -0.871540 0.165940
vn 0.461392 -0.871540 0.165940
vn 0.378963 -0.539522 0.751867
vn 0.378963 -0.539522 0.751867
vn 0.378963 -0.539522 0.751867
vn 0.378963 -0.539522 0.751867
vn 0.003869 0.864690 -0.502291
vn 0.003869 0.864690 -0.502291
vn 0.003869 0.864690 -0.502291
vn 0.003869 0.864690 -0.502291
vn -0.461392 -0.871540 -0.165940
vn -0.461392 -0.871540 -0.165940
vn -0.461392 -0.871540 -0.165940
vn -0.461392 -0.871540 -0.165940
vn -0.377103 -0.503431 -0.777400
vn -0.377103 -0.503431 -0.777400
vn -0.377103 -0.503431 -0.777400
vn -0.377103 -0.503431 -0.777400
vn 0.502290 0.864691 0.003869
vn 0.502290 0.864691 0.003869
vn 0.502290 0.864691 0.003869
vn 0.502290 0.864691 0.003869
vn 0.165942 -0.871540 -0.461391
vn 0.165942 -0.871540 -0.461391
vn 0.165942 -0.871540 -0.461391
vn 0.165942 -0.871540 -0.461391
vn 0.777399 -0.503434 -0.377102
vn 0.777399 -0.503434 -0.377102
vn 0.777399 -0.503434 -0.377102
vn 0.777399 -0.503434 -0.377102
vn -0.502290 0.864690 -0.003868
vn -0.502290 0.864690 -0.003868
vn -0.502290 0.864690 -0.003868
vn -0.502290 0.864690 -0.003868
vn -0.766185 -0.519672 0.378024
vn -0.766185 -0.519672 0.378024
vn -0.766185 -0.519672 0.378024
vn -0.766185 -0.519672 0.378024
g IceCream_3_LightYellow
usemtl LightYellow
f 1 2 3
f 1 3 4
f 5 6 7
f 5 7 8
f 9 10 11
f 9 11 12
f 13 14 15
f 13 15 16
f 17 18 19
f 17 19 20
f 21 22 23
f 21 23 24
f 25 26 27
f 25 27 28
f 29 30 31
f 29 31 32
f 33 34 35
f 33 35 36
f 37 38 39
f 37 39 40
f 41 42 43
f 41 43 44
f 45 46 47
f 45 47 48
f 49 50 51
f 49 51 52
f 53 54 55
f 53 55 56
f 57 58 59
f 57 59 60
f 61 62 63
f 61 63 64
f 65 66 67
f 65 67 68
f 69 70 71
f 69 71 72
f 73 74 75
f 73 75 76
f 77 78 79
f 77 79 80
f 81 82 83
f 81 83 84
f 85 86 87
f 85 87 88
f 89 90 91
f 91 92 89
f 91 93 92
f 93 94 92
f 93 95 94
f 95 96 94
f 95 97 96
f 97 98 96
f 99 100 101
f 99 101 102
f 103 104 105
f 103 105 106
f 107 108 109
f 107 109 110
f 111 112 113
f 111 113 114
f 115 116 117
f 115 117 118
f 119 120 121
f 119 121 122
f 123 124 125
f 123 125 126
f 127 128 129
f 127 129 130
f 131 132 133
f 131 133 134
f 135 136 137
f 135 137 138
f 139 140 141
f 139 141 142
f 143 144 145
f 143 145 146
f 147 148 149
f 147 149 150
f 151 152 153
f 151 153 154
f 155 156 157
f 155 157 158
f 159 160 161
f 159 161 162
f 163 164 165
f 163 165 166
f 167 168 169
f 167 169 170
f 171 172 173
f 171 173 174
f 175 176 177
f 175 177 178
f 179 180 181
f 179 181 182
f 183 184 185
f 183 185 186
f 187 188 189
f 187 189 190
f 191 192 193
f 191 193 194
f 195 196 197
f 195 197 198
f 199 200 201
f 199 201 202
f 203 204 205
f 203 205 206
f 207 208 209
f 207 209 210
f 211 212 213
f 211 213 214
f 215 216 217
f 215 217 218
f 219 220 221
f 219 221 222
f 223 224 225
f 223 225 226
f 227 228 229
f 227 229 230
f 231 232 233
f 231 233 234
f 235 236 237
f 235 237 238
f 239 240 241
f 239 241 242
f 243 244 245
f 243 245 246
f 247 248 249
f 247 249 250
f 251 252 253
f 251 253 254
f 255 256 257
f 255 257 258
f 259 260 261
f 259 261 262
f 263 264 265
f 263 265 266
f 267 268 269
f 267 269 270
f 271 272 273
f 271 273 274
f 275 276 277
f 275 277 278
f 279 280 281
f 279 281 282
f 283 284 285
f 283 285 286
f 287 288 289
f 287 289 290
f 291 292 293
f 291 293 294
f 295 296 297
f 295 297 298
f 299 300 301
f 299 301 302
f 303 304 305
f 303 305 306
f 307 308 309
f 307 309 310
f 311 312 313
f 311 313 314
f 315 316 317
f 315 317 318
f 319 320 321
f 319 321 322
f 323 324 325
f 323 325 326
f 327 328 329
f 327 329 330
f 331 332 333
f 331 333 334
f 335 336 337
f 335 337 338
f 339 340 341
f 339 341 342
f 343 344 345
f 343 345 346
f 347 348 349
f 347 349 350
f 351 352 353
f 351 353 354
f 355 356 357
f 355 357 358
f 359 360 361
f 359 361 362
f 363 364 365
f 363 365 366
f 367 368 369
f 367 369 370
f 371 372 373
f 371 373 374
f 375 376 377
f 375 377 378
f 379 380 381
f 379 381 382
f 383 384 385
f 383 385 386
f 387 388 389
f 387 389 390
f 391 392 393
f 391 393 394
f 395 396 397
f 395 397 398
f 399 400 401
f 399 401 402
f 403 404 405
f 403 405 406
f 407 408 409
f 407 409 410
f 411 412 413
f 411 413 414
f 415 416 417
f 415 417 418
f 419 420 421
f 419 421 422
f 423 424 425
f 423 425 426
f 427 428 429
f 427 429 430
f 431 432 433
f 431 433 434
f 435 436 437
f 435 437 438
f 439 440 441
f 439 441 442
f 443 444 445
f 443 445 446
f 447 448 449
f 447 449 450
f 451 452 453
f 451 453 454
f 455 456 457
f 457 458 455
f 458 459 455
f 458 460 459
f 460 461 459
f 460 462 461
f 462 463 461
f 462 464 463
f 465 466 467
f 465 467 468
f 469 470 471
f 469 471 472
f 473 474 475
f 473 475 476
f 477 478 479
f 477 479 480
f 481 482 483
f 481 483 484
f 485 486 487
f 485 487 488
f 489 490 491
f 489 491 492
f 493 494 495
f 493 495 496
f 497 498 499
f 497 499 500
f 501 502 503
f 501 503 504
f 505 506 507
f 505 507 508
f 509 510 511
f 509 511 512
f 513 514 515
f 513 515 516
f 517 518 519
f 517 519 520
f 521 522 523
f 521 523 524
f 525 526 527
f 525 527 528
f 529 530 531
f 529 531 532
f 533 534 535
f 533 535 536
f 537 538 539
f 537 539 540
f 541 542 543
f 541 543 544
f 544 543 545
f 544 545 546
f 543 547 545
f 548 544 546
f 543 549 547
f 548 546 550
f 549 550 547
f 549 548 550
f 548 549 551
f 548 551 552
f 549 553 551
f 554 548 552
f 549 555 553
f 554 552 556
f 555 556 553
f 555 554 556
f 554 555 557
f 554 557 558
f 555 559 557
f 560 554 558
f 555 561 559
f 560 558 562
f 561 562 559
f 561 560 562
f 560 561 563
f 560 563 564
f 561 565 563
f 566 560 564
f 561 567 565
f 566 564 568
f 567 566 568
f 567 568 565
f 569 570 571
f 569 571 572
f 572 571 573
f 572 573 574
f 571 575 573
f 576 572 574
f 571 577 575
f 576 574 578
f 577 578 575
f 577 576 578
f 576 577 579
f 576 579 580
f 577 581 579
f 582 576 580
f 577 583 581
f 582 580 584
f 583 584 581
f 583 582 584
f 582 583 585
f 582 585 586
f 583 587 585
f 588 582 586
f 583 589 587
f 588 586 590
f 589 590 587
f 589 588 590
f 588 589 591
f 588 591 592
f 589 593 591
f 594 588 592
f 589 595 593
f 594 592 596
f 595 594 596
f 595 596 593
f 597 598 599
f 597 599 600
f 600 599 601
f 600 601 602
f 599 603 601
f 604 600 602
f 599 605 603
f 604 602 606
f 605 606 603
f 605 604 606
f 604 605 607
f 604 607 608
f 605 609 607
f 610 604 608
f 605 611 609
f 610 608 612
f 611 612 609
f 611 610 612
f 610 611 613
f 610 613 614
f 611 615 613
f 616 610 614
f 611 617 615
f 616 614 618
f 617 618 615
f 617 616 618
f 616 617 619
f 616 619 620
f 617 621 619
f 622 616 620
f 617 623 621
f 622 620 624
f 623 622 624
f 623 624 621
f 625 626 627
f 625 627 628
f 628 627 629
f 628 629 630
f 627 631 629
f 632 628 630
f 627 633 631
f 632 630 634
f 633 634 631
f 633 632 634
f 632 633 635
f 632 635 636
f 633 637 635
f 638 632 636
f 633 639 637
f 638 636 640
f 639 640 637
f 639 638 640
f 638 639 641
f 638 641 642
f 639 643 641
f 644 638 642
f 639 645 643
f 644 642 646
f 645 646 643
f 645 644 646
f 644 645 647
f 644 647 648
f 645 649 647
f 650 644 648
f 645 651 649
f 650 648 652
f 651 650 652
f 651 652 649
f 653 654 655
f 653 655 656
f 656 655 657
f 656 657 658
f 655 659 657
f 660 656 658
f 655 661 659
f 660 658 662
f 661 662 659
f 661 660 662
f 660 661 663
f 660 663 664
f 661 665 663
f 666 660 664
f 661 667 665
f 666 664 668
f 667 668 665
f 667 666 668
f 666 667 669
f 666 669 670
f 667 671 669
f 672 666 670
f 667 673 671
f 672 670 674
f 673 674 671
f 673 672 674
f 672 673 675
f 672 675 676
f 673 677 675
f 678 672 676
f 673 679 677
f 678 676 680
f 679 678 680
f 679 680 677
f 681 682 683
f 681 683 684
f 684 683 685
f 684 685 686
f 683 687 685
f 688 684 686
f 683 689 687
f 688 686 690
f 689 690 687
f 689 688 690
f 688 689 691
f 688 691 692
f 689 693 691
f 694 688 692
f 689 695 693
f 694 692 696
f 695 696 693
f 695 694 696
f 694 695 697
f 694 697 698
f 695 699 697
f 700 694 698
f 695 701 699
f 700 698 702
f 701 702 699
f 701 700 702
f 700 701 703
f 700 703 704
f 701 705 703
f 706 700 704
f 701 707 705
f 706 704 708
f 707 706 708
f 707 708 705
f 709 710 711
f 709 711 712
f 712 711 713
f 712 713 714
f 711 715 713
f 716 712 714
f 711 717 715
f 716 714 718
f 717 718 715
f 717 716 718
f 716 717 719
f 716 719 720
f 717 721 719
f 722 716 720
f 717 723 721
f 722 720 724
f 723 724 721
f 723 722 724
f 722 723 725
f 722 725 726
f 723 727 725
f 728 722 726
f 723 729 727
f 728 726 730
f 729 730 727
f 729 728 730
f 728 729 731
f 728 731 732
f 729 733 731
f 734 728 732
f 729 735 733
f 734 732 736
f 735 734 736
f 735 736 733
f 737 738 739
f 737 739 740
f 740 739 741
f 740 741 742
f 739 743 741
f 744 740 742
f 739 745 743
f 744 742 746
f 745 746 743
f 745 744 746
f 744 745 747
f 744 747 748
f 745 749 747
f 750 744 748
f 745 751 749
f 750 748 752
f 751 752 749
f 751 750 752
f 750 751 753
f 750 753 754
f 751 755 753
f 756 750 754
f 751 757 755
f 756 754 758
f 757 758 755
f 757 756 758
f 756 757 759
f 756 759 760
f 757 761 759
f 762 756 760
f 757 763 761
f 762 760 764
f 763 762 764
f 763 764 761
f 765 766 767
f 765 767 768
f 768 767 769
f 768 769 770
f 767 771 769
f 772 768 770
f 767 773 771
f 772 770 774
f 773 774 771
f 773 772 774
f 772 773 775
f 772 775 776
f 773 777 775
f 778 772 776
f 773 779 777
f 778 776 780
f 779 780 777
f 779 778 780
f 778 779 781
f 778 781 782
f 779 783 781
f 784 778 782
f 779 785 783
f 784 782 786
f 785 786 783
f 785 784 786
f 784 785 787
f 784 787 788
f 785 789 787
f 790 784 788
f 785 791 789
f 790 788 792
f 791 790 792
f 791 792 789
f 793 794 795
f 793 795 796
f 796 795 797
f 796 797 798
f 795 799 797
f 800 796 798
f 795 801 799
f 800 798 802
f 801 802 799
f 801 800 802
f 800 801 803
f 800 803 804
f 801 805 803
f 806 800 804
f 801 807 805
f 806 804 808
f 807 808 805
f 807 806 808
f 806 807 809
f 806 809 810
f 807 811 809
f 812 806 810
f 807 813 811
f 812 810 814
f 813 814 811
f 813 812 814
f 812 813 815
f 812 815 816
f 813 817 815
f 818 812 816
f 813 819 817
f 818 816 820
f 819 818 820
f 819 820 817
f 821 822 823
f 821 823 824
f 825 826 827
f 825 827 828
f 829 830 831
f 829 831 832
f 833 834 835
f 833 835 836
f 837 838 839
f 837 839 840
f 841 842 843
f 841 843 844
f 845 846 847
f 845 847 848
f 849 850 851
f 849 851 852
f 853 854 855
f 853 855 856
f 857 858 859
f 857 859 860
f 861 862 863
f 861 863 864
f 865 866 867
f 865 867 868
f 869 870 871
f 869 871 872
f 873 874 875
f 873 875 876
f 877 878 879
f 877 879 880
f 881 882 883
f 881 883 884
f 885 886 887
f 885 887 888
f 889 890 891
f 889 891 892
f 893 894 895
f 893 895 896
f 897 898 899
f 897 899 900
f 901 902 903
f 901 903 904
f 905 906 907
f 905 907 908
f 909 910 911
f 909 911 912
f 913 914 915
f 913 915 916
f 917 918 919
f 917 919 920
f 921 922 923
f 921 923 924
f 925 926 927
f 925 927 928
f 929 930 931
f 929 931 932
f 933 934 935
f 933 935 936
f 937 938 939
f 937 939 940
f 941 942 943
f 941 943 944
f 945 946 947
f 945 947 948
f 949 950 951
f 949 951 952
f 953 954 955
f 953 955 956
f 957 958 959
f 957 959 960
f 961 962 963
f 961 963 964
f 965 966 967
f 965 967 968
f 969 970 971
f 969 971 972
f 973 974 975
f 973 975 976
f 977 978 979
f 977 979 980
f 981 982 983
f 981 983 984
f 985 986 987
f 985 987 988
f 989 990 991
f 989 991 992
f 993 994 995
f 993 995 996
f 997 998 999
f 997 999 1000
f 1001 1002 1003
f 1001 1003 1004
f 1005 1006 1007
f 1005 1007 1008
f 1009 1010 1011
f 1009 1011 1012
f 1013 1014 1015
f 1013 1015 1016
f 1017 1018 1019
f 1017 1019 1020
f 1021 1022 1023
f 1021 1023 1024
f 1025 1026 1027
f 1025 1027 1028
f 1029 1030 1031
f 1029 1031 1032
f 1033 1034 1035
f 1033 1035 1036
f 1037 1038 1039
f 1037 1039 1040
f 1041 1042 1043
f 1041 1043 1044
f 1045 1046 1047
f 1045 1047 1048
f 1049 1050 1051
f 1049 1051 1052
f 1053 1054 1055
f 1053 1055 1056
f 1057 1058 1059
f 1057 1059 1060
f 1061 1062 1063
f 1061 1063 1064
f 1065 1066 1067
f 1065 1067 1068
f 1069 1070 1071
f 1069 1071 1072
f 1073 1074 1075
f 1073 1075 1076
f 1077 1078 1079
f 1077 1079 1080
f 1081 1082 1083
f 1081 1083 1084
f 1085 1086 1087
f 1085 1087 1088
f 1089 1090 1091
f 1089 1091 1092
f 1093 1094 1095
f 1093 1095 1096
f 1097 1098 1099
f 1097 1099 1100
f 1101 1102 1103
f 1101 1103 1104
f 1105 1106 1107
f 1105 1107 1108
f 1109 1110 1111
f 1109 1111 1112
f 1113 1114 1115
f 1113 1115 1116
f 1117 1118 1119
f 1117 1119 1120
f 1121 1122 1123
f 1121 1123 1124
f 1125 1126 1127
f 1125 1127 1128
f 1129 1130 1131
f 1129 1131 1132
f 1133 1134 1135
f 1133 1135 1136
f 1137 1138 1139
f 1137 1139 1140
f 1141 1142 1143
f 1141 1143 1144
f 1145 1146 1147
f 1145 1147 1148
f 1149 1150 1151
f 1149 1151 1152
f 1153 1154 1155
f 1153 1155 1156
f 1157 1158 1159
f 1157 1159 1160
f 1161 1162 1163
f 1161 1163 1164
f 1165 1166 1167
f 1165 1167 1168
f 1169 1170 1171
f 1169 1171 1172
f 1173 1174 1175
f 1173 1175 1176
f 1177 1178 1179
f 1177 1179 1180
f 1181 1182 1183
f 1181 1183 1184
f 1185 1186 1187
f 1185 1187 1188
f 1189 1190 1191
f 1189 1191 1192
f 1193 1194 1195
f 1193 1195 1196
f 1197 1198 1199
f 1197 1199 1200
f 1201 1202 1203
f 1201 1203 1204
f 1205 1206 1207
f 1205 1207 1208
f 1209 1210 1211
f 1209 1211 1212
f 1213 1214 1215
f 1213 1215 1216
f 1217 1218 1219
f 1217 1219 1220
f 1221 1222 1223
f 1221 1223 1224
f 1225 1226 1227
f 1225 1227 1228
f 1229 1230 1231
f 1229 1231 1232
f 1233 1234 1235
f 1233 1235 1236
f 1237 1238 1239
f 1237 1239 1240
f 1241 1242 1243
f 1241 1243 1244
f 1245 1246 1247
f 1245 1247 1248
f 1249 1250 1251
f 1249 1251 1252
f 1253 1254 1255
f 1253 1255 1256
f 1257 1258 1259
f 1257 1259 1260
f 1261 1262 1263
f 1261 1263 1264
f 1265 1266 1267
f 1265 1267 1268
f 1269 1270 1271
f 1269 1271 1272
f 1273 1274 1275
f 1273 1275 1276
f 1277 1278 1279
f 1277 1279 1280
f 1281 1282 1283
f 1281 1283 1284
f 1285 1286 1287
f 1285 1287 1288
f 1289 1290 1291
f 1289 1291 1292
f 1293 1294 1295
f 1293 1295 1296
f 1297 1298 1299
f 1297 1299 1300
f 1301 1302 1303
f 1301 1303 1304
f 1305 1306 1307
f 1305 1307 1308
f 1309 1310 1311
f 1309 1311 1312
f 1313 1314 1315
f 1313 1315 1316
f 1317 1318 1319
f 1317 1319 1320
f 1321 1322 1323
f 1321 1323 1324
f 1325 1326 1327
f 1325 1327 1328
f 1329 1330 1331
f 1329 1331 1332
f 1333 1334 1335
f 1333 1335 1336
f 1337 1338 1339
f 1337 1339 1340
f 1341 1342 1343
f 1341 1343 1344
f 1345 1346 1347
f 1345 1347 1348
f 1349 1350 1351
f 1349 1351 1352
f 1353 1354 1355
f 1353 1355 1356
f 1357 1358 1359
f 1357 1359 1360
f 1361 1362 1363
f 1361 1363 1364
f 1365 1366 1367
f 1365 1367 1368
f 1369 1370 1371
f 1369 1371 1372
f 1373 1374 1375
f 1373 1375 1376
f 1377 1378 1379
f 1377 1379 1380
f 1381 1382 1383
f 1381 1383 1384
f 1385 1386 1387
f 1385 1387 1388
f 1389 1390 1391
f 1389 1391 1392
f 1393 1394 1395
f 1393 1395 1396
f 1397 1398 1399
f 1397 1399 1400
f 1401 1402 1403
f 1401 1403 1404
f 1405 1406 1407
f 1405 1407 1408
f 1409 1410 1411
f 1409 1411 1412
f 1413 1414 1415
f 1413 1415 1416
f 1417 1418 1419
f 1417 1419 1420
f 1421 1422 1423
f 1421 1423 1424
f 1425 1426 1427
f 1425 1427 1428
f 1429 1430 1431
f 1429 1431 1432
f 1433 1434 1435
f 1433 1435 1436
f 1437 1438 1439
f 1437 1439 1440
f 1441 1442 1443
f 1441 1443 1444
f 1445 1446 1447
f 1445 1447 1448
f 1449 1450 1451
f 1449 1451 1452
f 1453 1454 1455
f 1453 1455 1456
f 1457 1458 1459
f 1457 1459 1460
f 1461 1462 1463
f 1461 1463 1464
f 1465 1466 1467
f 1465 1467 1468
f 1469 1470 1471
f 1469 1471 1472
f 1473 1474 1475
f 1473 1475 1476
f 1477 1478 1479
f 1477 1479 1480
f 1481 1482 1483
f 1481 1483 1484
f 1485 1486 1487
f 1485 1487 1488
f 1489 1490 1491
f 1489 1491 1492
f 1493 1494 1495
f 1493 1495 1496
f 1497 1498 1499
f 1497 1499 1500
f 1501 1502 1503
f 1501 1503 1504
f 1505 1506 1507
f 1505 1507 1508
f 1509 1510 1511
f 1509 1511 1512
f 1513 1514 1515
f 1513 1515 1516
f 1517 1518 1519
f 1517 1519 1520
f 1521 1522 1523
f 1521 1523 1524
f 1525 1526 1527
f 1525 1527 1528
f 1529 1530 1531
f 1529 1531 1532
f 1533 1534 1535
f 1533 1535 1536
f 1537 1538 1539
f 1537 1539 1540
f 1541 1542 1543
f 1541 1543 1544
f 1545 1546 1547
f 1545 1547 1548
f 1549 1550 1551
f 1549 1551 1552
f 1553 1554 1555
f 1553 1555 1556
f 1557 1558 1559
f 1557 1559 1560
f 1561 1562 1563
f 1561 1563 1564
f 1565 1566 1567
f 1565 1567 1568
f 1569 1570 1571
f 1569 1571 1572
f 1573 1574 1575
f 1573 1575 1576
f 1577 1578 1579
f 1577 1579 1580
g IceCream_3_Red
usemtl Red
f 1581 1582 1583
f 1581 1583 1584
f 1585 1586 1587
f 1585 1587 1588
f 1589 1590 1591
f 1589 1591 1592
f 1593 1594 1595
f 1593 1595 1596
f 1597 1598 1599
f 1597 1599 1600
f 1601 1602 1603
f 1601 1603 1604
f 1605 1606 1607
f 1605 1607 1608
f 1609 1610 1611
f 1609 1611 1612
f 1613 1614 1615
f 1613 1615 1616
f 1617 1618 1619
f 1617 1619 1620
f 1621 1622 1623
f 1621 1623 1624
f 1625 1626 1627
f 1625 1627 1628
f 1629 1630 1631
f 1629 1631 1632
f 1633 1634 1635
f 1633 1635 1636
f 1637 1638 1639
f 1637 1639 1640
f 1641 1642 1643
f 1641 1643 1644
f 1645 1646 1647
f 1645 1647 1648
f 1649 1650 1651
f 1649 1651 1652
f 1653 1654 1655
f 1653 1655 1656
f 1657 1658 1659
f 1657 1659 1660
f 1661 1662 1663
f 1661 1663 1664
f 1665 1666 1667
f 1665 1667 1668
f 1669 1670 1671
f 1669 1671 1672
f 1673 1674 1675
f 1673 1675 1676
f 1677 1678 1679
f 1677 1679 1680
f 1681 1682 1683
f 1681 1683 1684
f 1685 1686 1687
f 1685 1687 1688
f 1689 1690 1691
f 1689 1691 1692
f 1693 1694 1695
f 1693 1695 1696
f 1697 1698 1699
f 1697 1699 1700
f 1701 1702 1703
f 1701 1703 1704
f 1705 1706 1707
f 1705 1707 1708
f 1709 1710 1711
f 1709 1711 1712
f 1713 1714 1715
f 1713 1715 1716
f 1717 1718 1719
f 1717 1719 1720
f 1721 1722 1723
f 1721 1723 1724
f 1725 1726 1727
f 1725 1727 1728
f 1729 1730 1731
f 1729 1731 1732
f 1733 1734 1735
f 1733 1735 1736
f 1737 1738 1739
f 1737 1739 1740
f 1741 1742 1743
f 1741 1743 1744
f 1745 1746 1747
f 1745 1747 1748
f 1749 1750 1751
f 1749 1751 1752
f 1753 1754 1755
f 1753 1755 1756
f 1757 1758 1759
f 1757 1759 1760
f 1761 1762 1763
f 1761 1763 1764
f 1765 1766 1767
f 1765 1767 1768
f 1769 1770 1771
f 1769 1771 1772
f 1773 1774 1775
f 1773 1775 1776
f 1777 1778 1779
f 1777 1779 1780
f 1781 1782 1783
f 1781 1783 1784
f 1785 1786 1787
f 1785 1787 1788
f 1789 1790 1791
f 1789 1791 1792
f 1793 1794 1795
f 1793 1795 1796
f 1797 1798 1799
f 1797 1799 1800
f 1801 1802 1803
f 1801 1803 1804
f 1805 1806 1807
f 1805 1807 1808
f 1809 1810 1811
f 1809 1811 1812
f 1813 1814 1815
f 1813 1815 1816
f 1817 1818 1819
f 1817 1819 1820
f 1821 1822 1823
f 1821 1823 1824
f 1825 1826 1827
f 1825 1827 1828
f 1829 1830 1831
f 1829 1831 1832
f 1833 1834 1835
f 1833 1835 1836
f 1837 1838 1839
f 1837 1839 1840
f 1841 1842 1843
f 1841 1843 1844
g IceCream_3_White
usemtl White
f 1845 1846 1847
f 1848 1849 1850
f 1851 1852 1853
f 1854 1855 1856
f 1857 1858 1859
f 1860 1861 1862
f 1863 1864 1865
f 1866 1867 1868
f 1869 1870 1871
f 1872 1873 1874
f 1875 1876 1877
f 1878 1879 1880
f 1881 1882 1883
f 1884 1885 1886
f 1887 1888 1889
f 1890 1891 1892
f 1893 1894 1895
f 1896 1897 1898
f 1899 1900 1901
f 1902 1903 1904
f 1905 1906 1907
f 1908 1909 1910
f 1911 1912 1913
f 1914 1915 1916
f 1917 1918 1919
f 1920 1921 1922
f 1923 1924 1925
f 1926 1927 1928
f 1929 1930 1931
f 1932 1933 1934
f 1935 1936 1937
f 1938 1939 1940
f 1941 1942 1943
f 1944 1945 1946
f 1947 1948 1949
f 1950 1951 1952
f 1953 1954 1955
f 1956 1957 1958
f 1959 1960 1961
f 1962 1963 1964
f 1965 1966 1967
f 1968 1969 1970
f 1971 1972 1973
f 1974 1975 1976
f 1977 1978 1979
f 1980 1981 1982
f 1983 1984 1985
f 1986 1987 1988
f 1989 1990 1991
f 1992 1993 1994
f 1995 1996 1997
f 1998 1999 2000
f 2001 2002 2003
f 2004 2005 2006
f 2007 2008 2009
f 2010 2011 2012
f 2013 2014 2015
f 2016 2017 2018
f 2019 2020 2021
f 2022 2023 2024
f 2025 2026 2027
f 2028 2029 2030
f 2031 2032 2033
f 2034 2035 2036
f 2037 2038 2039
f 2040 2041 2042
f 2043 2044 2045
f 2046 2047 2048
f 2049 2050 2051
f 2052 2053 2054
f 2055 2056 2057
f 2058 2059 2060
f 2061 2062 2063
f 2064 2065 2066
f 2067 2068 2069
f 2070 2071 2072
f 2073 2074 2075
f 2076 2077 2078
f 2079 2080 2081
f 2082 2083 2084
f 2085 2086 2087
f 2088 2089 2090
f 2091 2092 2093
f 2094 2095 2096
f 2097 2098 2099
f 2100 2101 2102
f 2103 2104 2105
f 2106 2107 2108
f 2109 2110 2111
f 2112 2113 2114
f 2115 2116 2117
f 2118 2119 2120
f 2121 2122 2123
f 2124 2125 2126
f 2127 2128 2129
f 2130 2131 2132
f 2133 2134 2135
f 2136 2137 2138
f 2139 2140 2141
f 2142 2143 2144
f 2145 2146 2147
f 2148 2149 2150
f 2151 2152 2153
f 2151 2153 2154
f 2155 2156 2157
f 2155 2157 2158
f 2159 2160 2161
f 2159 2161 2162
f 2163 2164 2165
f 2163 2165 2166
f 2167 2168 2169
f 2167 2169 2170
f 2171 2172 2173
f 2171 2173 2174
f 2175 2176 2177
f 2175 2177 2178
f 2179 2180 2181
f 2179 2181 2182
f 2183 2184 2185
f 2183 2185 2186
f 2187 2188 2189
f 2187 2189 2190
f 2191 2192 2193
f 2191 2193 2194
f 2195 2196 2197
f 2195 2197 2198
f 2199 2200 2201
f 2199 2201 2202
f 2203 2204 2205
f 2203 2205 2206
f 2207 2208 2209
f 2207 2209 2210
f 2211 2212 2213
f 2211 2213 2214
f 2215 2216 2217
f 2215 2217 2218
f 2219 2220 2221
f 2219 2221 2222
f 2223 2224 2225
f 2223 2225 2226
f 2227 2228 2229
f 2227 2229 2230
f 2231 2232 2233
f 2231 2233 2234
f 2235 2236 2237
f 2235 2237 2238
f 2239 2240 2241
f 2239 2241 2242
f 2243 2244 2245
f 2243 2245 2246
