mtllib Materials.mtl
# Ultimate Food Pack - IceCream_Cone2
o IceCream_Cone2
v -0.132017 -0.047174 0.003414
v -0.113577 -0.047174 0.067383
v -0.116286 -0.003735 0.069215
v -0.135286 -0.003735 0.003304
v -0.127673 -0.106246 0.003213
v -0.109793 -0.106246 0.065240
v -0.112502 -0.062808 0.067073
v -0.130942 -0.062808 0.003104
v -0.123330 -0.165319 0.003013
v -0.106009 -0.165319 0.063098
v -0.108718 -0.121881 0.064930
v -0.126598 -0.121881 0.002903
v 0.044042 -0.047174 0.124501
v 0.099182 -0.047174 0.087196
v 0.101762 -0.003735 0.089205
v 0.044948 -0.003735 0.127643
v 0.042509 -0.106246 0.120431
v 0.095975 -0.106246 0.084259
v 0.098554 -0.062808 0.086268
v 0.043415 -0.062808 0.123573
v 0.040976 -0.165319 0.116362
v 0.092768 -0.165319 0.081322
v 0.095347 -0.121881 0.083332
v 0.041882 -0.121881 0.119504
v 0.108811 -0.047174 0.074836
v 0.131492 -0.047174 0.012245
v 0.134760 -0.003735 0.012354
v 0.111390 -0.003735 0.076845
v 0.105178 -0.106246 0.072444
v 0.127171 -0.106246 0.011754
v 0.130440 -0.062808 0.011863
v 0.107758 -0.062808 0.074454
v 0.052938 0.062290 -0.146087
v 0.054675 0.066803 -0.150879
v 0.132918 0.066803 -0.089926
v 0.128696 0.062290 -0.087070
v 0.126599 0.066803 0.098623
v 0.126599 0.100658 0.098623
v 0.044451 0.100658 0.154201
v 0.044451 0.066803 0.154201
v 0.101546 -0.165319 0.070053
v 0.122851 -0.165319 0.011263
v 0.126119 -0.121881 0.011373
v 0.104126 -0.121881 0.072063
v 0.132017 -0.047174 -0.003414
v 0.113577 -0.047174 -0.067383
v 0.116285 -0.003735 -0.069215
v 0.135285 -0.003735 -0.003305
v -0.110632 -0.227419 0.074848
v -0.090934 -0.248476 0.061521
v -0.037406 -0.248476 0.103221
v -0.045508 -0.227419 0.125581
v -0.045508 -0.227419 0.125581
v -0.037406 -0.248476 0.103221
v 0.030410 -0.248476 0.105494
v 0.036998 -0.227419 0.128346
v 0.036998 -0.227419 0.128346
v 0.030410 -0.248476 0.105494
v 0.086610 -0.248476 0.067472
v 0.105372 -0.227419 0.082087
v 0.105372 -0.227419 0.082087
v 0.086610 -0.248476 0.067472
v 0.109728 -0.248476 0.003677
v 0.133497 -0.227419 0.004474
v 0.133497 -0.227419 0.004474
v 0.109728 -0.248476 0.003677
v 0.090933 -0.248476 -0.061522
v 0.110631 -0.227419 -0.074849
v 0.110631 -0.227419 -0.074849
v 0.090933 -0.248476 -0.061522
v 0.037405 -0.248476 -0.103222
v 0.045508 -0.227419 -0.125581
v 0.045508 -0.227419 -0.125581
v 0.037405 -0.248476 -0.103222
v -0.030411 -0.248476 -0.105494
v -0.036998 -0.227419 -0.128346
v -0.036998 -0.227419 -0.128346
v -0.030411 -0.248476 -0.105494
v -0.086611 -0.248476 -0.067472
v -0.105372 -0.227419 -0.082088
v -0.105372 -0.227419 -0.082088
v -0.086611 -0.248476 -0.067472
v -0.109729 -0.248476 -0.003677
v -0.133498 -0.227419 -0.004474
v -0.133498 -0.227419 -0.004474
v -0.109729 -0.248476 -0.003677
v -0.090934 -0.248476 0.061521
v -0.110632 -0.227419 0.074848
v -0.090934 -0.248476 0.061521
v -0.109729 -0.248476 -0.003677
v -0.086611 -0.248476 -0.067472
v -0.037406 -0.248476 0.103221
v -0.030411 -0.248476 -0.105494
v 0.030410 -0.248476 0.105494
v 0.037405 -0.248476 -0.103222
v 0.086610 -0.248476 0.067472
v 0.090933 -0.248476 -0.061522
v 0.109728 -0.248476 0.003677
v 0.128696 0.062290 -0.087070
v 0.132918 0.066803 -0.089926
v 0.160390 0.066803 0.005375
v 0.155295 0.062290 0.005204
v 0.155295 0.062290 0.005204
v 0.160390 0.066803 0.005375
v 0.126599 0.066803 0.098623
v 0.122577 0.062290 0.095491
v -0.052939 0.062290 0.146086
v -0.054676 0.066803 0.150879
v -0.132918 0.066803 0.089926
v -0.128696 0.062290 0.087070
v 0.122577 0.062290 0.095491
v 0.126599 0.066803 0.098623
v 0.044451 0.066803 0.154201
v 0.043039 0.062290 0.149303
v 0.043039 0.062290 0.149303
v 0.044451 0.066803 0.154201
v -0.054676 0.066803 0.150879
v -0.052939 0.062290 0.146086
v -0.128696 0.062290 0.087070
v -0.132918 0.066803 0.089926
v -0.160390 0.066803 -0.005375
v -0.155296 0.062290 -0.005205
v -0.155296 0.062290 -0.005205
v -0.160390 0.066803 -0.005375
v -0.126599 0.066803 -0.098624
v -0.122578 0.062290 -0.095491
v -0.122578 0.062290 -0.095491
v -0.126599 0.066803 -0.098624
v -0.044451 0.066803 -0.154201
v -0.043039 0.062290 -0.149303
v -0.043039 0.062290 -0.149303
v -0.044451 0.066803 -0.154201
v 0.054675 0.066803 -0.150879
v 0.052938 0.062290 -0.146087
v 0.132918 0.100658 -0.089926
v 0.145868 0.104419 -0.098688
v 0.176017 0.104419 0.005899
v 0.160390 0.100658 0.005375
v 0.132918 0.066803 -0.089926
v 0.132918 0.100658 -0.089926
v 0.160390 0.100658 0.005375
v 0.160390 0.066803 0.005375
v -0.044451 0.066803 -0.154201
v -0.044451 0.100658 -0.154201
v 0.054675 0.100658 -0.150879
v 0.054675 0.066803 -0.150879
v 0.044451 0.066803 0.154201
v 0.044451 0.100658 0.154201
v -0.054676 0.100658 0.150879
v -0.054676 0.066803 0.150879
v -0.160390 0.066803 -0.005375
v -0.160390 0.100658 -0.005375
v -0.126599 0.100658 -0.098624
v -0.126599 0.066803 -0.098624
v 0.160390 0.066803 0.005375
v 0.160390 0.100658 0.005375
v 0.126599 0.100658 0.098623
v 0.126599 0.066803 0.098623
v 0.054675 0.066803 -0.150879
v 0.054675 0.100658 -0.150879
v 0.132918 0.100658 -0.089926
v 0.132918 0.066803 -0.089926
v -0.126599 0.066803 -0.098624
v -0.126599 0.100658 -0.098624
v -0.044451 0.100658 -0.154201
v -0.044451 0.066803 -0.154201
v -0.132918 0.066803 0.089926
v -0.132918 0.100658 0.089926
v -0.160390 0.100658 -0.005375
v -0.160390 0.066803 -0.005375
v -0.054676 0.066803 0.150879
v -0.054676 0.100658 0.150879
v -0.132918 0.100658 0.089926
v -0.132918 0.066803 0.089926
v -0.138934 0.104419 -0.108233
v -0.128975 0.142035 -0.100475
v -0.045286 0.142035 -0.157095
v -0.048782 0.104419 -0.169225
v -0.126599 0.100658 -0.098624
v -0.138934 0.104419 -0.108233
v -0.048782 0.104419 -0.169225
v -0.044451 0.100658 -0.154201
v -0.054676 0.100658 0.150879
v -0.060003 0.104419 0.165579
v -0.145868 0.104419 0.098688
v -0.132918 0.100658 0.089926
v 0.160390 0.100658 0.005375
v 0.176017 0.104419 0.005899
v 0.138933 0.104419 0.108232
v 0.126599 0.100658 0.098623
v -0.044451 0.100658 -0.154201
v -0.048782 0.104419 -0.169225
v 0.060002 0.104419 -0.165579
v 0.054675 0.100658 -0.150879
v -0.132918 0.100658 0.089926
v -0.145868 0.104419 0.098688
v -0.176017 0.104419 -0.005899
v -0.160390 0.100658 -0.005375
v 0.126599 0.100658 0.098623
v 0.138933 0.104419 0.108232
v 0.048782 0.104419 0.169225
v 0.044451 0.100658 0.154201
v 0.054675 0.100658 -0.150879
v 0.060002 0.104419 -0.165579
v 0.145868 0.104419 -0.098688
v 0.132918 0.100658 -0.089926
v -0.160390 0.100658 -0.005375
v -0.176017 0.104419 -0.005899
v -0.138934 0.104419 -0.108233
v -0.126599 0.100658 -0.098624
v 0.044451 0.100658 0.154201
v 0.048782 0.104419 0.169225
v -0.060003 0.104419 0.165579
v -0.054676 0.100658 0.150879
v -0.055702 0.142035 0.153710
v -0.063580 0.188678 0.175450
v -0.154564 0.188678 0.104571
v -0.135413 0.142035 0.091614
v -0.060003 0.104419 0.165579
v -0.055702 0.142035 0.153710
v -0.135413 0.142035 0.091614
v -0.145868 0.104419 0.098688
v 0.176017 0.104419 0.005899
v 0.163400 0.142035 0.005476
v 0.128975 0.142035 0.100474
v 0.138933 0.104419 0.108232
v -0.048782 0.104419 -0.169225
v -0.045286 0.142035 -0.157095
v 0.055701 0.142035 -0.153711
v 0.060002 0.104419 -0.165579
v -0.145868 0.104419 0.098688
v -0.135413 0.142035 0.091614
v -0.163401 0.142035 -0.005476
v -0.176017 0.104419 -0.005899
v 0.138933 0.104419 0.108232
v 0.128975 0.142035 0.100474
v 0.045285 0.142035 0.157095
v 0.048782 0.104419 0.169225
v 0.060002 0.104419 -0.165579
v 0.055701 0.142035 -0.153711
v 0.135412 0.142035 -0.091614
v 0.145868 0.104419 -0.098688
v -0.176017 0.104419 -0.005899
v -0.163401 0.142035 -0.005476
v -0.128975 0.142035 -0.100475
v -0.138934 0.104419 -0.108233
v 0.048782 0.104419 0.169225
v 0.045285 0.142035 0.157095
v -0.055702 0.142035 0.153710
v -0.060003 0.104419 0.165579
v 0.145868 0.104419 -0.098688
v 0.135412 0.142035 -0.091614
v 0.163400 0.142035 0.005476
v 0.176017 0.104419 0.005899
v 0.186510 0.188678 0.006250
v 0.199332 0.248111 0.006680
v 0.157336 0.248111 0.122569
v 0.147216 0.188678 0.114685
v 0.163400 0.142035 0.005476
v 0.186510 0.188678 0.006250
v 0.147216 0.188678 0.114685
v 0.128975 0.142035 0.100474
v -0.045286 0.142035 -0.157095
v -0.051690 0.188678 -0.179314
v 0.063579 0.188678 -0.175451
v 0.055701 0.142035 -0.153711
v -0.135413 0.142035 0.091614
v -0.154564 0.188678 0.104571
v -0.186511 0.188678 -0.006251
v -0.163401 0.142035 -0.005476
v 0.128975 0.142035 0.100474
v 0.147216 0.188678 0.114685
v 0.051690 0.188678 0.179313
v 0.045285 0.142035 0.157095
v 0.055701 0.142035 -0.153711
v 0.063579 0.188678 -0.175451
v 0.154564 0.188678 -0.104571
v 0.135412 0.142035 -0.091614
v -0.163401 0.142035 -0.005476
v -0.186511 0.188678 -0.006251
v -0.147216 0.188678 -0.114685
v -0.128975 0.142035 -0.100475
v 0.045285 0.142035 0.157095
v 0.051690 0.188678 0.179313
v -0.063580 0.188678 0.175450
v -0.055702 0.142035 0.153710
v 0.135412 0.142035 -0.091614
v 0.154564 0.188678 -0.104571
v 0.186510 0.188678 0.006250
v 0.163400 0.142035 0.005476
v -0.128975 0.142035 -0.100475
v -0.147216 0.188678 -0.114685
v -0.051690 0.188678 -0.179314
v -0.045286 0.142035 -0.157095
v -0.055244 0.248111 -0.191640
v -0.055617 0.306039 -0.192935
v 0.068409 0.306039 -0.188778
v 0.067950 0.248111 -0.187512
v -0.051690 0.188678 -0.179314
v -0.055244 0.248111 -0.191640
v 0.067950 0.248111 -0.187512
v 0.063579 0.188678 -0.175451
v -0.154564 0.188678 0.104571
v -0.165190 0.248111 0.111760
v -0.199332 0.248111 -0.006680
v -0.186511 0.188678 -0.006251
v 0.147216 0.188678 0.114685
v 0.157336 0.248111 0.122569
v 0.055243 0.248111 0.191640
v 0.051690 0.188678 0.179313
v 0.063579 0.188678 -0.175451
v 0.067950 0.248111 -0.187512
v 0.165189 0.248111 -0.111760
v 0.154564 0.188678 -0.104571
v -0.186511 0.188678 -0.006251
v -0.199332 0.248111 -0.006680
v -0.157337 0.248111 -0.122569
v -0.147216 0.188678 -0.114685
v 0.051690 0.188678 0.179313
v 0.055243 0.248111 0.191640
v -0.067951 0.248111 0.187511
v -0.063580 0.188678 0.175450
v 0.154564 0.188678 -0.104571
v 0.165189 0.248111 -0.111760
v 0.199332 0.248111 0.006680
v 0.186510 0.188678 0.006250
v -0.147216 0.188678 -0.114685
v -0.157337 0.248111 -0.122569
v -0.055244 0.248111 -0.191640
v -0.051690 0.188678 -0.179314
v -0.063580 0.188678 0.175450
v -0.067951 0.248111 0.187511
v -0.165190 0.248111 0.111760
v -0.154564 0.188678 0.104571
v -0.166305 0.306039 0.112514
v -0.174860 0.315067 0.118302
v -0.211001 0.315067 -0.007072
v -0.200678 0.306039 -0.006726
v -0.165190 0.248111 0.111760
v -0.166305 0.306039 0.112514
v -0.200678 0.306039 -0.006726
v -0.199332 0.248111 -0.006680
v 0.157336 0.248111 0.122569
v 0.158399 0.306039 0.123396
v 0.055616 0.306039 0.192934
v 0.055243 0.248111 0.191640
v 0.067950 0.248111 -0.187512
v 0.068409 0.306039 -0.188778
v 0.166305 0.306039 -0.112515
v 0.165189 0.248111 -0.111760
v -0.199332 0.248111 -0.006680
v -0.200678 0.306039 -0.006726
v -0.158399 0.306039 -0.123397
v -0.157337 0.248111 -0.122569
v 0.055243 0.248111 0.191640
v 0.055616 0.306039 0.192934
v -0.068409 0.306039 0.188778
v -0.067951 0.248111 0.187511
v 0.165189 0.248111 -0.111760
v 0.166305 0.306039 -0.112515
v 0.200678 0.306039 0.006725
v 0.199332 0.248111 0.006680
v -0.157337 0.248111 -0.122569
v -0.158399 0.306039 -0.123397
v -0.055617 0.306039 -0.192935
v -0.055244 0.248111 -0.191640
v -0.067951 0.248111 0.187511
v -0.068409 0.306039 0.188778
v -0.166305 0.306039 0.112514
v -0.165190 0.248111 0.111760
v 0.199332 0.248111 0.006680
v 0.200678 0.306039 0.006725
v 0.158399 0.306039 0.123396
v 0.157336 0.248111 0.122569
v 0.071928 0.315067 -0.198488
v 0.077971 0.323342 -0.215166
v 0.189551 0.323342 -0.128242
v 0.174859 0.315067 -0.118302
v 0.158399 0.306039 0.123396
v 0.166546 0.315067 0.129743
v 0.058477 0.315067 0.202858
v 0.055616 0.306039 0.192934
v 0.068409 0.306039 -0.188778
v 0.071928 0.315067 -0.198488
v 0.174859 0.315067 -0.118302
v 0.166305 0.306039 -0.112515
v -0.200678 0.306039 -0.006726
v -0.211001 0.315067 -0.007072
v -0.166547 0.315067 -0.129744
v -0.158399 0.306039 -0.123397
v 0.055616 0.306039 0.192934
v 0.058477 0.315067 0.202858
v -0.071928 0.315067 0.198488
v -0.068409 0.306039 0.188778
v 0.166305 0.306039 -0.112515
v 0.174859 0.315067 -0.118302
v 0.211000 0.315067 0.007071
v 0.200678 0.306039 0.006725
v -0.158399 0.306039 -0.123397
v -0.166547 0.315067 -0.129744
v -0.058478 0.315067 -0.202859
v -0.055617 0.306039 -0.192935
v -0.068409 0.306039 0.188778
v -0.071928 0.315067 0.198488
v -0.174860 0.315067 0.118302
v -0.166305 0.306039 0.112514
v 0.200678 0.306039 0.006725
v 0.211000 0.315067 0.007071
v 0.166546 0.315067 0.129743
v 0.158399 0.306039 0.123396
v -0.055617 0.306039 -0.192935
v -0.058478 0.315067 -0.202859
v 0.071928 0.315067 -0.198488
v 0.068409 0.306039 -0.188778
v -0.233406 0.352306 -0.007822
v -0.220149 0.381270 -0.007378
v -0.173768 0.381270 -0.135369
v -0.184232 0.352306 -0.143521
v -0.211001 0.315067 -0.007072
v -0.228729 0.323342 -0.007666
v -0.180540 0.323342 -0.140645
v -0.166547 0.315067 -0.129744
v 0.058477 0.315067 0.202858
v 0.063391 0.323342 0.219903
v -0.077972 0.323342 0.215165
v -0.071928 0.315067 0.198488
v 0.174859 0.315067 -0.118302
v 0.189551 0.323342 -0.128242
v 0.228729 0.323342 0.007665
v 0.211000 0.315067 0.007071
v -0.166547 0.315067 -0.129744
v -0.180540 0.323342 -0.140645
v -0.063391 0.323342 -0.219903
v -0.058478 0.315067 -0.202859
v -0.071928 0.315067 0.198488
v -0.077972 0.323342 0.215165
v -0.189552 0.323342 0.128242
v -0.174860 0.315067 0.118302
v 0.211000 0.315067 0.007071
v 0.228729 0.323342 0.007665
v 0.180540 0.323342 0.140645
v 0.166546 0.315067 0.129743
v -0.058478 0.315067 -0.202859
v -0.063391 0.323342 -0.219903
v 0.077971 0.323342 -0.215166
v 0.071928 0.315067 -0.198488
v -0.174860 0.315067 0.118302
v -0.189552 0.323342 0.128242
v -0.228729 0.323342 -0.007666
v -0.211001 0.315067 -0.007072
v 0.166546 0.315067 0.129743
v 0.180540 0.323342 0.140645
v 0.063391 0.323342 0.219903
v 0.058477 0.315067 0.202858
v 0.064687 0.352306 0.224399
v 0.061013 0.381270 0.211653
v -0.075047 0.381270 0.207093
v -0.079566 0.352306 0.219565
v 0.193427 0.352306 -0.130865
v 0.182440 0.381270 -0.123431
v 0.220148 0.381270 0.007378
v 0.233406 0.352306 0.007822
v -0.184232 0.352306 -0.143521
v -0.173768 0.381270 -0.135369
v -0.061013 0.381270 -0.211654
v -0.064687 0.352306 -0.224400
v -0.079566 0.352306 0.219565
v -0.075047 0.381270 0.207093
v -0.182441 0.381270 0.123431
v -0.193428 0.352306 0.130864
v 0.233406 0.352306 0.007822
v 0.220148 0.381270 0.007378
v 0.173767 0.381270 0.135369
v 0.184231 0.352306 0.143521
v -0.064687 0.352306 -0.224400
v -0.061013 0.381270 -0.211654
v 0.075046 0.381270 -0.207094
v 0.079565 0.352306 -0.219565
v -0.193428 0.352306 0.130864
v -0.182441 0.381270 0.123431
v -0.220149 0.381270 -0.007378
v -0.233406 0.352306 -0.007822
v 0.184231 0.352306 0.143521
v 0.173767 0.381270 0.135369
v 0.061013 0.381270 0.211653
v 0.064687 0.352306 0.224399
v 0.079565 0.352306 -0.219565
v 0.075046 0.381270 -0.207094
v 0.182440 0.381270 -0.123431
v 0.193427 0.352306 -0.130865
v 0.077971 0.323342 -0.215166
v 0.079565 0.352306 -0.219565
v 0.193427 0.352306 -0.130865
v 0.189551 0.323342 -0.128242
v 0.180540 0.323342 0.140645
v 0.184231 0.352306 0.143521
v 0.064687 0.352306 0.224399
v 0.063391 0.323342 0.219903
v -0.189552 0.323342 0.128242
v -0.193428 0.352306 0.130864
v -0.233406 0.352306 -0.007822
v -0.228729 0.323342 -0.007666
v -0.063391 0.323342 -0.219903
v -0.064687 0.352306 -0.224400
v 0.079565 0.352306 -0.219565
v 0.077971 0.323342 -0.215166
v 0.228729 0.323342 0.007665
v 0.233406 0.352306 0.007822
v 0.184231 0.352306 0.143521
v 0.180540 0.323342 0.140645
v -0.077972 0.323342 0.215165
v -0.079566 0.352306 0.219565
v -0.193428 0.352306 0.130864
v -0.189552 0.323342 0.128242
v -0.180540 0.323342 -0.140645
v -0.184232 0.352306 -0.143521
v -0.064687 0.352306 -0.224400
v -0.063391 0.323342 -0.219903
v 0.189551 0.323342 -0.128242
v 0.193427 0.352306 -0.130865
v 0.233406 0.352306 0.007822
v 0.228729 0.323342 0.007665
v 0.063391 0.323342 0.219903
v 0.064687 0.352306 0.224399
v -0.079566 0.352306 0.219565
v -0.077972 0.323342 0.215165
v -0.228729 0.323342 -0.007666
v -0.233406 0.352306 -0.007822
v -0.184232 0.352306 -0.143521
v -0.180540 0.323342 -0.140645
v -0.110632 -0.227419 0.074848
v -0.045508 -0.227419 0.125581
v -0.046878 -0.174001 0.129362
v -0.113963 -0.174001 0.077102
v -0.056100 -0.166184 0.122888
v -0.105429 -0.166184 0.084459
v -0.057214 -0.122746 0.125962
v -0.117646 -0.114929 0.079594
v -0.048394 -0.114929 0.133543
v -0.108138 -0.122746 0.086291
v -0.057902 -0.107111 0.126845
v -0.108826 -0.107111 0.087174
v -0.059016 -0.063673 0.129920
v -0.121329 -0.055856 0.082086
v -0.049909 -0.055856 0.137724
v -0.111534 -0.063673 0.089007
v -0.059704 -0.048039 0.130803
v -0.112222 -0.048039 0.089890
v -0.060818 -0.004600 0.133878
v -0.125013 0.003217 0.084578
v -0.051424 0.003217 0.141905
v -0.114931 -0.004600 0.091722
v -0.061506 0.011034 0.134761
v -0.115619 0.011034 0.092605
v -0.062620 0.054472 0.137835
v -0.128696 0.062290 0.087070
v -0.052939 0.062290 0.146086
v -0.118327 0.054472 0.094438
v -0.045508 -0.227419 0.125581
v 0.036998 -0.227419 0.128346
v 0.038112 -0.174001 0.132210
v -0.046878 -0.174001 0.129362
v 0.026846 -0.166184 0.132393
v -0.035650 -0.166184 0.130298
v 0.027752 -0.122746 0.135535
v -0.048394 -0.114929 0.133543
v 0.039343 -0.114929 0.136483
v -0.036765 -0.122746 0.133373
v 0.027714 -0.107111 0.136654
v -0.036802 -0.107111 0.134492
v 0.028620 -0.063673 0.139796
v -0.049909 -0.055856 0.137724
v 0.040575 -0.055856 0.140757
v -0.037916 -0.063673 0.137566
v 0.028583 -0.048039 0.140915
v -0.037954 -0.048039 0.138685
v 0.029489 -0.004600 0.144057
v -0.051424 0.003217 0.141905
v 0.041807 0.003217 0.145030
v -0.039068 -0.004600 0.141759
v 0.029451 0.011034 0.145176
v -0.039105 0.011034 0.142878
v 0.030357 0.054472 0.148318
v -0.052939 0.062290 0.146086
v 0.043039 0.062290 0.149303
v -0.040219 0.054472 0.145953
v -0.105372 -0.227419 -0.082088
v -0.133498 -0.227419 -0.004474
v -0.137517 -0.174001 -0.004609
v -0.108545 -0.174001 -0.084559
v -0.134209 -0.166184 -0.015379
v -0.112905 -0.166184 -0.074170
v -0.137478 -0.122746 -0.015489
v -0.112053 -0.114929 -0.087292
v -0.141962 -0.114929 -0.004758
v -0.115485 -0.122746 -0.076179
v -0.138530 -0.107111 -0.015870
v -0.116537 -0.107111 -0.076561
v -0.141798 -0.063673 -0.015980
v -0.115561 -0.055856 -0.090025
v -0.146406 -0.055856 -0.004907
v -0.119117 -0.063673 -0.078571
v -0.142851 -0.048039 -0.016361
v -0.120169 -0.048039 -0.078952
v -0.146119 -0.004600 -0.016471
v -0.119070 0.003217 -0.092758
v -0.150851 0.003217 -0.005056
v -0.122749 -0.004600 -0.080962
v -0.147172 0.011034 -0.016852
v -0.123801 0.011034 -0.081343
v -0.150440 0.054472 -0.016962
v -0.122578 0.062290 -0.095491
v -0.155296 0.062290 -0.005205
v -0.126381 0.054472 -0.083353
v -0.036998 -0.227419 -0.128346
v -0.105372 -0.227419 -0.082088
v -0.108545 -0.174001 -0.084559
v -0.038112 -0.174001 -0.132211
v -0.099538 -0.166184 -0.091328
v -0.047746 -0.166184 -0.126368
v -0.102118 -0.122746 -0.093338
v -0.039344 -0.114929 -0.136484
v -0.112053 -0.114929 -0.087292
v -0.048652 -0.122746 -0.129511
v -0.102745 -0.107111 -0.094265
v -0.049279 -0.107111 -0.130438
v -0.105325 -0.063673 -0.096275
v -0.040576 -0.055856 -0.140757
v -0.115561 -0.055856 -0.090025
v -0.050185 -0.063673 -0.133580
v -0.105952 -0.048039 -0.097202
v -0.050812 -0.048039 -0.134507
v -0.108532 -0.004600 -0.099212
v -0.041808 0.003217 -0.145030
v -0.119070 0.003217 -0.092758
v -0.051718 -0.004600 -0.137649
v -0.109159 0.011034 -0.100139
v -0.052345 0.011034 -0.138576
v -0.111739 0.054472 -0.102149
v -0.043039 0.062290 -0.149303
v -0.122578 0.062290 -0.095491
v -0.053251 0.054472 -0.141719
v 0.045508 -0.227419 -0.125581
v -0.036998 -0.227419 -0.128346
v -0.038112 -0.174001 -0.132211
v 0.046878 -0.174001 -0.129362
v -0.026847 -0.166184 -0.132393
v 0.035650 -0.166184 -0.130299
v -0.027752 -0.122746 -0.135535
v 0.048393 -0.114929 -0.133543
v -0.039344 -0.114929 -0.136484
v 0.036764 -0.122746 -0.133373
v -0.027715 -0.107111 -0.136654
v 0.036801 -0.107111 -0.134492
v -0.028621 -0.063673 -0.139796
v 0.049908 -0.055856 -0.137725
v -0.040576 -0.055856 -0.140757
v 0.037916 -0.063673 -0.137566
v -0.028583 -0.048039 -0.140915
v 0.037953 -0.048039 -0.138685
v -0.029489 -0.004600 -0.144057
v 0.051423 0.003217 -0.141906
v -0.041808 0.003217 -0.145030
v 0.039067 -0.004600 -0.141760
v -0.029452 0.011034 -0.145176
v 0.039105 0.011034 -0.142878
v -0.030357 0.054472 -0.148318
v 0.052938 0.062290 -0.146087
v -0.043039 0.062290 -0.149303
v 0.040219 0.054472 -0.145953
v 0.110631 -0.227419 -0.074849
v 0.045508 -0.227419 -0.125581
v 0.046878 -0.174001 -0.129362
v 0.113962 -0.174001 -0.077102
v 0.056099 -0.166184 -0.122888
v 0.105429 -0.166184 -0.084459
v 0.057213 -0.122746 -0.125963
v 0.117645 -0.114929 -0.079594
v 0.048393 -0.114929 -0.133543
v 0.108137 -0.122746 -0.086292
v 0.057901 -0.107111 -0.126846
v 0.108825 -0.107111 -0.087175
v 0.059015 -0.063673 -0.129920
v 0.121329 -0.055856 -0.082086
v 0.049908 -0.055856 -0.137725
v 0.111534 -0.063673 -0.089007
v 0.059703 -0.048039 -0.130803
v 0.112222 -0.048039 -0.089890
v 0.060817 -0.004600 -0.133878
v 0.125012 0.003217 -0.084578
v 0.051423 0.003217 -0.141906
v 0.114930 -0.004600 -0.091723
v 0.061505 0.011034 -0.134761
v 0.115618 0.011034 -0.092606
v 0.062620 0.054472 -0.137835
v 0.128696 0.062290 -0.087070
v 0.052938 0.062290 -0.146087
v 0.118327 0.054472 -0.094438
v 0.133497 -0.227419 0.004474
v 0.110631 -0.227419 -0.074849
v 0.113962 -0.174001 -0.077102
v 0.137517 -0.174001 0.004609
v 0.117617 -0.166184 -0.066444
v 0.134937 -0.166184 -0.006359
v 0.120325 -0.122746 -0.068277
v 0.141961 -0.114929 0.004757
v 0.117645 -0.114929 -0.079594
v 0.138206 -0.122746 -0.006250
v 0.121401 -0.107111 -0.068587
v 0.139281 -0.107111 -0.006560
v 0.124109 -0.063673 -0.070419
v 0.146406 -0.055856 0.004906
v 0.121329 -0.055856 -0.082086
v 0.142550 -0.063673 -0.006450
v 0.125185 -0.048039 -0.070729
v 0.143625 -0.048039 -0.006760
v 0.127894 -0.004600 -0.072562
v 0.150851 0.003217 0.005055
v 0.125012 0.003217 -0.084578
v 0.146894 -0.004600 -0.006651
v 0.128969 0.011034 -0.072872
v 0.147969 0.011034 -0.006961
v 0.131678 0.054472 -0.074704
v 0.155295 0.062290 0.005204
v 0.128696 0.062290 -0.087070
v 0.151238 0.054472 -0.006851
v 0.105372 -0.227419 0.082087
v 0.133497 -0.227419 0.004474
v 0.137517 -0.174001 0.004609
v 0.108544 -0.174001 0.084559
v 0.134209 -0.166184 0.015379
v 0.112904 -0.166184 0.074169
v 0.137477 -0.122746 0.015489
v 0.112053 -0.114929 0.087292
v 0.141961 -0.114929 0.004757
v 0.115484 -0.122746 0.076179
v 0.138530 -0.107111 0.015870
v 0.116537 -0.107111 0.076561
v 0.141798 -0.063673 0.015979
v 0.115561 -0.055856 0.090025
v 0.146406 -0.055856 0.004906
v 0.119116 -0.063673 0.078570
v 0.142850 -0.048039 0.016361
v 0.120169 -0.048039 0.078952
v 0.146119 -0.004600 0.016470
v 0.119069 0.003217 0.092758
v 0.150851 0.003217 0.005055
v 0.122748 -0.004600 0.080961
v 0.147171 0.011034 0.016852
v 0.123801 0.011034 0.081343
v 0.150439 0.054472 0.016961
v 0.122577 0.062290 0.095491
v 0.155295 0.062290 0.005204
v 0.126381 0.054472 0.083352
v 0.036998 -0.227419 0.128346
v 0.105372 -0.227419 0.082087
v 0.108544 -0.174001 0.084559
v 0.038112 -0.174001 0.132210
v 0.099537 -0.166184 0.091328
v 0.047746 -0.166184 0.126368
v 0.102117 -0.122746 0.093338
v 0.039343 -0.114929 0.136483
v 0.112053 -0.114929 0.087292
v 0.048651 -0.122746 0.129510
v 0.102745 -0.107111 0.094265
v 0.049279 -0.107111 0.130437
v 0.105324 -0.063673 0.096275
v 0.040575 -0.055856 0.140757
v 0.115561 -0.055856 0.090025
v 0.050185 -0.063673 0.133580
v 0.105952 -0.048039 0.097202
v 0.050812 -0.048039 0.134507
v 0.108531 -0.004600 0.099211
v 0.041807 0.003217 0.145030
v 0.119069 0.003217 0.092758
v 0.051718 -0.004600 0.137649
v 0.109159 0.011034 0.100138
v 0.052345 0.011034 0.138576
v 0.111738 0.054472 0.102148
v 0.043039 0.062290 0.149303
v 0.122577 0.062290 0.095491
v 0.053251 0.054472 0.141718
v -0.133498 -0.227419 -0.004474
v -0.110632 -0.227419 0.074848
v -0.113963 -0.174001 0.077102
v -0.137517 -0.174001 -0.004609
v -0.117617 -0.166184 0.066444
v -0.134938 -0.166184 0.006359
v -0.120326 -0.122746 0.068276
v -0.141962 -0.114929 -0.004758
v -0.117646 -0.114929 0.079594
v -0.138206 -0.122746 0.006250
v -0.121402 -0.107111 0.068586
v -0.139282 -0.107111 0.006560
v -0.124110 -0.063673 0.070419
v -0.146406 -0.055856 -0.004907
v -0.121329 -0.055856 0.082086
v -0.142550 -0.063673 0.006450
v -0.125186 -0.048039 0.070729
v -0.143626 -0.048039 0.006760
v -0.127894 -0.004600 0.072561
v -0.150851 0.003217 -0.005056
v -0.125013 0.003217 0.084578
v -0.146894 -0.004600 0.006651
v -0.128970 0.011034 0.072871
v -0.147970 0.011034 0.006961
v -0.131678 0.054472 0.074704
v -0.155296 0.062290 -0.005205
v -0.128696 0.062290 0.087070
v -0.151238 0.054472 0.006851
v 0.127673 -0.106246 -0.003214
v 0.109793 -0.106246 -0.065240
v 0.112501 -0.062808 -0.067073
v 0.130941 -0.062808 -0.003104
v 0.123329 -0.165319 -0.003013
v 0.106009 -0.165319 -0.063098
v 0.108717 -0.121881 -0.064930
v 0.126597 -0.121881 -0.002904
v 0.104797 -0.047174 -0.080360
v 0.052279 -0.047174 -0.121273
v 0.053393 -0.003735 -0.124347
v 0.107506 -0.003735 -0.082192
v 0.101401 -0.106246 -0.077644
v 0.050477 -0.106246 -0.117315
v 0.051591 -0.062808 -0.120390
v 0.104109 -0.062808 -0.079477
v 0.098004 -0.165319 -0.074929
v 0.048675 -0.165319 -0.113358
v 0.049789 -0.121881 -0.116432
v 0.100713 -0.121881 -0.076761
v 0.037548 -0.047174 -0.126611
v -0.028988 -0.047174 -0.128841
v -0.029894 -0.003735 -0.131983
v 0.038663 -0.003735 -0.129685
v 0.036397 -0.106246 -0.122418
v -0.028120 -0.106246 -0.124580
v -0.029025 -0.062808 -0.127722
v 0.037511 -0.062808 -0.125492
v 0.035245 -0.165319 -0.118224
v -0.027251 -0.165319 -0.120319
v -0.028157 -0.121881 -0.123461
v 0.036359 -0.121881 -0.121299
v -0.044043 -0.047174 -0.124501
v -0.099182 -0.047174 -0.087196
v -0.101762 -0.003735 -0.089206
v -0.044948 -0.003735 -0.127643
v -0.042510 -0.106246 -0.120432
v -0.095975 -0.106246 -0.084259
v -0.098555 -0.062808 -0.086269
v -0.043415 -0.062808 -0.123574
v -0.040976 -0.165319 -0.116362
v -0.092768 -0.165319 -0.081322
v -0.095348 -0.121881 -0.083332
v -0.041882 -0.121881 -0.119504
v -0.108811 -0.047174 -0.074836
v -0.131493 -0.047174 -0.012245
v -0.134761 -0.003735 -0.012355
v -0.111391 -0.003735 -0.076846
v -0.105179 -0.106246 -0.072445
v -0.127172 -0.106246 -0.011754
v -0.130440 -0.062808 -0.011864
v -0.107759 -0.062808 -0.074455
v -0.101547 -0.165319 -0.070054
v -0.122851 -0.165319 -0.011263
v -0.126119 -0.121881 -0.011373
v -0.104127 -0.121881 -0.072063
v -0.037549 -0.047174 0.126611
v 0.028987 -0.047174 0.128840
v 0.029893 -0.003735 0.131983
v -0.038663 -0.003735 0.129685
v -0.036397 -0.106246 0.122417
v 0.028119 -0.106246 0.124579
v 0.029025 -0.062808 0.127722
v -0.037511 -0.062808 0.125492
v -0.035246 -0.165319 0.118224
v 0.027251 -0.165319 0.120318
v 0.028157 -0.121881 0.123461
v -0.036360 -0.121881 0.121299
v -0.104798 -0.047174 0.080359
v -0.052279 -0.047174 0.121273
v -0.053394 -0.003735 0.124347
v -0.107506 -0.003735 0.082192
v -0.101401 -0.106246 0.077644
v -0.050477 -0.106246 0.117315
v -0.051591 -0.062808 0.120389
v -0.104110 -0.062808 0.079476
v -0.098005 -0.165319 0.074928
v -0.048675 -0.165319 0.113357
v -0.049789 -0.121881 0.116432
v -0.100713 -0.121881 0.076761
v -0.108194 0.011899 0.083075
v -0.054081 0.011899 0.125230
v -0.055196 0.055337 0.128305
v -0.110903 0.055337 0.084907
v -0.038701 0.011899 0.130804
v 0.029856 0.011899 0.133101
v 0.030761 0.055337 0.136244
v -0.039815 0.055337 0.133878
v -0.112443 0.011899 -0.077227
v -0.135813 0.011899 -0.012736
v -0.139082 0.055337 -0.012846
v -0.115023 0.055337 -0.079237
v -0.045576 0.011899 -0.128570
v -0.102389 0.011899 -0.090133
v -0.104969 0.055337 -0.092142
v -0.046482 0.055337 -0.131713
v 0.038700 0.011899 -0.130804
v -0.029856 0.011899 -0.133102
v -0.030762 0.055337 -0.136244
v 0.039814 0.055337 -0.133879
v 0.108194 0.011899 -0.083075
v 0.054081 0.011899 -0.125231
v 0.055195 0.055337 -0.128305
v 0.110902 0.055337 -0.084908
v 0.136361 0.011899 -0.003615
v 0.117361 0.011899 -0.069526
v 0.120069 0.055337 -0.071358
v 0.139629 0.055337 -0.003505
v 0.112443 0.011899 0.077227
v 0.135813 0.011899 0.012736
v 0.139081 0.055337 0.012845
v 0.115023 0.055337 0.079236
v 0.045575 0.011899 0.128570
v 0.102389 0.011899 0.090132
v 0.104969 0.055337 0.092142
v 0.046481 0.055337 0.131712
v -0.136361 0.011899 0.003614
v -0.117361 0.011899 0.069525
v -0.120070 0.055337 0.071358
v -0.139630 0.055337 0.003505
v 0.062620 0.054472 -0.137835
v 0.055195 0.055337 -0.128305
v 0.054081 0.011899 -0.125231
v 0.061505 0.011034 -0.134761
v 0.105952 -0.048039 0.097202
v 0.099182 -0.047174 0.087196
v 0.044042 -0.047174 0.124501
v 0.050812 -0.048039 0.134507
v -0.116537 -0.107111 -0.076561
v -0.105179 -0.106246 -0.072445
v -0.107759 -0.062808 -0.074455
v -0.119117 -0.063673 -0.078571
v 0.118327 0.054472 -0.094438
v 0.110902 0.055337 -0.084908
v 0.055195 0.055337 -0.128305
v 0.062620 0.054472 -0.137835
v 0.108531 -0.004600 0.099211
v 0.101762 -0.003735 0.089205
v 0.099182 -0.047174 0.087196
v 0.105952 -0.048039 0.097202
v -0.027715 -0.107111 -0.136654
v -0.028120 -0.106246 -0.124580
v 0.036397 -0.106246 -0.122418
v 0.036801 -0.107111 -0.134492
v 0.115618 0.011034 -0.092606
v 0.108194 0.011899 -0.083075
v 0.110902 0.055337 -0.084908
v 0.118327 0.054472 -0.094438
v 0.051718 -0.004600 0.137649
v 0.044948 -0.003735 0.127643
v 0.101762 -0.003735 0.089205
v 0.108531 -0.004600 0.099211
v -0.028621 -0.063673 -0.139796
v -0.029025 -0.062808 -0.127722
v -0.028120 -0.106246 -0.124580
v -0.027715 -0.107111 -0.136654
v -0.056100 -0.166184 0.122888
v -0.048675 -0.165319 0.113357
v -0.098005 -0.165319 0.074928
v -0.105429 -0.166184 0.084459
v 0.050812 -0.048039 0.134507
v 0.044042 -0.047174 0.124501
v 0.044948 -0.003735 0.127643
v 0.051718 -0.004600 0.137649
v 0.037916 -0.063673 -0.137566
v 0.037511 -0.062808 -0.125492
v -0.029025 -0.062808 -0.127722
v -0.028621 -0.063673 -0.139796
v -0.057214 -0.122746 0.125962
v -0.049789 -0.121881 0.116432
v -0.048675 -0.165319 0.113357
v -0.056100 -0.166184 0.122888
v 0.036801 -0.107111 -0.134492
v 0.036397 -0.106246 -0.122418
v 0.037511 -0.062808 -0.125492
v 0.037916 -0.063673 -0.137566
v -0.108138 -0.122746 0.086291
v -0.100713 -0.121881 0.076761
v -0.049789 -0.121881 0.116432
v -0.057214 -0.122746 0.125962
v 0.121401 -0.107111 -0.068587
v 0.109793 -0.106246 -0.065240
v 0.127673 -0.106246 -0.003214
v 0.139281 -0.107111 -0.006560
v -0.105429 -0.166184 0.084459
v -0.098005 -0.165319 0.074928
v -0.100713 -0.121881 0.076761
v -0.108138 -0.122746 0.086291
v 0.124109 -0.063673 -0.070419
v 0.112501 -0.062808 -0.067073
v 0.109793 -0.106246 -0.065240
v 0.121401 -0.107111 -0.068587
v -0.134209 -0.166184 -0.015379
v -0.122851 -0.165319 -0.011263
v -0.101547 -0.165319 -0.070054
v -0.112905 -0.166184 -0.074170
v 0.142550 -0.063673 -0.006450
v 0.130941 -0.062808 -0.003104
v 0.112501 -0.062808 -0.067073
v 0.124109 -0.063673 -0.070419
v -0.137478 -0.122746 -0.015489
v -0.126119 -0.121881 -0.011373
v -0.122851 -0.165319 -0.011263
v -0.134209 -0.166184 -0.015379
v 0.128969 0.011034 -0.072872
v 0.117361 0.011899 -0.069526
v 0.136361 0.011899 -0.003615
v 0.147969 0.011034 -0.006961
v 0.139281 -0.107111 -0.006560
v 0.127673 -0.106246 -0.003214
v 0.130941 -0.062808 -0.003104
v 0.142550 -0.063673 -0.006450
v -0.115485 -0.122746 -0.076179
v -0.104127 -0.121881 -0.072063
v -0.126119 -0.121881 -0.011373
v -0.137478 -0.122746 -0.015489
v 0.131678 0.054472 -0.074704
v 0.120069 0.055337 -0.071358
v 0.117361 0.011899 -0.069526
v 0.128969 0.011034 -0.072872
v 0.102745 -0.107111 0.094265
v 0.095975 -0.106246 0.084259
v 0.042509 -0.106246 0.120431
v 0.049279 -0.107111 0.130437
v -0.112905 -0.166184 -0.074170
v -0.101547 -0.165319 -0.070054
v -0.104127 -0.121881 -0.072063
v -0.115485 -0.122746 -0.076179
v 0.151238 0.054472 -0.006851
v 0.139629 0.055337 -0.003505
v 0.120069 0.055337 -0.071358
v 0.131678 0.054472 -0.074704
v 0.105324 -0.063673 0.096275
v 0.098554 -0.062808 0.086268
v 0.095975 -0.106246 0.084259
v 0.102745 -0.107111 0.094265
v -0.026847 -0.166184 -0.132393
v -0.027251 -0.165319 -0.120319
v 0.035245 -0.165319 -0.118224
v 0.035650 -0.166184 -0.130299
v 0.147969 0.011034 -0.006961
v 0.136361 0.011899 -0.003615
v 0.139629 0.055337 -0.003505
v 0.151238 0.054472 -0.006851
v 0.050185 -0.063673 0.133580
v 0.043415 -0.062808 0.123573
v 0.098554 -0.062808 0.086268
v 0.105324 -0.063673 0.096275
v -0.027752 -0.122746 -0.135535
v -0.028157 -0.121881 -0.123461
v -0.027251 -0.165319 -0.120319
v -0.026847 -0.166184 -0.132393
v -0.061506 0.011034 0.134761
v -0.054081 0.011899 0.125230
v -0.108194 0.011899 0.083075
v -0.115619 0.011034 0.092605
v 0.049279 -0.107111 0.130437
v 0.042509 -0.106246 0.120431
v 0.043415 -0.062808 0.123573
v 0.050185 -0.063673 0.133580
v 0.036764 -0.122746 -0.133373
v 0.036359 -0.121881 -0.121299
v -0.028157 -0.121881 -0.123461
v -0.027752 -0.122746 -0.135535
v -0.062620 0.054472 0.137835
v -0.055196 0.055337 0.128305
v -0.054081 0.011899 0.125230
v -0.061506 0.011034 0.134761
v 0.035650 -0.166184 -0.130299
v 0.035245 -0.165319 -0.118224
v 0.036359 -0.121881 -0.121299
v 0.036764 -0.122746 -0.133373
v -0.118327 0.054472 0.094438
v -0.110903 0.055337 0.084907
v -0.055196 0.055337 0.128305
v -0.062620 0.054472 0.137835
v 0.117617 -0.166184 -0.066444
v 0.106009 -0.165319 -0.063098
v 0.123329 -0.165319 -0.003013
v 0.134937 -0.166184 -0.006359
v -0.119117 -0.063673 -0.078571
v -0.107759 -0.062808 -0.074455
v -0.130440 -0.062808 -0.011864
v -0.141798 -0.063673 -0.015980
v 0.143625 -0.048039 -0.006760
v 0.132017 -0.047174 -0.003414
v 0.135285 -0.003735 -0.003305
v 0.146894 -0.004600 -0.006651
v 0.061505 0.011034 -0.134761
v 0.054081 0.011899 -0.125231
v 0.108194 0.011899 -0.083075
v 0.115618 0.011034 -0.092606
v -0.141798 -0.063673 -0.015980
v -0.130440 -0.062808 -0.011864
v -0.127172 -0.106246 -0.011754
v -0.138530 -0.107111 -0.015870
v 0.146894 -0.004600 -0.006651
v 0.135285 -0.003735 -0.003305
v 0.116285 -0.003735 -0.069215
v 0.127894 -0.004600 -0.072562
v -0.138530 -0.107111 -0.015870
v -0.127172 -0.106246 -0.011754
v -0.105179 -0.106246 -0.072445
v -0.116537 -0.107111 -0.076561
v 0.127894 -0.004600 -0.072562
v 0.116285 -0.003735 -0.069215
v 0.113577 -0.047174 -0.067383
v 0.125185 -0.048039 -0.070729
v -0.108826 -0.107111 0.087174
v -0.101401 -0.106246 0.077644
v -0.104110 -0.062808 0.079476
v -0.111534 -0.063673 0.089007
v 0.125185 -0.048039 -0.070729
v 0.113577 -0.047174 -0.067383
v 0.132017 -0.047174 -0.003414
v 0.143625 -0.048039 -0.006760
v -0.111534 -0.063673 0.089007
v -0.104110 -0.062808 0.079476
v -0.051591 -0.062808 0.120389
v -0.059016 -0.063673 0.129920
v 0.037953 -0.048039 -0.138685
v 0.037548 -0.047174 -0.126611
v 0.038663 -0.003735 -0.129685
v 0.039067 -0.004600 -0.141760
v -0.059016 -0.063673 0.129920
v -0.051591 -0.062808 0.120389
v -0.050477 -0.106246 0.117315
v -0.057902 -0.107111 0.126845
v 0.039067 -0.004600 -0.141760
v 0.038663 -0.003735 -0.129685
v -0.029894 -0.003735 -0.131983
v -0.029489 -0.004600 -0.144057
v -0.134938 -0.166184 0.006359
v -0.123330 -0.165319 0.003013
v -0.126598 -0.121881 0.002903
v -0.138206 -0.122746 0.006250
v -0.057902 -0.107111 0.126845
v -0.050477 -0.106246 0.117315
v -0.101401 -0.106246 0.077644
v -0.108826 -0.107111 0.087174
v -0.029489 -0.004600 -0.144057
v -0.029894 -0.003735 -0.131983
v -0.028988 -0.047174 -0.128841
v -0.028583 -0.048039 -0.140915
v -0.138206 -0.122746 0.006250
v -0.126598 -0.121881 0.002903
v -0.108718 -0.121881 0.064930
v -0.120326 -0.122746 0.068276
v 0.039105 0.011034 -0.142878
v 0.038700 0.011899 -0.130804
v 0.039814 0.055337 -0.133879
v 0.040219 0.054472 -0.145953
v -0.028583 -0.048039 -0.140915
v -0.028988 -0.047174 -0.128841
v 0.037548 -0.047174 -0.126611
v 0.037953 -0.048039 -0.138685
v -0.120326 -0.122746 0.068276
v -0.108718 -0.121881 0.064930
v -0.106009 -0.165319 0.063098
v -0.117617 -0.166184 0.066444
v 0.040219 0.054472 -0.145953
v 0.039814 0.055337 -0.133879
v -0.030762 0.055337 -0.136244
v -0.030357 0.054472 -0.148318
v -0.120169 -0.048039 -0.078952
v -0.108811 -0.047174 -0.074836
v -0.111391 -0.003735 -0.076846
v -0.122749 -0.004600 -0.080962
v -0.117617 -0.166184 0.066444
v -0.106009 -0.165319 0.063098
v -0.123330 -0.165319 0.003013
v -0.134938 -0.166184 0.006359
v -0.030357 0.054472 -0.148318
v -0.030762 0.055337 -0.136244
v -0.029856 0.011899 -0.133102
v -0.029452 0.011034 -0.145176
v -0.122749 -0.004600 -0.080962
v -0.111391 -0.003735 -0.076846
v -0.134761 -0.003735 -0.012355
v -0.146119 -0.004600 -0.016471
v 0.112904 -0.166184 0.074169
v 0.101546 -0.165319 0.070053
v 0.104126 -0.121881 0.072063
v 0.115484 -0.122746 0.076179
v -0.029452 0.011034 -0.145176
v -0.029856 0.011899 -0.133102
v 0.038700 0.011899 -0.130804
v 0.039105 0.011034 -0.142878
v -0.146119 -0.004600 -0.016471
v -0.134761 -0.003735 -0.012355
v -0.131493 -0.047174 -0.012245
v -0.142851 -0.048039 -0.016361
v 0.115484 -0.122746 0.076179
v 0.104126 -0.121881 0.072063
v 0.126119 -0.121881 0.011373
v 0.137477 -0.122746 0.015489
v -0.142851 -0.048039 -0.016361
v -0.131493 -0.047174 -0.012245
v -0.108811 -0.047174 -0.074836
v -0.120169 -0.048039 -0.078952
v 0.137477 -0.122746 0.015489
v 0.126119 -0.121881 0.011373
v 0.122851 -0.165319 0.011263
v 0.134209 -0.166184 0.015379
v -0.112222 -0.048039 0.089890
v -0.104798 -0.047174 0.080359
v -0.107506 -0.003735 0.082192
v -0.114931 -0.004600 0.091722
v 0.134209 -0.166184 0.015379
v 0.122851 -0.165319 0.011263
v 0.101546 -0.165319 0.070053
v 0.112904 -0.166184 0.074169
v -0.114931 -0.004600 0.091722
v -0.107506 -0.003735 0.082192
v -0.053394 -0.003735 0.124347
v -0.060818 -0.004600 0.133878
v 0.105429 -0.166184 -0.084459
v 0.098004 -0.165319 -0.074929
v 0.100713 -0.121881 -0.076761
v 0.108137 -0.122746 -0.086292
v -0.060818 -0.004600 0.133878
v -0.053394 -0.003735 0.124347
v -0.052279 -0.047174 0.121273
v -0.059704 -0.048039 0.130803
v 0.108137 -0.122746 -0.086292
v 0.100713 -0.121881 -0.076761
v 0.049789 -0.121881 -0.116432
v 0.057213 -0.122746 -0.125963
v -0.139282 -0.107111 0.006560
v -0.127673 -0.106246 0.003213
v -0.130942 -0.062808 0.003104
v -0.142550 -0.063673 0.006450
v -0.059704 -0.048039 0.130803
v -0.052279 -0.047174 0.121273
v -0.104798 -0.047174 0.080359
v -0.112222 -0.048039 0.089890
v 0.057213 -0.122746 -0.125963
v 0.049789 -0.121881 -0.116432
v 0.048675 -0.165319 -0.113358
v 0.056099 -0.166184 -0.122888
v -0.142550 -0.063673 0.006450
v -0.130942 -0.062808 0.003104
v -0.112502 -0.062808 0.067073
v -0.124110 -0.063673 0.070419
v -0.052345 0.011034 -0.138576
v -0.045576 0.011899 -0.128570
v -0.046482 0.055337 -0.131713
v -0.053251 0.054472 -0.141719
v 0.056099 -0.166184 -0.122888
v 0.048675 -0.165319 -0.113358
v 0.098004 -0.165319 -0.074929
v 0.105429 -0.166184 -0.084459
v -0.124110 -0.063673 0.070419
v -0.112502 -0.062808 0.067073
v -0.109793 -0.106246 0.065240
v -0.121402 -0.107111 0.068586
v -0.053251 0.054472 -0.141719
v -0.046482 0.055337 -0.131713
v -0.104969 0.055337 -0.092142
v -0.111739 0.054472 -0.102149
v -0.047746 -0.166184 -0.126368
v -0.040976 -0.165319 -0.116362
v -0.041882 -0.121881 -0.119504
v -0.048652 -0.122746 -0.129511
v -0.121402 -0.107111 0.068586
v -0.109793 -0.106246 0.065240
v -0.127673 -0.106246 0.003213
v -0.139282 -0.107111 0.006560
v -0.111739 0.054472 -0.102149
v -0.104969 0.055337 -0.092142
v -0.102389 0.011899 -0.090133
v -0.109159 0.011034 -0.100139
v -0.048652 -0.122746 -0.129511
v -0.041882 -0.121881 -0.119504
v -0.095348 -0.121881 -0.083332
v -0.102118 -0.122746 -0.093338
v 0.116537 -0.107111 0.076561
v 0.105178 -0.106246 0.072444
v 0.107758 -0.062808 0.074454
v 0.119116 -0.063673 0.078570
v -0.109159 0.011034 -0.100139
v -0.102389 0.011899 -0.090133
v -0.045576 0.011899 -0.128570
v -0.052345 0.011034 -0.138576
v -0.102118 -0.122746 -0.093338
v -0.095348 -0.121881 -0.083332
v -0.092768 -0.165319 -0.081322
v -0.099538 -0.166184 -0.091328
v 0.119116 -0.063673 0.078570
v 0.107758 -0.062808 0.074454
v 0.130440 -0.062808 0.011863
v 0.141798 -0.063673 0.015979
v -0.147970 0.011034 0.006961
v -0.136361 0.011899 0.003614
v -0.139630 0.055337 0.003505
v -0.151238 0.054472 0.006851
v -0.099538 -0.166184 -0.091328
v -0.092768 -0.165319 -0.081322
v -0.040976 -0.165319 -0.116362
v -0.047746 -0.166184 -0.126368
v 0.141798 -0.063673 0.015979
v 0.130440 -0.062808 0.011863
v 0.127171 -0.106246 0.011754
v 0.138530 -0.107111 0.015870
v -0.151238 0.054472 0.006851
v -0.139630 0.055337 0.003505
v -0.120070 0.055337 0.071358
v -0.131678 0.054472 0.074704
v -0.035650 -0.166184 0.130298
v -0.035246 -0.165319 0.118224
v -0.036360 -0.121881 0.121299
v -0.036765 -0.122746 0.133373
v 0.138530 -0.107111 0.015870
v 0.127171 -0.106246 0.011754
v 0.105178 -0.106246 0.072444
v 0.116537 -0.107111 0.076561
v -0.131678 0.054472 0.074704
v -0.120070 0.055337 0.071358
v -0.117361 0.011899 0.069525
v -0.128970 0.011034 0.072871
v -0.036765 -0.122746 0.133373
v -0.036360 -0.121881 0.121299
v 0.028157 -0.121881 0.123461
v 0.027752 -0.122746 0.135535
v 0.108825 -0.107111 -0.087175
v 0.101401 -0.106246 -0.077644
v 0.104109 -0.062808 -0.079477
v 0.111534 -0.063673 -0.089007
v -0.128970 0.011034 0.072871
v -0.117361 0.011899 0.069525
v -0.136361 0.011899 0.003614
v -0.147970 0.011034 0.006961
v 0.027752 -0.122746 0.135535
v 0.028157 -0.121881 0.123461
v 0.027251 -0.165319 0.120318
v 0.026846 -0.166184 0.132393
v 0.111534 -0.063673 -0.089007
v 0.104109 -0.062808 -0.079477
v 0.051591 -0.062808 -0.120390
v 0.059015 -0.063673 -0.129920
v -0.143626 -0.048039 0.006760
v -0.132017 -0.047174 0.003414
v -0.135286 -0.003735 0.003304
v -0.146894 -0.004600 0.006651
v 0.026846 -0.166184 0.132393
v 0.027251 -0.165319 0.120318
v -0.035246 -0.165319 0.118224
v -0.035650 -0.166184 0.130298
v 0.059015 -0.063673 -0.129920
v 0.051591 -0.062808 -0.120390
v 0.050477 -0.106246 -0.117315
v 0.057901 -0.107111 -0.126846
v -0.146894 -0.004600 0.006651
v -0.135286 -0.003735 0.003304
v -0.116286 -0.003735 0.069215
v -0.127894 -0.004600 0.072561
v -0.123801 0.011034 -0.081343
v -0.112443 0.011899 -0.077227
v -0.115023 0.055337 -0.079237
v -0.126381 0.054472 -0.083353
v 0.057901 -0.107111 -0.126846
v 0.050477 -0.106246 -0.117315
v 0.101401 -0.106246 -0.077644
v 0.108825 -0.107111 -0.087175
v -0.127894 -0.004600 0.072561
v -0.116286 -0.003735 0.069215
v -0.113577 -0.047174 0.067383
v -0.125186 -0.048039 0.070729
v -0.126381 0.054472 -0.083353
v -0.115023 0.055337 -0.079237
v -0.139082 0.055337 -0.012846
v -0.150440 0.054472 -0.016962
v -0.049279 -0.107111 -0.130438
v -0.042510 -0.106246 -0.120432
v -0.043415 -0.062808 -0.123574
v -0.050185 -0.063673 -0.133580
v -0.125186 -0.048039 0.070729
v -0.113577 -0.047174 0.067383
v -0.132017 -0.047174 0.003414
v -0.143626 -0.048039 0.006760
v -0.150440 0.054472 -0.016962
v -0.139082 0.055337 -0.012846
v -0.135813 0.011899 -0.012736
v -0.147172 0.011034 -0.016852
v -0.050185 -0.063673 -0.133580
v -0.043415 -0.062808 -0.123574
v -0.098555 -0.062808 -0.086269
v -0.105325 -0.063673 -0.096275
v 0.120169 -0.048039 0.078952
v 0.108811 -0.047174 0.074836
v 0.111390 -0.003735 0.076845
v 0.122748 -0.004600 0.080961
v -0.147172 0.011034 -0.016852
v -0.135813 0.011899 -0.012736
v -0.112443 0.011899 -0.077227
v -0.123801 0.011034 -0.081343
v -0.105325 -0.063673 -0.096275
v -0.098555 -0.062808 -0.086269
v -0.095975 -0.106246 -0.084259
v -0.102745 -0.107111 -0.094265
v 0.122748 -0.004600 0.080961
v 0.111390 -0.003735 0.076845
v 0.134760 -0.003735 0.012354
v 0.146119 -0.004600 0.016470
v 0.052345 0.011034 0.138576
v 0.045575 0.011899 0.128570
v 0.046481 0.055337 0.131712
v 0.053251 0.054472 0.141718
v -0.102745 -0.107111 -0.094265
v -0.095975 -0.106246 -0.084259
v -0.042510 -0.106246 -0.120432
v -0.049279 -0.107111 -0.130438
v 0.146119 -0.004600 0.016470
v 0.134760 -0.003735 0.012354
v 0.131492 -0.047174 0.012245
v 0.142850 -0.048039 0.016361
v 0.053251 0.054472 0.141718
v 0.046481 0.055337 0.131712
v 0.104969 0.055337 0.092142
v 0.111738 0.054472 0.102148
v -0.036802 -0.107111 0.134492
v -0.036397 -0.106246 0.122417
v -0.037511 -0.062808 0.125492
v -0.037916 -0.063673 0.137566
v 0.142850 -0.048039 0.016361
v 0.131492 -0.047174 0.012245
v 0.108811 -0.047174 0.074836
v 0.120169 -0.048039 0.078952
v 0.111738 0.054472 0.102148
v 0.104969 0.055337 0.092142
v 0.102389 0.011899 0.090132
v 0.109159 0.011034 0.100138
v -0.037916 -0.063673 0.137566
v -0.037511 -0.062808 0.125492
v 0.029025 -0.062808 0.127722
v 0.028620 -0.063673 0.139796
v 0.112222 -0.048039 -0.089890
v 0.104797 -0.047174 -0.080360
v 0.107506 -0.003735 -0.082192
v 0.114930 -0.004600 -0.091723
v 0.109159 0.011034 0.100138
v 0.102389 0.011899 0.090132
v 0.045575 0.011899 0.128570
v 0.052345 0.011034 0.138576
v 0.028620 -0.063673 0.139796
v 0.029025 -0.062808 0.127722
v 0.028119 -0.106246 0.124579
v 0.027714 -0.107111 0.136654
v 0.114930 -0.004600 -0.091723
v 0.107506 -0.003735 -0.082192
v 0.053393 -0.003735 -0.124347
v 0.060817 -0.004600 -0.133878
v 0.027714 -0.107111 0.136654
v 0.028119 -0.106246 0.124579
v -0.036397 -0.106246 0.122417
v -0.036802 -0.107111 0.134492
v 0.060817 -0.004600 -0.133878
v 0.053393 -0.003735 -0.124347
v 0.052279 -0.047174 -0.121273
v 0.059703 -0.048039 -0.130803
v -0.039105 0.011034 0.142878
v -0.038701 0.011899 0.130804
v -0.039815 0.055337 0.133878
v -0.040219 0.054472 0.145953
v 0.059703 -0.048039 -0.130803
v 0.052279 -0.047174 -0.121273
v 0.104797 -0.047174 -0.080360
v 0.112222 -0.048039 -0.089890
v -0.040219 0.054472 0.145953
v -0.039815 0.055337 0.133878
v 0.030761 0.055337 0.136244
v 0.030357 0.054472 0.148318
v -0.050812 -0.048039 -0.134507
v -0.044043 -0.047174 -0.124501
v -0.044948 -0.003735 -0.127643
v -0.051718 -0.004600 -0.137649
v 0.030357 0.054472 0.148318
v 0.030761 0.055337 0.136244
v 0.029856 0.011899 0.133101
v 0.029451 0.011034 0.145176
v -0.051718 -0.004600 -0.137649
v -0.044948 -0.003735 -0.127643
v -0.101762 -0.003735 -0.089206
v -0.108532 -0.004600 -0.099212
v 0.047746 -0.166184 0.126368
v 0.040976 -0.165319 0.116362
v 0.041882 -0.121881 0.119504
v 0.048651 -0.122746 0.129510
v 0.029451 0.011034 0.145176
v 0.029856 0.011899 0.133101
v -0.038701 0.011899 0.130804
v -0.039105 0.011034 0.142878
v -0.108532 -0.004600 -0.099212
v -0.101762 -0.003735 -0.089206
v -0.099182 -0.047174 -0.087196
v -0.105952 -0.048039 -0.097202
v 0.048651 -0.122746 0.129510
v 0.041882 -0.121881 0.119504
v 0.095347 -0.121881 0.083332
v 0.102117 -0.122746 0.093338
v 0.123801 0.011034 0.081343
v 0.112443 0.011899 0.077227
v 0.115023 0.055337 0.079236
v 0.126381 0.054472 0.083352
v -0.105952 -0.048039 -0.097202
v -0.099182 -0.047174 -0.087196
v -0.044043 -0.047174 -0.124501
v -0.050812 -0.048039 -0.134507
v 0.102117 -0.122746 0.093338
v 0.095347 -0.121881 0.083332
v 0.092768 -0.165319 0.081322
v 0.099537 -0.166184 0.091328
v 0.126381 0.054472 0.083352
v 0.115023 0.055337 0.079236
v 0.139081 0.055337 0.012845
v 0.150439 0.054472 0.016961
v -0.037954 -0.048039 0.138685
v -0.037549 -0.047174 0.126611
v -0.038663 -0.003735 0.129685
v -0.039068 -0.004600 0.141759
v 0.099537 -0.166184 0.091328
v 0.092768 -0.165319 0.081322
v 0.040976 -0.165319 0.116362
v 0.047746 -0.166184 0.126368
v 0.150439 0.054472 0.016961
v 0.139081 0.055337 0.012845
v 0.135813 0.011899 0.012736
v 0.147171 0.011034 0.016852
v -0.039068 -0.004600 0.141759
v -0.038663 -0.003735 0.129685
v 0.029893 -0.003735 0.131983
v 0.029489 -0.004600 0.144057
v 0.134937 -0.166184 -0.006359
v 0.123329 -0.165319 -0.003013
v 0.126597 -0.121881 -0.002904
v 0.138206 -0.122746 -0.006250
v 0.147171 0.011034 0.016852
v 0.135813 0.011899 0.012736
v 0.112443 0.011899 0.077227
v 0.123801 0.011034 0.081343
v 0.029489 -0.004600 0.144057
v 0.029893 -0.003735 0.131983
v 0.028987 -0.047174 0.128840
v 0.028583 -0.048039 0.140915
v 0.138206 -0.122746 -0.006250
v 0.126597 -0.121881 -0.002904
v 0.108717 -0.121881 -0.064930
v 0.120325 -0.122746 -0.068277
v 0.028583 -0.048039 0.140915
v 0.028987 -0.047174 0.128840
v -0.037549 -0.047174 0.126611
v -0.037954 -0.048039 0.138685
v 0.120325 -0.122746 -0.068277
v 0.108717 -0.121881 -0.064930
v 0.106009 -0.165319 -0.063098
v 0.117617 -0.166184 -0.066444
v -0.115619 0.011034 0.092605
v -0.108194 0.011899 0.083075
v -0.110903 0.055337 0.084907
v -0.118327 0.054472 0.094438
v -0.056621 0.381270 -0.196417
v 0.064778 0.326023 -0.178758
v 0.069644 0.381270 -0.192185
v -0.052665 0.326023 -0.182694
v 0.053667 0.201521 -0.148096
v -0.043631 0.201521 -0.151357
v -0.169307 0.381270 0.114545
v -0.190027 0.326023 -0.006369
v -0.204300 0.381270 -0.006847
v -0.157478 0.326023 0.106542
v -0.157432 0.201521 -0.005276
v -0.130466 0.201521 0.088267
v 0.161258 0.381270 0.125623
v 0.052664 0.326023 0.182694
v 0.056620 0.381270 0.196416
v 0.149991 0.326023 0.116847
v 0.043631 0.201521 0.151356
v 0.124263 0.201521 0.096804
v 0.069644 0.381270 -0.192185
v 0.157478 0.326023 -0.106543
v 0.169306 0.381270 -0.114546
v 0.064778 0.326023 -0.178758
v 0.130466 0.201521 -0.088268
v 0.053667 0.201521 -0.148096
v -0.204300 0.381270 -0.006847
v -0.149992 0.326023 -0.116847
v -0.161258 0.381270 -0.125624
v -0.190027 0.326023 -0.006369
v -0.124264 0.201521 -0.096804
v -0.157432 0.201521 -0.005276
v 0.056620 0.381270 0.196416
v -0.064778 0.326023 0.178758
v -0.069644 0.381270 0.192185
v 0.052664 0.326023 0.182694
v -0.053667 0.201521 0.148095
v 0.043631 0.201521 0.151356
v 0.169306 0.381270 -0.114546
v 0.190026 0.326023 0.006368
v 0.204300 0.381270 0.006847
v 0.157478 0.326023 -0.106543
v 0.157431 0.201521 0.005276
v 0.130466 0.201521 -0.088268
v -0.161258 0.381270 -0.125624
v -0.052665 0.326023 -0.182694
v -0.056621 0.381270 -0.196417
v -0.149992 0.326023 -0.116847
v -0.043631 0.201521 -0.151357
v -0.124264 0.201521 -0.096804
v -0.069644 0.381270 0.192185
v -0.157478 0.326023 0.106542
v -0.169307 0.381270 0.114545
v -0.064778 0.326023 0.178758
v -0.130466 0.201521 0.088267
v -0.053667 0.201521 0.148095
v 0.204300 0.381270 0.006847
v 0.149991 0.326023 0.116847
v 0.161258 0.381270 0.125623
v 0.190026 0.326023 0.006368
v 0.124263 0.201521 0.096804
v 0.157431 0.201521 0.005276
v 0.124263 0.201521 0.096804
v 0.090766 -0.135376 0.070709
v 0.031869 -0.135376 0.110555
v 0.043631 0.201521 0.151356
v 0.053667 0.201521 -0.148096
v 0.039200 -0.135376 -0.108174
v 0.095296 -0.135376 -0.064473
v 0.130466 0.201521 -0.088268
v -0.157432 0.201521 -0.005276
v -0.114993 -0.135376 -0.003854
v -0.090766 -0.135376 -0.070709
v -0.124264 0.201521 -0.096804
v 0.043631 0.201521 0.151356
v 0.031869 -0.135376 0.110555
v -0.039200 -0.135376 0.108173
v -0.053667 0.201521 0.148095
v 0.130466 0.201521 -0.088268
v 0.095296 -0.135376 -0.064473
v 0.114992 -0.135376 0.003854
v 0.157431 0.201521 0.005276
v -0.124264 0.201521 -0.096804
v -0.090766 -0.135376 -0.070709
v -0.031870 -0.135376 -0.110556
v -0.043631 0.201521 -0.151357
v -0.053667 0.201521 0.148095
v -0.039200 -0.135376 0.108173
v -0.095296 -0.135376 0.064473
v -0.130466 0.201521 0.088267
v 0.157431 0.201521 0.005276
v 0.114992 -0.135376 0.003854
v 0.090766 -0.135376 0.070709
v 0.124263 0.201521 0.096804
v -0.043631 0.201521 -0.151357
v -0.031870 -0.135376 -0.110556
v 0.039200 -0.135376 -0.108174
v 0.053667 0.201521 -0.148096
v -0.130466 0.201521 0.088267
v -0.095296 -0.135376 0.064473
v -0.114993 -0.135376 -0.003854
v -0.157432 0.201521 -0.005276
v -0.090766 -0.135376 -0.070709
v -0.114993 -0.135376 -0.003854
v -0.095296 -0.135376 0.064473
v -0.039200 -0.135376 0.108173
v -0.031870 -0.135376 -0.110556
v 0.031869 -0.135376 0.110555
v 0.039200 -0.135376 -0.108174
v 0.090766 -0.135376 0.070709
v 0.095296 -0.135376 -0.064473
v 0.114992 -0.135376 0.003854
v -0.182441 0.381270 0.123431
v -0.204300 0.381270 -0.006847
v -0.220149 0.381270 -0.007378
v -0.169307 0.381270 0.114545
v -0.161258 0.381270 -0.125624
v -0.075047 0.381270 0.207093
v -0.173768 0.381270 -0.135369
v -0.069644 0.381270 0.192185
v -0.056621 0.381270 -0.196417
v 0.061013 0.381270 0.211653
v -0.061013 0.381270 -0.211654
v 0.056620 0.381270 0.196416
v 0.069644 0.381270 -0.192185
v 0.173767 0.381270 0.135369
v 0.075046 0.381270 -0.207094
v 0.161258 0.381270 0.125623
v 0.169306 0.381270 -0.114546
v 0.220148 0.381270 0.007378
v 0.182440 0.381270 -0.123431
v 0.204300 0.381270 0.006847
vn -0.958420 -0.071416 0.276281
vn -0.958420 -0.071416 0.276281
vn -0.958420 -0.071416 0.276281
vn -0.958420 -0.071416 0.276281
vn -0.958420 -0.071416 0.276281
vn -0.958420 -0.071416 0.276281
vn -0.958420 -0.071416 0.276281
vn -0.958420 -0.071416 0.276281
vn -0.958420 -0.071414 0.276281
vn -0.958420 -0.071414 0.276281
vn -0.958420 -0.071414 0.276281
vn -0.958420 -0.071414 0.276281
vn 0.558927 -0.071416 0.826136
vn 0.558927 -0.071416 0.826136
vn 0.558927 -0.071416 0.826136
vn 0.558927 -0.071416 0.826136
vn 0.558927 -0.071415 0.826136
vn 0.558927 -0.071415 0.826136
vn 0.558927 -0.071415 0.826136
vn 0.558927 -0.071415 0.826136
vn 0.558927 -0.071415 0.826136
vn 0.558927 -0.071415 0.826136
vn 0.558927 -0.071415 0.826136
vn 0.558927 -0.071415 0.826136
vn 0.937772 -0.071416 0.339829
vn 0.937772 -0.071416 0.339829
vn 0.937772 -0.071416 0.339829
vn 0.937772 -0.071416 0.339829
vn 0.937772 -0.071416 0.339829
vn 0.937772 -0.071416 0.339829
vn 0.937772 -0.071416 0.339829
vn 0.937772 -0.071416 0.339829
vn 0.418782 -0.731874 -0.537572
vn 0.418782 -0.731874 -0.537572
vn 0.418782 -0.731874 -0.537572
vn 0.418782 -0.731874 -0.537572
vn 0.560358 0.000000 0.828251
vn 0.560358 0.000000 0.828251
vn 0.560358 0.000000 0.828251
vn 0.560358 0.000000 0.828251
vn 0.937772 -0.071416 0.339829
vn 0.937772 -0.071416 0.339829
vn 0.937772 -0.071416 0.339829
vn 0.937772 -0.071416 0.339829
vn 0.958420 -0.071416 -0.276281
vn 0.958420 -0.071416 -0.276281
vn 0.958420 -0.071416 -0.276281
vn 0.958420 -0.071416 -0.276281
vn -0.418751 -0.731920 0.537532
vn -0.418751 -0.731920 0.537532
vn -0.418751 -0.731920 0.537532
vn -0.418751 -0.731920 0.537532
vn -0.022823 -0.731921 0.681007
vn -0.022823 -0.731921 0.681007
vn -0.022823 -0.731921 0.681007
vn -0.022823 -0.731921 0.681007
vn 0.381822 -0.731921 0.564361
vn 0.381822 -0.731921 0.564361
vn 0.381822 -0.731921 0.564361
vn 0.381822 -0.731921 0.564361
vn 0.640623 -0.731921 0.232149
vn 0.640623 -0.731921 0.232149
vn 0.640623 -0.731921 0.232149
vn 0.640623 -0.731921 0.232149
vn 0.654730 -0.731921 -0.188737
vn 0.654730 -0.731921 -0.188737
vn 0.654730 -0.731921 -0.188737
vn 0.654730 -0.731921 -0.188737
vn 0.418751 -0.731920 -0.537531
vn 0.418751 -0.731920 -0.537531
vn 0.418751 -0.731920 -0.537531
vn 0.418751 -0.731920 -0.537531
vn 0.022823 -0.731921 -0.681007
vn 0.022823 -0.731921 -0.681007
vn 0.022823 -0.731921 -0.681007
vn 0.022823 -0.731921 -0.681007
vn -0.381822 -0.731921 -0.564361
vn -0.381822 -0.731921 -0.564361
vn -0.381822 -0.731921 -0.564361
vn -0.381822 -0.731921 -0.564361
vn -0.640623 -0.731922 -0.232148
vn -0.640623 -0.731922 -0.232148
vn -0.640623 -0.731922 -0.232148
vn -0.640623 -0.731922 -0.232148
vn -0.654729 -0.731921 0.188737
vn -0.654729 -0.731921 0.188737
vn -0.654729 -0.731921 0.188737
vn -0.654729 -0.731921 0.188737
vn 0.000000 -1.000000 0.000000
vn 0.000000 -1.000000 0.000000
vn 0.000000 -1.000000 0.000000
vn 0.000000 -1.000000 0.000000
vn 0.000000 -1.000000 0.000000
vn 0.000000 -1.000000 0.000000
vn 0.000000 -1.000000 0.000000
vn 0.000000 -1.000000 0.000000
vn 0.000000 -1.000000 0.000000
vn 0.000000 -1.000000 0.000000
vn 0.654781 -0.731870 -0.188752
vn 0.654781 -0.731870 -0.188752
vn 0.654781 -0.731870 -0.188752
vn 0.654781 -0.731870 -0.188752
vn 0.640674 -0.731871 0.232167
vn 0.640674 -0.731871 0.232167
vn 0.640674 -0.731871 0.232167
vn 0.640674 -0.731871 0.232167
vn -0.418782 -0.731874 0.537571
vn -0.418782 -0.731874 0.537571
vn -0.418782 -0.731874 0.537571
vn -0.418782 -0.731874 0.537571
vn 0.381849 -0.731875 0.564402
vn 0.381849 -0.731875 0.564402
vn 0.381849 -0.731875 0.564402
vn 0.381849 -0.731875 0.564402
vn -0.022824 -0.731874 0.681058
vn -0.022824 -0.731874 0.681058
vn -0.022824 -0.731874 0.681058
vn -0.022824 -0.731874 0.681058
vn -0.654776 -0.731875 0.188751
vn -0.654776 -0.731875 0.188751
vn -0.654776 -0.731875 0.188751
vn -0.654776 -0.731875 0.188751
vn -0.640669 -0.731876 -0.232165
vn -0.640669 -0.731876 -0.232165
vn -0.640669 -0.731876 -0.232165
vn -0.640669 -0.731876 -0.232165
vn -0.381851 -0.731873 -0.564404
vn -0.381851 -0.731873 -0.564404
vn -0.381851 -0.731873 -0.564404
vn -0.381851 -0.731873 -0.564404
vn 0.022825 -0.731871 -0.681061
vn 0.022825 -0.731871 -0.681061
vn 0.022825 -0.731871 -0.681061
vn 0.022825 -0.731871 -0.681061
vn 0.235635 -0.969465 -0.067926
vn 0.235635 -0.969465 -0.067926
vn 0.235635 -0.969465 -0.067926
vn 0.235635 -0.969465 -0.067926
vn 0.960874 0.000000 -0.276988
vn 0.960874 0.000000 -0.276988
vn 0.960874 0.000000 -0.276988
vn 0.960874 0.000000 -0.276988
vn 0.033496 0.000000 -0.999439
vn 0.033496 0.000000 -0.999439
vn 0.033496 0.000000 -0.999439
vn 0.033496 0.000000 -0.999439
vn -0.033494 0.000000 0.999439
vn -0.033494 0.000000 0.999439
vn -0.033494 0.000000 0.999439
vn -0.033494 0.000000 0.999439
vn -0.940173 0.000000 -0.340699
vn -0.940173 0.000000 -0.340699
vn -0.940173 0.000000 -0.340699
vn -0.940173 0.000000 -0.340699
vn 0.940173 0.000000 0.340698
vn 0.940173 0.000000 0.340698
vn 0.940173 0.000000 0.340698
vn 0.940173 0.000000 0.340698
vn 0.614552 0.000000 -0.788876
vn 0.614552 0.000000 -0.788876
vn 0.614552 0.000000 -0.788876
vn 0.614552 0.000000 -0.788876
vn -0.560358 0.000000 -0.828251
vn -0.560358 0.000000 -0.828251
vn -0.560358 0.000000 -0.828251
vn -0.560358 0.000000 -0.828251
vn -0.960873 0.000000 0.276989
vn -0.960873 0.000000 0.276989
vn -0.960873 0.000000 0.276989
vn -0.960873 0.000000 0.276989
vn -0.614554 0.000000 0.788875
vn -0.614554 0.000000 0.788875
vn -0.614554 0.000000 0.788875
vn -0.614554 0.000000 0.788875
vn -0.533826 0.304064 -0.789035
vn -0.533826 0.304064 -0.789035
vn -0.533826 0.304064 -0.789035
vn -0.533826 0.304064 -0.789035
vn -0.137417 -0.969465 -0.203113
vn -0.137417 -0.969465 -0.203113
vn -0.137417 -0.969465 -0.203113
vn -0.137417 -0.969465 -0.203113
vn -0.150708 -0.969465 0.193457
vn -0.150708 -0.969465 0.193457
vn -0.150708 -0.969465 0.193457
vn -0.150708 -0.969465 0.193457
vn 0.230558 -0.969465 0.083550
vn 0.230558 -0.969465 0.083550
vn 0.230558 -0.969465 0.083550
vn 0.230558 -0.969465 0.083550
vn 0.008214 -0.969465 -0.245093
vn 0.008214 -0.969465 -0.245093
vn 0.008214 -0.969465 -0.245093
vn 0.008214 -0.969465 -0.245093
vn -0.235636 -0.969465 0.067926
vn -0.235636 -0.969465 0.067926
vn -0.235636 -0.969465 0.067926
vn -0.235636 -0.969465 0.067926
vn 0.137417 -0.969465 0.203113
vn 0.137417 -0.969465 0.203113
vn 0.137417 -0.969465 0.203113
vn 0.137417 -0.969465 0.203113
vn 0.150707 -0.969465 -0.193456
vn 0.150707 -0.969465 -0.193456
vn 0.150707 -0.969465 -0.193456
vn 0.150707 -0.969465 -0.193456
vn -0.230560 -0.969465 -0.083550
vn -0.230560 -0.969465 -0.083550
vn -0.230560 -0.969465 -0.083550
vn -0.230560 -0.969465 -0.083550
vn -0.008214 -0.969465 0.245093
vn -0.008214 -0.969465 0.245093
vn -0.008214 -0.969465 0.245093
vn -0.008214 -0.969465 0.245093
vn -0.555869 -0.426456 0.713544
vn -0.555869 -0.426456 0.713544
vn -0.555869 -0.426456 0.713544
vn -0.555869 -0.426456 0.713544
vn -0.585455 0.304066 0.751523
vn -0.585455 0.304066 0.751523
vn -0.585455 0.304066 0.751523
vn -0.585455 0.304066 0.751523
vn 0.895656 0.304068 0.324567
vn 0.895656 0.304068 0.324567
vn 0.895656 0.304068 0.324567
vn 0.895656 0.304068 0.324567
vn 0.031909 0.304066 -0.952116
vn 0.031909 0.304066 -0.952116
vn 0.031909 0.304066 -0.952116
vn 0.031909 0.304066 -0.952116
vn -0.915377 0.304066 0.263873
vn -0.915377 0.304066 0.263873
vn -0.915377 0.304066 0.263873
vn -0.915377 0.304066 0.263873
vn 0.533825 0.304067 0.789034
vn 0.533825 0.304067 0.789034
vn 0.533825 0.304067 0.789034
vn 0.533825 0.304067 0.789034
vn 0.585454 0.304067 -0.751523
vn 0.585454 0.304067 -0.751523
vn 0.585454 0.304067 -0.751523
vn 0.585454 0.304067 -0.751523
vn -0.895657 0.304065 -0.324567
vn -0.895657 0.304065 -0.324567
vn -0.895657 0.304065 -0.324567
vn -0.895657 0.304065 -0.324567
vn -0.031908 0.304068 0.952116
vn -0.031908 0.304068 0.952116
vn -0.031908 0.304068 0.952116
vn -0.031908 0.304068 0.952116
vn 0.915376 0.304068 -0.263873
vn 0.915376 0.304068 -0.263873
vn 0.915376 0.304068 -0.263873
vn 0.915376 0.304068 -0.263873
vn 0.920966 -0.201097 0.333739
vn 0.920966 -0.201097 0.333739
vn 0.920966 -0.201097 0.333739
vn 0.920966 -0.201097 0.333739
vn 0.850394 -0.426457 0.308165
vn 0.850394 -0.426457 0.308165
vn 0.850394 -0.426457 0.308165
vn 0.850394 -0.426457 0.308165
vn 0.030296 -0.426457 -0.904001
vn 0.030296 -0.426457 -0.904001
vn 0.030296 -0.426457 -0.904001
vn 0.030296 -0.426457 -0.904001
vn -0.869118 -0.426456 0.250538
vn -0.869118 -0.426456 0.250538
vn -0.869118 -0.426456 0.250538
vn -0.869118 -0.426456 0.250538
vn 0.506848 -0.426456 0.749160
vn 0.506848 -0.426456 0.749160
vn 0.506848 -0.426456 0.749160
vn 0.506848 -0.426456 0.749160
vn 0.555868 -0.426457 -0.713544
vn 0.555868 -0.426457 -0.713544
vn 0.555868 -0.426457 -0.713544
vn 0.555868 -0.426457 -0.713544
vn -0.850394 -0.426455 -0.308165
vn -0.850394 -0.426455 -0.308165
vn -0.850394 -0.426455 -0.308165
vn -0.850394 -0.426455 -0.308165
vn -0.030296 -0.426456 0.904001
vn -0.030296 -0.426456 0.904001
vn -0.030296 -0.426456 0.904001
vn -0.030296 -0.426456 0.904001
vn 0.869118 -0.426457 -0.250538
vn 0.869118 -0.426457 -0.250538
vn 0.869118 -0.426457 -0.250538
vn 0.869118 -0.426457 -0.250538
vn -0.506849 -0.426455 -0.749160
vn -0.506849 -0.426455 -0.749160
vn -0.506849 -0.426455 -0.749160
vn -0.506849 -0.426455 -0.749160
vn 0.033486 -0.022108 -0.999195
vn 0.033486 -0.022108 -0.999195
vn 0.033486 -0.022108 -0.999195
vn 0.033486 -0.022108 -0.999195
vn 0.032810 -0.201096 -0.979022
vn 0.032810 -0.201096 -0.979022
vn 0.032810 -0.201096 -0.979022
vn 0.032810 -0.201096 -0.979022
vn -0.941244 -0.201096 0.271330
vn -0.941244 -0.201096 0.271330
vn -0.941244 -0.201096 0.271330
vn -0.941244 -0.201096 0.271330
vn 0.548910 -0.201097 0.811331
vn 0.548910 -0.201097 0.811331
vn 0.548910 -0.201097 0.811331
vn 0.548910 -0.201097 0.811331
vn 0.601999 -0.201096 -0.772760
vn 0.601999 -0.201096 -0.772760
vn 0.601999 -0.201096 -0.772760
vn 0.601999 -0.201096 -0.772760
vn -0.920966 -0.201096 -0.333739
vn -0.920966 -0.201096 -0.333739
vn -0.920966 -0.201096 -0.333739
vn -0.920966 -0.201096 -0.333739
vn -0.032810 -0.201097 0.979022
vn -0.032810 -0.201097 0.979022
vn -0.032810 -0.201097 0.979022
vn -0.032810 -0.201097 0.979022
vn 0.941244 -0.201096 -0.271330
vn 0.941244 -0.201096 -0.271330
vn 0.941244 -0.201096 -0.271330
vn 0.941244 -0.201096 -0.271330
vn -0.548910 -0.201096 -0.811331
vn -0.548910 -0.201096 -0.811331
vn -0.548910 -0.201096 -0.811331
vn -0.548910 -0.201096 -0.811331
vn -0.601999 -0.201096 0.772760
vn -0.601999 -0.201096 0.772760
vn -0.601999 -0.201096 0.772760
vn -0.601999 -0.201096 0.772760
vn -0.650210 -0.736271 0.187435
vn -0.650210 -0.736271 0.187435
vn -0.650210 -0.736271 0.187435
vn -0.650210 -0.736271 0.187435
vn -0.960638 -0.022107 0.276921
vn -0.960638 -0.022107 0.276921
vn -0.960638 -0.022107 0.276921
vn -0.960638 -0.022107 0.276921
vn 0.560221 -0.022107 0.828048
vn 0.560221 -0.022107 0.828048
vn 0.560221 -0.022107 0.828048
vn 0.560221 -0.022107 0.828048
vn 0.614404 -0.022107 -0.788682
vn 0.614404 -0.022107 -0.788682
vn 0.614404 -0.022107 -0.788682
vn 0.614404 -0.022107 -0.788682
vn -0.939943 -0.022108 -0.340616
vn -0.939943 -0.022108 -0.340616
vn -0.939943 -0.022108 -0.340616
vn -0.939943 -0.022108 -0.340616
vn -0.033486 -0.022107 0.999195
vn -0.033486 -0.022107 0.999195
vn -0.033486 -0.022107 0.999195
vn -0.033486 -0.022107 0.999195
vn 0.960638 -0.022107 -0.276921
vn 0.960638 -0.022107 -0.276921
vn 0.960638 -0.022107 -0.276921
vn 0.960638 -0.022107 -0.276921
vn -0.560221 -0.022109 -0.828048
vn -0.560221 -0.022109 -0.828048
vn -0.560221 -0.022109 -0.828048
vn -0.560221 -0.022109 -0.828048
vn -0.614404 -0.022107 0.788682
vn -0.614404 -0.022107 0.788682
vn -0.614404 -0.022107 0.788682
vn -0.614404 -0.022107 0.788682
vn 0.939943 -0.022107 0.340616
vn 0.939943 -0.022107 0.340616
vn 0.939943 -0.022107 0.340616
vn 0.939943 -0.022107 0.340616
vn 0.270647 -0.897804 -0.347418
vn 0.270647 -0.897804 -0.347418
vn 0.270647 -0.897804 -0.347418
vn 0.270647 -0.897804 -0.347418
vn 0.379188 -0.736269 0.560468
vn 0.379188 -0.736269 0.560468
vn 0.379188 -0.736269 0.560468
vn 0.379188 -0.736269 0.560468
vn 0.415861 -0.736270 -0.533822
vn 0.415861 -0.736270 -0.533822
vn 0.415861 -0.736270 -0.533822
vn 0.415861 -0.736270 -0.533822
vn -0.636203 -0.736270 -0.230547
vn -0.636203 -0.736270 -0.230547
vn -0.636203 -0.736270 -0.230547
vn -0.636203 -0.736270 -0.230547
vn -0.022665 -0.736268 0.676310
vn -0.022665 -0.736268 0.676310
vn -0.022665 -0.736268 0.676310
vn -0.022665 -0.736268 0.676310
vn 0.650212 -0.736270 -0.187435
vn 0.650212 -0.736270 -0.187435
vn 0.650212 -0.736270 -0.187435
vn 0.650212 -0.736270 -0.187435
vn -0.379189 -0.736267 -0.560470
vn -0.379189 -0.736267 -0.560470
vn -0.379189 -0.736267 -0.560470
vn -0.379189 -0.736267 -0.560470
vn -0.415860 -0.736271 0.533822
vn -0.415860 -0.736271 0.533822
vn -0.415860 -0.736271 0.533822
vn -0.415860 -0.736271 0.533822
vn 0.636205 -0.736269 0.230547
vn 0.636205 -0.736269 0.230547
vn 0.636205 -0.736269 0.230547
vn 0.636205 -0.736269 0.230547
vn 0.022665 -0.736268 -0.676311
vn 0.022665 -0.736268 -0.676311
vn 0.022665 -0.736268 -0.676311
vn 0.022665 -0.736268 -0.676311
vn -0.861958 0.399329 -0.312355
vn -0.861958 0.399329 -0.312355
vn -0.861958 0.399329 -0.312355
vn -0.861958 0.399329 -0.312355
vn -0.414049 -0.897803 -0.150043
vn -0.414049 -0.897803 -0.150043
vn -0.414049 -0.897803 -0.150043
vn -0.414049 -0.897803 -0.150043
vn -0.014751 -0.897804 0.440149
vn -0.014751 -0.897804 0.440149
vn -0.014751 -0.897804 0.440149
vn -0.014751 -0.897804 0.440149
vn 0.423163 -0.897804 -0.121985
vn 0.423163 -0.897804 -0.121985
vn 0.423163 -0.897804 -0.121985
vn 0.423163 -0.897804 -0.121985
vn -0.246779 -0.897803 -0.364759
vn -0.246779 -0.897803 -0.364759
vn -0.246779 -0.897803 -0.364759
vn -0.246779 -0.897803 -0.364759
vn -0.270647 -0.897803 0.347418
vn -0.270647 -0.897803 0.347418
vn -0.270647 -0.897803 0.347418
vn -0.270647 -0.897803 0.347418
vn 0.414050 -0.897803 0.150043
vn 0.414050 -0.897803 0.150043
vn 0.414050 -0.897803 0.150043
vn 0.414050 -0.897803 0.150043
vn 0.014751 -0.897803 -0.440150
vn 0.014751 -0.897803 -0.440150
vn 0.014751 -0.897803 -0.440150
vn 0.014751 -0.897803 -0.440150
vn -0.423167 -0.897802 0.121985
vn -0.423167 -0.897802 0.121985
vn -0.423167 -0.897802 0.121985
vn -0.423167 -0.897802 0.121985
vn 0.246780 -0.897803 0.364759
vn 0.246780 -0.897803 0.364759
vn 0.246780 -0.897803 0.364759
vn 0.246780 -0.897803 0.364759
vn -0.030708 0.399330 0.916293
vn -0.030708 0.399330 0.916293
vn -0.030708 0.399330 0.916293
vn -0.030708 0.399330 0.916293
vn 0.880935 0.399331 -0.253945
vn 0.880935 0.399331 -0.253945
vn 0.880935 0.399331 -0.253945
vn 0.880935 0.399331 -0.253945
vn -0.513740 0.399328 -0.759348
vn -0.513740 0.399328 -0.759348
vn -0.513740 0.399328 -0.759348
vn -0.513740 0.399328 -0.759348
vn -0.563427 0.399330 0.723247
vn -0.563427 0.399330 0.723247
vn -0.563427 0.399330 0.723247
vn -0.563427 0.399330 0.723247
vn 0.861958 0.399328 0.312355
vn 0.861958 0.399328 0.312355
vn 0.861958 0.399328 0.312355
vn 0.861958 0.399328 0.312355
vn 0.030708 0.399330 -0.916293
vn 0.030708 0.399330 -0.916293
vn 0.030708 0.399330 -0.916293
vn 0.030708 0.399330 -0.916293
vn -0.880935 0.399332 0.253945
vn -0.880935 0.399332 0.253945
vn -0.880935 0.399332 0.253945
vn -0.880935 0.399332 0.253945
vn 0.513740 0.399330 0.759346
vn 0.513740 0.399330 0.759346
vn 0.513740 0.399330 0.759346
vn 0.513740 0.399330 0.759346
vn 0.563427 0.399331 -0.723246
vn 0.563427 0.399331 -0.723246
vn 0.563427 0.399331 -0.723246
vn 0.563427 0.399331 -0.723246
vn 0.607425 -0.151872 -0.779724
vn 0.607425 -0.151872 -0.779724
vn 0.607425 -0.151872 -0.779724
vn 0.607425 -0.151872 -0.779724
vn 0.553858 -0.151871 0.818643
vn 0.553858 -0.151871 0.818643
vn 0.553858 -0.151871 0.818643
vn 0.553858 -0.151871 0.818643
vn -0.949727 -0.151875 0.273776
vn -0.949727 -0.151875 0.273776
vn -0.949727 -0.151875 0.273776
vn -0.949727 -0.151875 0.273776
vn 0.033105 -0.151874 -0.987845
vn 0.033105 -0.151874 -0.987845
vn 0.033105 -0.151874 -0.987845
vn 0.033105 -0.151874 -0.987845
vn 0.929267 -0.151871 0.336748
vn 0.929267 -0.151871 0.336748
vn 0.929267 -0.151871 0.336748
vn 0.929267 -0.151871 0.336748
vn -0.607424 -0.151872 0.779725
vn -0.607424 -0.151872 0.779725
vn -0.607424 -0.151872 0.779725
vn -0.607424 -0.151872 0.779725
vn -0.553858 -0.151873 -0.818643
vn -0.553858 -0.151873 -0.818643
vn -0.553858 -0.151873 -0.818643
vn -0.553858 -0.151873 -0.818643
vn 0.949727 -0.151872 -0.273775
vn 0.949727 -0.151872 -0.273775
vn 0.949727 -0.151872 -0.273775
vn 0.949727 -0.151872 -0.273775
vn -0.033106 -0.151870 0.987846
vn -0.033106 -0.151870 0.987846
vn -0.033106 -0.151870 0.987846
vn -0.033106 -0.151870 0.987846
vn -0.929266 -0.151874 -0.336747
vn -0.929266 -0.151874 -0.336747
vn -0.929266 -0.151874 -0.336747
vn -0.929266 -0.151874 -0.336747
vn -0.612985 -0.071416 0.786861
vn -0.612985 -0.071416 0.786861
vn -0.612985 -0.071416 0.786861
vn -0.612985 -0.071416 0.786861
vn -0.612984 -0.071416 0.786861
vn -0.612984 -0.071416 0.786861
vn -0.612984 -0.071415 0.786861
vn -0.612984 -0.071416 0.786861
vn -0.612984 -0.071415 0.786861
vn -0.612984 -0.071416 0.786861
vn -0.612983 -0.071415 0.786862
vn -0.612982 -0.071415 0.786863
vn -0.612984 -0.071418 0.786861
vn -0.612982 -0.071415 0.786863
vn -0.612984 -0.071418 0.786861
vn -0.612982 -0.071415 0.786863
vn -0.612981 -0.071416 0.786863
vn -0.612981 -0.071416 0.786863
vn -0.612984 -0.071415 0.786861
vn -0.612983 -0.071414 0.786862
vn -0.612983 -0.071416 0.786862
vn -0.612981 -0.071416 0.786863
vn -0.612983 -0.071416 0.786862
vn -0.612983 -0.071414 0.786862
vn -0.612985 -0.071417 0.786861
vn -0.612983 -0.071414 0.786862
vn -0.612985 -0.071417 0.786861
vn -0.612983 -0.071414 0.786862
vn -0.033409 -0.071416 0.996887
vn -0.033409 -0.071416 0.996887
vn -0.033409 -0.071416 0.996887
vn -0.033409 -0.071416 0.996887
vn -0.033411 -0.071416 0.996887
vn -0.033411 -0.071416 0.996887
vn -0.033409 -0.071416 0.996887
vn -0.033411 -0.071416 0.996887
vn -0.033409 -0.071416 0.996887
vn -0.033411 -0.071416 0.996887
vn -0.033410 -0.071415 0.996887
vn -0.033410 -0.071415 0.996887
vn -0.033409 -0.071415 0.996887
vn -0.033410 -0.071415 0.996887
vn -0.033409 -0.071415 0.996887
vn -0.033410 -0.071415 0.996887
vn -0.033410 -0.071415 0.996887
vn -0.033411 -0.071415 0.996887
vn -0.033409 -0.071417 0.996887
vn -0.033405 -0.071416 0.996887
vn -0.033408 -0.071416 0.996887
vn -0.033411 -0.071415 0.996887
vn -0.033408 -0.071416 0.996887
vn -0.033405 -0.071416 0.996887
vn -0.033409 -0.071418 0.996887
vn -0.033405 -0.071416 0.996887
vn -0.033409 -0.071418 0.996887
vn -0.033405 -0.071416 0.996887
vn -0.937772 -0.071416 -0.339828
vn -0.937772 -0.071416 -0.339828
vn -0.937772 -0.071416 -0.339828
vn -0.937772 -0.071416 -0.339828
vn -0.937773 -0.071416 -0.339826
vn -0.937774 -0.071416 -0.339823
vn -0.937772 -0.071416 -0.339829
vn -0.937774 -0.071416 -0.339823
vn -0.937772 -0.071416 -0.339829
vn -0.937774 -0.071416 -0.339823
vn -0.937770 -0.071415 -0.339834
vn -0.937772 -0.071416 -0.339828
vn -0.937772 -0.071421 -0.339828
vn -0.937772 -0.071416 -0.339828
vn -0.937772 -0.071421 -0.339828
vn -0.937772 -0.071416 -0.339828
vn -0.937771 -0.071415 -0.339830
vn -0.937774 -0.071415 -0.339824
vn -0.937772 -0.071417 -0.339829
vn -0.937772 -0.071416 -0.339830
vn -0.937773 -0.071416 -0.339827
vn -0.937774 -0.071415 -0.339824
vn -0.937773 -0.071416 -0.339827
vn -0.937772 -0.071416 -0.339830
vn -0.937772 -0.071410 -0.339829
vn -0.937772 -0.071416 -0.339830
vn -0.937772 -0.071410 -0.339829
vn -0.937772 -0.071416 -0.339830
vn -0.558927 -0.071417 -0.826136
vn -0.558927 -0.071417 -0.826136
vn -0.558927 -0.071417 -0.826136
vn -0.558927 -0.071417 -0.826136
vn -0.558923 -0.071416 -0.826139
vn -0.558932 -0.071416 -0.826133
vn -0.558927 -0.071421 -0.826136
vn -0.558932 -0.071416 -0.826133
vn -0.558927 -0.071421 -0.826136
vn -0.558932 -0.071416 -0.826133
vn -0.558923 -0.071416 -0.826139
vn -0.558932 -0.071416 -0.826133
vn -0.558927 -0.071422 -0.826136
vn -0.558932 -0.071416 -0.826133
vn -0.558927 -0.071422 -0.826136
vn -0.558932 -0.071416 -0.826133
vn -0.558923 -0.071416 -0.826139
vn -0.558931 -0.071416 -0.826133
vn -0.558927 -0.071420 -0.826136
vn -0.558931 -0.071416 -0.826133
vn -0.558923 -0.071416 -0.826139
vn -0.558931 -0.071416 -0.826133
vn -0.558923 -0.071416 -0.826139
vn -0.558931 -0.071416 -0.826133
vn -0.558927 -0.071421 -0.826136
vn -0.558931 -0.071416 -0.826133
vn -0.558927 -0.071421 -0.826136
vn -0.558931 -0.071416 -0.826133
vn 0.033409 -0.071417 -0.996887
vn 0.033409 -0.071417 -0.996887
vn 0.033409 -0.071417 -0.996887
vn 0.033409 -0.071417 -0.996887
vn 0.033416 -0.071416 -0.996887
vn 0.033408 -0.071417 -0.996887
vn 0.033409 -0.071416 -0.996887
vn 0.033408 -0.071417 -0.996887
vn 0.033409 -0.071416 -0.996887
vn 0.033408 -0.071417 -0.996887
vn 0.033412 -0.071415 -0.996887
vn 0.033412 -0.071416 -0.996887
vn 0.033409 -0.071416 -0.996887
vn 0.033412 -0.071416 -0.996887
vn 0.033409 -0.071416 -0.996887
vn 0.033412 -0.071416 -0.996887
vn 0.033415 -0.071415 -0.996887
vn 0.033409 -0.071415 -0.996887
vn 0.033409 -0.071420 -0.996887
vn 0.033407 -0.071415 -0.996887
vn 0.033408 -0.071417 -0.996887
vn 0.033409 -0.071415 -0.996887
vn 0.033408 -0.071417 -0.996887
vn 0.033407 -0.071415 -0.996887
vn 0.033409 -0.071412 -0.996887
vn 0.033407 -0.071415 -0.996887
vn 0.033409 -0.071412 -0.996887
vn 0.033407 -0.071415 -0.996887
vn 0.612985 -0.071416 -0.786861
vn 0.612985 -0.071416 -0.786861
vn 0.612985 -0.071416 -0.786861
vn 0.612985 -0.071416 -0.786861
vn 0.612984 -0.071416 -0.786861
vn 0.612984 -0.071417 -0.786861
vn 0.612984 -0.071417 -0.786861
vn 0.612984 -0.071417 -0.786861
vn 0.612984 -0.071417 -0.786861
vn 0.612984 -0.071417 -0.786861
vn 0.612986 -0.071416 -0.786859
vn 0.612983 -0.071415 -0.786862
vn 0.612984 -0.071417 -0.786861
vn 0.612983 -0.071415 -0.786862
vn 0.612984 -0.071417 -0.786861
vn 0.612983 -0.071415 -0.786862
vn 0.612986 -0.071417 -0.786860
vn 0.612985 -0.071416 -0.786861
vn 0.612985 -0.071412 -0.786861
vn 0.612987 -0.071416 -0.786859
vn 0.612984 -0.071416 -0.786861
vn 0.612985 -0.071416 -0.786861
vn 0.612984 -0.071416 -0.786861
vn 0.612987 -0.071416 -0.786859
vn 0.612984 -0.071410 -0.786861
vn 0.612987 -0.071416 -0.786859
vn 0.612984 -0.071410 -0.786861
vn 0.612987 -0.071416 -0.786859
vn 0.958420 -0.071416 -0.276282
vn 0.958420 -0.071416 -0.276282
vn 0.958420 -0.071416 -0.276282
vn 0.958420 -0.071416 -0.276282
vn 0.958420 -0.071416 -0.276282
vn 0.958420 -0.071416 -0.276281
vn 0.958420 -0.071417 -0.276282
vn 0.958420 -0.071416 -0.276281
vn 0.958420 -0.071417 -0.276282
vn 0.958420 -0.071416 -0.276281
vn 0.958421 -0.071415 -0.276278
vn 0.958421 -0.071415 -0.276278
vn 0.958420 -0.071416 -0.276281
vn 0.958421 -0.071415 -0.276278
vn 0.958420 -0.071416 -0.276281
vn 0.958421 -0.071415 -0.276278
vn 0.958420 -0.071415 -0.276280
vn 0.958421 -0.071416 -0.276277
vn 0.958420 -0.071412 -0.276282
vn 0.958420 -0.071416 -0.276279
vn 0.958419 -0.071415 -0.276285
vn 0.958421 -0.071416 -0.276277
vn 0.958419 -0.071415 -0.276285
vn 0.958420 -0.071416 -0.276279
vn 0.958420 -0.071416 -0.276282
vn 0.958420 -0.071416 -0.276279
vn 0.958420 -0.071416 -0.276282
vn 0.958420 -0.071416 -0.276279
vn 0.937772 -0.071416 0.339829
vn 0.937772 -0.071416 0.339829
vn 0.937772 -0.071416 0.339829
vn 0.937772 -0.071416 0.339829
vn 0.937771 -0.071416 0.339831
vn 0.937772 -0.071416 0.339827
vn 0.937772 -0.071417 0.339829
vn 0.937772 -0.071416 0.339827
vn 0.937772 -0.071417 0.339829
vn 0.937772 -0.071416 0.339827
vn 0.937772 -0.071415 0.339828
vn 0.937772 -0.071414 0.339829
vn 0.937772 -0.071413 0.339829
vn 0.937772 -0.071414 0.339829
vn 0.937772 -0.071413 0.339829
vn 0.937772 -0.071414 0.339829
vn 0.937773 -0.071416 0.339827
vn 0.937773 -0.071415 0.339827
vn 0.937772 -0.071420 0.339829
vn 0.937771 -0.071416 0.339830
vn 0.937772 -0.071416 0.339830
vn 0.937773 -0.071415 0.339827
vn 0.937772 -0.071416 0.339830
vn 0.937771 -0.071416 0.339830
vn 0.937772 -0.071414 0.339829
vn 0.937771 -0.071416 0.339830
vn 0.937772 -0.071414 0.339829
vn 0.937771 -0.071416 0.339830
vn 0.558927 -0.071415 0.826136
vn 0.558927 -0.071415 0.826136
vn 0.558927 -0.071415 0.826136
vn 0.558927 -0.071415 0.826136
vn 0.558925 -0.071416 0.826138
vn 0.558929 -0.071416 0.826134
vn 0.558927 -0.071420 0.826136
vn 0.558929 -0.071416 0.826134
vn 0.558927 -0.071420 0.826136
vn 0.558929 -0.071416 0.826134
vn 0.558925 -0.071415 0.826137
vn 0.558929 -0.071415 0.826134
vn 0.558927 -0.071420 0.826136
vn 0.558929 -0.071415 0.826134
vn 0.558927 -0.071420 0.826136
vn 0.558929 -0.071415 0.826134
vn 0.558924 -0.071415 0.826138
vn 0.558929 -0.071415 0.826135
vn 0.558927 -0.071422 0.826136
vn 0.558927 -0.071416 0.826136
vn 0.558927 -0.071416 0.826136
vn 0.558929 -0.071415 0.826135
vn 0.558927 -0.071416 0.826136
vn 0.558927 -0.071416 0.826136
vn 0.558927 -0.071412 0.826136
vn 0.558927 -0.071416 0.826136
vn 0.558927 -0.071412 0.826136
vn 0.558927 -0.071416 0.826136
vn -0.958420 -0.071415 0.276282
vn -0.958420 -0.071415 0.276282
vn -0.958420 -0.071415 0.276282
vn -0.958420 -0.071415 0.276282
vn -0.958420 -0.071416 0.276281
vn -0.958419 -0.071416 0.276282
vn -0.958420 -0.071418 0.276281
vn -0.958419 -0.071416 0.276282
vn -0.958420 -0.071418 0.276281
vn -0.958419 -0.071416 0.276282
vn -0.958421 -0.071415 0.276278
vn -0.958419 -0.071416 0.276284
vn -0.958419 -0.071424 0.276281
vn -0.958419 -0.071416 0.276284
vn -0.958419 -0.071424 0.276281
vn -0.958419 -0.071416 0.276284
vn -0.958422 -0.071416 0.276275
vn -0.958420 -0.071415 0.276281
vn -0.958420 -0.071416 0.276281
vn -0.958421 -0.071416 0.276279
vn -0.958421 -0.071414 0.276279
vn -0.958420 -0.071415 0.276281
vn -0.958421 -0.071414 0.276279
vn -0.958421 -0.071416 0.276279
vn -0.958420 -0.071416 0.276281
vn -0.958421 -0.071416 0.276279
vn -0.958420 -0.071416 0.276281
vn -0.958421 -0.071416 0.276279
vn 0.958420 -0.071415 -0.276282
vn 0.958420 -0.071415 -0.276282
vn 0.958420 -0.071415 -0.276282
vn 0.958420 -0.071415 -0.276282
vn 0.958420 -0.071415 -0.276281
vn 0.958420 -0.071415 -0.276281
vn 0.958420 -0.071415 -0.276281
vn 0.958420 -0.071415 -0.276281
vn 0.612985 -0.071416 -0.786861
vn 0.612985 -0.071416 -0.786861
vn 0.612985 -0.071416 -0.786861
vn 0.612985 -0.071416 -0.786861
vn 0.612985 -0.071415 -0.786861
vn 0.612985 -0.071415 -0.786861
vn 0.612985 -0.071415 -0.786861
vn 0.612985 -0.071415 -0.786861
vn 0.612984 -0.071415 -0.786861
vn 0.612984 -0.071415 -0.786861
vn 0.612984 -0.071415 -0.786861
vn 0.612984 -0.071415 -0.786861
vn 0.033409 -0.071415 -0.996887
vn 0.033409 -0.071415 -0.996887
vn 0.033409 -0.071415 -0.996887
vn 0.033409 -0.071415 -0.996887
vn 0.033410 -0.071415 -0.996887
vn 0.033410 -0.071415 -0.996887
vn 0.033410 -0.071415 -0.996887
vn 0.033410 -0.071415 -0.996887
vn 0.033410 -0.071416 -0.996887
vn 0.033410 -0.071416 -0.996887
vn 0.033410 -0.071416 -0.996887
vn 0.033410 -0.071416 -0.996887
vn -0.558927 -0.071416 -0.826136
vn -0.558927 -0.071416 -0.826136
vn -0.558927 -0.071416 -0.826136
vn -0.558927 -0.071416 -0.826136
vn -0.558927 -0.071416 -0.826136
vn -0.558927 -0.071416 -0.826136
vn -0.558927 -0.071416 -0.826136
vn -0.558927 -0.071416 -0.826136
vn -0.558927 -0.071416 -0.826136
vn -0.558927 -0.071416 -0.826136
vn -0.558927 -0.071416 -0.826136
vn -0.558927 -0.071416 -0.826136
vn -0.937772 -0.071415 -0.339829
vn -0.937772 -0.071415 -0.339829
vn -0.937772 -0.071415 -0.339829
vn -0.937772 -0.071415 -0.339829
vn -0.937772 -0.071415 -0.339829
vn -0.937772 -0.071415 -0.339829
vn -0.937772 -0.071415 -0.339829
vn -0.937772 -0.071415 -0.339829
vn -0.937772 -0.071416 -0.339829
vn -0.937772 -0.071416 -0.339829
vn -0.937772 -0.071416 -0.339829
vn -0.937772 -0.071416 -0.339829
vn -0.033409 -0.071416 0.996887
vn -0.033409 -0.071416 0.996887
vn -0.033409 -0.071416 0.996887
vn -0.033409 -0.071416 0.996887
vn -0.033408 -0.071416 0.996887
vn -0.033408 -0.071416 0.996887
vn -0.033408 -0.071416 0.996887
vn -0.033408 -0.071416 0.996887
vn -0.033409 -0.071417 0.996887
vn -0.033409 -0.071417 0.996887
vn -0.033409 -0.071417 0.996887
vn -0.033409 -0.071417 0.996887
vn -0.612985 -0.071416 0.786861
vn -0.612985 -0.071416 0.786861
vn -0.612985 -0.071416 0.786861
vn -0.612985 -0.071416 0.786861
vn -0.612984 -0.071416 0.786861
vn -0.612984 -0.071416 0.786861
vn -0.612984 -0.071416 0.786861
vn -0.612984 -0.071416 0.786861
vn -0.612984 -0.071415 0.786861
vn -0.612984 -0.071415 0.786861
vn -0.612984 -0.071415 0.786861
vn -0.612984 -0.071415 0.786861
vn -0.612984 -0.071416 0.786861
vn -0.612984 -0.071416 0.786861
vn -0.612984 -0.071416 0.786861
vn -0.612984 -0.071416 0.786861
vn -0.033409 -0.071416 0.996887
vn -0.033409 -0.071416 0.996887
vn -0.033409 -0.071416 0.996887
vn -0.033409 -0.071416 0.996887
vn -0.937772 -0.071415 -0.339829
vn -0.937772 -0.071415 -0.339829
vn -0.937772 -0.071415 -0.339829
vn -0.937772 -0.071415 -0.339829
vn -0.558927 -0.071416 -0.826136
vn -0.558927 -0.071416 -0.826136
vn -0.558927 -0.071416 -0.826136
vn -0.558927 -0.071416 -0.826136
vn 0.033409 -0.071416 -0.996887
vn 0.033409 -0.071416 -0.996887
vn 0.033409 -0.071416 -0.996887
vn 0.033409 -0.071416 -0.996887
vn 0.612984 -0.071416 -0.786861
vn 0.612984 -0.071416 -0.786861
vn 0.612984 -0.071416 -0.786861
vn 0.612984 -0.071416 -0.786861
vn 0.958420 -0.071416 -0.276281
vn 0.958420 -0.071416 -0.276281
vn 0.958420 -0.071416 -0.276281
vn 0.958420 -0.071416 -0.276281
vn 0.937772 -0.071416 0.339829
vn 0.937772 -0.071416 0.339829
vn 0.937772 -0.071416 0.339829
vn 0.937772 -0.071416 0.339829
vn 0.558927 -0.071416 0.826136
vn 0.558927 -0.071416 0.826136
vn 0.558927 -0.071416 0.826136
vn 0.558927 -0.071416 0.826136
vn -0.958420 -0.071416 0.276281
vn -0.958420 -0.071416 0.276281
vn -0.958420 -0.071416 0.276281
vn -0.958420 -0.071416 0.276281
vn 0.789681 0.023138 0.613082
vn 0.789681 0.023138 0.613082
vn 0.789681 0.023138 0.613082
vn 0.789681 0.023138 0.613082
vn 0.040019 0.997447 0.059150
vn 0.040019 0.997447 0.059150
vn 0.040019 0.997447 0.059150
vn 0.040019 0.997447 0.059150
vn -0.342167 0.023139 0.939354
vn -0.342167 0.023139 0.939354
vn -0.342167 0.023139 0.939354
vn -0.342167 0.023139 0.939354
vn -0.043889 -0.997447 0.056338
vn -0.043889 -0.997447 0.056338
vn -0.043889 -0.997447 0.056338
vn -0.043889 -0.997447 0.056338
vn -0.827099 0.023141 0.561580
vn -0.827099 0.023141 0.561580
vn -0.827099 0.023141 0.561580
vn -0.827099 0.023141 0.561580
vn 0.002392 0.997447 -0.071375
vn 0.002392 0.997447 -0.071375
vn 0.002392 0.997447 -0.071375
vn 0.002392 0.997447 -0.071375
vn -0.787646 0.023139 -0.615693
vn -0.787646 0.023139 -0.615693
vn -0.787646 0.023139 -0.615693
vn -0.787646 0.023139 -0.615693
vn -0.040019 -0.997447 -0.059150
vn -0.040019 -0.997447 -0.059150
vn -0.040019 -0.997447 -0.059150
vn -0.040019 -0.997447 -0.059150
vn 0.999226 0.023139 0.031828
vn 0.999226 0.023139 0.031828
vn 0.999226 0.023139 0.031828
vn 0.999226 0.023139 0.031828
vn -0.043889 0.997447 0.056339
vn -0.043889 0.997447 0.056339
vn -0.043889 0.997447 0.056339
vn -0.043889 0.997447 0.056339
vn 0.828956 0.023140 -0.558835
vn 0.828956 0.023140 -0.558835
vn 0.828956 0.023140 -0.558835
vn 0.828956 0.023140 -0.558835
vn -0.002392 -0.997447 0.071376
vn -0.002392 -0.997447 0.071376
vn -0.002392 -0.997447 0.071376
vn -0.002392 -0.997447 0.071376
vn -0.789681 0.023139 -0.613081
vn -0.789681 0.023139 -0.613081
vn -0.789681 0.023139 -0.613081
vn -0.789681 0.023139 -0.613081
vn -0.999114 0.023138 -0.035149
vn -0.999114 0.023138 -0.035149
vn -0.999114 0.023138 -0.035149
vn -0.999114 0.023138 -0.035149
vn 0.043888 -0.997447 -0.056337
vn 0.043888 -0.997447 -0.056337
vn 0.043888 -0.997447 -0.056337
vn 0.043888 -0.997447 -0.056337
vn 0.068622 0.997447 -0.019781
vn 0.068622 0.997447 -0.019781
vn 0.068622 0.997447 -0.019781
vn 0.068622 0.997447 -0.019781
vn 0.787646 0.023139 0.615693
vn 0.787646 0.023139 0.615693
vn 0.787646 0.023139 0.615693
vn 0.787646 0.023139 0.615693
vn 0.278506 0.023139 0.960156
vn 0.278506 0.023139 0.960156
vn 0.278506 0.023139 0.960156
vn 0.278506 0.023139 0.960156
vn -0.067146 0.997446 -0.024332
vn -0.067146 0.997446 -0.024332
vn -0.067146 0.997446 -0.024332
vn -0.067146 0.997446 -0.024332
vn -0.068620 -0.997447 0.019781
vn -0.068620 -0.997447 0.019781
vn -0.068620 -0.997447 0.019781
vn -0.068620 -0.997447 0.019781
vn 0.339052 0.023139 -0.940483
vn 0.339052 0.023139 -0.940483
vn 0.339052 0.023139 -0.940483
vn 0.339052 0.023139 -0.940483
vn 0.068621 0.997447 -0.019781
vn 0.068621 0.997447 -0.019781
vn 0.068621 0.997447 -0.019781
vn 0.068621 0.997447 -0.019781
vn -0.275322 0.023139 -0.961074
vn -0.275322 0.023139 -0.961074
vn -0.275322 0.023139 -0.961074
vn -0.275322 0.023139 -0.961074
vn 0.067142 -0.997447 0.024331
vn 0.067142 -0.997447 0.024331
vn 0.067142 -0.997447 0.024331
vn 0.067142 -0.997447 0.024331
vn 0.278504 0.023139 0.960156
vn 0.278504 0.023139 0.960156
vn 0.278504 0.023139 0.960156
vn 0.278504 0.023139 0.960156
vn 0.040018 0.997447 0.059150
vn 0.040018 0.997447 0.059150
vn 0.040018 0.997447 0.059150
vn 0.040018 0.997447 0.059150
vn -0.342164 0.023138 0.939355
vn -0.342164 0.023138 0.939355
vn -0.342164 0.023138 0.939355
vn -0.342164 0.023138 0.939355
vn -0.068621 -0.997447 0.019781
vn -0.068621 -0.997447 0.019781
vn -0.068621 -0.997447 0.019781
vn -0.068621 -0.997447 0.019781
vn -0.827100 0.023138 0.561578
vn -0.827100 0.023138 0.561578
vn -0.827100 0.023138 0.561578
vn -0.827100 0.023138 0.561578
vn 0.002392 0.997447 -0.071377
vn 0.002392 0.997447 -0.071377
vn 0.002392 0.997447 -0.071377
vn 0.002392 0.997447 -0.071377
vn -0.275322 0.023139 -0.961074
vn -0.275322 0.023139 -0.961074
vn -0.275322 0.023139 -0.961074
vn -0.275322 0.023139 -0.961074
vn -0.040019 -0.997447 -0.059150
vn -0.040019 -0.997447 -0.059150
vn -0.040019 -0.997447 -0.059150
vn -0.040019 -0.997447 -0.059150
vn 0.999225 0.023139 0.031835
vn 0.999225 0.023139 0.031835
vn 0.999225 0.023139 0.031835
vn 0.999225 0.023139 0.031835
vn -0.043889 0.997447 0.056338
vn -0.043889 0.997447 0.056338
vn -0.043889 0.997447 0.056338
vn -0.043889 0.997447 0.056338
vn 0.828956 0.023138 -0.558835
vn 0.828956 0.023138 -0.558835
vn 0.828956 0.023138 -0.558835
vn 0.828956 0.023138 -0.558835
vn -0.002392 -0.997447 0.071375
vn -0.002392 -0.997447 0.071375
vn -0.002392 -0.997447 0.071375
vn -0.002392 -0.997447 0.071375
vn -0.789680 0.023139 -0.613083
vn -0.789680 0.023139 -0.613083
vn -0.789680 0.023139 -0.613083
vn -0.789680 0.023139 -0.613083
vn -0.999114 0.023139 -0.035144
vn -0.999114 0.023139 -0.035144
vn -0.999114 0.023139 -0.035144
vn -0.999114 0.023139 -0.035144
vn 0.043889 -0.997447 -0.056338
vn 0.043889 -0.997447 -0.056338
vn 0.043889 -0.997447 -0.056338
vn 0.043889 -0.997447 -0.056338
vn 0.068622 0.997447 -0.019782
vn 0.068622 0.997447 -0.019782
vn 0.068622 0.997447 -0.019782
vn 0.068622 0.997447 -0.019782
vn 0.067143 -0.997447 0.024332
vn 0.067143 -0.997447 0.024332
vn 0.067143 -0.997447 0.024332
vn 0.067143 -0.997447 0.024332
vn -0.275322 0.023139 -0.961074
vn -0.275322 0.023139 -0.961074
vn -0.275322 0.023139 -0.961074
vn -0.275322 0.023139 -0.961074
vn 0.043889 0.997447 -0.056338
vn 0.043889 0.997447 -0.056338
vn 0.043889 0.997447 -0.056338
vn 0.043889 0.997447 -0.056338
vn 0.339049 0.023138 -0.940484
vn 0.339049 0.023138 -0.940484
vn 0.339049 0.023138 -0.940484
vn 0.339049 0.023138 -0.940484
vn -0.068621 -0.997447 0.019781
vn -0.068621 -0.997447 0.019781
vn -0.068621 -0.997447 0.019781
vn -0.068621 -0.997447 0.019781
vn -0.067144 0.997447 -0.024331
vn -0.067144 0.997447 -0.024331
vn -0.067144 0.997447 -0.024331
vn -0.067144 0.997447 -0.024331
vn 0.278510 0.023139 0.960155
vn 0.278510 0.023139 0.960155
vn 0.278510 0.023139 0.960155
vn 0.278510 0.023139 0.960155
vn 0.787643 0.023139 0.615697
vn 0.787643 0.023139 0.615697
vn 0.787643 0.023139 0.615697
vn 0.787643 0.023139 0.615697
vn 0.068622 0.997447 -0.019782
vn 0.068622 0.997447 -0.019782
vn 0.068622 0.997447 -0.019782
vn 0.068622 0.997447 -0.019782
vn 0.043889 -0.997447 -0.056339
vn 0.043889 -0.997447 -0.056339
vn 0.043889 -0.997447 -0.056339
vn 0.043889 -0.997447 -0.056339
vn -0.999115 0.023139 -0.035140
vn -0.999115 0.023139 -0.035140
vn -0.999115 0.023139 -0.035140
vn -0.999115 0.023139 -0.035140
vn -0.789681 0.023139 -0.613081
vn -0.789681 0.023139 -0.613081
vn -0.789681 0.023139 -0.613081
vn -0.789681 0.023139 -0.613081
vn -0.002392 -0.997447 0.071376
vn -0.002392 -0.997447 0.071376
vn -0.002392 -0.997447 0.071376
vn -0.002392 -0.997447 0.071376
vn 0.275325 0.023139 0.961073
vn 0.275325 0.023139 0.961073
vn 0.275325 0.023139 0.961073
vn 0.275325 0.023139 0.961073
vn -0.043889 0.997447 0.056338
vn -0.043889 0.997447 0.056338
vn -0.043889 0.997447 0.056338
vn -0.043889 0.997447 0.056338
vn 0.999225 0.023140 0.031831
vn 0.999225 0.023140 0.031831
vn 0.999225 0.023140 0.031831
vn 0.999225 0.023140 0.031831
vn 0.068621 -0.997447 -0.019781
vn 0.068621 -0.997447 -0.019781
vn 0.068621 -0.997447 -0.019781
vn 0.068621 -0.997447 -0.019781
vn -0.999115 0.023138 -0.035143
vn -0.999115 0.023138 -0.035143
vn -0.999115 0.023138 -0.035143
vn -0.999115 0.023138 -0.035143
vn 0.002392 0.997447 -0.071376
vn 0.002392 0.997447 -0.071376
vn 0.002392 0.997447 -0.071376
vn 0.002392 0.997447 -0.071376
vn -0.278504 0.023139 -0.960156
vn -0.278504 0.023139 -0.960156
vn -0.278504 0.023139 -0.960156
vn -0.278504 0.023139 -0.960156
vn -0.002392 -0.997447 0.071377
vn -0.002392 -0.997447 0.071377
vn -0.002392 -0.997447 0.071377
vn -0.002392 -0.997447 0.071377
vn -0.342164 0.023140 0.939355
vn -0.342164 0.023140 0.939355
vn -0.342164 0.023140 0.939355
vn -0.342164 0.023140 0.939355
vn -0.068622 0.997447 0.019782
vn -0.068622 0.997447 0.019782
vn -0.068622 0.997447 0.019782
vn -0.068622 0.997447 0.019782
vn 0.999225 0.023138 0.031832
vn 0.999225 0.023138 0.031832
vn 0.999225 0.023138 0.031832
vn 0.999225 0.023138 0.031832
vn 0.067143 -0.997447 0.024332
vn 0.067143 -0.997447 0.024332
vn 0.067143 -0.997447 0.024332
vn 0.067143 -0.997447 0.024332
vn 0.342161 0.023139 -0.939356
vn 0.342161 0.023139 -0.939356
vn 0.342161 0.023139 -0.939356
vn 0.342161 0.023139 -0.939356
vn 0.002392 0.997447 -0.071376
vn 0.002392 0.997447 -0.071376
vn 0.002392 0.997447 -0.071376
vn 0.002392 0.997447 -0.071376
vn 0.339050 0.023139 -0.940484
vn 0.339050 0.023139 -0.940484
vn 0.339050 0.023139 -0.940484
vn 0.339050 0.023139 -0.940484
vn -0.067142 -0.997447 -0.024331
vn -0.067142 -0.997447 -0.024331
vn -0.067142 -0.997447 -0.024331
vn -0.067142 -0.997447 -0.024331
vn -0.067143 0.997447 -0.024332
vn -0.067143 0.997447 -0.024332
vn -0.067143 0.997447 -0.024332
vn -0.067143 0.997447 -0.024332
vn -0.339048 0.023140 0.940485
vn -0.339048 0.023140 0.940485
vn -0.339048 0.023140 0.940485
vn -0.339048 0.023140 0.940485
vn 0.787645 0.023139 0.615695
vn 0.787645 0.023139 0.615695
vn 0.787645 0.023139 0.615695
vn 0.787645 0.023139 0.615695
vn 0.067145 0.997447 0.024331
vn 0.067145 0.997447 0.024331
vn 0.067145 0.997447 0.024331
vn 0.067145 0.997447 0.024331
vn 0.043889 -0.997447 -0.056338
vn 0.043889 -0.997447 -0.056338
vn 0.043889 -0.997447 -0.056338
vn 0.043889 -0.997447 -0.056338
vn -0.787645 0.023139 -0.615694
vn -0.787645 0.023139 -0.615694
vn -0.787645 0.023139 -0.615694
vn -0.787645 0.023139 -0.615694
vn -0.789680 0.023139 -0.613083
vn -0.789680 0.023139 -0.613083
vn -0.789680 0.023139 -0.613083
vn -0.789680 0.023139 -0.613083
vn -0.043888 -0.997447 0.056337
vn -0.043888 -0.997447 0.056337
vn -0.043888 -0.997447 0.056337
vn -0.043888 -0.997447 0.056337
vn 0.275324 0.023139 0.961073
vn 0.275324 0.023139 0.961073
vn 0.275324 0.023139 0.961073
vn 0.275324 0.023139 0.961073
vn -0.043889 0.997447 0.056338
vn -0.043889 0.997447 0.056338
vn -0.043889 0.997447 0.056338
vn -0.043889 0.997447 0.056338
vn 0.789681 0.023139 0.613081
vn 0.789681 0.023139 0.613081
vn 0.789681 0.023139 0.613081
vn 0.789681 0.023139 0.613081
vn 0.068621 -0.997447 -0.019781
vn 0.068621 -0.997447 -0.019781
vn 0.068621 -0.997447 -0.019781
vn 0.068621 -0.997447 -0.019781
vn -0.828956 0.023138 0.558835
vn -0.828956 0.023138 0.558835
vn -0.828956 0.023138 0.558835
vn -0.828956 0.023138 0.558835
vn 0.043889 0.997447 -0.056339
vn 0.043889 0.997447 -0.056339
vn 0.043889 0.997447 -0.056339
vn 0.043889 0.997447 -0.056339
vn -0.278504 0.023139 -0.960156
vn -0.278504 0.023139 -0.960156
vn -0.278504 0.023139 -0.960156
vn -0.278504 0.023139 -0.960156
vn 0.040019 -0.997447 0.059151
vn 0.040019 -0.997447 0.059151
vn 0.040019 -0.997447 0.059151
vn 0.040019 -0.997447 0.059151
vn -0.828956 0.023138 0.558835
vn -0.828956 0.023138 0.558835
vn -0.828956 0.023138 0.558835
vn -0.828956 0.023138 0.558835
vn -0.068622 0.997447 0.019781
vn -0.068622 0.997447 0.019781
vn -0.068622 0.997447 0.019781
vn -0.068622 0.997447 0.019781
vn 0.827100 0.023138 -0.561579
vn 0.827100 0.023138 -0.561579
vn 0.827100 0.023138 -0.561579
vn 0.827100 0.023138 -0.561579
vn 0.040018 -0.997447 0.059150
vn 0.040018 -0.997447 0.059150
vn 0.040018 -0.997447 0.059150
vn 0.040018 -0.997447 0.059150
vn 0.342167 0.023139 -0.939354
vn 0.342167 0.023139 -0.939354
vn 0.342167 0.023139 -0.939354
vn 0.342167 0.023139 -0.939354
vn -0.040019 0.997447 -0.059151
vn -0.040019 0.997447 -0.059151
vn -0.040019 0.997447 -0.059151
vn -0.040019 0.997447 -0.059151
vn 0.827100 0.023138 -0.561578
vn 0.827100 0.023138 -0.561578
vn 0.827100 0.023138 -0.561578
vn 0.827100 0.023138 -0.561578
vn -0.067143 -0.997447 -0.024331
vn -0.067143 -0.997447 -0.024331
vn -0.067143 -0.997447 -0.024331
vn -0.067143 -0.997447 -0.024331
vn 0.275322 0.023139 0.961074
vn 0.275322 0.023139 0.961074
vn 0.275322 0.023139 0.961074
vn 0.275322 0.023139 0.961074
vn -0.040019 0.997447 -0.059151
vn -0.040019 0.997447 -0.059151
vn -0.040019 0.997447 -0.059151
vn -0.040019 0.997447 -0.059151
vn -0.339047 0.023139 0.940485
vn -0.339047 0.023139 0.940485
vn -0.339047 0.023139 0.940485
vn -0.339047 0.023139 0.940485
vn 0.068621 -0.997447 -0.019781
vn 0.068621 -0.997447 -0.019781
vn 0.068621 -0.997447 -0.019781
vn 0.068621 -0.997447 -0.019781
vn 0.999114 0.023139 0.035144
vn 0.999114 0.023139 0.035144
vn 0.999114 0.023139 0.035144
vn 0.999114 0.023139 0.035144
vn 0.067143 0.997447 0.024331
vn 0.067143 0.997447 0.024331
vn 0.067143 0.997447 0.024331
vn 0.067143 0.997447 0.024331
vn -0.278504 0.023139 -0.960156
vn -0.278504 0.023139 -0.960156
vn -0.278504 0.023139 -0.960156
vn -0.278504 0.023139 -0.960156
vn 0.002392 -0.997447 -0.071375
vn 0.002392 -0.997447 -0.071375
vn 0.002392 -0.997447 -0.071375
vn 0.002392 -0.997447 -0.071375
vn -0.787645 0.023138 -0.615695
vn -0.787645 0.023138 -0.615695
vn -0.787645 0.023138 -0.615695
vn -0.787645 0.023138 -0.615695
vn -0.068621 0.997447 0.019781
vn -0.068621 0.997447 0.019781
vn -0.068621 0.997447 0.019781
vn -0.068621 0.997447 0.019781
vn -0.999225 0.023139 -0.031834
vn -0.999225 0.023139 -0.031834
vn -0.999225 0.023139 -0.031834
vn -0.999225 0.023139 -0.031834
vn -0.043889 -0.997447 0.056338
vn -0.043889 -0.997447 0.056338
vn -0.043889 -0.997447 0.056338
vn -0.043889 -0.997447 0.056338
vn 0.275323 0.023139 0.961073
vn 0.275323 0.023139 0.961073
vn 0.275323 0.023139 0.961073
vn 0.275323 0.023139 0.961073
vn -0.002392 0.997447 0.071376
vn -0.002392 0.997447 0.071376
vn -0.002392 0.997447 0.071376
vn -0.002392 0.997447 0.071376
vn 0.789683 0.023138 0.613079
vn 0.789683 0.023138 0.613079
vn 0.789683 0.023138 0.613079
vn 0.789683 0.023138 0.613079
vn 0.068621 -0.997447 -0.019781
vn 0.068621 -0.997447 -0.019781
vn 0.068621 -0.997447 -0.019781
vn 0.068621 -0.997447 -0.019781
vn -0.342166 0.023137 0.939355
vn -0.342166 0.023137 0.939355
vn -0.342166 0.023137 0.939355
vn -0.342166 0.023137 0.939355
vn 0.043889 0.997447 -0.056338
vn 0.043889 0.997447 -0.056338
vn 0.043889 0.997447 -0.056338
vn 0.043889 0.997447 -0.056338
vn -0.278511 0.023139 -0.960154
vn -0.278511 0.023139 -0.960154
vn -0.278511 0.023139 -0.960154
vn -0.278511 0.023139 -0.960154
vn 0.067142 -0.997447 0.024331
vn 0.067142 -0.997447 0.024331
vn 0.067142 -0.997447 0.024331
vn 0.067142 -0.997447 0.024331
vn -0.828956 0.023138 0.558835
vn -0.828956 0.023138 0.558835
vn -0.828956 0.023138 0.558835
vn -0.828956 0.023138 0.558835
vn -0.068622 0.997447 0.019781
vn -0.068622 0.997447 0.019781
vn -0.068622 0.997447 0.019781
vn -0.068622 0.997447 0.019781
vn 0.339053 0.023139 -0.940483
vn 0.339053 0.023139 -0.940483
vn 0.339053 0.023139 -0.940483
vn 0.339053 0.023139 -0.940483
vn 0.040019 -0.997447 0.059150
vn 0.040019 -0.997447 0.059150
vn 0.040019 -0.997447 0.059150
vn 0.040019 -0.997447 0.059150
vn 0.342166 0.023139 -0.939355
vn 0.342166 0.023139 -0.939355
vn 0.342166 0.023139 -0.939355
vn 0.342166 0.023139 -0.939355
vn -0.067143 0.997447 -0.024332
vn -0.067143 0.997447 -0.024332
vn -0.067143 0.997447 -0.024332
vn -0.067143 0.997447 -0.024332
vn 0.827099 0.023138 -0.561579
vn 0.827099 0.023138 -0.561579
vn 0.827099 0.023138 -0.561579
vn 0.827099 0.023138 -0.561579
vn -0.067143 -0.997447 -0.024331
vn -0.067143 -0.997447 -0.024331
vn -0.067143 -0.997447 -0.024331
vn -0.067143 -0.997447 -0.024331
vn 0.828956 0.023138 -0.558835
vn 0.828956 0.023138 -0.558835
vn 0.828956 0.023138 -0.558835
vn 0.828956 0.023138 -0.558835
vn -0.040019 0.997447 -0.059150
vn -0.040019 0.997447 -0.059150
vn -0.040019 0.997447 -0.059150
vn -0.040019 0.997447 -0.059150
vn -0.339050 0.023139 0.940484
vn -0.339050 0.023139 0.940484
vn -0.339050 0.023139 0.940484
vn -0.339050 0.023139 0.940484
vn -0.040019 -0.997447 -0.059151
vn -0.040019 -0.997447 -0.059151
vn -0.040019 -0.997447 -0.059151
vn -0.040019 -0.997447 -0.059151
vn 0.999115 0.023139 0.035141
vn 0.999115 0.023139 0.035141
vn 0.999115 0.023139 0.035141
vn 0.999115 0.023139 0.035141
vn 0.067143 0.997447 0.024331
vn 0.067143 0.997447 0.024331
vn 0.067143 0.997447 0.024331
vn 0.067143 0.997447 0.024331
vn -0.827100 0.023138 0.561579
vn -0.827100 0.023138 0.561579
vn -0.827100 0.023138 0.561579
vn -0.827100 0.023138 0.561579
vn 0.002392 -0.997447 -0.071376
vn 0.002392 -0.997447 -0.071376
vn 0.002392 -0.997447 -0.071376
vn 0.002392 -0.997447 -0.071376
vn -0.787645 0.023139 -0.615695
vn -0.787645 0.023139 -0.615695
vn -0.787645 0.023139 -0.615695
vn -0.787645 0.023139 -0.615695
vn 0.040018 0.997447 0.059150
vn 0.040018 0.997447 0.059150
vn 0.040018 0.997447 0.059150
vn 0.040018 0.997447 0.059150
vn -0.999225 0.023138 -0.031832
vn -0.999225 0.023138 -0.031832
vn -0.999225 0.023138 -0.031832
vn -0.999225 0.023138 -0.031832
vn -0.043889 -0.997447 0.056338
vn -0.043889 -0.997447 0.056338
vn -0.043889 -0.997447 0.056338
vn -0.043889 -0.997447 0.056338
vn -0.002392 0.997447 0.071375
vn -0.002392 0.997447 0.071375
vn -0.002392 0.997447 0.071375
vn -0.002392 0.997447 0.071375
vn 0.789681 0.023138 0.613082
vn 0.789681 0.023138 0.613082
vn 0.789681 0.023138 0.613082
vn 0.789681 0.023138 0.613082
vn 0.999115 0.023138 0.035142
vn 0.999115 0.023138 0.035142
vn 0.999115 0.023138 0.035142
vn 0.999115 0.023138 0.035142
vn 0.043889 0.997447 -0.056339
vn 0.043889 0.997447 -0.056339
vn 0.043889 0.997447 -0.056339
vn 0.043889 0.997447 -0.056339
vn 0.002392 -0.997447 -0.071375
vn 0.002392 -0.997447 -0.071375
vn 0.002392 -0.997447 -0.071375
vn 0.002392 -0.997447 -0.071375
vn -0.828956 0.023141 0.558835
vn -0.828956 0.023141 0.558835
vn -0.828956 0.023141 0.558835
vn -0.828956 0.023141 0.558835
vn -0.999226 0.023138 -0.031829
vn -0.999226 0.023138 -0.031829
vn -0.999226 0.023138 -0.031829
vn -0.999226 0.023138 -0.031829
vn 0.040018 -0.997447 0.059150
vn 0.040018 -0.997447 0.059150
vn 0.040018 -0.997447 0.059150
vn 0.040018 -0.997447 0.059150
vn 0.828957 0.023138 -0.558834
vn 0.828957 0.023138 -0.558834
vn 0.828957 0.023138 -0.558834
vn 0.828957 0.023138 -0.558834
vn -0.002392 0.997447 0.071376
vn -0.002392 0.997447 0.071376
vn -0.002392 0.997447 0.071376
vn -0.002392 0.997447 0.071376
vn 0.827100 0.023141 -0.561579
vn 0.827100 0.023141 -0.561579
vn 0.827100 0.023141 -0.561579
vn 0.827100 0.023141 -0.561579
vn -0.040018 -0.997447 -0.059150
vn -0.040018 -0.997447 -0.059150
vn -0.040018 -0.997447 -0.059150
vn -0.040018 -0.997447 -0.059150
vn 0.342166 0.023137 -0.939355
vn 0.342166 0.023137 -0.939355
vn 0.342166 0.023137 -0.939355
vn 0.342166 0.023137 -0.939355
vn -0.040018 0.997447 -0.059150
vn -0.040018 0.997447 -0.059150
vn -0.040018 0.997447 -0.059150
vn -0.040018 0.997447 -0.059150
vn -0.827099 0.023138 0.561580
vn -0.827099 0.023138 0.561580
vn -0.827099 0.023138 0.561580
vn -0.827099 0.023138 0.561580
vn -0.067143 -0.997447 -0.024331
vn -0.067143 -0.997447 -0.024331
vn -0.067143 -0.997447 -0.024331
vn -0.067143 -0.997447 -0.024331
vn 0.999115 0.023139 0.035139
vn 0.999115 0.023139 0.035139
vn 0.999115 0.023139 0.035139
vn 0.999115 0.023139 0.035139
vn 0.040019 0.997447 0.059151
vn 0.040019 0.997447 0.059151
vn 0.040019 0.997447 0.059151
vn 0.040019 0.997447 0.059151
vn -0.339052 0.023139 0.940483
vn -0.339052 0.023139 0.940483
vn -0.339052 0.023139 0.940483
vn -0.339052 0.023139 0.940483
vn 0.002392 -0.997447 -0.071376
vn 0.002392 -0.997447 -0.071376
vn 0.002392 -0.997447 -0.071376
vn 0.002392 -0.997447 -0.071376
vn -0.275322 0.023139 -0.961074
vn -0.275322 0.023139 -0.961074
vn -0.275322 0.023139 -0.961074
vn -0.275322 0.023139 -0.961074
vn 0.067143 0.997447 0.024331
vn 0.067143 0.997447 0.024331
vn 0.067143 0.997447 0.024331
vn 0.067143 0.997447 0.024331
vn -0.999225 0.023140 -0.031830
vn -0.999225 0.023140 -0.031830
vn -0.999225 0.023140 -0.031830
vn -0.999225 0.023140 -0.031830
vn -0.068621 -0.997447 0.019781
vn -0.068621 -0.997447 0.019781
vn -0.068621 -0.997447 0.019781
vn -0.068621 -0.997447 0.019781
vn -0.002392 0.997447 0.071376
vn -0.002392 0.997447 0.071376
vn -0.002392 0.997447 0.071376
vn -0.002392 0.997447 0.071376
vn 0.278504 0.023139 0.960156
vn 0.278504 0.023139 0.960156
vn 0.278504 0.023139 0.960156
vn 0.278504 0.023139 0.960156
vn 0.787646 0.023139 0.615693
vn 0.787646 0.023139 0.615693
vn 0.787646 0.023139 0.615693
vn 0.787646 0.023139 0.615693
vn -0.032526 0.238741 0.970538
vn -0.032526 0.238741 0.970538
vn -0.032526 0.238741 0.970538
vn -0.032526 0.238741 0.970538
vn -0.032501 0.241743 0.969796
vn -0.032501 0.241743 0.969796
vn 0.933088 0.238741 -0.268979
vn 0.933088 0.238741 -0.268979
vn 0.933088 0.238741 -0.268979
vn 0.933088 0.238741 -0.268979
vn 0.932374 0.241743 -0.268773
vn 0.932374 0.241743 -0.268773
vn -0.544154 0.238741 -0.804301
vn -0.544154 0.238741 -0.804301
vn -0.544154 0.238741 -0.804301
vn -0.544154 0.238741 -0.804301
vn -0.543738 0.241743 -0.803685
vn -0.543738 0.241743 -0.803685
vn -0.596783 0.238741 0.766064
vn -0.596783 0.238741 0.766064
vn -0.596783 0.238741 0.766064
vn -0.596783 0.238741 0.766064
vn -0.596326 0.241743 0.765477
vn -0.596326 0.241743 0.765477
vn 0.912986 0.238741 0.330847
vn 0.912986 0.238741 0.330847
vn 0.912986 0.238741 0.330847
vn 0.912986 0.238741 0.330847
vn 0.912287 0.241743 0.330594
vn 0.912287 0.241743 0.330594
vn 0.032526 0.238741 -0.970538
vn 0.032526 0.238741 -0.970538
vn 0.032526 0.238741 -0.970538
vn 0.032526 0.238741 -0.970538
vn 0.032501 0.241743 -0.969796
vn 0.032501 0.241743 -0.969796
vn -0.933088 0.238741 0.268979
vn -0.933088 0.238741 0.268979
vn -0.933088 0.238741 0.268979
vn -0.933088 0.238741 0.268979
vn -0.932374 0.241743 0.268773
vn -0.932374 0.241743 0.268773
vn 0.544154 0.238742 0.804300
vn 0.544154 0.238742 0.804300
vn 0.544154 0.238742 0.804300
vn 0.544154 0.238742 0.804300
vn 0.543738 0.241743 0.803685
vn 0.543738 0.241743 0.803685
vn 0.596783 0.238741 -0.766064
vn 0.596783 0.238741 -0.766064
vn 0.596783 0.238741 -0.766064
vn 0.596783 0.238741 -0.766064
vn 0.596326 0.241743 -0.765477
vn 0.596326 0.241743 -0.765477
vn -0.912986 0.238741 -0.330847
vn -0.912986 0.238741 -0.330847
vn -0.912986 0.238741 -0.330847
vn -0.912986 0.238741 -0.330847
vn -0.912287 0.241743 -0.330594
vn -0.912287 0.241743 -0.330594
vn -0.556375 0.119019 -0.822364
vn -0.556375 0.119019 -0.822364
vn -0.556375 0.119019 -0.822364
vn -0.556375 0.119019 -0.822364
vn -0.610185 0.119019 0.783268
vn -0.610185 0.119019 0.783268
vn -0.610185 0.119019 0.783268
vn -0.610185 0.119019 0.783268
vn 0.933490 0.119019 0.338277
vn 0.933490 0.119019 0.338277
vn 0.933490 0.119019 0.338277
vn 0.933490 0.119019 0.338277
vn 0.033256 0.119018 -0.992335
vn 0.033256 0.119018 -0.992335
vn 0.033256 0.119018 -0.992335
vn 0.033256 0.119018 -0.992335
vn -0.954043 0.119019 0.275020
vn -0.954043 0.119019 0.275020
vn -0.954043 0.119019 0.275020
vn -0.954043 0.119019 0.275020
vn 0.556375 0.119019 0.822364
vn 0.556375 0.119019 0.822364
vn 0.556375 0.119019 0.822364
vn 0.556375 0.119019 0.822364
vn 0.610185 0.119019 -0.783268
vn 0.610185 0.119019 -0.783268
vn 0.610185 0.119019 -0.783268
vn 0.610185 0.119019 -0.783268
vn -0.933490 0.119019 -0.338277
vn -0.933490 0.119019 -0.338277
vn -0.933490 0.119019 -0.338277
vn -0.933490 0.119019 -0.338277
vn -0.033257 0.119019 0.992335
vn -0.033257 0.119019 0.992335
vn -0.033257 0.119019 0.992335
vn -0.033257 0.119019 0.992335
vn 0.954043 0.119019 -0.275020
vn 0.954043 0.119019 -0.275020
vn 0.954043 0.119019 -0.275020
vn 0.954043 0.119019 -0.275020
vn 0.000000 1.000000 0.000000
vn 0.000000 1.000000 0.000000
vn 0.000000 1.000000 0.000000
vn 0.000000 1.000000 0.000000
vn 0.000000 1.000000 0.000000
vn 0.000000 1.000000 0.000000
vn 0.000000 1.000000 0.000000
vn 0.000000 1.000000 0.000000
vn 0.000000 1.000000 0.000000
vn 0.000000 1.000000 0.000000
vn -0.000002 1.000000 0.000000
vn -0.000002 1.000000 0.000000
vn -0.000002 1.000000 0.000000
vn -0.000002 1.000000 0.000000
vn 0.000000 1.000000 0.000000
vn 0.000000 1.000000 0.000000
vn 0.000000 1.000000 0.000000
vn 0.000000 1.000000 0.000000
vn 0.000000 1.000000 0.000000
vn 0.000000 1.000000 0.000000
vn 0.000000 1.000000 0.000000
vn 0.000000 1.000000 0.000000
vn 0.000000 1.000000 0.000000
vn 0.000000 1.000000 0.000000
vn 0.000000 1.000000 0.000000
vn 0.000000 1.000000 0.000000
vn 0.000004 1.000000 0.000000
vn 0.000004 1.000000 0.000000
vn 0.000004 1.000000 0.000000
vn 0.000004 1.000000 0.000000
g IceCream_Cone2_LightYellow
usemtl LightYellow
f 1 2 3
f 1 3 4
f 5 6 7
f 5 7 8
f 9 10 11
f 9 11 12
f 13 14 15
f 13 15 16
f 17 18 19
f 17 19 20
f 21 22 23
f 21 23 24
f 25 26 27
f 25 27 28
f 29 30 31
f 29 31 32
f 33 34 35
f 33 35 36
f 37 38 39
f 37 39 40
f 41 42 43
f 41 43 44
f 45 46 47
f 45 47 48
f 49 50 51
f 49 51 52
f 53 54 55
f 53 55 56
f 57 58 59
f 57 59 60
f 61 62 63
f 61 63 64
f 65 66 67
f 65 67 68
f 69 70 71
f 69 71 72
f 73 74 75
f 73 75 76
f 77 78 79
f 77 79 80
f 81 82 83
f 81 83 84
f 85 86 87
f 85 87 88
f 89 90 91
f 91 92 89
f 91 93 92
f 93 94 92
f 93 95 94
f 95 96 94
f 95 97 96
f 97 98 96
f 99 100 101
f 99 101 102
f 103 104 105
f 103 105 106
f 107 108 109
f 107 109 110
f 111 112 113
f 111 113 114
f 115 116 117
f 115 117 118
f 119 120 121
f 119 121 122
f 123 124 125
f 123 125 126
f 127 128 129
f 127 129 130
f 131 132 133
f 131 133 134
f 135 136 137
f 135 137 138
f 139 140 141
f 139 141 142
f 143 144 145
f 143 145 146
f 147 148 149
f 147 149 150
f 151 152 153
f 151 153 154
f 155 156 157
f 155 157 158
f 159 160 161
f 159 161 162
f 163 164 165
f 163 165 166
f 167 168 169
f 167 169 170
f 171 172 173
f 171 173 174
f 175 176 177
f 175 177 178
f 179 180 181
f 179 181 182
f 183 184 185
f 183 185 186
f 187 188 189
f 187 189 190
f 191 192 193
f 191 193 194
f 195 196 197
f 195 197 198
f 199 200 201
f 199 201 202
f 203 204 205
f 203 205 206
f 207 208 209
f 207 209 210
f 211 212 213
f 211 213 214
f 215 216 217
f 215 217 218
f 219 220 221
f 219 221 222
f 223 224 225
f 223 225 226
f 227 228 229
f 227 229 230
f 231 232 233
f 231 233 234
f 235 236 237
f 235 237 238
f 239 240 241
f 239 241 242
f 243 244 245
f 243 245 246
f 247 248 249
f 247 249 250
f 251 252 253
f 251 253 254
f 255 256 257
f 255 257 258
f 259 260 261
f 259 261 262
f 263 264 265
f 263 265 266
f 267 268 269
f 267 269 270
f 271 272 273
f 271 273 274
f 275 276 277
f 275 277 278
f 279 280 281
f 279 281 282
f 283 284 285
f 283 285 286
f 287 288 289
f 287 289 290
f 291 292 293
f 291 293 294
f 295 296 297
f 295 297 298
f 299 300 301
f 299 301 302
f 303 304 305
f 303 305 306
f 307 308 309
f 307 309 310
f 311 312 313
f 311 313 314
f 315 316 317
f 315 317 318
f 319 320 321
f 319 321 322
f 323 324 325
f 323 325 326
f 327 328 329
f 327 329 330
f 331 332 333
f 331 333 334
f 335 336 337
f 335 337 338
f 339 340 341
f 339 341 342
f 343 344 345
f 343 345 346
f 347 348 349
f 347 349 350
f 351 352 353
f 351 353 354
f 355 356 357
f 355 357 358
f 359 360 361
f 359 361 362
f 363 364 365
f 363 365 366
f 367 368 369
f 367 369 370
f 371 372 373
f 371 373 374
f 375 376 377
f 375 377 378
f 379 380 381
f 379 381 382
f 383 384 385
f 383 385 386
f 387 388 389
f 387 389 390
f 391 392 393
f 391 393 394
f 395 396 397
f 395 397 398
f 399 400 401
f 399 401 402
f 403 404 405
f 403 405 406
f 407 408 409
f 407 409 410
f 411 412 413
f 411 413 414
f 415 416 417
f 415 417 418
f 419 420 421
f 419 421 422
f 423 424 425
f 423 425 426
f 427 428 429
f 427 429 430
f 431 432 433
f 431 433 434
f 435 436 437
f 435 437 438
f 439 440 441
f 439 441 442
f 443 444 445
f 443 445 446
f 447 448 449
f 447 449 450
f 451 452 453
f 451 453 454
f 455 456 457
f 455 457 458
f 459 460 461
f 459 461 462
f 463 464 465
f 463 465 466
f 467 468 469
f 467 469 470
f 471 472 473
f 471 473 474
f 475 476 477
f 475 477 478
f 479 480 481
f 479 481 482
f 483 484 485
f 483 485 486
f 487 488 489
f 487 489 490
f 491 492 493
f 491 493 494
f 495 496 497
f 495 497 498
f 499 500 501
f 499 501 502
f 503 504 505
f 503 505 506
f 507 508 509
f 507 509 510
f 511 512 513
f 511 513 514
f 515 516 517
f 515 517 518
f 519 520 521
f 519 521 522
f 523 524 525
f 523 525 526
f 527 528 529
f 527 529 530
f 531 532 533
f 531 533 534
f 534 533 535
f 534 535 536
f 533 537 535
f 538 534 536
f 533 539 537
f 538 536 540
f 539 540 537
f 539 538 540
f 538 539 541
f 538 541 542
f 539 543 541
f 544 538 542
f 539 545 543
f 544 542 546
f 545 546 543
f 545 544 546
f 544 545 547
f 544 547 548
f 545 549 547
f 550 544 548
f 545 551 549
f 550 548 552
f 551 552 549
f 551 550 552
f 550 551 553
f 550 553 554
f 551 555 553
f 556 550 554
f 551 557 555
f 556 554 558
f 557 556 558
f 557 558 555
f 559 560 561
f 559 561 562
f 562 561 563
f 562 563 564
f 561 565 563
f 566 562 564
f 561 567 565
f 566 564 568
f 567 568 565
f 567 566 568
f 566 567 569
f 566 569 570
f 567 571 569
f 572 566 570
f 567 573 571
f 572 570 574
f 573 574 571
f 573 572 574
f 572 573 575
f 572 575 576
f 573 577 575
f 578 572 576
f 573 579 577
f 578 576 580
f 579 580 577
f 579 578 580
f 578 579 581
f 578 581 582
f 579 583 581
f 584 578 582
f 579 585 583
f 584 582 586
f 585 584 586
f 585 586 583
f 587 588 589
f 587 589 590
f 590 589 591
f 590 591 592
f 589 593 591
f 594 590 592
f 589 595 593
f 594 592 596
f 595 596 593
f 595 594 596
f 594 595 597
f 594 597 598
f 595 599 597
f 600 594 598
f 595 601 599
f 600 598 602
f 601 602 599
f 601 600 602
f 600 601 603
f 600 603 604
f 601 605 603
f 606 600 604
f 601 607 605
f 606 604 608
f 607 608 605
f 607 606 608
f 606 607 609
f 606 609 610
f 607 611 609
f 612 606 610
f 607 613 611
f 612 610 614
f 613 612 614
f 613 614 611
f 615 616 617
f 615 617 618
f 618 617 619
f 618 619 620
f 617 621 619
f 622 618 620
f 617 623 621
f 622 620 624
f 623 624 621
f 623 622 624
f 622 623 625
f 622 625 626
f 623 627 625
f 628 622 626
f 623 629 627
f 628 626 630
f 629 630 627
f 629 628 630
f 628 629 631
f 628 631 632
f 629 633 631
f 634 628 632
f 629 635 633
f 634 632 636
f 635 636 633
f 635 634 636
f 634 635 637
f 634 637 638
f 635 639 637
f 640 634 638
f 635 641 639
f 640 638 642
f 641 640 642
f 641 642 639
f 643 644 645
f 643 645 646
f 646 645 647
f 646 647 648
f 645 649 647
f 650 646 648
f 645 651 649
f 650 648 652
f 651 652 649
f 651 650 652
f 650 651 653
f 650 653 654
f 651 655 653
f 656 650 654
f 651 657 655
f 656 654 658
f 657 658 655
f 657 656 658
f 656 657 659
f 656 659 660
f 657 661 659
f 662 656 660
f 657 663 661
f 662 660 664
f 663 664 661
f 663 662 664
f 662 663 665
f 662 665 666
f 663 667 665
f 668 662 666
f 663 669 667
f 668 666 670
f 669 668 670
f 669 670 667
f 671 672 673
f 671 673 674
f 674 673 675
f 674 675 676
f 673 677 675
f 678 674 676
f 673 679 677
f 678 676 680
f 679 680 677
f 679 678 680
f 678 679 681
f 678 681 682
f 679 683 681
f 684 678 682
f 679 685 683
f 684 682 686
f 685 686 683
f 685 684 686
f 684 685 687
f 684 687 688
f 685 689 687
f 690 684 688
f 685 691 689
f 690 688 692
f 691 692 689
f 691 690 692
f 690 691 693
f 690 693 694
f 691 695 693
f 696 690 694
f 691 697 695
f 696 694 698
f 697 696 698
f 697 698 695
f 699 700 701
f 699 701 702
f 702 701 703
f 702 703 704
f 701 705 703
f 706 702 704
f 701 707 705
f 706 704 708
f 707 708 705
f 707 706 708
f 706 707 709
f 706 709 710
f 707 711 709
f 712 706 710
f 707 713 711
f 712 710 714
f 713 714 711
f 713 712 714
f 712 713 715
f 712 715 716
f 713 717 715
f 718 712 716
f 713 719 717
f 718 716 720
f 719 720 717
f 719 718 720
f 718 719 721
f 718 721 722
f 719 723 721
f 724 718 722
f 719 725 723
f 724 722 726
f 725 724 726
f 725 726 723
f 727 728 729
f 727 729 730
f 730 729 731
f 730 731 732
f 729 733 731
f 734 730 732
f 729 735 733
f 734 732 736
f 735 736 733
f 735 734 736
f 734 735 737
f 734 737 738
f 735 739 737
f 740 734 738
f 735 741 739
f 740 738 742
f 741 742 739
f 741 740 742
f 740 741 743
f 740 743 744
f 741 745 743
f 746 740 744
f 741 747 745
f 746 744 748
f 747 748 745
f 747 746 748
f 746 747 749
f 746 749 750
f 747 751 749
f 752 746 750
f 747 753 751
f 752 750 754
f 753 752 754
f 753 754 751
f 755 756 757
f 755 757 758
f 758 757 759
f 758 759 760
f 757 761 759
f 762 758 760
f 757 763 761
f 762 760 764
f 763 764 761
f 763 762 764
f 762 763 765
f 762 765 766
f 763 767 765
f 768 762 766
f 763 769 767
f 768 766 770
f 769 770 767
f 769 768 770
f 768 769 771
f 768 771 772
f 769 773 771
f 774 768 772
f 769 775 773
f 774 772 776
f 775 776 773
f 775 774 776
f 774 775 777
f 774 777 778
f 775 779 777
f 780 774 778
f 775 781 779
f 780 778 782
f 781 780 782
f 781 782 779
f 783 784 785
f 783 785 786
f 786 785 787
f 786 787 788
f 785 789 787
f 790 786 788
f 785 791 789
f 790 788 792
f 791 792 789
f 791 790 792
f 790 791 793
f 790 793 794
f 791 795 793
f 796 790 794
f 791 797 795
f 796 794 798
f 797 798 795
f 797 796 798
f 796 797 799
f 796 799 800
f 797 801 799
f 802 796 800
f 797 803 801
f 802 800 804
f 803 804 801
f 803 802 804
f 802 803 805
f 802 805 806
f 803 807 805
f 808 802 806
f 803 809 807
f 808 806 810
f 809 808 810
f 809 810 807
f 811 812 813
f 811 813 814
f 815 816 817
f 815 817 818
f 819 820 821
f 819 821 822
f 823 824 825
f 823 825 826
f 827 828 829
f 827 829 830
f 831 832 833
f 831 833 834
f 835 836 837
f 835 837 838
f 839 840 841
f 839 841 842
f 843 844 845
f 843 845 846
f 847 848 849
f 847 849 850
f 851 852 853
f 851 853 854
f 855 856 857
f 855 857 858
f 859 860 861
f 859 861 862
f 863 864 865
f 863 865 866
f 867 868 869
f 867 869 870
f 871 872 873
f 871 873 874
f 875 876 877
f 875 877 878
f 879 880 881
f 879 881 882
f 883 884 885
f 883 885 886
f 887 888 889
f 887 889 890
f 891 892 893
f 891 893 894
f 895 896 897
f 895 897 898
f 899 900 901
f 899 901 902
f 903 904 905
f 903 905 906
f 907 908 909
f 907 909 910
f 911 912 913
f 911 913 914
f 915 916 917
f 915 917 918
f 919 920 921
f 919 921 922
f 923 924 925
f 923 925 926
f 927 928 929
f 927 929 930
f 931 932 933
f 931 933 934
f 935 936 937
f 935 937 938
f 939 940 941
f 939 941 942
f 943 944 945
f 943 945 946
f 947 948 949
f 947 949 950
f 951 952 953
f 951 953 954
f 955 956 957
f 955 957 958
f 959 960 961
f 959 961 962
f 963 964 965
f 963 965 966
f 967 968 969
f 967 969 970
f 971 972 973
f 971 973 974
f 975 976 977
f 975 977 978
f 979 980 981
f 979 981 982
f 983 984 985
f 983 985 986
f 987 988 989
f 987 989 990
f 991 992 993
f 991 993 994
f 995 996 997
f 995 997 998
f 999 1000 1001
f 999 1001 1002
f 1003 1004 1005
f 1003 1005 1006
f 1007 1008 1009
f 1007 1009 1010
f 1011 1012 1013
f 1011 1013 1014
f 1015 1016 1017
f 1015 1017 1018
f 1019 1020 1021
f 1019 1021 1022
f 1023 1024 1025
f 1023 1025 1026
f 1027 1028 1029
f 1027 1029 1030
f 1031 1032 1033
f 1031 1033 1034
f 1035 1036 1037
f 1035 1037 1038
f 1039 1040 1041
f 1039 1041 1042
f 1043 1044 1045
f 1043 1045 1046
f 1047 1048 1049
f 1047 1049 1050
f 1051 1052 1053
f 1051 1053 1054
f 1055 1056 1057
f 1055 1057 1058
f 1059 1060 1061
f 1059 1061 1062
f 1063 1064 1065
f 1063 1065 1066
f 1067 1068 1069
f 1067 1069 1070
f 1071 1072 1073
f 1071 1073 1074
f 1075 1076 1077
f 1075 1077 1078
f 1079 1080 1081
f 1079 1081 1082
f 1083 1084 1085
f 1083 1085 1086
f 1087 1088 1089
f 1087 1089 1090
f 1091 1092 1093
f 1091 1093 1094
f 1095 1096 1097
f 1095 1097 1098
f 1099 1100 1101
f 1099 1101 1102
f 1103 1104 1105
f 1103 1105 1106
f 1107 1108 1109
f 1107 1109 1110
f 1111 1112 1113
f 1111 1113 1114
f 1115 1116 1117
f 1115 1117 1118
f 1119 1120 1121
f 1119 1121 1122
f 1123 1124 1125
f 1123 1125 1126
f 1127 1128 1129
f 1127 1129 1130
f 1131 1132 1133
f 1131 1133 1134
f 1135 1136 1137
f 1135 1137 1138
f 1139 1140 1141
f 1139 1141 1142
f 1143 1144 1145
f 1143 1145 1146
f 1147 1148 1149
f 1147 1149 1150
f 1151 1152 1153
f 1151 1153 1154
f 1155 1156 1157
f 1155 1157 1158
f 1159 1160 1161
f 1159 1161 1162
f 1163 1164 1165
f 1163 1165 1166
f 1167 1168 1169
f 1167 1169 1170
f 1171 1172 1173
f 1171 1173 1174
f 1175 1176 1177
f 1175 1177 1178
f 1179 1180 1181
f 1179 1181 1182
f 1183 1184 1185
f 1183 1185 1186
f 1187 1188 1189
f 1187 1189 1190
f 1191 1192 1193
f 1191 1193 1194
f 1195 1196 1197
f 1195 1197 1198
f 1199 1200 1201
f 1199 1201 1202
f 1203 1204 1205
f 1203 1205 1206
f 1207 1208 1209
f 1207 1209 1210
f 1211 1212 1213
f 1211 1213 1214
f 1215 1216 1217
f 1215 1217 1218
f 1219 1220 1221
f 1219 1221 1222
f 1223 1224 1225
f 1223 1225 1226
f 1227 1228 1229
f 1227 1229 1230
f 1231 1232 1233
f 1231 1233 1234
f 1235 1236 1237
f 1235 1237 1238
f 1239 1240 1241
f 1239 1241 1242
f 1243 1244 1245
f 1243 1245 1246
f 1247 1248 1249
f 1247 1249 1250
f 1251 1252 1253
f 1251 1253 1254
f 1255 1256 1257
f 1255 1257 1258
f 1259 1260 1261
f 1259 1261 1262
f 1263 1264 1265
f 1263 1265 1266
f 1267 1268 1269
f 1267 1269 1270
f 1271 1272 1273
f 1271 1273 1274
f 1275 1276 1277
f 1275 1277 1278
f 1279 1280 1281
f 1279 1281 1282
f 1283 1284 1285
f 1283 1285 1286
f 1287 1288 1289
f 1287 1289 1290
f 1291 1292 1293
f 1291 1293 1294
f 1295 1296 1297
f 1295 1297 1298
f 1299 1300 1301
f 1299 1301 1302
f 1303 1304 1305
f 1303 1305 1306
f 1307 1308 1309
f 1307 1309 1310
f 1311 1312 1313
f 1311 1313 1314
f 1315 1316 1317
f 1315 1317 1318
f 1319 1320 1321
f 1319 1321 1322
f 1323 1324 1325
f 1323 1325 1326
f 1327 1328 1329
f 1327 1329 1330
f 1331 1332 1333
f 1331 1333 1334
f 1335 1336 1337
f 1335 1337 1338
f 1339 1340 1341
f 1339 1341 1342
f 1343 1344 1345
f 1343 1345 1346
f 1347 1348 1349
f 1347 1349 1350
f 1351 1352 1353
f 1351 1353 1354
f 1355 1356 1357
f 1355 1357 1358
f 1359 1360 1361
f 1359 1361 1362
f 1363 1364 1365
f 1363 1365 1366
f 1367 1368 1369
f 1367 1369 1370
f 1371 1372 1373
f 1371 1373 1374
f 1375 1376 1377
f 1375 1377 1378
f 1379 1380 1381
f 1379 1381 1382
f 1383 1384 1385
f 1383 1385 1386
f 1387 1388 1389
f 1387 1389 1390
f 1391 1392 1393
f 1391 1393 1394
f 1395 1396 1397
f 1395 1397 1398
f 1399 1400 1401
f 1399 1401 1402
f 1403 1404 1405
f 1403 1405 1406
f 1407 1408 1409
f 1407 1409 1410
f 1411 1412 1413
f 1411 1413 1414
f 1415 1416 1417
f 1415 1417 1418
f 1419 1420 1421
f 1419 1421 1422
f 1423 1424 1425
f 1423 1425 1426
f 1427 1428 1429
f 1427 1429 1430
f 1431 1432 1433
f 1431 1433 1434
f 1435 1436 1437
f 1435 1437 1438
f 1439 1440 1441
f 1439 1441 1442
f 1443 1444 1445
f 1443 1445 1446
f 1447 1448 1449
f 1447 1449 1450
f 1451 1452 1453
f 1451 1453 1454
f 1455 1456 1457
f 1455 1457 1458
f 1459 1460 1461
f 1459 1461 1462
f 1463 1464 1465
f 1463 1465 1466
f 1467 1468 1469
f 1467 1469 1470
f 1471 1472 1473
f 1471 1473 1474
f 1475 1476 1477
f 1475 1477 1478
f 1479 1480 1481
f 1479 1481 1482
f 1483 1484 1485
f 1483 1485 1486
f 1487 1488 1489
f 1487 1489 1490
f 1491 1492 1493
f 1491 1493 1494
f 1495 1496 1497
f 1495 1497 1498
f 1499 1500 1501
f 1499 1501 1502
f 1503 1504 1505
f 1503 1505 1506
f 1507 1508 1509
f 1507 1509 1510
f 1511 1512 1513
f 1511 1513 1514
f 1515 1516 1517
f 1515 1517 1518
f 1519 1520 1521
f 1519 1521 1522
f 1523 1524 1525
f 1523 1525 1526
f 1527 1528 1529
f 1527 1529 1530
f 1531 1532 1533
f 1531 1533 1534
f 1535 1536 1537
f 1535 1537 1538
f 1539 1540 1541
f 1539 1541 1542
f 1543 1544 1545
f 1543 1545 1546
f 1547 1548 1549
f 1547 1549 1550
f 1551 1552 1553
f 1551 1553 1554
f 1555 1556 1557
f 1555 1557 1558
f 1559 1560 1561
f 1559 1561 1562
f 1563 1564 1565
f 1563 1565 1566
f 1567 1568 1569
f 1567 1569 1570
f 1571 1572 1573
f 1571 1574 1572
f 1574 1575 1572
f 1574 1576 1575
f 1577 1578 1579
f 1577 1580 1578
f 1580 1581 1578
f 1580 1582 1581
f 1583 1584 1585
f 1583 1586 1584
f 1586 1587 1584
f 1586 1588 1587
f 1589 1590 1591
f 1589 1592 1590
f 1592 1593 1590
f 1592 1594 1593
f 1595 1596 1597
f 1595 1598 1596
f 1598 1599 1596
f 1598 1600 1599
f 1601 1602 1603
f 1601 1604 1602
f 1604 1605 1602
f 1604 1606 1605
f 1607 1608 1609
f 1607 1610 1608
f 1610 1611 1608
f 1610 1612 1611
f 1613 1614 1615
f 1613 1616 1614
f 1616 1617 1614
f 1616 1618 1617
f 1619 1620 1621
f 1619 1622 1620
f 1622 1623 1620
f 1622 1624 1623
f 1625 1626 1627
f 1625 1628 1626
f 1628 1629 1626
f 1628 1630 1629
f 1631 1632 1633
f 1631 1633 1634
f 1635 1636 1637
f 1635 1637 1638
f 1639 1640 1641
f 1639 1641 1642
f 1643 1644 1645
f 1643 1645 1646
f 1647 1648 1649
f 1647 1649 1650
f 1651 1652 1653
f 1651 1653 1654
f 1655 1656 1657
f 1655 1657 1658
f 1659 1660 1661
f 1659 1661 1662
f 1663 1664 1665
f 1663 1665 1666
f 1667 1668 1669
f 1667 1669 1670
f 1671 1672 1673
f 1673 1674 1671
f 1674 1675 1671
f 1674 1676 1675
f 1676 1677 1675
f 1676 1678 1677
f 1678 1679 1677
f 1678 1680 1679
f 1681 1682 1683
f 1681 1684 1682
f 1683 1682 1685
f 1686 1684 1681
f 1683 1685 1687
f 1686 1688 1684
f 1687 1685 1689
f 1690 1688 1686
f 1687 1689 1691
f 1690 1692 1688
f 1691 1689 1693
f 1694 1692 1690
f 1691 1693 1695
f 1694 1696 1692
f 1695 1693 1697
f 1698 1696 1694
f 1695 1697 1699
f 1698 1700 1696
f 1699 1697 1700
f 1699 1700 1698
