mtllib Materials.mtl
# Ultimate Food Pack - Lettuce
o Lettuce
v -0.670055 0.095738 0.115546
v -0.670308 0.077808 0.137218
v -0.158645 0.080277 -0.114814
v -0.505770 0.050335 0.528523
v -0.014888 0.048222 0.096896
v -0.024810 0.035450 0.080964
v -0.540583 0.079754 0.474500
v -0.024810 0.035450 0.080964
v -0.050616 0.067863 0.037641
v -0.614375 0.066726 0.410122
v -0.050616 0.067863 0.037641
v -0.077312 0.054013 0.008620
v -0.676827 0.096544 0.266128
v -0.664096 0.105095 0.327552
v -0.092299 0.094719 -0.024567
v -0.371874 0.112084 0.600727
v -0.359535 0.087992 0.618168
v 0.051244 0.069632 0.183786
v -0.439910 0.096400 0.563385
v -0.440337 0.078752 0.581577
v 0.026904 0.069334 0.144499
v -0.540583 0.079754 0.474500
v -0.547269 0.041811 0.490662
v -0.024810 0.035450 0.080964
v -0.676827 0.096544 0.266128
v -0.092299 0.094719 -0.024567
v -0.118196 0.023943 -0.045039
v -0.670308 0.077808 0.137218
v -0.657039 0.091901 0.200148
v -0.133315 0.062605 -0.075083
v -0.657039 0.091901 0.200148
v -0.688292 0.052952 0.244775
v -0.118196 0.023943 -0.045039
v -0.312661 0.116603 0.613587
v 0.052954 0.114552 0.183815
v 0.051244 0.069632 0.183786
v 0.241699 0.075106 -0.613962
v 0.228756 0.052467 -0.624815
v 0.071834 0.098995 -0.124513
v -0.214970 -0.019096 -0.749862
v -0.284589 0.003693 -0.744989
v -0.215880 0.070721 -0.154072
v 0.002851 0.068147 -0.759363
v -0.078951 -0.028356 -0.779522
v -0.154263 0.068051 -0.150384
v 0.013767 0.002572 -0.751848
v -0.072826 0.076041 -0.137534
v -0.060954 0.077074 -0.147013
v 0.126757 0.023407 -0.675917
v 0.082985 0.022614 -0.699455
v -0.036772 0.069359 -0.135351
v -0.284589 0.003693 -0.744989
v -0.290101 -0.049693 -0.759723
v -0.252678 0.058803 -0.162072
v -0.210383 0.011195 -0.745658
v -0.215880 0.070721 -0.154072
v -0.154263 0.068051 -0.150384
v -0.210383 0.011195 -0.745658
v -0.214970 -0.019096 -0.749862
v -0.215880 0.070721 -0.154072
v 0.126757 0.023407 -0.675917
v 0.015269 0.103552 -0.129913
v 0.024000 0.064932 -0.130637
v 0.075485 -0.034576 -0.735881
v -0.060954 0.077074 -0.147013
v -0.036772 0.069359 -0.135351
v 0.228756 0.052467 -0.624815
v 0.184773 0.046793 -0.650971
v 0.024000 0.064932 -0.130637
v 0.184773 0.046793 -0.650971
v 0.162815 -0.016126 -0.694300
v 0.024000 0.064932 -0.130637
v -0.341835 0.004898 -0.749023
v -0.279414 0.075747 -0.161940
v -0.252678 0.058803 -0.162072
v -0.667144 0.065828 -0.551482
v -0.683327 0.048268 -0.544445
v -0.305167 0.073811 -0.230902
v -0.934707 0.048084 -0.140111
v -0.932504 0.095050 -0.144148
v -0.476128 0.096523 0.055870
v -0.889741 0.080763 -0.199413
v -0.910932 0.068072 -0.154064
v -0.466361 0.063780 0.034687
v -0.785312 0.067953 -0.503725
v -0.823177 0.085113 -0.479540
v -0.358451 0.089368 -0.140745
v -0.910932 0.068072 -0.154064
v -0.934707 0.048084 -0.140111
v -0.466361 0.063780 0.034687
v -0.889741 0.080763 -0.199413
v -0.439990 0.125891 -0.004485
v -0.419546 0.049578 -0.050991
v -0.889741 0.080763 -0.199413
v -0.466361 0.063780 0.034687
v -0.439990 0.125891 -0.004485
v -0.874888 0.068726 -0.404014
v -0.394737 0.092397 -0.082488
v -0.374838 0.042342 -0.122261
v -0.785312 0.067953 -0.503725
v -0.358451 0.089368 -0.140745
v -0.333122 0.049567 -0.190542
v -0.823177 0.085113 -0.479540
v -0.844165 0.039605 -0.461609
v -0.374838 0.042342 -0.122261
v -0.683327 0.048268 -0.544445
v -0.730930 0.072756 -0.508928
v -0.333122 0.049567 -0.190542
v -0.730930 0.072756 -0.508928
v -0.770915 0.035925 -0.526084
v -0.333122 0.049567 -0.190542
v 0.777531 0.072092 -0.038971
v 0.302647 0.164518 0.045668
v 0.297187 0.107833 0.029390
v 0.764266 0.078514 0.054393
v 0.765973 0.115774 -0.008578
v 0.294144 0.139784 0.038711
v 0.806923 0.038475 0.113845
v 0.287009 0.092317 0.111605
v 0.283805 0.075643 0.132354
v 0.848465 0.091121 0.162230
v 0.283805 0.075643 0.132354
v 0.277178 0.098698 0.176530
v 0.769421 0.033613 0.408471
v 0.829570 0.083162 0.338233
v 0.272786 0.132443 0.222790
v 0.765973 0.115774 -0.008578
v 0.777531 0.072092 -0.038971
v 0.297187 0.107833 0.029390
v 0.764266 0.078514 0.054393
v 0.289242 0.128882 0.073056
v 0.287009 0.092317 0.111605
v 0.848465 0.091121 0.162230
v 0.841289 0.027410 0.170708
v 0.283805 0.075643 0.132354
v 0.829570 0.083162 0.338233
v 0.839873 0.030204 0.316782
v 0.276176 0.081377 0.208467
v 0.712024 0.036147 0.449824
v 0.743196 0.030719 0.407593
v 0.263891 0.084100 0.293634
v 0.743196 0.030719 0.407593
v 0.769421 0.033613 0.408471
v 0.265426 0.063714 0.274947
v 0.673024 0.073283 -0.352767
v 0.655744 0.032045 -0.406885
v 0.238086 0.138295 -0.143251
v 0.511215 0.114367 -0.516657
v 0.507758 0.043502 -0.507549
v 0.184126 0.111080 -0.243799
v 0.565737 0.066863 -0.476473
v 0.202693 0.168217 -0.216291
v 0.221468 0.108196 -0.175004
v 0.565737 0.066863 -0.476473
v 0.196453 0.137556 -0.223615
v 0.202693 0.168217 -0.216291
v 0.673024 0.073283 -0.352767
v 0.238086 0.138295 -0.143251
v 0.261641 0.133809 -0.102722
v 0.672265 0.060714 -0.237445
v 0.692719 0.036663 -0.294477
v 0.261641 0.133809 -0.102722
v 0.685379 0.096801 -0.142064
v 0.676086 0.114239 -0.214109
v 0.286901 0.123715 -0.057588
v 0.676086 0.114239 -0.214109
v 0.700306 0.031092 -0.219274
v 0.279602 0.088978 -0.066266
v 0.093611 0.047854 0.889976
v 0.111564 0.031693 0.889326
v -0.121321 0.063273 0.465506
v 0.490152 0.055337 0.630221
v 0.114878 0.106011 0.279644
v 0.086604 0.068386 0.304069
v 0.460895 0.045960 0.737720
v 0.076343 0.083404 0.310020
v 0.046288 0.028923 0.340251
v 0.340877 0.041860 0.837698
v 0.410603 0.058102 0.784014
v 0.033139 0.057267 0.346819
v 0.340877 0.041860 0.837698
v -0.009999 0.071545 0.379249
v -0.011078 0.085730 0.386916
v 0.207891 0.062626 0.903346
v 0.269952 0.063244 0.885546
v -0.011078 0.085730 0.386916
v 0.166233 0.064955 0.874858
v 0.168688 0.021020 0.890270
v -0.092613 0.045487 0.444596
v 0.490152 0.055337 0.630221
v 0.508832 0.047466 0.613557
v 0.119988 0.078002 0.282213
v 0.410603 0.058102 0.784014
v 0.437607 0.047122 0.769870
v 0.046288 0.028923 0.340251
v 0.269952 0.063244 0.885546
v 0.309244 0.058413 0.868433
v -0.011078 0.085730 0.386916
v 0.111564 0.031693 0.889326
v 0.166233 0.064955 0.874858
v -0.092613 0.045487 0.444596
v 0.168688 0.021020 0.890270
v 0.210537 0.000889 0.902661
v -0.069512 0.016525 0.429370
v 0.513352 0.083968 0.563248
v 0.133599 0.092553 0.266222
v 0.119988 0.078002 0.282213
v -0.326831 0.081570 0.613678
v 0.051244 0.069632 0.183786
v -0.359535 0.087992 0.618168
v -0.371874 0.112084 0.600727
v 0.026904 0.069334 0.144499
v -0.440337 0.078752 0.581577
v -0.505770 0.050335 0.528523
v -0.024810 0.035450 0.080964
v -0.547269 0.041811 0.490662
v -0.540583 0.079754 0.474500
v -0.050616 0.067863 0.037641
v -0.600847 0.106388 0.410022
v -0.614375 0.066726 0.410122
v -0.077312 0.054013 0.008620
v -0.653727 0.062721 0.362171
v -0.371874 0.112084 0.600727
v 0.051244 0.069632 0.183786
v 0.026904 0.069334 0.144499
v -0.439910 0.096400 0.563385
v 0.010671 0.080529 0.120485
v -0.473362 0.073421 0.531766
v -0.439910 0.096400 0.563385
v 0.026904 0.069334 0.144499
v 0.010671 0.080529 0.120485
v -0.600847 0.106388 0.410022
v -0.050616 0.067863 0.037641
v -0.614375 0.066726 0.410122
v -0.676827 0.096544 0.266128
v -0.118196 0.023943 -0.045039
v -0.688292 0.052952 0.244775
v -0.670308 0.077808 0.137218
v -0.133315 0.062605 -0.075083
v -0.158645 0.080277 -0.114814
v -0.657039 0.091901 0.200148
v -0.118196 0.023943 -0.045039
v -0.133315 0.062605 -0.075083
v -0.312661 0.116603 0.613587
v 0.051244 0.069632 0.183786
v -0.326831 0.081570 0.613678
v -0.123647 0.021763 -0.768914
v -0.154263 0.068051 -0.150384
v -0.132133 -0.037590 -0.778483
v -0.132133 -0.037590 -0.778483
v -0.154263 0.068051 -0.150384
v -0.078951 -0.028356 -0.779522
v 0.002851 0.068147 -0.759363
v -0.154263 0.068051 -0.150384
v -0.072826 0.076041 -0.137534
v 0.013767 0.002572 -0.751848
v -0.060954 0.077074 -0.147013
v 0.075485 -0.034576 -0.735881
v 0.126757 0.023407 -0.675917
v -0.036772 0.069359 -0.135351
v 0.015269 0.103552 -0.129913
v -0.284589 0.003693 -0.744989
v -0.252678 0.058803 -0.162072
v -0.215880 0.070721 -0.154072
v -0.210383 0.011195 -0.745658
v -0.154263 0.068051 -0.150384
v -0.123647 0.021763 -0.768914
v 0.002851 0.068147 -0.759363
v -0.072826 0.076041 -0.137534
v 0.013767 0.002572 -0.751848
v 0.126757 0.023407 -0.675917
v 0.024000 0.064932 -0.130637
v 0.162815 -0.016126 -0.694300
v 0.075485 -0.034576 -0.735881
v -0.036772 0.069359 -0.135351
v 0.082985 0.022614 -0.699455
v 0.228756 0.052467 -0.624815
v 0.024000 0.064932 -0.130637
v 0.071834 0.098995 -0.124513
v -0.341835 0.004898 -0.749023
v -0.252678 0.058803 -0.162072
v -0.290101 -0.049693 -0.759723
v -0.934707 0.048084 -0.140111
v -0.476128 0.096523 0.055870
v -0.466361 0.063780 0.034687
v -0.889741 0.080763 -0.199413
v -0.419546 0.049578 -0.050991
v -0.902327 0.035363 -0.265595
v -0.902327 0.035363 -0.265595
v -0.419546 0.049578 -0.050991
v -0.911776 0.041994 -0.319044
v -0.911776 0.041994 -0.319044
v -0.394737 0.092397 -0.082488
v -0.874888 0.068726 -0.404014
v -0.874888 0.068726 -0.404014
v -0.374838 0.042342 -0.122261
v -0.844165 0.039605 -0.461609
v -0.911776 0.041994 -0.319044
v -0.419546 0.049578 -0.050991
v -0.394737 0.092397 -0.082488
v -0.785312 0.067953 -0.503725
v -0.333122 0.049567 -0.190542
v -0.770915 0.035925 -0.526084
v -0.823177 0.085113 -0.479540
v -0.374838 0.042342 -0.122261
v -0.358451 0.089368 -0.140745
v -0.683327 0.048268 -0.544445
v -0.333122 0.049567 -0.190542
v -0.305167 0.073811 -0.230902
v -0.938712 0.102297 -0.102278
v -0.476128 0.096523 0.055870
v -0.932504 0.095050 -0.144148
v 0.764266 0.078514 0.054393
v 0.294144 0.139784 0.038711
v 0.289242 0.128882 0.073056
v 0.790172 0.075731 0.114824
v 0.287009 0.092317 0.111605
v 0.806923 0.038475 0.113845
v 0.806923 0.038475 0.113845
v 0.283805 0.075643 0.132354
v 0.841289 0.027410 0.170708
v 0.848465 0.091121 0.162230
v 0.277178 0.098698 0.176530
v 0.847341 0.060116 0.262090
v 0.769421 0.033613 0.408471
v 0.272786 0.132443 0.222790
v 0.265426 0.063714 0.274947
v 0.765973 0.115774 -0.008578
v 0.297187 0.107833 0.029390
v 0.294144 0.139784 0.038711
v 0.764266 0.078514 0.054393
v 0.287009 0.092317 0.111605
v 0.790172 0.075731 0.114824
v 0.829570 0.083162 0.338233
v 0.276176 0.081377 0.208467
v 0.272786 0.132443 0.222790
v 0.712024 0.036147 0.449824
v 0.263891 0.084100 0.293634
v 0.263352 0.074454 0.319167
v 0.743196 0.030719 0.407593
v 0.265426 0.063714 0.274947
v 0.263891 0.084100 0.293634
v 0.768929 0.111386 -0.055689
v 0.302647 0.164518 0.045668
v 0.777531 0.072092 -0.038971
v 0.511215 0.114367 -0.516657
v 0.196453 0.137556 -0.223615
v 0.565737 0.066863 -0.476473
v 0.621253 0.032628 -0.453510
v 0.221468 0.108196 -0.175004
v 0.655744 0.032045 -0.406885
v 0.694272 0.083500 -0.312220
v 0.261641 0.133809 -0.102722
v 0.692719 0.036663 -0.294477
v 0.511215 0.114367 -0.516657
v 0.184126 0.111080 -0.243799
v 0.196453 0.137556 -0.223615
v 0.565737 0.066863 -0.476473
v 0.221468 0.108196 -0.175004
v 0.621253 0.032628 -0.453510
v 0.655744 0.032045 -0.406885
v 0.221468 0.108196 -0.175004
v 0.238086 0.138295 -0.143251
v 0.673024 0.073283 -0.352767
v 0.261641 0.133809 -0.102722
v 0.694272 0.083500 -0.312220
v 0.685379 0.096801 -0.142064
v 0.286901 0.123715 -0.057588
v 0.305453 0.143470 -0.020411
v 0.676086 0.114239 -0.214109
v 0.279602 0.088978 -0.066266
v 0.286901 0.123715 -0.057588
v 0.469280 0.086743 -0.528648
v 0.173561 0.149250 -0.267143
v 0.487052 0.070661 -0.513152
v 0.507965 0.058411 0.581355
v 0.119988 0.078002 0.282213
v 0.508832 0.047466 0.613557
v 0.490152 0.055337 0.630221
v 0.086604 0.068386 0.304069
v 0.479028 0.059077 0.687027
v 0.460895 0.045960 0.737720
v 0.046288 0.028923 0.340251
v 0.437607 0.047122 0.769870
v 0.340877 0.041860 0.837698
v 0.033139 0.057267 0.346819
v -0.009999 0.071545 0.379249
v 0.340877 0.041860 0.837698
v -0.011078 0.085730 0.386916
v 0.309244 0.058413 0.868433
v 0.207891 0.062626 0.903346
v -0.011078 0.085730 0.386916
v -0.069512 0.016525 0.429370
v 0.490152 0.055337 0.630221
v 0.119988 0.078002 0.282213
v 0.114878 0.106011 0.279644
v 0.479028 0.059077 0.687027
v 0.076343 0.083404 0.310020
v 0.460895 0.045960 0.737720
v 0.479028 0.059077 0.687027
v 0.086604 0.068386 0.304069
v 0.076343 0.083404 0.310020
v 0.410603 0.058102 0.784014
v 0.046288 0.028923 0.340251
v 0.033139 0.057267 0.346819
v 0.207891 0.062626 0.903346
v -0.069512 0.016525 0.429370
v 0.210537 0.000889 0.902661
v 0.111564 0.031693 0.889326
v -0.092613 0.045487 0.444596
v -0.121321 0.063273 0.465506
v 0.168688 0.021020 0.890270
v -0.069512 0.016525 0.429370
v -0.092613 0.045487 0.444596
v 0.513352 0.083968 0.563248
v 0.119988 0.078002 0.282213
v 0.507965 0.058411 0.581355
v -0.673921 0.086193 0.107604
v -0.160684 0.068159 -0.119073
v -0.671644 0.065019 0.135271
v -0.502670 0.038282 0.532298
v -0.025417 0.022466 0.080522
v -0.009541 0.038080 0.103035
v -0.546871 0.071254 0.466927
v -0.051910 0.054943 0.036907
v -0.025417 0.022466 0.080522
v -0.610239 0.056248 0.416621
v -0.078922 0.041380 0.005982
v -0.051910 0.054943 0.036907
v -0.673803 0.085594 0.272460
v -0.092501 0.081827 -0.022865
v -0.667293 0.093478 0.322655
v -0.373210 0.099157 0.600221
v 0.056874 0.059375 0.189464
v -0.365621 0.077807 0.612843
v -0.443040 0.084162 0.560291
v 0.024666 0.056606 0.143038
v -0.442264 0.066014 0.579791
v -0.546871 0.071254 0.466927
v -0.025417 0.022466 0.080522
v -0.551381 0.030562 0.485594
v -0.673803 0.085594 0.272460
v -0.117370 0.011309 -0.042062
v -0.092501 0.081827 -0.022865
v -0.671644 0.065019 0.135271
v -0.136875 0.051863 -0.081491
v -0.660796 0.081155 0.193858
v -0.660796 0.081155 0.193858
v -0.117370 0.011309 -0.042062
v -0.685745 0.041767 0.250904
v -0.303319 0.113004 0.621890
v 0.056874 0.059375 0.189464
v 0.062855 0.114170 0.192239
v 0.251619 0.067609 -0.610153
v 0.078974 0.088608 -0.121307
v 0.234181 0.040877 -0.622494
v -0.208920 -0.030479 -0.748138
v -0.214583 0.057836 -0.152871
v -0.276093 -0.006123 -0.744201
v 0.000136 0.055475 -0.758266
v -0.153625 0.055095 -0.149439
v -0.072880 -0.039594 -0.777074
v 0.003063 -0.004795 -0.752390
v -0.061571 0.064188 -0.145364
v -0.071732 0.063104 -0.136767
v 0.120890 0.011802 -0.676074
v -0.034977 0.056703 -0.132954
v 0.092331 0.013982 -0.696755
v -0.276093 -0.006123 -0.744201
v -0.253709 0.045939 -0.160462
v -0.287977 -0.062341 -0.757560
v -0.201338 0.001890 -0.744790
v -0.153625 0.055095 -0.149439
v -0.214583 0.057836 -0.152871
v -0.201338 0.001890 -0.744790
v -0.214583 0.057836 -0.152871
v -0.208920 -0.030479 -0.748138
v 0.120890 0.011802 -0.676074
v 0.018095 0.053359 -0.130051
v 0.011363 0.091189 -0.128896
v 0.075690 -0.047402 -0.733738
v -0.034977 0.056703 -0.132954
v -0.061571 0.064188 -0.145364
v 0.234181 0.040877 -0.622494
v 0.018095 0.053359 -0.130051
v 0.192672 0.036844 -0.648183
v 0.192672 0.036844 -0.648183
v 0.018095 0.053359 -0.130051
v 0.163594 -0.028948 -0.692265
v -0.350857 -0.004206 -0.746817
v -0.253709 0.045939 -0.160462
v -0.286282 0.064893 -0.159900
v -0.660682 0.057036 -0.558560
v -0.300920 0.062251 -0.235084
v -0.682424 0.035349 -0.545636
v -0.938940 0.040107 -0.130752
v -0.479680 0.089013 0.065877
v -0.936903 0.088121 -0.134060
v -0.890997 0.068226 -0.196194
v -0.465106 0.050835 0.034716
v -0.908455 0.056851 -0.160155
v -0.789718 0.057338 -0.497637
v -0.356474 0.076832 -0.143591
v -0.819717 0.073481 -0.484216
v -0.908455 0.056851 -0.160155
v -0.465106 0.050835 0.034716
v -0.938940 0.040107 -0.130752
v -0.890997 0.068226 -0.196194
v -0.418533 0.036635 -0.050218
v -0.439335 0.112986 -0.003010
v -0.890997 0.068226 -0.196194
v -0.439335 0.112986 -0.003010
v -0.465106 0.050835 0.034716
v -0.875550 0.055806 -0.402685
v -0.373473 0.029432 -0.123039
v -0.395111 0.079398 -0.082290
v -0.789718 0.057338 -0.497637
v -0.333885 0.036689 -0.188887
v -0.356474 0.076832 -0.143591
v -0.682424 0.035349 -0.545636
v -0.333885 0.036689 -0.188887
v -0.725751 0.063219 -0.516094
v -0.725751 0.063219 -0.516094
v -0.333885 0.036689 -0.188887
v -0.773644 0.023871 -0.522033
v 0.775149 0.059521 -0.041306
v 0.294733 0.103602 0.041440
v 0.301045 0.167735 0.033169
v 0.763421 0.066018 0.050889
v 0.293653 0.127579 0.043179
v 0.765995 0.103513 -0.004242
v 0.806123 0.027690 0.106621
v 0.283184 0.062656 0.132018
v 0.285880 0.082531 0.103114
v 0.847605 0.080721 0.169991
v 0.277243 0.085699 0.176117
v 0.283184 0.062656 0.132018
v 0.770186 0.023004 0.400987
v 0.271870 0.119745 0.225447
v 0.827438 0.071905 0.344388
v 0.765995 0.103513 -0.004242
v 0.294733 0.103602 0.041440
v 0.775149 0.059521 -0.041306
v 0.763421 0.066018 0.050889
v 0.285880 0.082531 0.103114
v 0.287809 0.117884 0.066262
v 0.847605 0.080721 0.169991
v 0.283184 0.062656 0.132018
v 0.839990 0.021582 0.182262
v 0.827438 0.071905 0.344388
v 0.274121 0.069288 0.212799
v 0.838073 0.017811 0.320294
v 0.710516 0.023234 0.450188
v 0.261932 0.071776 0.297299
v 0.743725 0.018907 0.402176
v 0.743725 0.018907 0.402176
v 0.264959 0.050827 0.273262
v 0.770186 0.023004 0.400987
v 0.479897 0.061864 -0.519522
v 0.183949 0.098115 -0.242787
v 0.165789 0.142150 -0.274779
v 0.513132 0.102177 -0.512548
v 0.183949 0.098115 -0.242787
v 0.513241 0.035597 -0.498797
v 0.560456 0.055887 -0.481032
v 0.218349 0.095596 -0.174178
v 0.200953 0.155573 -0.213794
v 0.560456 0.055887 -0.481032
v 0.200953 0.155573 -0.213794
v 0.202723 0.130734 -0.214489
v 0.674060 0.061499 -0.347361
v 0.258321 0.121953 -0.106914
v 0.238365 0.125998 -0.139026
v 0.669446 0.048161 -0.239350
v 0.279401 0.076178 -0.063971
v 0.258321 0.121953 -0.106914
v 0.669446 0.048161 -0.239350
v 0.258321 0.121953 -0.106914
v 0.687298 0.027607 -0.302075
v 0.684026 0.084078 -0.144395
v 0.289672 0.115120 -0.048229
v 0.679390 0.106135 -0.204488
v 0.679390 0.106135 -0.204488
v 0.279401 0.076178 -0.063971
v 0.701456 0.020343 -0.212043
v 0.085373 0.038549 0.893809
v -0.126960 0.051770 0.467748
v 0.111546 0.018689 0.889101
v 0.488308 0.042536 0.631595
v 0.084527 0.055580 0.304991
v 0.112813 0.093175 0.280000
v 0.461882 0.033031 0.736716
v 0.044456 0.016073 0.341071
v 0.076898 0.070423 0.309438
v 0.339299 0.028961 0.838216
v 0.027029 0.046786 0.351506
v 0.409570 0.045200 0.785284
v 0.339299 0.028961 0.838216
v -0.014530 0.073797 0.390768
v -0.016827 0.061464 0.383822
v 0.215427 0.053169 0.898557
v -0.014530 0.073797 0.390768
v 0.269113 0.050266 0.885433
v 0.157516 0.057094 0.880458
v -0.099589 0.035038 0.447956
v 0.159491 0.013418 0.895446
v 0.488308 0.042536 0.631595
v 0.114692 0.066950 0.286567
v 0.507860 0.034497 0.613503
v 0.409570 0.045200 0.785284
v 0.044456 0.016073 0.341071
v 0.436042 0.034361 0.771836
v 0.269113 0.050266 0.885433
v -0.014530 0.073797 0.390768
v 0.306341 0.045794 0.869649
v 0.111546 0.018689 0.889101
v -0.099589 0.035038 0.447956
v 0.157516 0.057094 0.880458
v 0.159491 0.013418 0.895446
v -0.068888 0.003534 0.429314
v 0.220111 -0.005660 0.896779
v 0.519586 0.076424 0.554683
v 0.114692 0.066950 0.286567
v 0.138018 0.081871 0.260263
v -0.324744 0.068920 0.615865
v -0.365621 0.077807 0.612843
v 0.056874 0.059375 0.189464
v -0.373210 0.099157 0.600221
v -0.442264 0.066014 0.579791
v 0.024666 0.056606 0.143038
v -0.502670 0.038282 0.532298
v -0.551381 0.030562 0.485594
v -0.025417 0.022466 0.080522
v -0.546871 0.071254 0.466927
v -0.596740 0.096304 0.417134
v -0.051910 0.054943 0.036907
v -0.610239 0.056248 0.416621
v -0.656532 0.050764 0.357892
v -0.078922 0.041380 0.005982
v -0.373210 0.099157 0.600221
v 0.024666 0.056606 0.143038
v 0.056874 0.059375 0.189464
v -0.443040 0.084162 0.560291
v -0.468186 0.063048 0.537660
v 0.012205 0.067815 0.122750
v -0.443040 0.084162 0.560291
v 0.012205 0.067815 0.122750
v 0.024666 0.056606 0.143038
v -0.596740 0.096304 0.417134
v -0.610239 0.056248 0.416621
v -0.051910 0.054943 0.036907
v -0.673803 0.085594 0.272460
v -0.685745 0.041767 0.250904
v -0.117370 0.011309 -0.042062
v -0.671644 0.065019 0.135271
v -0.160684 0.068159 -0.119073
v -0.136875 0.051863 -0.081491
v -0.660796 0.081155 0.193858
v -0.136875 0.051863 -0.081491
v -0.117370 0.011309 -0.042062
v -0.303319 0.113004 0.621890
v -0.324744 0.068920 0.615865
v 0.056874 0.059375 0.189464
v -0.134710 0.014924 -0.768950
v -0.139595 -0.048134 -0.776973
v -0.153625 0.055095 -0.149439
v -0.139595 -0.048134 -0.776973
v -0.072880 -0.039594 -0.777074
v -0.153625 0.055095 -0.149439
v 0.000136 0.055475 -0.758266
v -0.071732 0.063104 -0.136767
v -0.153625 0.055095 -0.149439
v 0.003063 -0.004795 -0.752390
v 0.075690 -0.047402 -0.733738
v -0.061571 0.064188 -0.145364
v 0.120890 0.011802 -0.676074
v 0.011363 0.091189 -0.128896
v -0.034977 0.056703 -0.132954
v -0.276093 -0.006123 -0.744201
v -0.214583 0.057836 -0.152871
v -0.253709 0.045939 -0.160462
v -0.201338 0.001890 -0.744790
v -0.134710 0.014924 -0.768950
v -0.153625 0.055095 -0.149439
v 0.000136 0.055475 -0.758266
v 0.003063 -0.004795 -0.752390
v -0.071732 0.063104 -0.136767
v 0.120890 0.011802 -0.676074
v 0.163594 -0.028948 -0.692265
v 0.018095 0.053359 -0.130051
v 0.075690 -0.047402 -0.733738
v 0.092331 0.013982 -0.696755
v -0.034977 0.056703 -0.132954
v 0.234181 0.040877 -0.622494
v 0.078974 0.088608 -0.121307
v 0.018095 0.053359 -0.130051
v -0.350857 -0.004206 -0.746817
v -0.287977 -0.062341 -0.757560
v -0.253709 0.045939 -0.160462
v -0.938940 0.040107 -0.130752
v -0.465106 0.050835 0.034716
v -0.479680 0.089013 0.065877
v -0.890997 0.068226 -0.196194
v -0.902564 0.022435 -0.264205
v -0.418533 0.036635 -0.050218
v -0.902564 0.022435 -0.264205
v -0.909634 0.029455 -0.321750
v -0.418533 0.036635 -0.050218
v -0.909634 0.029455 -0.321750
v -0.875550 0.055806 -0.402685
v -0.395111 0.079398 -0.082290
v -0.875550 0.055806 -0.402685
v -0.841811 0.027209 -0.464764
v -0.373473 0.029432 -0.123039
v -0.909634 0.029455 -0.321750
v -0.395111 0.079398 -0.082290
v -0.418533 0.036635 -0.050218
v -0.789718 0.057338 -0.497637
v -0.773644 0.023871 -0.522033
v -0.333885 0.036689 -0.188887
v -0.682424 0.035349 -0.545636
v -0.300920 0.062251 -0.235084
v -0.333885 0.036689 -0.188887
v -0.939585 0.089490 -0.100190
v -0.936903 0.088121 -0.134060
v -0.479680 0.089013 0.065877
v 0.763421 0.066018 0.050889
v 0.287809 0.117884 0.066262
v 0.293653 0.127579 0.043179
v 0.790044 0.069622 0.103344
v 0.806123 0.027690 0.106621
v 0.285880 0.082531 0.103114
v 0.806123 0.027690 0.106621
v 0.839990 0.021582 0.182262
v 0.283184 0.062656 0.132018
v 0.847605 0.080721 0.169991
v 0.847303 0.048170 0.256948
v 0.277243 0.085699 0.176117
v 0.770186 0.023004 0.400987
v 0.264959 0.050827 0.273262
v 0.271870 0.119745 0.225447
v 0.765995 0.103513 -0.004242
v 0.293653 0.127579 0.043179
v 0.294733 0.103602 0.041440
v 0.763421 0.066018 0.050889
v 0.790044 0.069622 0.103344
v 0.285880 0.082531 0.103114
v 0.827438 0.071905 0.344388
v 0.271870 0.119745 0.225447
v 0.274121 0.069288 0.212799
v 0.710516 0.023234 0.450188
v 0.263651 0.062289 0.314577
v 0.261932 0.071776 0.297299
v 0.743725 0.018907 0.402176
v 0.261932 0.071776 0.297299
v 0.264959 0.050827 0.273262
v 0.765831 0.105873 -0.067054
v 0.775149 0.059521 -0.041306
v 0.301045 0.167735 0.033169
v 0.479897 0.061864 -0.519522
v 0.513241 0.035597 -0.498797
v 0.183949 0.098115 -0.242787
v 0.463267 0.076016 -0.532884
v 0.165789 0.142150 -0.274779
v 0.513132 0.102177 -0.512548
v 0.560456 0.055887 -0.481032
v 0.202723 0.130734 -0.214489
v 0.618161 0.020036 -0.454532
v 0.655863 0.019788 -0.402538
v 0.218349 0.095596 -0.174178
v 0.690502 0.072124 -0.317273
v 0.687298 0.027607 -0.302075
v 0.258321 0.121953 -0.106914
v 0.513132 0.102177 -0.512548
v 0.202723 0.130734 -0.214489
v 0.183949 0.098115 -0.242787
v 0.560456 0.055887 -0.481032
v 0.618161 0.020036 -0.454532
v 0.218349 0.095596 -0.174178
v 0.674060 0.061499 -0.347361
v 0.690502 0.072124 -0.317273
v 0.258321 0.121953 -0.106914
v 0.669446 0.048161 -0.239350
v 0.701456 0.020343 -0.212043
v 0.279401 0.076178 -0.063971
v 0.684026 0.084078 -0.144395
v 0.305925 0.131896 -0.014497
v 0.289672 0.115120 -0.048229
v 0.679390 0.106135 -0.204488
v 0.289672 0.115120 -0.048229
v 0.279401 0.076178 -0.063971
v 0.512095 0.047670 0.575295
v 0.507860 0.034497 0.613503
v 0.114692 0.066950 0.286567
v 0.488308 0.042536 0.631595
v 0.479773 0.046176 0.685560
v 0.084527 0.055580 0.304991
v 0.461882 0.033031 0.736716
v 0.436042 0.034361 0.771836
v 0.044456 0.016073 0.341071
v 0.339299 0.028961 0.838216
v -0.016827 0.061464 0.383822
v 0.027029 0.046786 0.351506
v 0.339299 0.028961 0.838216
v 0.306341 0.045794 0.869649
v -0.014530 0.073797 0.390768
v 0.215427 0.053169 0.898557
v -0.068888 0.003534 0.429314
v -0.014530 0.073797 0.390768
v 0.488308 0.042536 0.631595
v 0.112813 0.093175 0.280000
v 0.114692 0.066950 0.286567
v 0.479773 0.046176 0.685560
v 0.461882 0.033031 0.736716
v 0.076898 0.070423 0.309438
v 0.479773 0.046176 0.685560
v 0.076898 0.070423 0.309438
v 0.084527 0.055580 0.304991
v 0.409570 0.045200 0.785284
v 0.027029 0.046786 0.351506
v 0.044456 0.016073 0.341071
v 0.215427 0.053169 0.898557
v 0.220111 -0.005660 0.896779
v -0.068888 0.003534 0.429314
v 0.111546 0.018689 0.889101
v -0.126960 0.051770 0.467748
v -0.099589 0.035038 0.447956
v 0.159491 0.013418 0.895446
v -0.099589 0.035038 0.447956
v -0.068888 0.003534 0.429314
v 0.519586 0.076424 0.554683
v 0.512095 0.047670 0.575295
v 0.114692 0.066950 0.286567
v -0.473362 0.073421 0.531766
v 0.010671 0.080529 0.120485
v -0.014888 0.048222 0.096896
v -0.505770 0.050335 0.528523
v -0.664096 0.105095 0.327552
v -0.653727 0.062721 0.362171
v -0.077312 0.054013 0.008620
v -0.092299 0.094719 -0.024567
v 0.847341 0.060116 0.262090
v 0.277178 0.098698 0.176530
v 0.276176 0.081377 0.208467
v 0.839873 0.030204 0.316782
v 0.487052 0.070661 -0.513152
v 0.173561 0.149250 -0.267143
v 0.184126 0.111080 -0.243799
v 0.507758 0.043502 -0.507549
v 0.672265 0.060714 -0.237445
v 0.261641 0.133809 -0.102722
v 0.279602 0.088978 -0.066266
v 0.700306 0.031092 -0.219274
v -0.468186 0.063048 0.537660
v -0.009541 0.038080 0.103035
v 0.012205 0.067815 0.122750
v -0.502670 0.038282 0.532298
v -0.667293 0.093478 0.322655
v -0.078922 0.041380 0.005982
v -0.656532 0.050764 0.357892
v -0.092501 0.081827 -0.022865
v -0.819717 0.073481 -0.484216
v -0.373473 0.029432 -0.123039
v -0.841811 0.027209 -0.464764
v -0.356474 0.076832 -0.143591
v 0.847303 0.048170 0.256948
v 0.274121 0.069288 0.212799
v 0.277243 0.085699 0.176117
v 0.838073 0.017811 0.320294
v 0.674060 0.061499 -0.347361
v 0.238365 0.125998 -0.139026
v 0.655863 0.019788 -0.402538
v 0.218349 0.095596 -0.174178
v -0.670055 0.095738 0.115546
v -0.673921 0.086193 0.107604
v -0.671644 0.065019 0.135271
v -0.670308 0.077808 0.137218
v -0.660796 0.081155 0.193858
v -0.657039 0.091901 0.200148
v 0.052954 0.114552 0.183815
v 0.062855 0.114170 0.192239
v 0.056874 0.059375 0.189464
v 0.051244 0.069632 0.183786
v -0.359535 0.087992 0.618168
v -0.365621 0.077807 0.612843
v -0.324744 0.068920 0.615865
v -0.326831 0.081570 0.613678
v -0.440337 0.078752 0.581577
v -0.442264 0.066014 0.579791
v -0.373210 0.099157 0.600221
v -0.371874 0.112084 0.600727
v -0.505770 0.050335 0.528523
v -0.502670 0.038282 0.532298
v -0.468186 0.063048 0.537660
v -0.473362 0.073421 0.531766
v -0.547269 0.041811 0.490662
v -0.551381 0.030562 0.485594
v -0.502670 0.038282 0.532298
v -0.505770 0.050335 0.528523
v -0.600847 0.106388 0.410022
v -0.596740 0.096304 0.417134
v -0.546871 0.071254 0.466927
v -0.540583 0.079754 0.474500
v -0.653727 0.062721 0.362171
v -0.656532 0.050764 0.357892
v -0.610239 0.056248 0.416621
v -0.614375 0.066726 0.410122
v -0.676827 0.096544 0.266128
v -0.673803 0.085594 0.272460
v -0.667293 0.093478 0.322655
v -0.664096 0.105095 0.327552
v -0.133315 0.062605 -0.075083
v -0.136875 0.051863 -0.081491
v -0.160684 0.068159 -0.119073
v -0.158645 0.080277 -0.114814
v -0.092299 0.094719 -0.024567
v -0.092501 0.081827 -0.022865
v -0.117370 0.011309 -0.042062
v -0.118196 0.023943 -0.045039
v -0.077312 0.054013 0.008620
v -0.078922 0.041380 0.005982
v -0.092501 0.081827 -0.022865
v -0.092299 0.094719 -0.024567
v -0.014888 0.048222 0.096896
v -0.009541 0.038080 0.103035
v -0.025417 0.022466 0.080522
v -0.024810 0.035450 0.080964
v 0.026904 0.069334 0.144499
v 0.024666 0.056606 0.143038
v 0.012205 0.067815 0.122750
v 0.010671 0.080529 0.120485
v 0.051244 0.069632 0.183786
v 0.056874 0.059375 0.189464
v 0.024666 0.056606 0.143038
v 0.026904 0.069334 0.144499
v -0.371874 0.112084 0.600727
v -0.373210 0.099157 0.600221
v -0.365621 0.077807 0.612843
v -0.359535 0.087992 0.618168
v -0.473362 0.073421 0.531766
v -0.468186 0.063048 0.537660
v -0.443040 0.084162 0.560291
v -0.439910 0.096400 0.563385
v 0.010671 0.080529 0.120485
v 0.012205 0.067815 0.122750
v -0.009541 0.038080 0.103035
v -0.014888 0.048222 0.096896
v -0.439910 0.096400 0.563385
v -0.443040 0.084162 0.560291
v -0.442264 0.066014 0.579791
v -0.440337 0.078752 0.581577
v -0.540583 0.079754 0.474500
v -0.546871 0.071254 0.466927
v -0.551381 0.030562 0.485594
v -0.547269 0.041811 0.490662
v -0.024810 0.035450 0.080964
v -0.025417 0.022466 0.080522
v -0.051910 0.054943 0.036907
v -0.050616 0.067863 0.037641
v -0.614375 0.066726 0.410122
v -0.610239 0.056248 0.416621
v -0.596740 0.096304 0.417134
v -0.600847 0.106388 0.410022
v -0.050616 0.067863 0.037641
v -0.051910 0.054943 0.036907
v -0.078922 0.041380 0.005982
v -0.077312 0.054013 0.008620
v -0.688292 0.052952 0.244775
v -0.685745 0.041767 0.250904
v -0.673803 0.085594 0.272460
v -0.676827 0.096544 0.266128
v -0.118196 0.023943 -0.045039
v -0.117370 0.011309 -0.042062
v -0.136875 0.051863 -0.081491
v -0.133315 0.062605 -0.075083
v -0.664096 0.105095 0.327552
v -0.667293 0.093478 0.322655
v -0.656532 0.050764 0.357892
v -0.653727 0.062721 0.362171
v -0.657039 0.091901 0.200148
v -0.660796 0.081155 0.193858
v -0.685745 0.041767 0.250904
v -0.688292 0.052952 0.244775
v -0.326831 0.081570 0.613678
v -0.324744 0.068920 0.615865
v -0.303319 0.113004 0.621890
v -0.312661 0.116603 0.613587
v -0.312661 0.116603 0.613587
v -0.303319 0.113004 0.621890
v 0.062855 0.114170 0.192239
v 0.052954 0.114552 0.183815
v -0.158645 0.080277 -0.114814
v -0.160684 0.068159 -0.119073
v -0.673921 0.086193 0.107604
v -0.670055 0.095738 0.115546
v 0.241699 0.075106 -0.613962
v 0.251619 0.067609 -0.610153
v 0.234181 0.040877 -0.622494
v 0.228756 0.052467 -0.624815
v 0.192672 0.036844 -0.648183
v 0.184773 0.046793 -0.650971
v -0.279414 0.075747 -0.161940
v -0.286282 0.064893 -0.159900
v -0.253709 0.045939 -0.160462
v -0.252678 0.058803 -0.162072
v -0.214970 -0.019096 -0.749862
v -0.208920 -0.030479 -0.748138
v -0.276093 -0.006123 -0.744201
v -0.284589 0.003693 -0.744989
v -0.132133 -0.037590 -0.778483
v -0.139595 -0.048134 -0.776973
v -0.134710 0.014924 -0.768950
v -0.123647 0.021763 -0.768914
v -0.078951 -0.028356 -0.779522
v -0.072880 -0.039594 -0.777074
v -0.139595 -0.048134 -0.776973
v -0.132133 -0.037590 -0.778483
v 0.002851 0.068147 -0.759363
v 0.000136 0.055475 -0.758266
v -0.072880 -0.039594 -0.777074
v -0.078951 -0.028356 -0.779522
v 0.075485 -0.034576 -0.735881
v 0.075690 -0.047402 -0.733738
v 0.003063 -0.004795 -0.752390
v 0.013767 0.002572 -0.751848
v 0.126757 0.023407 -0.675917
v 0.120890 0.011802 -0.676074
v 0.092331 0.013982 -0.696755
v 0.082985 0.022614 -0.699455
v 0.024000 0.064932 -0.130637
v 0.018095 0.053359 -0.130051
v 0.078974 0.088608 -0.121307
v 0.071834 0.098995 -0.124513
v 0.015269 0.103552 -0.129913
v 0.011363 0.091189 -0.128896
v 0.018095 0.053359 -0.130051
v 0.024000 0.064932 -0.130637
v -0.060954 0.077074 -0.147013
v -0.061571 0.064188 -0.145364
v -0.034977 0.056703 -0.132954
v -0.036772 0.069359 -0.135351
v -0.252678 0.058803 -0.162072
v -0.253709 0.045939 -0.160462
v -0.214583 0.057836 -0.152871
v -0.215880 0.070721 -0.154072
v -0.284589 0.003693 -0.744989
v -0.276093 -0.006123 -0.744201
v -0.287977 -0.062341 -0.757560
v -0.290101 -0.049693 -0.759723
v -0.123647 0.021763 -0.768914
v -0.134710 0.014924 -0.768950
v -0.201338 0.001890 -0.744790
v -0.210383 0.011195 -0.745658
v -0.215880 0.070721 -0.154072
v -0.214583 0.057836 -0.152871
v -0.153625 0.055095 -0.149439
v -0.154263 0.068051 -0.150384
v -0.210383 0.011195 -0.745658
v -0.201338 0.001890 -0.744790
v -0.208920 -0.030479 -0.748138
v -0.214970 -0.019096 -0.749862
v -0.154263 0.068051 -0.150384
v -0.153625 0.055095 -0.149439
v -0.071732 0.063104 -0.136767
v -0.072826 0.076041 -0.137534
v 0.013767 0.002572 -0.751848
v 0.003063 -0.004795 -0.752390
v 0.000136 0.055475 -0.758266
v 0.002851 0.068147 -0.759363
v -0.072826 0.076041 -0.137534
v -0.071732 0.063104 -0.136767
v -0.061571 0.064188 -0.145364
v -0.060954 0.077074 -0.147013
v 0.162815 -0.016126 -0.694300
v 0.163594 -0.028948 -0.692265
v 0.120890 0.011802 -0.676074
v 0.126757 0.023407 -0.675917
v 0.082985 0.022614 -0.699455
v 0.092331 0.013982 -0.696755
v 0.075690 -0.047402 -0.733738
v 0.075485 -0.034576 -0.735881
v -0.036772 0.069359 -0.135351
v -0.034977 0.056703 -0.132954
v 0.011363 0.091189 -0.128896
v 0.015269 0.103552 -0.129913
v 0.184773 0.046793 -0.650971
v 0.192672 0.036844 -0.648183
v 0.163594 -0.028948 -0.692265
v 0.162815 -0.016126 -0.694300
v -0.290101 -0.049693 -0.759723
v -0.287977 -0.062341 -0.757560
v -0.350857 -0.004206 -0.746817
v -0.341835 0.004898 -0.749023
v -0.341835 0.004898 -0.749023
v -0.350857 -0.004206 -0.746817
v -0.286282 0.064893 -0.159900
v -0.279414 0.075747 -0.161940
v 0.071834 0.098995 -0.124513
v 0.078974 0.088608 -0.121307
v 0.251619 0.067609 -0.610153
v 0.241699 0.075106 -0.613962
v -0.667144 0.065828 -0.551482
v -0.660682 0.057036 -0.558560
v -0.682424 0.035349 -0.545636
v -0.683327 0.048268 -0.544445
v -0.934707 0.048084 -0.140111
v -0.938940 0.040107 -0.130752
v -0.936903 0.088121 -0.134060
v -0.932504 0.095050 -0.144148
v -0.889741 0.080763 -0.199413
v -0.890997 0.068226 -0.196194
v -0.908455 0.056851 -0.160155
v -0.910932 0.068072 -0.154064
v -0.902327 0.035363 -0.265595
v -0.902564 0.022435 -0.264205
v -0.890997 0.068226 -0.196194
v -0.889741 0.080763 -0.199413
v -0.911776 0.041994 -0.319044
v -0.909634 0.029455 -0.321750
v -0.902564 0.022435 -0.264205
v -0.902327 0.035363 -0.265595
v -0.874888 0.068726 -0.404014
v -0.875550 0.055806 -0.402685
v -0.909634 0.029455 -0.321750
v -0.911776 0.041994 -0.319044
v -0.844165 0.039605 -0.461609
v -0.841811 0.027209 -0.464764
v -0.875550 0.055806 -0.402685
v -0.874888 0.068726 -0.404014
v -0.785312 0.067953 -0.503725
v -0.789718 0.057338 -0.497637
v -0.819717 0.073481 -0.484216
v -0.823177 0.085113 -0.479540
v -0.333122 0.049567 -0.190542
v -0.333885 0.036689 -0.188887
v -0.300920 0.062251 -0.235084
v -0.305167 0.073811 -0.230902
v -0.358451 0.089368 -0.140745
v -0.356474 0.076832 -0.143591
v -0.333885 0.036689 -0.188887
v -0.333122 0.049567 -0.190542
v -0.374838 0.042342 -0.122261
v -0.373473 0.029432 -0.123039
v -0.356474 0.076832 -0.143591
v -0.358451 0.089368 -0.140745
v -0.394737 0.092397 -0.082488
v -0.395111 0.079398 -0.082290
v -0.373473 0.029432 -0.123039
v -0.374838 0.042342 -0.122261
v -0.419546 0.049578 -0.050991
v -0.418533 0.036635 -0.050218
v -0.395111 0.079398 -0.082290
v -0.394737 0.092397 -0.082488
v -0.466361 0.063780 0.034687
v -0.465106 0.050835 0.034716
v -0.439335 0.112986 -0.003010
v -0.439990 0.125891 -0.004485
v -0.910932 0.068072 -0.154064
v -0.908455 0.056851 -0.160155
v -0.938940 0.040107 -0.130752
v -0.934707 0.048084 -0.140111
v -0.439990 0.125891 -0.004485
v -0.439335 0.112986 -0.003010
v -0.418533 0.036635 -0.050218
v -0.419546 0.049578 -0.050991
v -0.770915 0.035925 -0.526084
v -0.773644 0.023871 -0.522033
v -0.789718 0.057338 -0.497637
v -0.785312 0.067953 -0.503725
v -0.823177 0.085113 -0.479540
v -0.819717 0.073481 -0.484216
v -0.841811 0.027209 -0.464764
v -0.844165 0.039605 -0.461609
v -0.683327 0.048268 -0.544445
v -0.682424 0.035349 -0.545636
v -0.725751 0.063219 -0.516094
v -0.730930 0.072756 -0.508928
v -0.730930 0.072756 -0.508928
v -0.725751 0.063219 -0.516094
v -0.773644 0.023871 -0.522033
v -0.770915 0.035925 -0.526084
v -0.476128 0.096523 0.055870
v -0.479680 0.089013 0.065877
v -0.465106 0.050835 0.034716
v -0.466361 0.063780 0.034687
v -0.932504 0.095050 -0.144148
v -0.936903 0.088121 -0.134060
v -0.939585 0.089490 -0.100190
v -0.938712 0.102297 -0.102278
v -0.305167 0.073811 -0.230902
v -0.300920 0.062251 -0.235084
v -0.660682 0.057036 -0.558560
v -0.667144 0.065828 -0.551482
v 0.764266 0.078514 0.054393
v 0.763421 0.066018 0.050889
v 0.765995 0.103513 -0.004242
v 0.765973 0.115774 -0.008578
v 0.806923 0.038475 0.113845
v 0.806123 0.027690 0.106621
v 0.790044 0.069622 0.103344
v 0.790172 0.075731 0.114824
v 0.841289 0.027410 0.170708
v 0.839990 0.021582 0.182262
v 0.806123 0.027690 0.106621
v 0.806923 0.038475 0.113845
v 0.847341 0.060116 0.262090
v 0.847303 0.048170 0.256948
v 0.847605 0.080721 0.169991
v 0.848465 0.091121 0.162230
v 0.839873 0.030204 0.316782
v 0.838073 0.017811 0.320294
v 0.847303 0.048170 0.256948
v 0.847341 0.060116 0.262090
v 0.769421 0.033613 0.408471
v 0.770186 0.023004 0.400987
v 0.827438 0.071905 0.344388
v 0.829570 0.083162 0.338233
v 0.263891 0.084100 0.293634
v 0.261932 0.071776 0.297299
v 0.263651 0.062289 0.314577
v 0.263352 0.074454 0.319167
v 0.276176 0.081377 0.208467
v 0.274121 0.069288 0.212799
v 0.271870 0.119745 0.225447
v 0.272786 0.132443 0.222790
v 0.287009 0.092317 0.111605
v 0.285880 0.082531 0.103114
v 0.283184 0.062656 0.132018
v 0.283805 0.075643 0.132354
v 0.297187 0.107833 0.029390
v 0.294733 0.103602 0.041440
v 0.293653 0.127579 0.043179
v 0.294144 0.139784 0.038711
v 0.765973 0.115774 -0.008578
v 0.765995 0.103513 -0.004242
v 0.775149 0.059521 -0.041306
v 0.777531 0.072092 -0.038971
v 0.294144 0.139784 0.038711
v 0.293653 0.127579 0.043179
v 0.287809 0.117884 0.066262
v 0.289242 0.128882 0.073056
v 0.790172 0.075731 0.114824
v 0.790044 0.069622 0.103344
v 0.763421 0.066018 0.050889
v 0.764266 0.078514 0.054393
v 0.289242 0.128882 0.073056
v 0.287809 0.117884 0.066262
v 0.285880 0.082531 0.103114
v 0.287009 0.092317 0.111605
v 0.848465 0.091121 0.162230
v 0.847605 0.080721 0.169991
v 0.839990 0.021582 0.182262
v 0.841289 0.027410 0.170708
v 0.283805 0.075643 0.132354
v 0.283184 0.062656 0.132018
v 0.277243 0.085699 0.176117
v 0.277178 0.098698 0.176530
v 0.277178 0.098698 0.176530
v 0.277243 0.085699 0.176117
v 0.274121 0.069288 0.212799
v 0.276176 0.081377 0.208467
v 0.265426 0.063714 0.274947
v 0.264959 0.050827 0.273262
v 0.261932 0.071776 0.297299
v 0.263891 0.084100 0.293634
v 0.829570 0.083162 0.338233
v 0.827438 0.071905 0.344388
v 0.838073 0.017811 0.320294
v 0.839873 0.030204 0.316782
v 0.272786 0.132443 0.222790
v 0.271870 0.119745 0.225447
v 0.264959 0.050827 0.273262
v 0.265426 0.063714 0.274947
v 0.712024 0.036147 0.449824
v 0.710516 0.023234 0.450188
v 0.743725 0.018907 0.402176
v 0.743196 0.030719 0.407593
v 0.743196 0.030719 0.407593
v 0.743725 0.018907 0.402176
v 0.770186 0.023004 0.400987
v 0.769421 0.033613 0.408471
v 0.302647 0.164518 0.045668
v 0.301045 0.167735 0.033169
v 0.294733 0.103602 0.041440
v 0.297187 0.107833 0.029390
v 0.777531 0.072092 -0.038971
v 0.775149 0.059521 -0.041306
v 0.765831 0.105873 -0.067054
v 0.768929 0.111386 -0.055689
v 0.263352 0.074454 0.319167
v 0.263651 0.062289 0.314577
v 0.710516 0.023234 0.450188
v 0.712024 0.036147 0.449824
v 0.507758 0.043502 -0.507549
v 0.513241 0.035597 -0.498797
v 0.479897 0.061864 -0.519522
v 0.487052 0.070661 -0.513152
v 0.565737 0.066863 -0.476473
v 0.560456 0.055887 -0.481032
v 0.513132 0.102177 -0.512548
v 0.511215 0.114367 -0.516657
v 0.655744 0.032045 -0.406885
v 0.655863 0.019788 -0.402538
v 0.618161 0.020036 -0.454532
v 0.621253 0.032628 -0.453510
v 0.673024 0.073283 -0.352767
v 0.674060 0.061499 -0.347361
v 0.655863 0.019788 -0.402538
v 0.655744 0.032045 -0.406885
v 0.692719 0.036663 -0.294477
v 0.687298 0.027607 -0.302075
v 0.690502 0.072124 -0.317273
v 0.694272 0.083500 -0.312220
v 0.286901 0.123715 -0.057588
v 0.305925 0.131896 -0.014497
v 0.305453 0.143470 -0.020411
v 0.289672 0.115120 -0.048229
v 0.279602 0.088978 -0.066266
v 0.279401 0.076178 -0.063971
v 0.261641 0.133809 -0.102722
v 0.279401 0.076178 -0.063971
v 0.279602 0.088978 -0.066266
v 0.258321 0.121953 -0.106914
v 0.238086 0.138295 -0.143251
v 0.238365 0.125998 -0.139026
v 0.221468 0.108196 -0.175004
v 0.218349 0.095596 -0.174178
v 0.238365 0.125998 -0.139026
v 0.238086 0.138295 -0.143251
v 0.196453 0.137556 -0.223615
v 0.202723 0.130734 -0.214489
v 0.200953 0.155573 -0.213794
v 0.202693 0.168217 -0.216291
v 0.184126 0.111080 -0.243799
v 0.183949 0.098115 -0.242787
v 0.202723 0.130734 -0.214489
v 0.196453 0.137556 -0.223615
v 0.511215 0.114367 -0.516657
v 0.513132 0.102177 -0.512548
v 0.513241 0.035597 -0.498797
v 0.507758 0.043502 -0.507549
v 0.621253 0.032628 -0.453510
v 0.618161 0.020036 -0.454532
v 0.560456 0.055887 -0.481032
v 0.565737 0.066863 -0.476473
v 0.202693 0.168217 -0.216291
v 0.200953 0.155573 -0.213794
v 0.218349 0.095596 -0.174178
v 0.221468 0.108196 -0.175004
v 0.694272 0.083500 -0.312220
v 0.690502 0.072124 -0.317273
v 0.674060 0.061499 -0.347361
v 0.673024 0.073283 -0.352767
v 0.700306 0.031092 -0.219274
v 0.701456 0.020343 -0.212043
v 0.669446 0.048161 -0.239350
v 0.672265 0.060714 -0.237445
v 0.672265 0.060714 -0.237445
v 0.669446 0.048161 -0.239350
v 0.687298 0.027607 -0.302075
v 0.692719 0.036663 -0.294477
v 0.685379 0.096801 -0.142064
v 0.684026 0.084078 -0.144395
v 0.679390 0.106135 -0.204488
v 0.676086 0.114239 -0.214109
v 0.676086 0.114239 -0.214109
v 0.679390 0.106135 -0.204488
v 0.701456 0.020343 -0.212043
v 0.700306 0.031092 -0.219274
v 0.173561 0.149250 -0.267143
v 0.165789 0.142150 -0.274779
v 0.183949 0.098115 -0.242787
v 0.184126 0.111080 -0.243799
v 0.487052 0.070661 -0.513152
v 0.479897 0.061864 -0.519522
v 0.463267 0.076016 -0.532884
v 0.469280 0.086743 -0.528648
v 0.305453 0.143470 -0.020411
v 0.305925 0.131896 -0.014497
v 0.684026 0.084078 -0.144395
v 0.685379 0.096801 -0.142064
v 0.093611 0.047854 0.889976
v 0.085373 0.038549 0.893809
v 0.111546 0.018689 0.889101
v 0.111564 0.031693 0.889326
v 0.133599 0.092553 0.266222
v 0.138018 0.081871 0.260263
v 0.114692 0.066950 0.286567
v 0.119988 0.078002 0.282213
v 0.508832 0.047466 0.613557
v 0.507860 0.034497 0.613503
v 0.512095 0.047670 0.575295
v 0.507965 0.058411 0.581355
v 0.479028 0.059077 0.687027
v 0.479773 0.046176 0.685560
v 0.488308 0.042536 0.631595
v 0.490152 0.055337 0.630221
v 0.437607 0.047122 0.769870
v 0.436042 0.034361 0.771836
v 0.461882 0.033031 0.736716
v 0.460895 0.045960 0.737720
v 0.340877 0.041860 0.837698
v 0.339299 0.028961 0.838216
v 0.409570 0.045200 0.785284
v 0.410603 0.058102 0.784014
v 0.309244 0.058413 0.868433
v 0.306341 0.045794 0.869649
v 0.339299 0.028961 0.838216
v 0.340877 0.041860 0.837698
v 0.207891 0.062626 0.903346
v 0.215427 0.053169 0.898557
v 0.269113 0.050266 0.885433
v 0.269952 0.063244 0.885546
v 0.166233 0.064955 0.874858
v 0.157516 0.057094 0.880458
v 0.159491 0.013418 0.895446
v 0.168688 0.021020 0.890270
v -0.092613 0.045487 0.444596
v -0.099589 0.035038 0.447956
v -0.126960 0.051770 0.467748
v -0.121321 0.063273 0.465506
v 0.046288 0.028923 0.340251
v 0.044456 0.016073 0.341071
v 0.027029 0.046786 0.351506
v 0.033139 0.057267 0.346819
v 0.086604 0.068386 0.304069
v 0.084527 0.055580 0.304991
v 0.076898 0.070423 0.309438
v 0.076343 0.083404 0.310020
v 0.119988 0.078002 0.282213
v 0.114692 0.066950 0.286567
v 0.112813 0.093175 0.280000
v 0.114878 0.106011 0.279644
v 0.490152 0.055337 0.630221
v 0.488308 0.042536 0.631595
v 0.507860 0.034497 0.613503
v 0.508832 0.047466 0.613557
v 0.114878 0.106011 0.279644
v 0.112813 0.093175 0.280000
v 0.084527 0.055580 0.304991
v 0.086604 0.068386 0.304069
v 0.460895 0.045960 0.737720
v 0.461882 0.033031 0.736716
v 0.479773 0.046176 0.685560
v 0.479028 0.059077 0.687027
v 0.076343 0.083404 0.310020
v 0.076898 0.070423 0.309438
v 0.044456 0.016073 0.341071
v 0.046288 0.028923 0.340251
v 0.410603 0.058102 0.784014
v 0.409570 0.045200 0.785284
v 0.436042 0.034361 0.771836
v 0.437607 0.047122 0.769870
v 0.033139 0.057267 0.346819
v 0.027029 0.046786 0.351506
v -0.016827 0.061464 0.383822
v -0.009999 0.071545 0.379249
v -0.009999 0.071545 0.379249
v -0.016827 0.061464 0.383822
v -0.014530 0.073797 0.390768
v -0.011078 0.085730 0.386916
v 0.210537 0.000889 0.902661
v 0.220111 -0.005660 0.896779
v 0.215427 0.053169 0.898557
v 0.207891 0.062626 0.903346
v -0.069512 0.016525 0.429370
v -0.068888 0.003534 0.429314
v -0.099589 0.035038 0.447956
v -0.092613 0.045487 0.444596
v 0.269952 0.063244 0.885546
v 0.269113 0.050266 0.885433
v 0.306341 0.045794 0.869649
v 0.309244 0.058413 0.868433
v -0.011078 0.085730 0.386916
v -0.014530 0.073797 0.390768
v -0.068888 0.003534 0.429314
v -0.069512 0.016525 0.429370
v 0.111564 0.031693 0.889326
v 0.111546 0.018689 0.889101
v 0.157516 0.057094 0.880458
v 0.166233 0.064955 0.874858
v 0.168688 0.021020 0.890270
v 0.159491 0.013418 0.895446
v 0.220111 -0.005660 0.896779
v 0.210537 0.000889 0.902661
v 0.507965 0.058411 0.581355
v 0.512095 0.047670 0.575295
v 0.519586 0.076424 0.554683
v 0.513352 0.083968 0.563248
v 0.513352 0.083968 0.563248
v 0.519586 0.076424 0.554683
v 0.138018 0.081871 0.260263
v 0.133599 0.092553 0.266222
v -0.121321 0.063273 0.465506
v -0.126960 0.051770 0.467748
v 0.085373 0.038549 0.893809
v 0.093611 0.047854 0.889976
v -0.938712 0.102297 -0.102278
v -0.939585 0.089490 -0.100190
v -0.479680 0.089013 0.065877
v -0.476128 0.096523 0.055870
v 0.768929 0.111386 -0.055689
v 0.765831 0.105873 -0.067054
v 0.301045 0.167735 0.033169
v 0.302647 0.164518 0.045668
v 0.469280 0.086743 -0.528648
v 0.463267 0.076016 -0.532884
v 0.165789 0.142150 -0.274779
v 0.173561 0.149250 -0.267143
vn 0.297271 0.733951 0.610694
vn 0.297271 0.733951 0.610694
vn 0.297271 0.733951 0.610694
vn -0.372734 0.823373 -0.427934
vn -0.372734 0.823373 -0.427934
vn -0.372734 0.823373 -0.427934
vn 0.377132 0.835210 0.400245
vn 0.377132 0.835210 0.400245
vn 0.377132 0.835210 0.400245
vn -0.185969 0.942232 -0.278594
vn -0.185969 0.942232 -0.278594
vn -0.185969 0.942232 -0.278594
vn -0.059351 0.990309 -0.125562
vn -0.059351 0.990309 -0.125562
vn -0.059351 0.990309 -0.125562
vn 0.563228 0.654043 0.504978
vn 0.563228 0.654043 0.504978
vn 0.563228 0.654043 0.504978
vn 0.558458 0.588817 0.584310
vn 0.558458 0.588817 0.584310
vn 0.558458 0.588817 0.584310
vn 0.603602 0.220065 0.766313
vn 0.603602 0.220065 0.766313
vn 0.603602 0.220065 0.766313
vn -0.409327 0.388560 -0.825514
vn -0.409327 0.388560 -0.825514
vn -0.409327 0.388560 -0.825514
vn -0.054296 0.976773 -0.207285
vn -0.054296 0.976773 -0.207285
vn -0.054296 0.976773 -0.207285
vn 0.405912 0.528553 0.745565
vn 0.405912 0.528553 0.745565
vn 0.405912 0.528553 0.745565
vn -0.761271 0.029403 -0.647767
vn -0.761271 0.029403 -0.647767
vn -0.761271 0.029403 -0.647767
vn -0.762812 0.576493 -0.292874
vn -0.762812 0.576493 -0.292874
vn -0.762812 0.576493 -0.292874
vn 0.298982 0.943664 -0.141804
vn 0.298982 0.943664 -0.141804
vn 0.298982 0.943664 -0.141804
vn -0.729475 0.657637 -0.188096
vn -0.729475 0.657637 -0.188096
vn -0.729475 0.657637 -0.188096
vn -0.199320 0.969294 -0.144018
vn -0.199320 0.969294 -0.144018
vn -0.199320 0.969294 -0.144018
vn 0.023655 0.996706 -0.077570
vn 0.023655 0.996706 -0.077570
vn 0.023655 0.996706 -0.077570
vn -0.994878 0.090036 0.045951
vn -0.994878 0.090036 0.045951
vn -0.994878 0.090036 0.045951
vn 0.049031 0.993824 -0.099544
vn 0.049031 0.993824 -0.099544
vn 0.049031 0.993824 -0.099544
vn -0.987917 0.153022 -0.024577
vn -0.987917 0.153022 -0.024577
vn -0.987917 0.153022 -0.024577
vn 0.962667 0.214531 0.165075
vn 0.962667 0.214531 0.165075
vn 0.962667 0.214531 0.165075
vn 0.344730 0.933661 -0.097150
vn 0.344730 0.933661 -0.097150
vn 0.344730 0.933661 -0.097150
vn -0.090910 0.993881 -0.062737
vn -0.090910 0.993881 -0.062737
vn -0.090910 0.993881 -0.062737
vn -0.833462 0.479718 -0.274246
vn -0.833462 0.479718 -0.274246
vn -0.833462 0.479718 -0.274246
vn 0.528120 0.834555 -0.156866
vn 0.528120 0.834555 -0.156866
vn 0.528120 0.834555 -0.156866
vn -0.496862 0.676009 0.544188
vn -0.496862 0.676009 0.544188
vn -0.496862 0.676009 0.544188
vn 0.399781 -0.097112 -0.911452
vn 0.399781 -0.097112 -0.911452
vn 0.399781 -0.097112 -0.911452
vn -0.088287 0.969182 0.229983
vn -0.088287 0.969182 0.229983
vn -0.088287 0.969182 0.229983
vn 0.219310 0.924277 -0.312435
vn 0.219310 0.924277 -0.312435
vn 0.219310 0.924277 -0.312435
vn -0.256907 0.739737 0.621923
vn -0.256907 0.739737 0.621923
vn -0.256907 0.739737 0.621923
vn 0.283896 0.553296 -0.783113
vn 0.283896 0.553296 -0.783113
vn 0.283896 0.553296 -0.783113
vn -0.367464 0.602730 0.708299
vn -0.367464 0.602730 0.708299
vn -0.367464 0.602730 0.708299
vn 0.393860 0.662693 -0.636956
vn 0.393860 0.662693 -0.636956
vn 0.393860 0.662693 -0.636956
vn 0.355886 0.809882 -0.466300
vn 0.355886 0.809882 -0.466300
vn 0.355886 0.809882 -0.466300
vn -0.506606 0.508103 0.696550
vn -0.506606 0.508103 0.696550
vn -0.506606 0.508103 0.696550
vn 0.271711 0.923065 -0.272258
vn 0.271711 0.923065 -0.272258
vn 0.271711 0.923065 -0.272258
vn -0.588411 0.286595 0.756066
vn -0.588411 0.286595 0.756066
vn -0.588411 0.286595 0.756066
vn 0.114308 -0.284372 0.951875
vn 0.114308 -0.284372 0.951875
vn 0.114308 -0.284372 0.951875
vn 0.094539 0.855650 0.508848
vn 0.094539 0.855650 0.508848
vn 0.094539 0.855650 0.508848
vn 0.077155 0.771311 0.631765
vn 0.077155 0.771311 0.631765
vn 0.077155 0.771311 0.631765
vn 0.000177 0.886538 -0.462656
vn 0.000177 0.886538 -0.462656
vn 0.000177 0.886538 -0.462656
vn -0.040836 0.832592 0.552379
vn -0.040836 0.832592 0.552379
vn -0.040836 0.832592 0.552379
vn -0.076461 0.555750 -0.827826
vn -0.076461 0.555750 -0.827826
vn -0.076461 0.555750 -0.827826
vn 0.103217 0.718665 0.687653
vn 0.103217 0.718665 0.687653
vn 0.103217 0.718665 0.687653
vn 0.056100 -0.137907 -0.988855
vn 0.056100 -0.137907 -0.988855
vn 0.056100 -0.137907 -0.988855
vn 0.207841 0.401704 -0.891872
vn 0.207841 0.401704 -0.891872
vn 0.207841 0.401704 -0.891872
vn 0.119778 0.992031 -0.039092
vn 0.119778 0.992031 -0.039092
vn 0.119778 0.992031 -0.039092
vn -0.108110 0.801110 0.588673
vn -0.108110 0.801110 0.588673
vn -0.108110 0.801110 0.588673
vn -0.152557 0.808966 -0.567716
vn -0.152557 0.808966 -0.567716
vn -0.152557 0.808966 -0.567716
vn -0.638724 -0.067368 -0.766481
vn -0.638724 -0.067368 -0.766481
vn -0.638724 -0.067368 -0.766481
vn 0.575807 0.577920 0.578321
vn 0.575807 0.577920 0.578321
vn 0.575807 0.577920 0.578321
vn -0.500377 0.296176 -0.813574
vn -0.500377 0.296176 -0.813574
vn -0.500377 0.296176 -0.813574
vn 0.156466 0.987512 0.018386
vn 0.156466 0.987512 0.018386
vn 0.156466 0.987512 0.018386
vn 0.041609 0.925879 -0.375522
vn 0.041609 0.925879 -0.375522
vn 0.041609 0.925879 -0.375522
vn 0.112106 0.969018 0.220082
vn 0.112106 0.969018 0.220082
vn 0.112106 0.969018 0.220082
vn -0.346671 -0.042774 -0.937011
vn -0.346671 -0.042774 -0.937011
vn -0.346671 -0.042774 -0.937011
vn 0.633402 0.715496 -0.294734
vn 0.633402 0.715496 -0.294734
vn 0.633402 0.715496 -0.294734
vn -0.436822 0.697233 0.568377
vn -0.436822 0.697233 0.568377
vn -0.436822 0.697233 0.568377
vn -0.558069 0.616228 0.555718
vn -0.558069 0.616228 0.555718
vn -0.558069 0.616228 0.555718
vn -0.138461 0.983353 0.117666
vn -0.138461 0.983353 0.117666
vn -0.138461 0.983353 0.117666
vn 0.752987 0.356294 -0.553232
vn 0.752987 0.356294 -0.553232
vn 0.752987 0.356294 -0.553232
vn 0.002555 0.999045 0.043613
vn 0.002555 0.999045 0.043613
vn 0.002555 0.999045 0.043613
vn 0.852188 -0.130161 -0.506787
vn 0.852188 -0.130161 -0.506787
vn 0.852188 -0.130161 -0.506787
vn 0.234654 0.953830 -0.187472
vn 0.234654 0.953830 -0.187472
vn 0.234654 0.953830 -0.187472
vn 0.243129 0.934212 -0.261029
vn 0.243129 0.934212 -0.261029
vn 0.243129 0.934212 -0.261029
vn 0.113720 0.993325 -0.019298
vn 0.113720 0.993325 -0.019298
vn 0.113720 0.993325 -0.019298
vn -0.458426 0.856540 0.237034
vn -0.458426 0.856540 0.237034
vn -0.458426 0.856540 0.237034
vn 0.479538 0.839344 -0.256018
vn 0.479538 0.839344 -0.256018
vn 0.479538 0.839344 -0.256018
vn -0.339794 0.821352 0.458172
vn -0.339794 0.821352 0.458172
vn -0.339794 0.821352 0.458172
vn 0.211230 0.964419 0.158989
vn 0.211230 0.964419 0.158989
vn 0.211230 0.964419 0.158989
vn -0.323272 0.873332 -0.364398
vn -0.323272 0.873332 -0.364398
vn -0.323272 0.873332 -0.364398
vn -0.087340 0.988086 -0.126720
vn -0.087340 0.988086 -0.126720
vn -0.087340 0.988086 -0.126720
vn 0.204982 0.957304 0.203844
vn 0.204982 0.957304 0.203844
vn 0.204982 0.957304 0.203844
vn -0.023973 0.997684 -0.063657
vn -0.023973 0.997684 -0.063657
vn -0.023973 0.997684 -0.063657
vn 0.057516 0.997410 -0.043187
vn 0.057516 0.997410 -0.043187
vn 0.057516 0.997410 -0.043187
vn -0.297645 0.894029 -0.334843
vn -0.297645 0.894029 -0.334843
vn -0.297645 0.894029 -0.334843
vn 0.275437 0.929067 0.246921
vn 0.275437 0.929067 0.246921
vn 0.275437 0.929067 0.246921
vn -0.542216 0.182859 -0.820100
vn -0.542216 0.182859 -0.820100
vn -0.542216 0.182859 -0.820100
vn -0.376418 0.485500 -0.789050
vn -0.376418 0.485500 -0.789050
vn -0.376418 0.485500 -0.789050
vn 0.152533 0.935458 0.318828
vn 0.152533 0.935458 0.318828
vn 0.152533 0.935458 0.318828
vn 0.379673 0.655639 0.652676
vn 0.379673 0.655639 0.652676
vn 0.379673 0.655639 0.652676
vn -0.715204 0.287636 -0.636985
vn -0.715204 0.287636 -0.636985
vn -0.715204 0.287636 -0.636985
vn 0.986739 -0.150768 0.060123
vn 0.986739 -0.150768 0.060123
vn 0.986739 -0.150768 0.060123
vn -0.171801 0.970479 -0.169278
vn -0.171801 0.970479 -0.169278
vn -0.171801 0.970479 -0.169278
vn -0.093857 0.995295 -0.024057
vn -0.093857 0.995295 -0.024057
vn -0.093857 0.995295 -0.024057
vn 0.522906 0.851438 -0.040278
vn 0.522906 0.851438 -0.040278
vn 0.522906 0.851438 -0.040278
vn -0.518134 0.824669 -0.226845
vn -0.518134 0.824669 -0.226845
vn -0.518134 0.824669 -0.226845
vn -0.292659 0.953341 -0.074109
vn -0.292659 0.953341 -0.074109
vn -0.292659 0.953341 -0.074109
vn -0.141884 0.986576 -0.080853
vn -0.141884 0.986576 -0.080853
vn -0.141884 0.986576 -0.080853
vn 0.977429 0.176094 0.116718
vn 0.977429 0.176094 0.116718
vn 0.977429 0.176094 0.116718
vn 0.756838 0.646900 0.093361
vn 0.756838 0.646900 0.093361
vn 0.756838 0.646900 0.093361
vn -0.938818 0.264005 -0.221185
vn -0.938818 0.264005 -0.221185
vn -0.938818 0.264005 -0.221185
vn -0.541468 0.804341 -0.244638
vn -0.541468 0.804341 -0.244638
vn -0.541468 0.804341 -0.244638
vn 0.698437 0.695202 -0.169939
vn 0.698437 0.695202 -0.169939
vn 0.698437 0.695202 -0.169939
vn 0.268155 0.578398 -0.770421
vn 0.268155 0.578398 -0.770421
vn 0.268155 0.578398 -0.770421
vn 0.234777 0.780172 -0.579837
vn 0.234777 0.780172 -0.579837
vn 0.234777 0.780172 -0.579837
vn -0.090542 0.986234 0.138362
vn -0.090542 0.986234 0.138362
vn -0.090542 0.986234 0.138362
vn -0.192729 0.956874 0.217366
vn -0.192729 0.956874 0.217366
vn -0.192729 0.956874 0.217366
vn 0.236792 0.912035 -0.334846
vn 0.236792 0.912035 -0.334846
vn 0.236792 0.912035 -0.334846
vn -0.359128 0.679038 0.640261
vn -0.359128 0.679038 0.640261
vn -0.359128 0.679038 0.640261
vn 0.455752 0.638102 -0.620577
vn 0.455752 0.638102 -0.620577
vn 0.455752 0.638102 -0.620577
vn -0.524761 0.463507 0.713994
vn -0.524761 0.463507 0.713994
vn -0.524761 0.463507 0.713994
vn -0.320975 0.893400 0.314343
vn -0.320975 0.893400 0.314343
vn -0.320975 0.893400 0.314343
vn 0.067159 0.984750 -0.160489
vn 0.067159 0.984750 -0.160489
vn 0.067159 0.984750 -0.160489
vn 0.112302 0.942371 0.315159
vn 0.112302 0.942371 0.315159
vn 0.112302 0.942371 0.315159
vn -0.007370 -0.029582 0.999535
vn -0.007370 -0.029582 0.999535
vn -0.007370 -0.029582 0.999535
vn 0.075262 0.986352 0.146441
vn 0.075262 0.986352 0.146441
vn 0.075262 0.986352 0.146441
vn 0.020089 0.954769 0.296668
vn 0.020089 0.954769 0.296668
vn 0.020089 0.954769 0.296668
vn -0.169387 0.607231 0.776259
vn -0.169387 0.607231 0.776259
vn -0.169387 0.607231 0.776259
vn -0.082260 0.271891 -0.958806
vn -0.082260 0.271891 -0.958806
vn -0.082260 0.271891 -0.958806
vn 0.032724 0.998953 0.031985
vn 0.032724 0.998953 0.031985
vn 0.032724 0.998953 0.031985
vn 0.218523 0.276944 -0.935708
vn 0.218523 0.276944 -0.935708
vn 0.218523 0.276944 -0.935708
vn -0.022906 0.935381 0.352900
vn -0.022906 0.935381 0.352900
vn -0.022906 0.935381 0.352900
vn 0.241995 0.665485 -0.706094
vn 0.241995 0.665485 -0.706094
vn 0.241995 0.665485 -0.706094
vn 0.238246 0.423917 0.873804
vn 0.238246 0.423917 0.873804
vn 0.238246 0.423917 0.873804
vn 0.423939 0.817085 0.390702
vn 0.423939 0.817085 0.390702
vn 0.423939 0.817085 0.390702
vn 0.128938 0.988170 -0.083038
vn 0.128938 0.988170 -0.083038
vn 0.128938 0.988170 -0.083038
vn 0.443581 0.304602 0.842884
vn 0.443581 0.304602 0.842884
vn 0.443581 0.304602 0.842884
vn -0.484145 0.661791 -0.572396
vn -0.484145 0.661791 -0.572396
vn -0.484145 0.661791 -0.572396
vn 0.392539 0.858265 0.330598
vn 0.392539 0.858265 0.330598
vn 0.392539 0.858265 0.330598
vn -0.196729 0.760903 -0.618324
vn -0.196729 0.760903 -0.618324
vn -0.196729 0.760903 -0.618324
vn -0.004436 0.970228 -0.242152
vn -0.004436 0.970228 -0.242152
vn -0.004436 0.970228 -0.242152
vn -0.036299 0.889882 -0.454744
vn -0.036299 0.889882 -0.454744
vn -0.036299 0.889882 -0.454744
vn -0.350246 0.295640 -0.888777
vn -0.350246 0.295640 -0.888777
vn -0.350246 0.295640 -0.888777
vn 0.462328 0.824733 0.325681
vn 0.462328 0.824733 0.325681
vn 0.462328 0.824733 0.325681
vn -0.200055 0.926017 0.320110
vn -0.200055 0.926017 0.320110
vn -0.200055 0.926017 0.320110
vn 0.073566 0.995977 -0.051175
vn 0.073566 0.995977 -0.051175
vn 0.073566 0.995977 -0.051175
vn -0.003792 0.999237 -0.038874
vn -0.003792 0.999237 -0.038874
vn -0.003792 0.999237 -0.038874
vn 0.232720 0.965650 -0.115588
vn 0.232720 0.965650 -0.115588
vn 0.232720 0.965650 -0.115588
vn 0.326938 0.930584 -0.164697
vn 0.326938 0.930584 -0.164697
vn 0.326938 0.930584 -0.164697
vn -0.630555 0.716075 0.299396
vn -0.630555 0.716075 0.299396
vn -0.630555 0.716075 0.299396
vn 0.685691 0.058554 -0.725534
vn 0.685691 0.058554 -0.725534
vn 0.685691 0.058554 -0.725534
vn -0.132154 0.970063 0.203749
vn -0.132154 0.970063 0.203749
vn -0.132154 0.970063 0.203749
vn 0.562459 0.606819 -0.561614
vn 0.562459 0.606819 -0.561614
vn 0.562459 0.606819 -0.561614
vn 0.675907 0.449002 -0.584420
vn 0.675907 0.449002 -0.584420
vn 0.675907 0.449002 -0.584420
vn -0.860462 -0.042523 0.507737
vn -0.860462 -0.042523 0.507737
vn -0.860462 -0.042523 0.507737
vn 0.427410 0.888183 -0.168676
vn 0.427410 0.888183 -0.168676
vn 0.427410 0.888183 -0.168676
vn 0.641064 0.689037 -0.338031
vn 0.641064 0.689037 -0.338031
vn 0.641064 0.689037 -0.338031
vn -0.482651 0.571761 0.663428
vn -0.482651 0.571761 0.663428
vn -0.482651 0.571761 0.663428
vn -0.278551 -0.773620 -0.569141
vn -0.278551 -0.773620 -0.569141
vn -0.278551 -0.773620 -0.569141
vn 0.324820 -0.868878 0.373555
vn 0.324820 -0.868878 0.373555
vn 0.324820 -0.868878 0.373555
vn -0.373061 -0.838295 -0.397602
vn -0.373061 -0.838295 -0.397602
vn -0.373061 -0.838295 -0.397602
vn 0.176141 -0.948786 0.262258
vn 0.176141 -0.948786 0.262258
vn 0.176141 -0.948786 0.262258
vn 0.067886 -0.986921 0.146213
vn 0.067886 -0.986921 0.146213
vn 0.067886 -0.986921 0.146213
vn -0.601186 -0.554095 -0.575808
vn -0.601186 -0.554095 -0.575808
vn -0.601186 -0.554095 -0.575808
vn -0.538665 -0.627360 -0.562370
vn -0.538665 -0.627360 -0.562370
vn -0.538665 -0.627360 -0.562370
vn -0.588038 -0.282514 -0.757890
vn -0.588038 -0.282514 -0.757890
vn -0.588038 -0.282514 -0.757890
vn 0.418330 -0.372991 0.828178
vn 0.418330 -0.372991 0.828178
vn 0.418330 -0.372991 0.828178
vn 0.078109 -0.964764 0.251255
vn 0.078109 -0.964764 0.251255
vn 0.078109 -0.964764 0.251255
vn -0.362321 -0.685354 -0.631675
vn -0.362321 -0.685354 -0.631675
vn -0.362321 -0.685354 -0.631675
vn 0.756180 -0.115163 0.644150
vn 0.756180 -0.115163 0.644150
vn 0.756180 -0.115163 0.644150
vn 0.736556 -0.612724 0.286451
vn 0.736556 -0.612724 0.286451
vn 0.736556 -0.612724 0.286451
vn -0.330716 -0.933964 0.135420
vn -0.330716 -0.933964 0.135420
vn -0.330716 -0.933964 0.135420
vn 0.759741 -0.621391 0.191487
vn 0.759741 -0.621391 0.191487
vn 0.759741 -0.621391 0.191487
vn 0.215649 -0.967385 0.132897
vn 0.215649 -0.967385 0.132897
vn 0.215649 -0.967385 0.132897
vn -0.111922 -0.992462 0.049930
vn -0.111922 -0.992462 0.049930
vn -0.111922 -0.992462 0.049930
vn 0.979120 -0.202347 -0.019499
vn 0.979120 -0.202347 -0.019499
vn 0.979120 -0.202347 -0.019499
vn -0.049950 -0.994424 0.092872
vn -0.049950 -0.994424 0.092872
vn -0.049950 -0.994424 0.092872
vn 0.971701 -0.232141 0.043684
vn 0.971701 -0.232141 0.043684
vn 0.971701 -0.232141 0.043684
vn -0.971075 -0.167612 -0.170059
vn -0.971075 -0.167612 -0.170059
vn -0.971075 -0.167612 -0.170059
vn -0.314725 -0.943303 0.105484
vn -0.314725 -0.943303 0.105484
vn -0.314725 -0.943303 0.105484
vn 0.063857 -0.996536 0.053280
vn 0.063857 -0.996536 0.053280
vn 0.063857 -0.996536 0.053280
vn 0.792012 -0.540383 0.284082
vn 0.792012 -0.540383 0.284082
vn 0.792012 -0.540383 0.284082
vn -0.494861 -0.855017 0.155110
vn -0.494861 -0.855017 0.155110
vn -0.494861 -0.855017 0.155110
vn 0.451791 -0.745210 -0.490456
vn 0.451791 -0.745210 -0.490456
vn 0.451791 -0.745210 -0.490456
vn -0.399504 0.079869 0.913246
vn -0.399504 0.079869 0.913246
vn -0.399504 0.079869 0.913246
vn 0.099237 -0.961712 -0.255464
vn 0.099237 -0.961712 -0.255464
vn 0.099237 -0.961712 -0.255464
vn -0.288509 -0.869497 0.400921
vn -0.288509 -0.869497 0.400921
vn -0.288509 -0.869497 0.400921
vn 0.149258 -0.917804 -0.367910
vn 0.149258 -0.917804 -0.367910
vn 0.149258 -0.917804 -0.367910
vn -0.278682 -0.558850 0.781040
vn -0.278682 -0.558850 0.781040
vn -0.278682 -0.558850 0.781040
vn 0.366423 -0.589104 -0.720201
vn 0.366423 -0.589104 -0.720201
vn 0.366423 -0.589104 -0.720201
vn -0.384669 -0.677681 0.626721
vn -0.384669 -0.677681 0.626721
vn -0.384669 -0.677681 0.626721
vn -0.375723 -0.778580 0.502639
vn -0.375723 -0.778580 0.502639
vn -0.375723 -0.778580 0.502639
vn -0.338319 -0.879825 0.333839
vn -0.338319 -0.879825 0.333839
vn -0.338319 -0.879825 0.333839
vn 0.520695 -0.533137 -0.666815
vn 0.520695 -0.533137 -0.666815
vn 0.520695 -0.533137 -0.666815
vn -0.178402 -0.108563 -0.977950
vn -0.178402 -0.108563 -0.977950
vn -0.178402 -0.108563 -0.977950
vn -0.098318 -0.820742 -0.562775
vn -0.098318 -0.820742 -0.562775
vn -0.098318 -0.820742 -0.562775
vn -0.082346 -0.817601 -0.569867
vn -0.082346 -0.817601 -0.569867
vn -0.082346 -0.817601 -0.569867
vn -0.002766 -0.886448 0.462821
vn -0.002766 -0.886448 0.462821
vn -0.002766 -0.886448 0.462821
vn 0.063888 -0.786207 -0.614651
vn 0.063888 -0.786207 -0.614651
vn 0.063888 -0.786207 -0.614651
vn 0.074542 -0.633408 0.770219
vn 0.074542 -0.633408 0.770219
vn 0.074542 -0.633408 0.770219
vn -0.100362 -0.715351 -0.691521
vn -0.100362 -0.715351 -0.691521
vn -0.100362 -0.715351 -0.691521
vn -0.072347 0.211544 0.974687
vn -0.072347 0.211544 0.974687
vn -0.072347 0.211544 0.974687
vn -0.206760 -0.431721 0.877991
vn -0.206760 -0.431721 0.877991
vn -0.206760 -0.431721 0.877991
vn -0.111714 -0.993665 0.012285
vn -0.111714 -0.993665 0.012285
vn -0.111714 -0.993665 0.012285
vn 0.100141 -0.813228 -0.573265
vn 0.100141 -0.813228 -0.573265
vn 0.100141 -0.813228 -0.573265
vn -0.573625 -0.622975 -0.531843
vn -0.573625 -0.622975 -0.531843
vn -0.573625 -0.622975 -0.531843
vn 0.624612 0.158943 0.764589
vn 0.624612 0.158943 0.764589
vn 0.624612 0.158943 0.764589
vn -0.589326 -0.557292 -0.584911
vn -0.589326 -0.557292 -0.584911
vn -0.589326 -0.557292 -0.584911
vn 0.600096 0.020410 0.799668
vn 0.600096 0.020410 0.799668
vn 0.600096 0.020410 0.799668
vn -0.158474 -0.987025 -0.025845
vn -0.158474 -0.987025 -0.025845
vn -0.158474 -0.987025 -0.025845
vn -0.326099 -0.722311 -0.609857
vn -0.326099 -0.722311 -0.609857
vn -0.326099 -0.722311 -0.609857
vn -0.077626 -0.953740 0.290439
vn -0.077626 -0.953740 0.290439
vn -0.077626 -0.953740 0.290439
vn -0.153787 -0.931372 -0.329993
vn -0.153787 -0.931372 -0.329993
vn -0.153787 -0.931372 -0.329993
vn 0.331303 0.002125 0.943522
vn 0.331303 0.002125 0.943522
vn 0.331303 0.002125 0.943522
vn -0.555701 -0.792157 0.252359
vn -0.555701 -0.792157 0.252359
vn -0.555701 -0.792157 0.252359
vn 0.434067 -0.701949 -0.564671
vn 0.434067 -0.701949 -0.564671
vn 0.434067 -0.701949 -0.564671
vn 0.541948 -0.640302 -0.544339
vn 0.541948 -0.640302 -0.544339
vn 0.541948 -0.640302 -0.544339
vn 0.134896 -0.983251 -0.122558
vn 0.134896 -0.983251 -0.122558
vn 0.134896 -0.983251 -0.122558
vn -0.779159 -0.191092 0.596988
vn -0.779159 -0.191092 0.596988
vn -0.779159 -0.191092 0.596988
vn -0.057529 -0.998239 -0.014499
vn -0.057529 -0.998239 -0.014499
vn -0.057529 -0.998239 -0.014499
vn -0.854879 0.133392 0.501387
vn -0.854879 0.133392 0.501387
vn -0.854879 0.133392 0.501387
vn -0.227868 -0.957092 0.179026
vn -0.227868 -0.957092 0.179026
vn -0.227868 -0.957092 0.179026
vn -0.247325 -0.932159 0.264405
vn -0.247325 -0.932159 0.264405
vn -0.247325 -0.932159 0.264405
vn -0.112128 -0.993548 0.017031
vn -0.112128 -0.993548 0.017031
vn -0.112128 -0.993548 0.017031
vn 0.576480 -0.758450 -0.304015
vn 0.576480 -0.758450 -0.304015
vn 0.576480 -0.758450 -0.304015
vn -0.299337 -0.939494 0.166580
vn -0.299337 -0.939494 0.166580
vn -0.299337 -0.939494 0.166580
vn 0.231265 -0.919888 -0.316739
vn 0.231265 -0.919888 -0.316739
vn 0.231265 -0.919888 -0.316739
vn -0.198782 -0.967509 -0.156246
vn -0.198782 -0.967509 -0.156246
vn -0.198782 -0.967509 -0.156246
vn 0.316231 -0.878942 0.357014
vn 0.316231 -0.878942 0.357014
vn 0.316231 -0.878942 0.357014
vn 0.061631 -0.993090 0.099873
vn 0.061631 -0.993090 0.099873
vn 0.061631 -0.993090 0.099873
vn -0.236818 -0.942244 -0.236841
vn -0.236818 -0.942244 -0.236841
vn -0.236818 -0.942244 -0.236841
vn 0.027375 -0.997063 0.071520
vn 0.027375 -0.997063 0.071520
vn 0.027375 -0.997063 0.071520
vn -0.021312 -0.997012 0.074246
vn -0.021312 -0.997012 0.074246
vn -0.021312 -0.997012 0.074246
vn 0.352491 -0.846779 0.398392
vn 0.352491 -0.846779 0.398392
vn 0.352491 -0.846779 0.398392
vn -0.320327 -0.898645 -0.299714
vn -0.320327 -0.898645 -0.299714
vn -0.320327 -0.898645 -0.299714
vn 0.551129 -0.196105 0.811049
vn 0.551129 -0.196105 0.811049
vn 0.551129 -0.196105 0.811049
vn 0.378648 -0.489514 0.785495
vn 0.378648 -0.489514 0.785495
vn 0.378648 -0.489514 0.785495
vn -0.149574 -0.938212 -0.312067
vn -0.149574 -0.938212 -0.312067
vn -0.149574 -0.938212 -0.312067
vn -0.347561 -0.734209 -0.583214
vn -0.347561 -0.734209 -0.583214
vn -0.347561 -0.734209 -0.583214
vn 0.674520 -0.411567 0.612891
vn 0.674520 -0.411567 0.612891
vn 0.674520 -0.411567 0.612891
vn -0.996016 0.081712 -0.035709
vn -0.996016 0.081712 -0.035709
vn -0.996016 0.081712 -0.035709
vn 0.125495 -0.978485 0.163765
vn 0.125495 -0.978485 0.163765
vn 0.125495 -0.978485 0.163765
vn 0.093775 -0.995326 0.023062
vn 0.093775 -0.995326 0.023062
vn 0.093775 -0.995326 0.023062
vn -0.513681 -0.856919 0.042686
vn -0.513681 -0.856919 0.042686
vn -0.513681 -0.856919 0.042686
vn 0.568278 -0.790491 0.228438
vn 0.568278 -0.790491 0.228438
vn 0.568278 -0.790491 0.228438
vn 0.276799 -0.958010 0.074827
vn 0.276799 -0.958010 0.074827
vn 0.276799 -0.958010 0.074827
vn 0.215815 -0.973940 0.069742
vn 0.215815 -0.973940 0.069742
vn 0.215815 -0.973940 0.069742
vn -0.991717 -0.059275 -0.113951
vn -0.991717 -0.059275 -0.113951
vn -0.991717 -0.059275 -0.113951
vn -0.703673 -0.706148 -0.078730
vn -0.703673 -0.706148 -0.078730
vn -0.703673 -0.706148 -0.078730
vn 0.894921 -0.381778 0.231004
vn 0.894921 -0.381778 0.231004
vn 0.894921 -0.381778 0.231004
vn 0.463769 -0.856850 0.225224
vn 0.463769 -0.856850 0.225224
vn 0.463769 -0.856850 0.225224
vn -0.652891 -0.737834 0.171271
vn -0.652891 -0.737834 0.171271
vn -0.652891 -0.737834 0.171271
vn -0.232228 -0.666690 0.708233
vn -0.232228 -0.666690 0.708233
vn -0.232228 -0.666690 0.708233
vn -0.228913 -0.789004 0.570151
vn -0.228913 -0.789004 0.570151
vn -0.228913 -0.789004 0.570151
vn 0.086959 -0.987540 -0.131163
vn 0.086959 -0.987540 -0.131163
vn 0.086959 -0.987540 -0.131163
vn 0.198193 -0.953519 -0.226982
vn 0.198193 -0.953519 -0.226982
vn 0.198193 -0.953519 -0.226982
vn -0.219706 -0.925959 0.307131
vn -0.219706 -0.925959 0.307131
vn -0.219706 -0.925959 0.307131
vn 0.363187 -0.678123 -0.638940
vn 0.363187 -0.678123 -0.638940
vn 0.363187 -0.678123 -0.638940
vn -0.442846 -0.657241 0.609853
vn -0.442846 -0.657241 0.609853
vn -0.442846 -0.657241 0.609853
vn 0.299591 -0.909155 -0.289281
vn 0.299591 -0.909155 -0.289281
vn 0.299591 -0.909155 -0.289281
vn -0.015188 -0.999116 0.039194
vn -0.015188 -0.999116 0.039194
vn -0.015188 -0.999116 0.039194
vn -0.111985 -0.905744 -0.408762
vn -0.111985 -0.905744 -0.408762
vn -0.111985 -0.905744 -0.408762
vn -0.001556 -0.078505 -0.996913
vn -0.001556 -0.078505 -0.996913
vn -0.001556 -0.078505 -0.996913
vn -0.069030 -0.996384 -0.049546
vn -0.069030 -0.996384 -0.049546
vn -0.069030 -0.996384 -0.049546
vn -0.011938 -0.936453 -0.350590
vn -0.011938 -0.936453 -0.350590
vn -0.011938 -0.936453 -0.350590
vn 0.171037 -0.573151 -0.801402
vn 0.171037 -0.573151 -0.801402
vn 0.171037 -0.573151 -0.801402
vn 0.096250 -0.067657 0.993055
vn 0.096250 -0.067657 0.993055
vn 0.096250 -0.067657 0.993055
vn -0.025549 -0.996353 0.081408
vn -0.025549 -0.996353 0.081408
vn -0.025549 -0.996353 0.081408
vn -0.223131 -0.246368 0.943141
vn -0.223131 -0.246368 0.943141
vn -0.223131 -0.246368 0.943141
vn 0.071193 -0.871317 -0.485528
vn 0.071193 -0.871317 -0.485528
vn 0.071193 -0.871317 -0.485528
vn -0.218345 -0.749130 0.625404
vn -0.218345 -0.749130 0.625404
vn -0.218345 -0.749130 0.625404
vn -0.245638 -0.507988 -0.825597
vn -0.245638 -0.507988 -0.825597
vn -0.245638 -0.507988 -0.825597
vn -0.432815 -0.828951 -0.354277
vn -0.432815 -0.828951 -0.354277
vn -0.432815 -0.828951 -0.354277
vn -0.456849 -0.832578 -0.313213
vn -0.456849 -0.832578 -0.313213
vn -0.475311 -0.772562 -0.420984
vn -0.475311 -0.772562 -0.420984
vn -0.475311 -0.772562 -0.420984
vn -0.126005 -0.988238 0.086651
vn -0.126005 -0.988238 0.086651
vn -0.126005 -0.988238 0.086651
vn -0.446666 -0.260106 -0.856058
vn -0.446666 -0.260106 -0.856058
vn -0.446666 -0.260106 -0.856058
vn 0.445767 -0.719073 0.533128
vn 0.445767 -0.719073 0.533128
vn 0.445767 -0.719073 0.533128
vn -0.388710 -0.863397 -0.321636
vn -0.388710 -0.863397 -0.321636
vn -0.388710 -0.863397 -0.321636
vn 0.042428 -0.949136 0.311994
vn 0.042428 -0.949136 0.311994
vn 0.042428 -0.949136 0.311994
vn -0.283804 -0.817882 -0.500524
vn -0.283804 -0.817882 -0.500524
vn -0.283804 -0.817882 -0.500524
vn 0.034329 -0.901349 0.431731
vn 0.034329 -0.901349 0.431731
vn 0.034329 -0.901349 0.431731
vn 0.327997 -0.427132 0.842601
vn 0.327997 -0.427132 0.842601
vn 0.327997 -0.427132 0.842601
vn 0.175067 -0.936610 -0.303502
vn 0.175067 -0.936610 -0.303502
vn 0.175067 -0.936610 -0.303502
vn -0.076666 -0.995538 0.055022
vn -0.076666 -0.995538 0.055022
vn -0.076666 -0.995538 0.055022
vn 0.002772 -0.999200 0.039902
vn 0.002772 -0.999200 0.039902
vn 0.002772 -0.999200 0.039902
vn -0.236866 -0.964514 0.116648
vn -0.236866 -0.964514 0.116648
vn -0.236866 -0.964514 0.116648
vn -0.322387 -0.932735 0.161469
vn -0.322387 -0.932735 0.161469
vn -0.322387 -0.932735 0.161469
vn 0.653980 -0.683650 -0.323933
vn 0.653980 -0.683650 -0.323933
vn 0.653980 -0.683650 -0.323933
vn -0.667388 0.135530 0.732274
vn -0.667388 0.135530 0.732274
vn -0.667388 0.135530 0.732274
vn 0.131452 -0.970242 -0.203350
vn 0.131452 -0.970242 -0.203350
vn 0.131452 -0.970242 -0.203350
vn -0.607691 -0.497759 0.618828
vn -0.607691 -0.497759 0.618828
vn -0.607691 -0.497759 0.618828
vn -0.629683 -0.545293 0.553312
vn -0.629683 -0.545293 0.553312
vn -0.629683 -0.545293 0.553312
vn 0.848351 0.083351 -0.522832
vn 0.848351 0.083351 -0.522832
vn 0.848351 0.083351 -0.522832
vn -0.422195 -0.890601 0.169059
vn -0.422195 -0.890601 0.169059
vn -0.422195 -0.890601 0.169059
vn -0.586495 -0.751031 0.303275
vn -0.586495 -0.751031 0.303275
vn -0.586495 -0.751031 0.303275
vn 0.453672 -0.594255 -0.664111
vn 0.453672 -0.594255 -0.664111
vn 0.453672 -0.594255 -0.664111
vn -0.448292 0.730649 -0.514963
vn -0.448292 0.730649 -0.514963
vn -0.448292 0.730649 -0.514963
vn -0.458404 0.717219 -0.524845
vn 0.410850 0.635006 0.654194
vn 0.410850 0.635006 0.654194
vn 0.410850 0.635006 0.654194
vn 0.401232 0.663001 0.632015
vn -0.012004 0.879132 0.476428
vn -0.012004 0.879132 0.476428
vn -0.012004 0.879132 0.476428
vn -0.012243 0.877991 0.478521
vn 0.601409 0.531349 0.596636
vn 0.601409 0.531349 0.596636
vn 0.601409 0.531349 0.596636
vn 0.588171 0.567345 0.576347
vn 0.336175 0.671604 0.660253
vn 0.336175 0.671604 0.660253
vn 0.336175 0.671604 0.660253
vn 0.327292 0.699510 0.635269
vn 0.470655 -0.700168 0.536888
vn 0.470655 -0.700168 0.536888
vn 0.470655 -0.700168 0.536888
vn 0.446530 -0.732887 0.513310
vn -0.407314 -0.640056 -0.651479
vn -0.407314 -0.640056 -0.651479
vn -0.407314 -0.640056 -0.651479
vn -0.414774 -0.616540 -0.669209
vn 0.502280 -0.527788 -0.684949
vn 0.502280 -0.527788 -0.684949
vn 0.502280 -0.527788 -0.684949
vn 0.518757 -0.489840 -0.700677
vn -0.002160 -0.912739 -0.408537
vn -0.002160 -0.912739 -0.408537
vn -0.002160 -0.912739 -0.408537
vn 0.000064 -0.901789 -0.432177
vn 0.149676 -0.811846 0.564360
vn 0.149676 -0.811846 0.564360
vn 0.149676 -0.811846 0.564360
vn 0.169637 -0.791140 0.587640
vn -0.974441 0.154879 0.162719
vn -0.974441 0.154879 0.162719
vn -0.974441 0.154879 0.162719
vn -0.974441 0.154879 0.162719
vn -0.975435 0.156974 0.154550
vn -0.975435 0.156974 0.154550
vn 0.660659 -0.029856 -0.750092
vn 0.660659 -0.029856 -0.750092
vn 0.660659 -0.029856 -0.750092
vn 0.660659 -0.029856 -0.750092
vn -0.008275 -0.134728 0.990848
vn -0.008275 -0.134728 0.990848
vn -0.008275 -0.134728 0.990848
vn -0.008275 -0.134728 0.990848
vn -0.251872 -0.054249 0.966239
vn -0.251872 -0.054249 0.966239
vn -0.251872 -0.054249 0.966239
vn -0.251872 -0.054249 0.966239
vn -0.314131 0.275761 0.908448
vn -0.314131 0.275761 0.908448
vn -0.314131 0.275761 0.908448
vn -0.314131 0.275761 0.908448
vn -0.682819 -0.010931 0.730506
vn -0.682819 -0.010931 0.730506
vn -0.682819 -0.010931 0.730506
vn -0.682819 -0.010931 0.730506
vn -0.703644 0.065023 0.707571
vn -0.703644 0.065023 0.707571
vn -0.703644 0.065023 0.707571
vn -0.703644 0.065023 0.707571
vn -0.780379 0.015544 0.625114
vn -0.780379 0.015544 0.625114
vn -0.780379 0.015544 0.625114
vn -0.780379 0.015544 0.625114
vn -0.985746 0.018182 0.167255
vn -0.985746 0.018182 0.167255
vn -0.985746 0.018182 0.167255
vn -0.985746 0.018182 0.167255
vn 0.850577 0.036449 -0.524587
vn 0.850577 0.036449 -0.524587
vn 0.850577 0.036449 -0.524587
vn 0.850577 0.036449 -0.524587
vn 0.766954 -0.097491 -0.634253
vn 0.766954 -0.097491 -0.634253
vn 0.766954 -0.097491 -0.634253
vn 0.766954 -0.097491 -0.634253
vn 0.883362 -0.045621 -0.466465
vn 0.883362 -0.045621 -0.466465
vn 0.883362 -0.045621 -0.466465
vn 0.883362 -0.045621 -0.466465
vn 0.820538 0.027507 -0.570930
vn 0.820538 0.027507 -0.570930
vn 0.820538 0.027507 -0.570930
vn 0.820538 0.027507 -0.570930
vn 0.829163 -0.040541 -0.557535
vn 0.829163 -0.040541 -0.557535
vn 0.829163 -0.040541 -0.557535
vn 0.829163 -0.040541 -0.557535
vn 0.834143 0.022021 -0.551109
vn 0.834143 0.022021 -0.551109
vn 0.834143 0.022021 -0.551109
vn 0.834143 0.022021 -0.551109
vn -0.766172 0.085384 0.636938
vn -0.766172 0.085384 0.636938
vn -0.766172 0.085384 0.636938
vn -0.766172 0.085384 0.636938
vn -0.690032 0.027128 0.723270
vn -0.690032 0.027128 0.723270
vn -0.690032 0.027128 0.723270
vn -0.690032 0.027128 0.723270
vn 0.707072 -0.046625 -0.705603
vn 0.707072 -0.046625 -0.705603
vn 0.707072 -0.046625 -0.705603
vn 0.707072 -0.046625 -0.705603
vn -0.972406 0.164585 0.165342
vn -0.972406 0.164585 0.165342
vn -0.972406 0.164585 0.165342
vn -0.972406 0.164585 0.165342
vn -0.907017 0.271646 0.321761
vn -0.907017 0.271646 0.321761
vn -0.907017 0.271646 0.321761
vn -0.907017 0.271646 0.321761
vn 0.843651 -0.037601 -0.535573
vn 0.843651 -0.037601 -0.535573
vn 0.843651 -0.037601 -0.535573
vn 0.843651 -0.037601 -0.535573
vn -0.653523 0.217812 0.724890
vn -0.653523 0.217812 0.724890
vn -0.653523 0.217812 0.724890
vn -0.653523 0.217812 0.724890
vn 0.743971 0.003606 -0.668202
vn 0.743971 0.003606 -0.668202
vn 0.743971 0.003606 -0.668202
vn 0.743971 0.003606 -0.668202
vn -0.896718 0.023152 0.441996
vn -0.896718 0.023152 0.441996
vn -0.896718 0.023152 0.441996
vn -0.896718 0.023152 0.441996
vn 0.879010 -0.032957 -0.475663
vn 0.879010 -0.032957 -0.475663
vn 0.879010 -0.032957 -0.475663
vn 0.879010 -0.032957 -0.475663
vn -0.920058 0.085430 0.382354
vn -0.920058 0.085430 0.382354
vn -0.920058 0.085430 0.382354
vn -0.920058 0.085430 0.382354
vn -0.890551 0.052481 -0.451845
vn -0.890551 0.052481 -0.451845
vn -0.890551 0.052481 -0.451845
vn -0.890551 0.052481 -0.451845
vn -0.521966 0.172183 0.835407
vn -0.521966 0.172183 0.835407
vn -0.521966 0.172183 0.835407
vn -0.521966 0.172183 0.835407
vn 0.117976 0.988025 0.099438
vn 0.117976 0.988025 0.099438
vn 0.117976 0.988025 0.099438
vn 0.117976 0.988025 0.099438
vn -0.330942 0.529950 -0.780788
vn -0.330942 0.529950 -0.780788
vn -0.330942 0.529950 -0.780788
vn -0.330942 0.529950 -0.780788
vn 0.483800 0.110163 -0.868218
vn 0.483800 0.110163 -0.868218
vn 0.483800 0.110163 -0.868218
vn 0.483800 0.110163 -0.868218
vn 0.506187 0.110301 -0.855341
vn 0.506187 0.110301 -0.855341
vn 0.086275 0.123414 0.988598
vn 0.086275 0.123414 0.988598
vn 0.086275 0.123414 0.988598
vn 0.086275 0.123414 0.988598
vn -0.133614 -0.206565 -0.969267
vn -0.133614 -0.206565 -0.969267
vn -0.133614 -0.206565 -0.969267
vn -0.133614 -0.206565 -0.969267
vn -0.229308 0.162962 -0.959615
vn -0.229308 0.162962 -0.959615
vn -0.229308 0.162962 -0.959615
vn -0.229308 0.162962 -0.959615
vn 0.017305 -0.179859 -0.983540
vn 0.017305 -0.179859 -0.983540
vn 0.017305 -0.179859 -0.983540
vn 0.017305 -0.179859 -0.983540
vn 0.346267 -0.089880 -0.933821
vn 0.346267 -0.089880 -0.933821
vn 0.346267 -0.089880 -0.933821
vn 0.346267 -0.089880 -0.933821
vn 0.156892 -0.158833 -0.974760
vn 0.156892 -0.158833 -0.974760
vn 0.156892 -0.158833 -0.974760
vn 0.156892 -0.158833 -0.974760
vn 0.521270 -0.017607 -0.853210
vn 0.521270 -0.017607 -0.853210
vn 0.521270 -0.017607 -0.853210
vn 0.521270 -0.017607 -0.853210
vn -0.229087 0.153105 0.961290
vn -0.229087 0.153105 0.961290
vn -0.229087 0.153105 0.961290
vn -0.229087 0.153105 0.961290
vn 0.147919 0.005606 0.988984
vn 0.147919 0.005606 0.988984
vn 0.147919 0.005606 0.988984
vn 0.147919 0.005606 0.988984
vn -0.393896 0.126072 0.910468
vn -0.393896 0.126072 0.910468
vn -0.393896 0.126072 0.910468
vn -0.393896 0.126072 0.910468
vn -0.231064 0.103257 0.967444
vn -0.231064 0.103257 0.967444
vn -0.231064 0.103257 0.967444
vn -0.231064 0.103257 0.967444
vn 0.518495 0.134159 -0.844491
vn 0.518495 0.134159 -0.844491
vn 0.518495 0.134159 -0.844491
vn 0.518495 0.134159 -0.844491
vn -0.293586 -0.012594 -0.955850
vn -0.293586 -0.012594 -0.955850
vn -0.293586 -0.012594 -0.955850
vn -0.293586 -0.012594 -0.955850
vn -0.054350 0.078618 0.995422
vn -0.054350 0.078618 0.995422
vn -0.054350 0.078618 0.995422
vn -0.054350 0.078618 0.995422
vn 0.256599 0.066385 -0.964235
vn 0.256599 0.066385 -0.964235
vn 0.256599 0.066385 -0.964235
vn 0.256599 0.066385 -0.964235
vn -0.159368 0.054530 0.985712
vn -0.159368 0.054530 0.985712
vn -0.159368 0.054530 0.985712
vn -0.159368 0.054530 0.985712
vn 0.099940 -0.094400 -0.990505
vn 0.099940 -0.094400 -0.990505
vn 0.099940 -0.094400 -0.990505
vn 0.099940 -0.094400 -0.990505
vn 0.627194 0.084026 0.774317
vn 0.627194 0.084026 0.774317
vn 0.627194 0.084026 0.774317
vn 0.627194 0.084026 0.774317
vn -0.392466 0.011034 -0.919700
vn -0.392466 0.011034 -0.919700
vn -0.392466 0.011034 -0.919700
vn -0.392466 0.011034 -0.919700
vn 0.775321 0.210739 -0.595370
vn 0.775321 0.210739 -0.595370
vn 0.775321 0.210739 -0.595370
vn 0.775321 0.210739 -0.595370
vn -0.197478 0.148905 0.968932
vn -0.197478 0.148905 0.968932
vn -0.197478 0.148905 0.968932
vn -0.197478 0.148905 0.968932
vn 0.745282 0.146266 -0.650508
vn 0.745282 0.146266 -0.650508
vn 0.745282 0.146266 -0.650508
vn 0.745282 0.146266 -0.650508
vn -0.279861 -0.102977 -0.954502
vn -0.279861 -0.102977 -0.954502
vn -0.279861 -0.102977 -0.954502
vn -0.279861 -0.102977 -0.954502
vn -0.781230 0.624162 0.010104
vn -0.781230 0.624162 0.010104
vn -0.781230 0.624162 0.010104
vn -0.781230 0.624162 0.010104
vn 0.668200 0.716295 0.201076
vn 0.668200 0.716295 0.201076
vn 0.668200 0.716295 0.201076
vn 0.668200 0.716295 0.201076
vn -0.558766 0.122816 -0.820181
vn -0.558766 0.122816 -0.820181
vn -0.558766 0.122816 -0.820181
vn -0.558766 0.122816 -0.820181
vn -0.916805 0.010058 -0.399209
vn -0.916805 0.010058 -0.399209
vn -0.916805 0.010058 -0.399209
vn -0.916805 0.010058 -0.399209
vn -0.903910 0.005244 -0.427690
vn -0.903910 0.005244 -0.427690
vn -0.903910 0.005244 -0.427690
vn -0.903910 0.005244 -0.427690
vn -0.989097 0.080343 0.123420
vn -0.989097 0.080343 0.123420
vn -0.989097 0.080343 0.123420
vn -0.989097 0.080343 0.123420
vn -0.987261 -0.080943 0.136978
vn -0.987261 -0.080943 0.136978
vn -0.987261 -0.080943 0.136978
vn -0.987261 -0.080943 0.136978
vn -0.915266 -0.031503 -0.401617
vn -0.915266 -0.031503 -0.401617
vn -0.915266 -0.031503 -0.401617
vn -0.915266 -0.031503 -0.401617
vn -0.885228 -0.025664 -0.464449
vn -0.885228 -0.025664 -0.464449
vn -0.885228 -0.025664 -0.464449
vn -0.885228 -0.025664 -0.464449
vn -0.497083 -0.033875 -0.867041
vn -0.497083 -0.033875 -0.867041
vn -0.497083 -0.033875 -0.867041
vn -0.497083 -0.033875 -0.867041
vn 0.802055 0.052860 0.594906
vn 0.802055 0.052860 0.594906
vn 0.802055 0.052860 0.594906
vn 0.802055 0.052860 0.594906
vn 0.900322 0.022647 0.434635
vn 0.900322 0.022647 0.434635
vn 0.900322 0.022647 0.434635
vn 0.900322 0.022647 0.434635
vn 0.753536 0.005334 0.657386
vn 0.753536 0.005334 0.657386
vn 0.753536 0.005334 0.657386
vn 0.753536 0.005334 0.657386
vn 0.900622 0.024703 0.433901
vn 0.900622 0.024703 0.433901
vn 0.900622 0.024703 0.433901
vn 0.900622 0.024703 0.433901
vn 0.767301 0.042849 0.639854
vn 0.767301 0.042849 0.639854
vn 0.767301 0.042849 0.639854
vn 0.767301 0.042849 0.639854
vn 0.747325 0.093513 0.657846
vn 0.747325 0.093513 0.657846
vn 0.747325 0.093513 0.657846
vn 0.747325 0.093513 0.657846
vn -0.587012 -0.083387 -0.805273
vn -0.587012 -0.083387 -0.805273
vn -0.587012 -0.083387 -0.805273
vn -0.587012 -0.083387 -0.805273
vn 0.955994 0.086121 0.280462
vn 0.955994 0.086121 0.280462
vn 0.955994 0.086121 0.280462
vn 0.955994 0.086121 0.280462
vn -0.830029 0.011883 -0.557594
vn -0.830029 0.011883 -0.557594
vn -0.830029 0.011883 -0.557594
vn -0.830029 0.011883 -0.557594
vn -0.716718 0.053206 -0.695331
vn -0.716718 0.053206 -0.695331
vn -0.716718 0.053206 -0.695331
vn -0.716718 0.053206 -0.695331
vn -0.502374 0.178754 -0.845971
vn -0.502374 0.178754 -0.845971
vn -0.502374 0.178754 -0.845971
vn -0.502374 0.178754 -0.845971
vn 0.122946 0.155342 -0.980180
vn 0.122946 0.155342 -0.980180
vn 0.122946 0.155342 -0.980180
vn 0.122946 0.155342 -0.980180
vn 0.935651 0.065116 0.346868
vn 0.935651 0.065116 0.346868
vn 0.935651 0.065116 0.346868
vn 0.935651 0.065116 0.346868
vn -0.974892 0.177380 -0.134622
vn -0.974892 0.177380 -0.134622
vn -0.974892 0.177380 -0.134622
vn -0.974892 0.177380 -0.134622
vn 0.523157 0.606533 -0.598685
vn 0.523157 0.606533 -0.598685
vn 0.523157 0.606533 -0.598685
vn 0.523157 0.606533 -0.598685
vn 0.999344 -0.032712 0.015520
vn 0.999344 -0.032712 0.015520
vn 0.999344 -0.032712 0.015520
vn 0.999344 -0.032712 0.015520
vn 0.866194 0.348713 -0.357920
vn 0.866194 0.348713 -0.357920
vn 0.866194 0.348713 -0.357920
vn 0.866194 0.348713 -0.357920
vn 0.852769 -0.229962 -0.468938
vn 0.852769 -0.229962 -0.468938
vn 0.852769 -0.229962 -0.468938
vn 0.852769 -0.229962 -0.468938
vn 0.999144 -0.040886 -0.006283
vn 0.999144 -0.040886 -0.006283
vn 0.999144 -0.040886 -0.006283
vn 0.999144 -0.040886 -0.006283
vn 0.991777 -0.081483 0.098685
vn 0.991777 -0.081483 0.098685
vn 0.991777 -0.081483 0.098685
vn 0.991777 -0.081483 0.098685
vn 0.763734 -0.086608 0.639695
vn 0.763734 -0.086608 0.639695
vn 0.763734 -0.086608 0.639695
vn 0.763734 -0.086608 0.639695
vn -0.996244 0.065435 0.056705
vn -0.996244 0.065435 0.056705
vn -0.996244 0.065435 0.056705
vn -0.996244 0.065435 0.056705
vn -0.951968 0.028116 -0.304904
vn -0.951968 0.028116 -0.304904
vn -0.951968 0.028116 -0.304904
vn -0.951968 0.028116 -0.304904
vn -0.994307 0.095024 -0.048205
vn -0.994307 0.095024 -0.048205
vn -0.994307 0.095024 -0.048205
vn -0.994307 0.095024 -0.048205
vn -0.978121 -0.031437 -0.205649
vn -0.978121 -0.031437 -0.205649
vn -0.978121 -0.031437 -0.205649
vn -0.978121 -0.031437 -0.205649
vn 0.930103 -0.059194 0.362499
vn 0.930103 -0.059194 0.362499
vn 0.930103 -0.059194 0.362499
vn 0.930103 -0.059194 0.362499
vn -0.984033 0.096595 -0.149495
vn -0.984033 0.096595 -0.149495
vn -0.984033 0.096595 -0.149495
vn -0.984033 0.096595 -0.149495
vn 0.869083 0.281927 -0.406463
vn 0.869083 0.281927 -0.406463
vn 0.869083 0.281927 -0.406463
vn 0.869083 0.281927 -0.406463
vn -0.994736 0.095770 0.036446
vn -0.994736 0.095770 0.036446
vn -0.994736 0.095770 0.036446
vn -0.994736 0.095770 0.036446
vn 0.993000 -0.117469 0.012317
vn 0.993000 -0.117469 0.012317
vn 0.993000 -0.117469 0.012317
vn 0.993000 -0.117469 0.012317
vn -0.987745 0.025551 -0.153969
vn -0.987745 0.025551 -0.153969
vn -0.987745 0.025551 -0.153969
vn -0.987745 0.025551 -0.153969
vn -0.996884 0.075514 -0.022801
vn -0.996884 0.075514 -0.022801
vn -0.996884 0.075514 -0.022801
vn -0.996884 0.075514 -0.022801
vn -0.980027 0.080017 -0.182055
vn -0.980027 0.080017 -0.182055
vn -0.980027 0.080017 -0.182055
vn -0.980027 0.080017 -0.182055
vn 0.917379 0.010150 0.397885
vn 0.917379 0.010150 0.397885
vn 0.917379 0.010150 0.397885
vn 0.917379 0.010150 0.397885
vn -0.996107 0.051112 -0.071829
vn -0.996107 0.051112 -0.071829
vn -0.996107 0.051112 -0.071829
vn -0.996107 0.051112 -0.071829
vn 0.796927 -0.151089 0.584876
vn 0.796927 -0.151089 0.584876
vn 0.796927 -0.151089 0.584876
vn 0.796927 -0.151089 0.584876
vn 0.070727 -0.494384 0.866361
vn 0.070727 -0.494384 0.866361
vn 0.070727 -0.494384 0.866361
vn 0.070727 -0.494384 0.866361
vn -0.095755 -0.056537 0.993798
vn -0.095755 -0.056537 0.993798
vn -0.095755 -0.056537 0.993798
vn -0.095755 -0.056537 0.993798
vn 0.925645 0.006074 -0.378344
vn 0.925645 0.006074 -0.378344
vn 0.925645 0.006074 -0.378344
vn 0.925645 0.006074 -0.378344
vn -0.293475 -0.145044 0.944899
vn -0.293475 -0.145044 0.944899
vn -0.293475 -0.145044 0.944899
vn -0.293475 -0.145044 0.944899
vn 0.296352 -0.163882 -0.940914
vn 0.296352 -0.163882 -0.940914
vn 0.296352 -0.163882 -0.940914
vn 0.296352 -0.163882 -0.940914
vn 0.536068 -0.061516 -0.841931
vn 0.536068 -0.061516 -0.841931
vn 0.536068 -0.061516 -0.841931
vn 0.536068 -0.061516 -0.841931
vn 0.794036 -0.173009 -0.582731
vn 0.794036 -0.173009 -0.582731
vn 0.794036 -0.173009 -0.582731
vn 0.794036 -0.173009 -0.582731
vn 0.962120 -0.061537 -0.265593
vn 0.962120 -0.061537 -0.265593
vn 0.962120 -0.061537 -0.265593
vn 0.962120 -0.061537 -0.265593
vn 0.911285 -0.180858 -0.369933
vn 0.911285 -0.180858 -0.369933
vn 0.911285 -0.180858 -0.369933
vn 0.911285 -0.180858 -0.369933
vn -0.915420 0.138888 0.377777
vn -0.915420 0.138888 0.377777
vn -0.915420 0.138888 0.377777
vn -0.915420 0.138888 0.377777
vn -0.921326 0.094731 0.377074
vn -0.921326 0.094731 0.377074
vn -0.853878 0.082426 0.513904
vn -0.853878 0.082426 0.513904
vn -0.853878 0.082426 0.513904
vn -0.853878 0.082426 0.513904
vn -0.847298 0.107417 0.520143
vn -0.847298 0.107417 0.520143
vn -0.921669 0.175356 0.346088
vn -0.921669 0.175356 0.346088
vn -0.921669 0.175356 0.346088
vn -0.921669 0.175356 0.346088
vn -0.921057 0.017958 0.389014
vn -0.921057 0.017958 0.389014
vn -0.921057 0.017958 0.389014
vn -0.921057 0.017958 0.389014
vn -0.847587 0.010822 0.530547
vn -0.847587 0.010822 0.530547
vn -0.847587 0.010822 0.530547
vn -0.847587 0.010822 0.530547
vn 0.764025 -0.123922 -0.633174
vn 0.764025 -0.123922 -0.633174
vn 0.764025 -0.123922 -0.633174
vn 0.764025 -0.123922 -0.633174
vn 0.430675 0.060206 -0.900497
vn 0.430675 0.060206 -0.900497
vn 0.430675 0.060206 -0.900497
vn 0.430675 0.060206 -0.900497
vn -0.720525 0.225019 0.655904
vn -0.720525 0.225019 0.655904
vn -0.720525 0.225019 0.655904
vn -0.720525 0.225019 0.655904
vn 0.890051 -0.111787 -0.441943
vn 0.890051 -0.111787 -0.441943
vn 0.890051 -0.111787 -0.441943
vn 0.890051 -0.111787 -0.441943
vn 0.438115 -0.229987 -0.869000
vn 0.438115 -0.229987 -0.869000
vn 0.438115 -0.229987 -0.869000
vn 0.438115 -0.229987 -0.869000
vn 0.768141 -0.479512 0.424297
vn 0.768141 -0.479512 0.424297
vn 0.768141 -0.479512 0.424297
vn 0.768141 -0.479512 0.424297
vn 0.994301 0.063042 -0.085971
vn 0.994301 0.063042 -0.085971
vn 0.994301 0.063042 -0.085971
vn 0.994301 0.063042 -0.085971
vn 0.964494 0.261428 0.037520
vn 0.964494 0.261428 0.037520
vn 0.964494 0.261428 0.037520
vn 0.964494 0.261428 0.037520
vn -0.796814 0.120175 0.592153
vn -0.796814 0.120175 0.592153
vn -0.796814 0.120175 0.592153
vn -0.796814 0.120175 0.592153
vn 0.636980 -0.010906 -0.770803
vn 0.636980 -0.010906 -0.770803
vn 0.636980 -0.010906 -0.770803
vn 0.636980 -0.010906 -0.770803
vn 0.326582 0.126286 0.936694
vn 0.326582 0.126286 0.936694
vn 0.326582 0.126286 0.936694
vn 0.326582 0.126286 0.936694
vn 0.190332 0.087673 0.977797
vn 0.190332 0.087673 0.977797
vn 0.190332 0.087673 0.977797
vn 0.190332 0.087673 0.977797
vn -0.777071 0.077480 -0.624625
vn -0.777071 0.077480 -0.624625
vn -0.777071 0.077480 -0.624625
vn -0.777071 0.077480 -0.624625
vn 0.990290 0.109975 0.085041
vn 0.990290 0.109975 0.085041
vn 0.990290 0.109975 0.085041
vn 0.990290 0.109975 0.085041
vn 0.983226 -0.042656 0.177335
vn 0.983226 -0.042656 0.177335
vn 0.983226 -0.042656 0.177335
vn 0.983226 -0.042656 0.177335
vn 0.807627 0.003912 0.589681
vn 0.807627 0.003912 0.589681
vn 0.807627 0.003912 0.589681
vn 0.807627 0.003912 0.589681
vn 0.606788 -0.006309 0.794839
vn 0.606788 -0.006309 0.794839
vn 0.606788 -0.006309 0.794839
vn 0.606788 -0.006309 0.794839
vn 0.673318 -0.068212 0.736200
vn 0.673318 -0.068212 0.736200
vn 0.673318 -0.068212 0.736200
vn 0.673318 -0.068212 0.736200
vn 0.253340 -0.133653 0.958100
vn 0.253340 -0.133653 0.958100
vn 0.253340 -0.133653 0.958100
vn 0.253340 -0.133653 0.958100
vn 0.262569 0.328132 0.907407
vn 0.262569 0.328132 0.907407
vn 0.262569 0.328132 0.907407
vn 0.262569 0.328132 0.907407
vn -0.543554 0.099692 -0.833433
vn -0.543554 0.099692 -0.833433
vn -0.543554 0.099692 -0.833433
vn -0.543554 0.099692 -0.833433
vn -0.520986 -0.024074 -0.853226
vn -0.520986 -0.024074 -0.853226
vn -0.520986 -0.024074 -0.853226
vn -0.520986 -0.024074 -0.853226
vn -0.481303 0.016835 -0.876392
vn -0.481303 0.016835 -0.876392
vn -0.481303 0.016835 -0.876392
vn -0.481303 0.016835 -0.876392
vn -0.064465 -0.173851 -0.982660
vn -0.064465 -0.173851 -0.982660
vn -0.064465 -0.173851 -0.982660
vn -0.064465 -0.173851 -0.982660
vn 0.664405 -0.034330 0.746584
vn 0.664405 -0.034330 0.746584
vn 0.664405 -0.034330 0.746584
vn 0.664405 -0.034330 0.746584
vn -0.714566 0.080779 -0.694889
vn -0.714566 0.080779 -0.694889
vn -0.714566 0.080779 -0.694889
vn -0.714566 0.080779 -0.694889
vn 0.939829 0.030498 0.340281
vn 0.939829 0.030498 0.340281
vn 0.939829 0.030498 0.340281
vn 0.939829 0.030498 0.340281
vn -0.728861 0.029736 -0.684015
vn -0.728861 0.029736 -0.684015
vn -0.728861 0.029736 -0.684015
vn -0.728861 0.029736 -0.684015
vn 0.477550 0.062152 0.876403
vn 0.477550 0.062152 0.876403
vn 0.477550 0.062152 0.876403
vn 0.477550 0.062152 0.876403
vn -0.594452 0.011905 -0.804043
vn -0.594452 0.011905 -0.804043
vn -0.594452 0.011905 -0.804043
vn -0.594452 0.011905 -0.804043
vn -0.880463 0.259198 -0.396992
vn -0.880463 0.259198 -0.396992
vn -0.880463 0.259198 -0.396992
vn -0.880463 0.259198 -0.396992
vn 0.539532 0.015603 0.841821
vn 0.539532 0.015603 0.841821
vn 0.539532 0.015603 0.841821
vn 0.539532 0.015603 0.841821
vn -0.516903 0.019420 -0.855824
vn -0.516903 0.019420 -0.855824
vn -0.516903 0.019420 -0.855824
vn -0.516903 0.019420 -0.855824
vn 0.393067 -0.017846 0.919337
vn 0.393067 -0.017846 0.919337
vn 0.393067 -0.017846 0.919337
vn 0.393067 -0.017846 0.919337
vn -0.523340 -0.069983 -0.849245
vn -0.523340 -0.069983 -0.849245
vn -0.523340 -0.069983 -0.849245
vn -0.523340 -0.069983 -0.849245
vn 0.064020 0.223710 0.972551
vn 0.064020 0.223710 0.972551
vn 0.064020 0.223710 0.972551
vn 0.064020 0.223710 0.972551
vn -0.152563 -0.053299 0.986856
vn -0.152563 -0.053299 0.986856
vn -0.152563 -0.053299 0.986856
vn -0.152563 -0.053299 0.986856
vn 0.876220 0.124200 0.465632
vn 0.876220 0.124200 0.465632
vn 0.876220 0.124200 0.465632
vn 0.876220 0.124200 0.465632
vn 0.444584 0.702597 -0.555609
vn 0.444584 0.702597 -0.555609
vn 0.444584 0.702597 -0.555609
vn 0.444584 0.702597 -0.555609
vn -0.715020 0.587475 0.378972
vn -0.715020 0.587475 0.378972
vn -0.715020 0.587475 0.378972
vn -0.715020 0.587475 0.378972
vn -0.276838 0.535299 0.798008
vn -0.276838 0.535299 0.798008
vn -0.276838 0.535299 0.798008
vn -0.276838 0.535299 0.798008
vn 0.097364 0.988665 -0.114286
vn 0.097364 0.988665 -0.114286
vn 0.097364 0.988665 -0.114286
vn 0.097364 0.988665 -0.114286
vn -0.380128 0.698079 -0.606785
vn -0.380128 0.698079 -0.606785
vn -0.380128 0.698079 -0.606785
vn -0.380128 0.698079 -0.606785
g Lettuce_LightGreen
usemtl LightGreen
f 1 2 3
f 4 5 6
f 7 8 9
f 10 11 12
f 13 14 15
f 16 17 18
f 19 20 21
f 22 23 24
f 25 26 27
f 28 29 30
f 31 32 33
f 34 35 36
f 37 38 39
f 40 41 42
f 43 44 45
f 46 47 48
f 49 50 51
f 52 53 54
f 55 56 57
f 58 59 60
f 61 62 63
f 64 65 66
f 67 68 69
f 70 71 72
f 73 74 75
f 76 77 78
f 79 80 81
f 82 83 84
f 85 86 87
f 88 89 90
f 91 92 93
f 94 95 96
f 97 98 99
f 100 101 102
f 103 104 105
f 106 107 108
f 109 110 111
f 112 113 114
f 115 116 117
f 118 119 120
f 121 122 123
f 124 125 126
f 127 128 129
f 130 131 132
f 133 134 135
f 136 137 138
f 139 140 141
f 142 143 144
f 145 146 147
f 148 149 150
f 151 152 153
f 154 155 156
f 157 158 159
f 160 161 162
f 163 164 165
f 166 167 168
f 169 170 171
f 172 173 174
f 175 176 177
f 178 179 180
f 181 182 183
f 184 185 186
f 187 188 189
f 190 191 192
f 193 194 195
f 196 197 198
f 199 200 201
f 202 203 204
f 205 206 207
f 208 209 210
f 211 212 213
f 214 215 216
f 217 218 219
f 220 221 222
f 223 224 225
f 226 227 228
f 229 230 231
f 232 233 234
f 235 236 237
f 238 239 240
f 241 242 243
f 244 245 246
f 247 248 249
f 250 251 252
f 253 254 255
f 256 257 258
f 259 260 261
f 262 263 264
f 265 266 267
f 268 269 270
f 271 272 273
f 274 275 276
f 277 278 279
f 280 281 282
f 283 284 285
f 286 287 288
f 289 290 291
f 292 293 294
f 295 296 297
f 298 299 300
f 301 302 303
f 304 305 306
f 307 308 309
f 310 311 312
f 313 314 315
f 316 317 318
f 319 320 321
f 322 323 324
f 325 326 327
f 328 329 330
f 331 332 333
f 334 335 336
f 337 338 339
f 340 341 342
f 343 344 345
f 346 347 348
f 349 350 351
f 352 353 354
f 355 356 357
f 358 359 360
f 361 362 363
f 364 365 366
f 367 368 369
f 370 371 372
f 373 374 375
f 376 377 378
f 379 380 381
f 382 383 384
f 385 386 387
f 388 389 390
f 391 392 393
f 394 395 396
f 397 398 399
f 400 401 402
f 403 404 405
f 406 407 408
f 409 410 411
f 412 413 414
f 415 416 417
f 418 419 420
f 421 422 423
f 424 425 426
f 427 428 429
f 430 431 432
f 433 434 435
f 436 437 438
f 439 440 441
f 442 443 444
f 445 446 447
f 448 449 450
f 451 452 453
f 454 455 456
f 457 458 459
f 460 461 462
f 463 464 465
f 466 467 468
f 469 470 471
f 472 473 474
f 475 476 477
f 478 479 480
f 481 482 483
f 484 485 486
f 487 488 489
f 490 491 492
f 493 494 495
f 496 497 498
f 499 500 501
f 502 503 504
f 505 506 507
f 508 509 510
f 511 512 513
f 514 515 516
f 517 518 519
f 520 521 522
f 523 524 525
f 526 527 528
f 529 530 531
f 532 533 534
f 535 536 537
f 538 539 540
f 541 542 543
f 544 545 546
f 547 548 549
f 550 551 552
f 553 554 555
f 556 557 558
f 559 560 561
f 562 563 564
f 565 566 567
f 568 569 570
f 571 572 573
f 574 575 576
f 577 578 579
f 580 581 582
f 583 584 585
f 586 587 588
f 589 590 591
f 592 593 594
f 595 596 597
f 598 599 600
f 601 602 603
f 604 605 606
f 607 608 609
f 610 611 612
f 613 614 615
f 616 617 618
f 619 620 621
f 622 623 624
f 625 626 627
f 628 629 630
f 631 632 633
f 634 635 636
f 637 638 639
f 640 641 642
f 643 644 645
f 646 647 648
f 649 650 651
f 652 653 654
f 655 656 657
f 658 659 660
f 661 662 663
f 664 665 666
f 667 668 669
f 670 671 672
f 673 674 675
f 676 677 678
f 679 680 681
f 682 683 684
f 685 686 687
f 688 689 690
f 691 692 693
f 694 695 696
f 697 698 699
f 700 701 702
f 703 704 705
f 706 707 708
f 709 710 711
f 712 713 714
f 715 716 717
f 718 719 720
f 721 722 723
f 724 725 726
f 727 728 729
f 730 731 732
f 733 734 735
f 736 737 738
f 739 740 741
f 742 743 744
f 745 746 747
f 748 749 750
f 751 752 753
f 754 755 756
f 757 758 759
f 760 761 762
f 763 760 764
f 765 766 767
f 768 769 770
f 771 772 773
f 774 775 776
f 777 778 779
f 780 781 782
f 783 784 785
f 786 787 788
f 789 790 791
f 792 793 794
f 795 796 797
f 798 799 800
f 801 802 803
f 804 805 806
f 807 808 809
f 810 811 812
f 813 814 815
f 816 817 818
f 819 820 821
f 822 823 824
f 825 826 827
f 828 829 830
f 831 832 833
f 834 835 836
f 834 836 837
f 838 839 840
f 838 840 841
f 842 843 844
f 842 844 845
f 846 847 848
f 846 848 849
f 850 851 852
f 850 852 853
f 854 855 856
f 854 857 855
f 858 859 860
f 858 861 859
f 862 863 864
f 862 865 863
f 866 867 868
f 866 869 867
f 870 871 872
f 872 871 873
f 874 875 876
f 874 876 877
f 877 876 878
f 877 878 879
f 880 881 882
f 880 882 883
f 884 885 886
f 884 886 887
f 888 889 890
f 888 890 891
f 892 893 894
f 892 894 895
f 896 897 898
f 896 898 899
f 900 901 902
f 900 902 903
f 904 905 906
f 904 906 907
f 908 909 910
f 908 910 911
f 912 913 914
f 912 914 915
f 916 917 918
f 916 918 919
f 920 921 922
f 920 922 923
f 924 925 926
f 924 926 927
f 928 929 930
f 928 930 931
f 932 933 934
f 932 934 935
f 936 937 938
f 936 938 939
f 940 941 942
f 940 942 943
f 944 945 946
f 944 946 947
f 948 949 950
f 948 950 951
f 952 953 954
f 952 954 955
f 956 957 958
f 956 958 959
f 960 961 962
f 960 962 963
f 964 965 966
f 964 966 967
f 968 969 970
f 968 970 971
f 972 973 974
f 972 974 975
f 976 977 978
f 976 978 979
f 980 981 982
f 980 982 983
f 984 985 986
f 984 986 987
f 988 989 990
f 988 990 991
f 992 993 994
f 992 994 995
f 996 997 998
f 996 998 999
f 999 998 1000
f 999 1000 1001
f 1002 1003 1004
f 1002 1004 1005
f 1006 1007 1008
f 1006 1008 1009
f 1010 1011 1012
f 1010 1012 1013
f 1014 1015 1016
f 1014 1016 1017
f 1018 1019 1020
f 1018 1020 1021
f 1022 1023 1024
f 1022 1024 1025
f 1026 1027 1028
f 1026 1028 1029
f 1030 1031 1032
f 1030 1032 1033
f 1034 1035 1036
f 1034 1036 1037
f 1038 1039 1040
f 1038 1040 1041
f 1042 1043 1044
f 1042 1044 1045
f 1046 1047 1048
f 1046 1048 1049
f 1050 1051 1052
f 1050 1052 1053
f 1054 1055 1056
f 1054 1056 1057
f 1058 1059 1060
f 1058 1060 1061
f 1062 1063 1064
f 1062 1064 1065
f 1066 1067 1068
f 1066 1068 1069
f 1070 1071 1072
f 1070 1072 1073
f 1074 1075 1076
f 1074 1076 1077
f 1078 1079 1080
f 1078 1080 1081
f 1082 1083 1084
f 1082 1084 1085
f 1086 1087 1088
f 1086 1088 1089
f 1090 1091 1092
f 1090 1092 1093
f 1094 1095 1096
f 1094 1096 1097
f 1098 1099 1100
f 1098 1100 1101
f 1102 1103 1104
f 1102 1104 1105
f 1106 1107 1108
f 1106 1108 1109
f 1110 1111 1112
f 1110 1112 1113
f 1114 1115 1116
f 1114 1116 1117
f 1118 1119 1120
f 1118 1120 1121
f 1122 1123 1124
f 1122 1124 1125
f 1126 1127 1128
f 1126 1128 1129
f 1130 1131 1132
f 1130 1132 1133
f 1134 1135 1136
f 1134 1136 1137
f 1138 1139 1140
f 1138 1140 1141
f 1142 1143 1144
f 1142 1144 1145
f 1146 1147 1148
f 1146 1148 1149
f 1150 1151 1152
f 1150 1152 1153
f 1154 1155 1156
f 1154 1156 1157
f 1158 1159 1160
f 1158 1160 1161
f 1162 1163 1164
f 1162 1164 1165
f 1166 1167 1168
f 1166 1168 1169
f 1170 1171 1172
f 1170 1172 1173
f 1174 1175 1176
f 1174 1176 1177
f 1178 1179 1180
f 1178 1180 1181
f 1182 1183 1184
f 1182 1184 1185
f 1186 1187 1188
f 1186 1188 1189
f 1190 1191 1192
f 1190 1192 1193
f 1194 1195 1196
f 1194 1196 1197
f 1198 1199 1200
f 1198 1200 1201
f 1202 1203 1204
f 1202 1204 1205
f 1206 1207 1208
f 1206 1208 1209
f 1210 1211 1212
f 1210 1212 1213
f 1214 1215 1216
f 1214 1216 1217
f 1218 1219 1220
f 1218 1220 1221
f 1222 1223 1224
f 1222 1224 1225
f 1226 1227 1228
f 1226 1228 1229
f 1230 1231 1232
f 1230 1232 1233
f 1234 1235 1236
f 1234 1236 1237
f 1238 1239 1240
f 1238 1240 1241
f 1242 1243 1244
f 1242 1244 1245
f 1246 1247 1248
f 1246 1248 1249
f 1250 1251 1252
f 1250 1252 1253
f 1254 1255 1256
f 1254 1256 1257
f 1258 1259 1260
f 1258 1260 1261
f 1262 1263 1264
f 1262 1264 1265
f 1266 1267 1268
f 1266 1268 1269
f 1270 1271 1272
f 1270 1272 1273
f 1274 1275 1276
f 1274 1276 1277
f 1278 1279 1280
f 1278 1280 1281
f 1282 1283 1284
f 1282 1284 1285
f 1286 1287 1288
f 1286 1288 1289
f 1290 1291 1292
f 1290 1292 1293
f 1294 1295 1296
f 1294 1296 1297
f 1298 1299 1300
f 1298 1300 1301
f 1302 1303 1304
f 1302 1304 1305
f 1306 1307 1308
f 1306 1308 1309
f 1310 1311 1312
f 1310 1312 1313
f 1314 1315 1316
f 1314 1317 1315
f 1318 1317 1314
f 1318 1319 1317
f 1320 1321 1322
f 1320 1323 1321
f 1324 1323 1320
f 1324 1325 1323
f 1326 1327 1328
f 1326 1328 1329
f 1330 1331 1332
f 1330 1332 1333
f 1334 1335 1336
f 1334 1336 1337
f 1338 1339 1340
f 1338 1340 1341
f 1342 1343 1344
f 1342 1344 1345
f 1346 1347 1348
f 1346 1348 1349
f 1350 1351 1352
f 1350 1352 1353
f 1354 1355 1356
f 1354 1356 1357
f 1358 1359 1360
f 1358 1360 1361
f 1362 1363 1364
f 1362 1364 1365
f 1366 1367 1368
f 1366 1368 1369
f 1370 1371 1372
f 1370 1372 1373
f 1374 1375 1376
f 1374 1376 1377
f 1378 1379 1380
f 1378 1380 1381
f 1382 1383 1384
f 1382 1384 1385
f 1386 1387 1388
f 1386 1388 1389
f 1390 1391 1392
f 1390 1392 1393
f 1394 1395 1396
f 1394 1396 1397
f 1398 1399 1400
f 1398 1400 1401
f 1402 1403 1404
f 1402 1404 1405
f 1406 1407 1408
f 1406 1408 1409
f 1410 1411 1412
f 1410 1412 1413
f 1414 1415 1416
f 1414 1416 1417
f 1418 1419 1420
f 1418 1420 1421
f 1422 1423 1424
f 1422 1424 1425
f 1426 1427 1428
f 1426 1428 1429
f 1430 1431 1432
f 1430 1432 1433
f 1434 1435 1436
f 1434 1436 1437
f 1438 1439 1440
f 1438 1440 1441
f 1442 1443 1444
f 1442 1444 1445
f 1446 1447 1448
f 1446 1448 1449
f 1450 1451 1452
f 1450 1452 1453
f 1454 1455 1456
f 1454 1456 1457
f 1458 1459 1460
f 1458 1460 1461
f 1462 1463 1464
f 1462 1464 1465
f 1466 1467 1468
f 1466 1468 1469
f 1470 1471 1472
f 1470 1472 1473
f 1474 1475 1476
f 1474 1476 1477
f 1478 1479 1480
f 1478 1480 1481
f 1482 1483 1484
f 1482 1484 1485
f 1486 1487 1488
f 1486 1488 1489
f 1490 1491 1492
f 1490 1492 1493
f 1494 1495 1496
f 1494 1496 1497
f 1498 1499 1500
f 1498 1500 1501
f 1502 1503 1504
f 1502 1504 1505
f 1506 1507 1508
f 1506 1508 1509
