mtllib Materials.mtl
# Ultimate Food Pack - Pancakes_Stack
o Pancakes_Stack
v 0.000000 0.000000 -0.738312
v -0.522065 0.000000 -0.522065
v -0.504588 0.093217 -0.504588
v 0.000000 0.093217 -0.713595
v -0.522065 0.000000 -0.522065
v -0.738312 0.000000 0.000000
v -0.713595 0.093217 0.000000
v -0.504588 0.093217 -0.504588
v -0.738312 0.000000 0.000000
v -0.522065 0.000000 0.522065
v -0.504588 0.093217 0.504588
v -0.713595 0.093217 0.000000
v -0.522065 0.000000 0.522065
v 0.000000 0.000000 0.738312
v 0.000000 0.093217 0.713595
v -0.504588 0.093217 0.504588
v 0.000000 0.000000 0.738312
v 0.522065 0.000000 0.522065
v 0.504588 0.093217 0.504588
v 0.000000 0.093217 0.713595
v 0.522065 0.000000 0.522065
v 0.738312 0.000000 0.000000
v 0.713595 0.093217 0.000000
v 0.504588 0.093217 0.504588
v 0.738312 0.000000 0.000000
v 0.522065 0.000000 -0.522065
v 0.504588 0.093217 -0.504588
v 0.713595 0.093217 0.000000
v 0.522065 0.000000 -0.522065
v 0.000000 0.000000 -0.738312
v 0.000000 0.093217 -0.713595
v 0.504588 0.093217 -0.504588
v -0.504588 -0.093217 0.504588
v -0.713595 -0.093217 0.000000
v -0.504588 -0.093217 -0.504588
v 0.000000 -0.093217 0.713595
v 0.000000 -0.093217 -0.713595
v 0.504588 -0.093217 -0.504588
v 0.504588 -0.093217 0.504588
v 0.713595 -0.093217 0.000000
v 0.504588 -0.093217 -0.504588
v 0.000000 -0.093217 -0.713595
v 0.000000 0.000000 -0.738312
v 0.522065 0.000000 -0.522065
v 0.713595 -0.093217 0.000000
v 0.504588 -0.093217 -0.504588
v 0.522065 0.000000 -0.522065
v 0.738312 0.000000 0.000000
v 0.504588 -0.093217 0.504588
v 0.713595 -0.093217 0.000000
v 0.738312 0.000000 0.000000
v 0.522065 0.000000 0.522065
v 0.000000 -0.093217 0.713595
v 0.504588 -0.093217 0.504588
v 0.522065 0.000000 0.522065
v 0.000000 0.000000 0.738312
v -0.504588 -0.093217 0.504588
v 0.000000 -0.093217 0.713595
v 0.000000 0.000000 0.738312
v -0.522065 0.000000 0.522065
v -0.713595 -0.093217 0.000000
v -0.504588 -0.093217 0.504588
v -0.522065 0.000000 0.522065
v -0.738312 0.000000 0.000000
v -0.504588 -0.093217 -0.504588
v -0.713595 -0.093217 0.000000
v -0.738312 0.000000 0.000000
v -0.522065 0.000000 -0.522065
v 0.000000 -0.093217 -0.713595
v -0.504588 -0.093217 -0.504588
v -0.522065 0.000000 -0.522065
v 0.000000 0.000000 -0.738312
v 0.640677 0.093217 0.000000
v 0.615396 0.065981 0.000000
v 0.435151 0.065982 0.435151
v 0.453027 0.093217 0.453027
v 0.000000 0.093217 0.640677
v 0.000000 0.065982 0.615396
v -0.435151 0.065982 0.435151
v -0.453027 0.093217 0.453027
v -0.640677 0.093217 0.000000
v -0.615396 0.065981 0.000000
v -0.435151 0.065981 -0.435151
v -0.453027 0.093217 -0.453027
v 0.453027 0.093217 -0.453027
v 0.435151 0.065981 -0.435151
v 0.615396 0.065981 0.000000
v 0.640677 0.093217 0.000000
v 0.453027 0.093217 0.453027
v 0.435151 0.065982 0.435151
v 0.000000 0.065982 0.615396
v 0.000000 0.093217 0.640677
v -0.453027 0.093217 0.453027
v -0.435151 0.065982 0.435151
v -0.615396 0.065981 0.000000
v -0.640677 0.093217 0.000000
v -0.453027 0.093217 -0.453027
v -0.435151 0.065981 -0.435151
v 0.000000 0.065981 -0.615396
v 0.000000 0.093217 -0.640677
v 0.000000 0.093217 -0.640677
v 0.000000 0.065981 -0.615396
v 0.435151 0.065981 -0.435151
v 0.453027 0.093217 -0.453027
v -0.371017 0.175585 -0.797941
v -0.706493 0.175585 -0.343222
v -0.682503 0.268802 -0.337276
v -0.358257 0.268802 -0.776773
v -0.706493 0.175585 -0.343222
v -0.622176 0.175585 0.215532
v -0.601008 0.268802 0.202772
v -0.682503 0.268802 -0.337276
v -0.622176 0.175585 0.215532
v -0.167456 0.175585 0.551009
v -0.161511 0.268802 0.527018
v -0.601008 0.268802 0.202772
v -0.167456 0.175585 0.551009
v 0.391297 0.175585 0.466691
v 0.378537 0.268802 0.445523
v -0.161511 0.268802 0.527018
v 0.391297 0.175585 0.466691
v 0.726774 0.175585 0.011971
v 0.702783 0.268802 0.006026
v 0.378537 0.268802 0.445523
v 0.726774 0.175585 0.011971
v 0.642457 0.175585 -0.546782
v 0.621289 0.268802 -0.534022
v 0.702783 0.268802 0.006026
v 0.642457 0.175585 -0.546782
v 0.187737 0.175585 -0.882259
v 0.181792 0.268802 -0.858268
v 0.621289 0.268802 -0.534022
v 0.187737 0.175585 -0.882259
v -0.371017 0.175585 -0.797941
v -0.358257 0.268802 -0.776773
v 0.181792 0.268802 -0.858268
v -0.601008 0.082368 0.202772
v -0.682503 0.082368 -0.337276
v -0.358257 0.082368 -0.776773
v -0.161511 0.082369 0.527018
v 0.181792 0.082368 -0.858268
v 0.378537 0.082369 0.445523
v 0.621289 0.082368 -0.534022
v 0.702783 0.082368 0.006026
v 0.181792 0.082368 -0.858268
v -0.358257 0.082368 -0.776773
v -0.371017 0.175585 -0.797941
v 0.187737 0.175585 -0.882259
v 0.621289 0.082368 -0.534022
v 0.181792 0.082368 -0.858268
v 0.187737 0.175585 -0.882259
v 0.642457 0.175585 -0.546782
v 0.702783 0.082368 0.006026
v 0.621289 0.082368 -0.534022
v 0.642457 0.175585 -0.546782
v 0.726774 0.175585 0.011971
v 0.378537 0.082369 0.445523
v 0.702783 0.082368 0.006026
v 0.726774 0.175585 0.011971
v 0.391297 0.175585 0.466691
v -0.161511 0.082369 0.527018
v 0.378537 0.082369 0.445523
v 0.391297 0.175585 0.466691
v -0.167456 0.175585 0.551009
v -0.601008 0.082368 0.202772
v -0.161511 0.082369 0.527018
v -0.167456 0.175585 0.551009
v -0.622176 0.175585 0.215532
v -0.682503 0.082368 -0.337276
v -0.601008 0.082368 0.202772
v -0.622176 0.175585 0.215532
v -0.706493 0.175585 -0.343222
v -0.358257 0.082368 -0.776773
v -0.682503 0.082368 -0.337276
v -0.706493 0.175585 -0.343222
v -0.371017 0.175585 -0.797941
v 0.558839 0.268802 -0.496377
v 0.537187 0.241567 -0.483326
v 0.607467 0.241567 -0.017595
v 0.632006 0.268802 -0.011514
v 0.340893 0.268802 0.383073
v 0.327841 0.241567 0.361422
v -0.137890 0.241567 0.431702
v -0.143971 0.268802 0.456240
v -0.538558 0.268802 0.165127
v -0.516906 0.241567 0.152076
v -0.587187 0.241567 -0.313655
v -0.611725 0.268802 -0.319736
v 0.164251 0.268802 -0.787490
v 0.158170 0.241567 -0.762952
v 0.537187 0.241567 -0.483326
v 0.558839 0.268802 -0.496377
v 0.632006 0.268802 -0.011514
v 0.607467 0.241567 -0.017595
v 0.327841 0.241567 0.361422
v 0.340893 0.268802 0.383073
v -0.143971 0.268802 0.456240
v -0.137890 0.241567 0.431702
v -0.516906 0.241567 0.152076
v -0.538558 0.268802 0.165127
v -0.611725 0.268802 -0.319736
v -0.587187 0.241567 -0.313655
v -0.307561 0.241567 -0.692672
v -0.320612 0.268802 -0.714323
v -0.320612 0.268802 -0.714323
v -0.307561 0.241567 -0.692672
v 0.158170 0.241567 -0.762952
v 0.164251 0.268802 -0.787490
v -0.506873 0.357943 -0.666234
v -0.842350 0.357943 -0.211515
v -0.818359 0.451160 -0.205569
v -0.494113 0.451160 -0.645066
v -0.842350 0.357943 -0.211515
v -0.758032 0.357943 0.347239
v -0.736864 0.451160 0.334479
v -0.818359 0.451160 -0.205569
v -0.758032 0.357943 0.347239
v -0.303313 0.357943 0.682716
v -0.297368 0.451160 0.658725
v -0.736864 0.451160 0.334479
v -0.303313 0.357943 0.682716
v 0.255440 0.357943 0.598398
v 0.242681 0.451160 0.577230
v -0.297368 0.451160 0.658725
v 0.255440 0.357943 0.598398
v 0.590917 0.357943 0.143678
v 0.566927 0.451160 0.137733
v 0.242681 0.451160 0.577230
v 0.590917 0.357943 0.143678
v 0.506600 0.357943 -0.415075
v 0.485432 0.451160 -0.402315
v 0.566927 0.451160 0.137733
v 0.506600 0.357943 -0.415075
v 0.051880 0.357943 -0.750552
v 0.045935 0.451160 -0.726561
v 0.485432 0.451160 -0.402315
v 0.051880 0.357943 -0.750552
v -0.506873 0.357943 -0.666234
v -0.494113 0.451160 -0.645066
v 0.045935 0.451160 -0.726561
v -0.736864 0.264726 0.334479
v -0.818359 0.264726 -0.205569
v -0.494113 0.264726 -0.645066
v -0.297368 0.264726 0.658725
v 0.045935 0.264726 -0.726561
v 0.242681 0.264726 0.577230
v 0.485432 0.264726 -0.402315
v 0.566927 0.264726 0.137733
v 0.045935 0.264726 -0.726561
v -0.494113 0.264726 -0.645066
v -0.506873 0.357943 -0.666234
v 0.051880 0.357943 -0.750552
v 0.485432 0.264726 -0.402315
v 0.045935 0.264726 -0.726561
v 0.051880 0.357943 -0.750552
v 0.506600 0.357943 -0.415075
v 0.566927 0.264726 0.137733
v 0.485432 0.264726 -0.402315
v 0.506600 0.357943 -0.415075
v 0.590917 0.357943 0.143678
v 0.242681 0.264726 0.577230
v 0.566927 0.264726 0.137733
v 0.590917 0.357943 0.143678
v 0.255440 0.357943 0.598398
v -0.297368 0.264726 0.658725
v 0.242681 0.264726 0.577230
v 0.255440 0.357943 0.598398
v -0.303313 0.357943 0.682716
v -0.736864 0.264726 0.334479
v -0.297368 0.264726 0.658725
v -0.303313 0.357943 0.682716
v -0.758032 0.357943 0.347239
v -0.818359 0.264726 -0.205569
v -0.736864 0.264726 0.334479
v -0.758032 0.357943 0.347239
v -0.842350 0.357943 -0.211515
v -0.494113 0.264726 -0.645066
v -0.818359 0.264726 -0.205569
v -0.842350 0.357943 -0.211515
v -0.506873 0.357943 -0.666234
v 0.422982 0.451160 -0.364670
v 0.401330 0.423925 -0.351619
v 0.471611 0.423925 0.114112
v 0.496149 0.451160 0.120193
v 0.205036 0.451160 0.514780
v 0.191985 0.423925 0.493129
v -0.273746 0.423925 0.563409
v -0.279827 0.451160 0.587947
v -0.674415 0.451160 0.296834
v -0.652763 0.423925 0.283783
v -0.723043 0.423925 -0.181948
v -0.747582 0.451160 -0.188029
v 0.028395 0.451160 -0.655784
v 0.022314 0.423925 -0.631245
v 0.401330 0.423925 -0.351619
v 0.422982 0.451160 -0.364670
v 0.496149 0.451160 0.120193
v 0.471611 0.423925 0.114112
v 0.191985 0.423925 0.493129
v 0.205036 0.451160 0.514780
v -0.279827 0.451160 0.587947
v -0.273746 0.423925 0.563409
v -0.652763 0.423925 0.283783
v -0.674415 0.451160 0.296834
v -0.747582 0.451160 -0.188029
v -0.723043 0.423925 -0.181948
v -0.443417 0.423925 -0.560965
v -0.456469 0.451160 -0.582616
v -0.456469 0.451160 -0.582616
v -0.443417 0.423925 -0.560965
v 0.022314 0.423925 -0.631245
v 0.028395 0.451160 -0.655784
v 0.242681 0.451160 0.577230
v 0.205036 0.451160 0.514780
v -0.279827 0.451160 0.587947
v -0.297368 0.451160 0.658725
v 0.566927 0.451160 0.137733
v -0.674415 0.451160 0.296834
v 0.496149 0.451160 0.120193
v -0.736864 0.451160 0.334479
v 0.485432 0.451160 -0.402315
v -0.747582 0.451160 -0.188029
v 0.422982 0.451160 -0.364670
v -0.818359 0.451160 -0.205569
v 0.045935 0.451160 -0.726561
v -0.456469 0.451160 -0.582616
v 0.028395 0.451160 -0.655784
v -0.494113 0.451160 -0.645066
v 0.378537 0.268802 0.445523
v 0.340893 0.268802 0.383073
v -0.143971 0.268802 0.456240
v -0.161511 0.268802 0.527018
v 0.702783 0.268802 0.006026
v -0.538558 0.268802 0.165127
v 0.632006 0.268802 -0.011514
v -0.601008 0.268802 0.202772
v 0.621289 0.268802 -0.534022
v -0.611725 0.268802 -0.319736
v 0.558839 0.268802 -0.496377
v -0.682503 0.268802 -0.337276
v 0.181792 0.268802 -0.858268
v -0.320612 0.268802 -0.714323
v 0.164251 0.268802 -0.787490
v -0.358257 0.268802 -0.776773
v 0.000000 0.093217 0.713595
v 0.000000 0.093217 0.640677
v -0.453027 0.093217 0.453027
v -0.504588 0.093217 0.504588
v 0.504588 0.093217 0.504588
v -0.640677 0.093217 0.000000
v 0.453027 0.093217 0.453027
v -0.713595 0.093217 0.000000
v 0.713595 0.093217 0.000000
v -0.453027 0.093217 -0.453027
v 0.640677 0.093217 0.000000
v -0.504588 0.093217 -0.504588
v 0.504588 0.093217 -0.504588
v 0.000000 0.093217 -0.640677
v 0.453027 0.093217 -0.453027
v 0.000000 0.093217 -0.713595
v -0.435151 0.065981 -0.435151
v -0.615396 0.065981 0.000000
v -0.435151 0.065982 0.435151
v 0.000000 0.065981 -0.615396
v 0.000000 0.065982 0.615396
v 0.435151 0.065981 -0.435151
v 0.435151 0.065982 0.435151
v 0.615396 0.065981 0.000000
v -0.307561 0.241567 -0.692672
v -0.587187 0.241567 -0.313655
v -0.516906 0.241567 0.152076
v -0.137890 0.241567 0.431702
v 0.158170 0.241567 -0.762952
v 0.327841 0.241567 0.361422
v 0.537187 0.241567 -0.483326
v 0.607467 0.241567 -0.017595
v -0.443417 0.423925 -0.560965
v -0.723043 0.423925 -0.181948
v -0.652763 0.423925 0.283783
v -0.273746 0.423925 0.563409
v 0.022314 0.423925 -0.631245
v 0.191985 0.423925 0.493129
v 0.401330 0.423925 -0.351619
v 0.471611 0.423925 0.114112
v 0.021408 0.378421 0.062968
v 0.029340 0.386353 0.062968
v 0.021408 0.386353 0.070900
v 0.021408 0.536284 0.070900
v 0.029340 0.536284 0.062968
v 0.021408 0.544216 0.062968
v 0.021408 0.378421 -0.130804
v 0.021408 0.386353 -0.138736
v 0.029340 0.386353 -0.130804
v 0.021408 0.544216 -0.130804
v 0.029340 0.536284 -0.130804
v 0.021408 0.536284 -0.138736
v -0.272841 0.378421 0.062968
v -0.272841 0.386353 0.070900
v -0.280773 0.386353 0.062968
v -0.272841 0.544216 0.062968
v -0.280773 0.536284 0.062968
v -0.272841 0.536284 0.070900
v -0.272841 0.378421 -0.130804
v -0.280773 0.386353 -0.130804
v -0.272841 0.386353 -0.138736
v -0.272841 0.544216 -0.130804
v -0.272841 0.536284 -0.138736
v -0.280773 0.536284 -0.130804
v -0.272841 0.386353 0.070900
v 0.021408 0.386353 0.070900
v 0.021408 0.536284 0.070900
v -0.272841 0.536284 0.070900
v -0.280773 0.386353 -0.130804
v -0.280773 0.386353 0.062968
v -0.280773 0.536284 0.062968
v -0.280773 0.536284 -0.130804
v -0.272841 0.544216 -0.130804
v -0.272841 0.544216 0.062968
v 0.021408 0.544216 0.062968
v 0.021408 0.544216 -0.130804
v 0.029340 0.386353 0.062968
v 0.029340 0.386353 -0.130804
v 0.029340 0.536284 -0.130804
v 0.029340 0.536284 0.062968
v 0.021408 0.386353 -0.138736
v -0.272841 0.386353 -0.138736
v -0.272841 0.536284 -0.138736
v 0.021408 0.536284 -0.138736
v 0.021408 0.378421 -0.130804
v 0.029340 0.386353 -0.130804
v 0.029340 0.386353 0.062968
v 0.021408 0.378421 0.062968
v 0.021408 0.386353 0.070900
v 0.029340 0.386353 0.062968
v 0.029340 0.536284 0.062968
v 0.021408 0.536284 0.070900
v 0.021408 0.544216 0.062968
v 0.029340 0.536284 0.062968
v 0.029340 0.536284 -0.130804
v 0.021408 0.544216 -0.130804
v 0.021408 0.536284 -0.138736
v 0.029340 0.536284 -0.130804
v 0.029340 0.386353 -0.130804
v 0.021408 0.386353 -0.138736
v -0.272841 0.378421 -0.130804
v -0.272841 0.386353 -0.138736
v 0.021408 0.386353 -0.138736
v 0.021408 0.378421 -0.130804
v 0.021408 0.544216 -0.130804
v 0.021408 0.536284 -0.138736
v -0.272841 0.536284 -0.138736
v -0.272841 0.544216 -0.130804
v -0.280773 0.536284 -0.130804
v -0.272841 0.536284 -0.138736
v -0.272841 0.386353 -0.138736
v -0.280773 0.386353 -0.130804
v -0.272841 0.378421 0.062968
v -0.280773 0.386353 0.062968
v -0.280773 0.386353 -0.130804
v -0.272841 0.378421 -0.130804
v -0.272841 0.544216 -0.130804
v -0.280773 0.536284 -0.130804
v -0.280773 0.536284 0.062968
v -0.272841 0.544216 0.062968
v -0.272841 0.536284 0.070900
v -0.280773 0.536284 0.062968
v -0.280773 0.386353 0.062968
v -0.272841 0.386353 0.070900
v 0.021408 0.378421 0.062968
v 0.021408 0.386353 0.070900
v -0.272841 0.386353 0.070900
v -0.272841 0.378421 0.062968
v -0.272841 0.544216 0.062968
v -0.272841 0.536284 0.070900
v 0.021408 0.536284 0.070900
v 0.021408 0.544216 0.062968
v 0.021408 0.378421 -0.130804
v 0.021408 0.378421 0.062968
v -0.272841 0.378421 0.062968
v -0.272841 0.378421 -0.130804
v -0.487682 0.444811 -0.318158
v -0.395261 0.438895 -0.350443
v -0.435841 0.438894 -0.358781
v -0.470029 0.444811 -0.291163
v -0.450768 0.444811 -0.249379
v -0.348481 0.438895 -0.332296
v -0.243898 0.441025 -0.317522
v -0.395301 0.444811 -0.162051
v -0.269030 0.444811 0.001575
v -0.555997 0.441024 -0.047365
v -0.450768 0.444811 -0.249379
v -0.553054 0.438894 -0.166462
v -0.544796 0.438894 -0.231884
v -0.470029 0.444811 -0.291163
v -0.487682 0.444811 -0.318158
v -0.539523 0.438894 -0.277536
v -0.115204 0.444811 -0.147434
v 0.037980 0.444811 0.031874
v 0.000564 0.444811 -0.293821
v 0.097543 0.444811 -0.137731
v -0.081486 0.438895 -0.441359
v 0.169680 0.444811 -0.062897
v -0.410903 0.444811 0.122966
v -0.490810 0.444811 0.186503
v -0.597856 0.438894 0.058611
v -0.623607 0.438895 0.117414
v -0.536572 0.444811 0.216585
v -0.576010 0.444811 0.237611
v -0.636350 0.438895 0.170339
v -0.258962 0.441025 0.311866
v -0.490810 0.444811 0.186503
v -0.383764 0.438895 0.314396
v -0.449537 0.438895 0.315756
v -0.536572 0.444811 0.216585
v -0.576010 0.444811 0.237611
v -0.515670 0.438895 0.304883
v -0.121103 0.444811 0.170915
v -0.000665 0.444811 0.275389
v -0.062069 0.438895 0.380970
v 0.081419 0.444811 0.164363
v 0.163930 0.444811 0.112831
v 0.155295 0.444811 0.037109
v 0.232493 0.444652 0.030965
v 0.246023 0.444691 0.087651
v 0.233974 0.444537 -0.046216
v 0.326855 0.444329 0.055680
v 0.307427 0.443715 -0.064582
v 0.311298 0.444172 0.005172
v -0.487682 0.444811 -0.318158
v -0.500319 0.438894 -0.332858
v -0.529331 0.434293 -0.303746
v -0.539523 0.438894 -0.277536
v -0.487682 0.444811 -0.318158
v -0.435841 0.438894 -0.358781
v -0.464755 0.434292 -0.354348
v -0.500319 0.438894 -0.332858
v -0.576010 0.444811 0.237611
v -0.603218 0.438895 0.249984
v -0.560368 0.434293 0.286685
v -0.515670 0.438895 0.304883
v -0.576010 0.444811 0.237611
v -0.636350 0.438895 0.170339
v -0.631961 0.434293 0.206868
v -0.603218 0.438895 0.249984
v -0.000665 0.444811 0.275389
v 0.079354 0.438895 0.329420
v 0.112322 0.438895 0.222234
v 0.081419 0.444811 0.164363
v 0.163930 0.444811 0.112831
v 0.179038 0.438895 0.160516
v 0.261939 0.438790 0.122432
v 0.246023 0.444691 0.087651
v 0.326855 0.444329 0.055680
v 0.343462 0.438476 0.086149
v 0.409465 0.442405 0.052936
v 0.393760 0.448213 0.022473
v -0.000665 0.444811 0.275389
v -0.062069 0.438895 0.380970
v 0.032614 0.434293 0.390404
v 0.079354 0.438895 0.329420
v 0.000564 0.444811 -0.293821
v 0.073118 0.438895 -0.402628
v 0.004417 0.434293 -0.483677
v 0.000564 0.444811 -0.293821
v 0.138442 0.438895 -0.240413
v 0.073118 0.438895 -0.402628
v 0.097543 0.444811 -0.137731
v 0.169680 0.444811 -0.062897
v 0.189101 0.438895 -0.147009
v 0.240990 0.438560 -0.111802
v 0.233974 0.444537 -0.046216
v 0.307427 0.443715 -0.064582
v 0.310006 0.437556 -0.124178
v 0.240990 0.438560 -0.111802
v 0.233974 0.444537 -0.046216
v 0.307427 0.443715 -0.064582
v 0.373116 0.447333 -0.098075
v 0.374110 0.441084 -0.157770
v 0.310006 0.437556 -0.124178
v 0.307427 0.443715 -0.064582
v 0.378788 0.447992 -0.028205
v 0.373116 0.447333 -0.098075
v 0.311298 0.444172 0.005172
v 0.326855 0.444329 0.055680
v 0.393760 0.448213 0.022473
v 0.414119 0.460378 -0.126774
v 0.373116 0.447333 -0.098075
v 0.378788 0.447992 -0.028205
v 0.422036 0.460731 -0.057102
v 0.460125 0.470745 -0.078482
v 0.449777 0.471255 -0.147713
v 0.434071 0.460833 -0.006412
v 0.469455 0.470271 -0.028032
v 0.422036 0.460731 -0.057102
v 0.378788 0.447992 -0.028205
v 0.393760 0.448213 0.022473
v 0.414119 0.460378 -0.126774
v 0.374110 0.441084 -0.157770
v 0.373116 0.447333 -0.098075
v 0.411262 0.454347 -0.186214
v 0.442130 0.465981 -0.206627
v 0.449777 0.471255 -0.147713
v 0.434071 0.460833 -0.006412
v 0.393760 0.448213 0.022473
v 0.409465 0.442405 0.052936
v 0.445806 0.455029 0.024060
v 0.476489 0.464506 0.002473
v 0.469455 0.470271 -0.028032
v 0.499432 0.468368 -0.157925
v 0.449777 0.471255 -0.147713
v 0.460125 0.470745 -0.078482
v 0.512135 0.466391 -0.089308
v 0.521577 0.464614 -0.039442
v 0.469455 0.470271 -0.028032
v 0.499432 0.468368 -0.157925
v 0.487382 0.464623 -0.216127
v 0.442130 0.465981 -0.206627
v 0.449777 0.471255 -0.147713
v 0.499432 0.468368 -0.157925
v 0.543796 0.452774 -0.159510
v 0.528604 0.450669 -0.217109
v 0.487382 0.464623 -0.216127
v 0.499432 0.468368 -0.157925
v 0.557872 0.450023 -0.091357
v 0.543796 0.452774 -0.159510
v 0.512135 0.466391 -0.089308
v 0.521577 0.464614 -0.039442
v 0.568176 0.447492 -0.042012
v 0.521577 0.464614 -0.039442
v 0.469455 0.470271 -0.028032
v 0.476489 0.464506 0.002473
v 0.525516 0.458992 -0.008874
v 0.521577 0.464614 -0.039442
v 0.525516 0.458992 -0.008874
v 0.570126 0.442756 -0.011340
v 0.568176 0.447492 -0.042012
v 0.563582 0.425531 -0.154569
v 0.543796 0.452774 -0.159510
v 0.557872 0.450023 -0.091357
v 0.577139 0.423999 -0.086408
v 0.586993 0.422539 -0.037115
v 0.568176 0.447492 -0.042012
v 0.563582 0.425531 -0.154569
v 0.547381 0.424516 -0.211965
v 0.528604 0.450669 -0.217109
v 0.543796 0.452774 -0.159510
v 0.563582 0.425531 -0.154569
v 0.568977 0.385503 -0.143632
v 0.552792 0.384933 -0.201021
v 0.547381 0.424516 -0.211965
v 0.563582 0.425531 -0.154569
v 0.581703 0.384932 -0.075332
v 0.568977 0.385503 -0.143632
v 0.577139 0.423999 -0.086408
v 0.586993 0.422539 -0.037115
v 0.591054 0.383735 -0.025955
v 0.586993 0.422539 -0.037115
v 0.568176 0.447492 -0.042012
v 0.570126 0.442756 -0.011340
v 0.587555 0.420065 -0.006281
v 0.586993 0.422539 -0.037115
v 0.587555 0.420065 -0.006281
v 0.591073 0.382347 0.004980
v 0.591054 0.383735 -0.025955
v 0.570167 0.331556 -0.127233
v 0.568977 0.385503 -0.143632
v 0.581703 0.384932 -0.075332
v 0.583326 0.329433 -0.059001
v 0.584297 0.276678 -0.038450
v 0.574670 0.288451 -0.111830
v 0.593388 0.325064 -0.009739
v 0.591054 0.383735 -0.025955
v 0.570167 0.331556 -0.127233
v 0.553915 0.330694 -0.184602
v 0.552792 0.384933 -0.201021
v 0.568977 0.385503 -0.143632
v 0.570167 0.331556 -0.127233
v 0.574670 0.288451 -0.111830
v 0.559315 0.286557 -0.169353
v 0.553915 0.330694 -0.184602
v 0.593388 0.325064 -0.009739
v 0.591054 0.383735 -0.025955
v 0.591073 0.382347 0.004980
v 0.593948 0.321032 0.021118
v 0.593388 0.325064 -0.009739
v 0.589027 0.272198 0.005288
v 0.584297 0.276678 -0.038450
v 0.583326 0.329433 -0.059001
v 0.593388 0.325064 -0.009739
v 0.593948 0.321032 0.021118
v 0.589059 0.282016 0.024521
v 0.589027 0.272198 0.005288
v 0.590004 0.280952 -0.103887
v 0.574670 0.288451 -0.111830
v 0.584297 0.276678 -0.038450
v 0.598731 0.275599 -0.045177
v 0.590004 0.280952 -0.103887
v 0.577558 0.277281 -0.161917
v 0.559315 0.286557 -0.169353
v 0.574670 0.288451 -0.111830
v 0.590004 0.280952 -0.103887
v 0.618318 0.291749 -0.101319
v 0.608000 0.286655 -0.159721
v 0.577558 0.277281 -0.161917
v 0.590004 0.280952 -0.103887
v 0.598731 0.275599 -0.045177
v 0.628459 0.286033 -0.042858
v 0.618318 0.291749 -0.101319
v 0.661759 0.303534 -0.102043
v 0.618318 0.291749 -0.101319
v 0.628459 0.286033 -0.042858
v 0.671954 0.297581 -0.043591
v 0.661759 0.303534 -0.102043
v 0.649997 0.298470 -0.160190
v 0.608000 0.286655 -0.159721
v 0.618318 0.291749 -0.101319
v 0.661759 0.303534 -0.102043
v 0.700512 0.284400 -0.104349
v 0.687034 0.280519 -0.157266
v 0.649997 0.298470 -0.160190
v 0.661759 0.303534 -0.102043
v 0.671954 0.297581 -0.043591
v 0.708763 0.279173 -0.050485
v 0.700512 0.284400 -0.104349
v 0.714762 0.202442 -0.106526
v 0.700512 0.284400 -0.104349
v 0.708763 0.279173 -0.050485
v 0.718432 0.199737 -0.066649
v 0.714762 0.202442 -0.106526
v 0.702592 0.200596 -0.144891
v 0.687034 0.280519 -0.157266
v 0.700512 0.284400 -0.104349
v 0.714762 0.202442 -0.106526
v 0.710472 0.118080 -0.107091
v 0.701690 0.139510 -0.129368
v 0.702592 0.200596 -0.144891
v 0.714762 0.202442 -0.106526
v 0.718432 0.199737 -0.066649
v 0.710839 0.139159 -0.082641
v 0.710472 0.118080 -0.107091
v -0.487682 0.397479 -0.318158
v -0.435841 0.403395 -0.358781
v -0.395261 0.403395 -0.350443
v -0.470029 0.397479 -0.291163
v -0.450768 0.397479 -0.249379
v -0.348481 0.403395 -0.332296
v -0.243898 0.401265 -0.317522
v -0.395301 0.397479 -0.162051
v -0.269030 0.397479 0.001575
v -0.555997 0.401265 -0.047365
v -0.450768 0.397479 -0.249379
v -0.553054 0.403395 -0.166462
v -0.544796 0.403395 -0.231884
v -0.470029 0.397479 -0.291163
v -0.487682 0.397479 -0.318158
v -0.539523 0.403395 -0.277536
v -0.115204 0.397479 -0.147434
v 0.037980 0.397479 0.031874
v 0.000564 0.397479 -0.293821
v 0.097543 0.397479 -0.137731
v 0.000564 0.397479 -0.293821
v -0.081486 0.403395 -0.441359
v 0.004417 0.407997 -0.483677
v 0.073118 0.403395 -0.402628
v 0.169680 0.397479 -0.062897
v 0.155295 0.397479 0.037109
v 0.233781 0.397479 0.030700
v 0.235657 0.397479 -0.046412
v 0.314158 0.397479 -0.065368
v 0.316452 0.397479 0.004113
v 0.331416 0.397479 0.054371
v 0.247163 0.397479 0.087324
v 0.163930 0.397479 0.112831
v 0.081419 0.397479 0.164363
v -0.000665 0.397479 0.275389
v -0.121103 0.397479 0.170915
v -0.258962 0.401266 0.311866
v -0.062069 0.403396 0.380970
v -0.410903 0.397479 0.122966
v -0.490810 0.397479 0.186503
v -0.383764 0.403396 0.314396
v -0.490810 0.397479 0.186503
v -0.597856 0.403395 0.058611
v -0.449537 0.403396 0.315756
v -0.536572 0.397479 0.216585
v -0.576010 0.397479 0.237611
v -0.515670 0.403396 0.304883
v -0.623607 0.403395 0.117414
v -0.536572 0.397479 0.216585
v -0.576010 0.397479 0.237611
v -0.636350 0.403396 0.170339
v -0.487682 0.397479 -0.318158
v -0.500319 0.403395 -0.332858
v -0.464755 0.407997 -0.354348
v -0.435841 0.403395 -0.358781
v -0.487682 0.397479 -0.318158
v -0.539523 0.403395 -0.277536
v -0.529331 0.407997 -0.303746
v -0.500319 0.403395 -0.332858
v -0.576010 0.397479 0.237611
v -0.603218 0.403396 0.249984
v -0.631961 0.407997 0.206868
v -0.636350 0.403396 0.170339
v -0.576010 0.397479 0.237611
v -0.515670 0.403396 0.304883
v -0.560368 0.407997 0.286685
v -0.603218 0.403396 0.249984
v -0.000665 0.397479 0.275389
v 0.079354 0.403396 0.329420
v 0.032614 0.407997 0.390404
v -0.062069 0.403396 0.380970
v -0.000665 0.397479 0.275389
v 0.112322 0.403396 0.222234
v 0.079354 0.403396 0.329420
v 0.081419 0.397479 0.164363
v 0.163930 0.397479 0.112831
v 0.179038 0.403396 0.160516
v 0.262782 0.403381 0.122157
v 0.247163 0.397479 0.087324
v 0.331416 0.397479 0.054371
v 0.346834 0.403336 0.085049
v 0.000564 0.397479 -0.293821
v 0.073118 0.403395 -0.402628
v 0.138442 0.403395 -0.240413
v 0.097543 0.397479 -0.137731
v 0.169680 0.397479 -0.062897
v 0.189101 0.403395 -0.147009
v 0.242511 0.403342 -0.111914
v 0.235657 0.397479 -0.046412
v 0.314158 0.397479 -0.065368
v 0.384258 0.401742 -0.099344
v 0.387691 0.401742 -0.029981
v 0.316452 0.397479 0.004113
v 0.331416 0.397479 0.054371
v 0.401816 0.401742 0.020191
v 0.314158 0.397479 -0.065368
v 0.383933 0.407331 -0.158468
v 0.384258 0.401742 -0.099344
v 0.316090 0.403182 -0.124625
v 0.242511 0.403342 -0.111914
v 0.235657 0.397479 -0.046412
v 0.331416 0.397479 0.054371
v 0.401816 0.401742 0.020191
v 0.415432 0.407551 0.050973
v 0.346834 0.403336 0.085049
v 0.425029 0.414530 -0.127920
v 0.431881 0.414530 -0.058911
v 0.387691 0.401742 -0.029981
v 0.384258 0.401742 -0.099344
v 0.425029 0.414530 -0.127920
v 0.453749 0.426428 -0.147769
v 0.464020 0.426428 -0.079114
v 0.431881 0.414530 -0.058911
v 0.443490 0.414530 -0.008994
v 0.473112 0.426428 -0.029453
v 0.425029 0.414530 -0.127920
v 0.420137 0.420201 -0.186769
v 0.445108 0.432098 -0.206435
v 0.453749 0.426428 -0.147769
v 0.425029 0.414530 -0.127920
v 0.384258 0.401742 -0.099344
v 0.383933 0.407331 -0.158468
v 0.420137 0.420201 -0.186769
v 0.443490 0.414530 -0.008994
v 0.452817 0.420314 0.021710
v 0.415432 0.407551 0.050973
v 0.401816 0.401742 0.020191
v 0.443490 0.414530 -0.008994
v 0.473112 0.426428 -0.029453
v 0.479072 0.431852 0.000960
v 0.452817 0.420314 0.021710
v 0.443490 0.414530 -0.008994
v 0.401816 0.401742 0.020191
v 0.387691 0.401742 -0.029981
v 0.431881 0.414530 -0.058911
v 0.487693 0.428023 -0.155566
v 0.464020 0.426428 -0.079114
v 0.453749 0.426428 -0.147769
v 0.499104 0.428023 -0.087028
v 0.507357 0.428023 -0.037453
v 0.473112 0.426428 -0.029453
v 0.487693 0.428023 -0.155566
v 0.515144 0.421658 -0.154511
v 0.526636 0.421680 -0.085988
v 0.499104 0.428023 -0.087028
v 0.507357 0.428023 -0.037453
v 0.534950 0.421695 -0.036423
v 0.487693 0.428023 -0.155566
v 0.479251 0.433326 -0.214371
v 0.508553 0.425890 -0.213582
v 0.515144 0.421658 -0.154511
v 0.487693 0.428023 -0.155566
v 0.453749 0.426428 -0.147769
v 0.445108 0.432098 -0.206435
v 0.479251 0.433326 -0.214371
v 0.507357 0.428023 -0.037453
v 0.514283 0.432387 -0.007581
v 0.479072 0.431852 0.000960
v 0.473112 0.426428 -0.029453
v 0.507357 0.428023 -0.037453
v 0.534950 0.421695 -0.036423
v 0.544358 0.424625 -0.007075
v 0.514283 0.432387 -0.007581
v 0.524380 0.409676 -0.147808
v 0.526636 0.421680 -0.085988
v 0.515144 0.421658 -0.154511
v 0.536121 0.409763 -0.079328
v 0.544614 0.409826 -0.029793
v 0.534950 0.421695 -0.036423
v 0.524380 0.409676 -0.147808
v 0.519001 0.411792 -0.207074
v 0.520346 0.380463 -0.195386
v 0.525206 0.379830 -0.136024
v 0.527424 0.319870 -0.119725
v 0.522340 0.321332 -0.179059
v 0.524380 0.409676 -0.147808
v 0.515144 0.421658 -0.154511
v 0.508553 0.425890 -0.213582
v 0.519001 0.411792 -0.207074
v 0.544614 0.409826 -0.029793
v 0.555204 0.411269 -0.000688
v 0.544358 0.424625 -0.007075
v 0.534950 0.421695 -0.036423
v 0.544614 0.409826 -0.029793
v 0.556858 0.380414 0.010946
v 0.555204 0.411269 -0.000688
v 0.545868 0.380092 -0.018082
v 0.548229 0.320170 -0.001808
v 0.559352 0.320159 0.027190
v 0.527424 0.319870 -0.119725
v 0.540807 0.263609 -0.105809
v 0.552526 0.258869 -0.032809
v 0.539496 0.320044 -0.051302
v 0.548229 0.320170 -0.001808
v 0.555879 0.265321 0.011140
v 0.527424 0.319870 -0.119725
v 0.522340 0.321332 -0.179059
v 0.534571 0.266837 -0.164950
v 0.540807 0.263609 -0.105809
v 0.548229 0.320170 -0.001808
v 0.555879 0.265321 0.011140
v 0.563969 0.279116 0.028940
v 0.559352 0.320159 0.027190
v 0.575128 0.244855 -0.101170
v 0.587350 0.249317 -0.043103
v 0.552526 0.258869 -0.032809
v 0.540807 0.263609 -0.105809
v 0.575128 0.244855 -0.101170
v 0.617614 0.248508 -0.101084
v 0.627993 0.253970 -0.042694
v 0.587350 0.249317 -0.043103
v 0.575128 0.244855 -0.101170
v 0.566625 0.249416 -0.159917
v 0.607411 0.253857 -0.159533
v 0.617614 0.248508 -0.101084
v 0.575128 0.244855 -0.101170
v 0.540807 0.263609 -0.105809
v 0.534571 0.266837 -0.164950
v 0.566625 0.249416 -0.159917
v 0.655496 0.259469 -0.100826
v 0.666720 0.265007 -0.042585
v 0.627993 0.253970 -0.042694
v 0.617614 0.248508 -0.101084
v 0.655496 0.259469 -0.100826
v 0.679602 0.247968 -0.100567
v 0.691959 0.252496 -0.047453
v 0.666720 0.265007 -0.042585
v 0.655496 0.259469 -0.100826
v 0.645838 0.264947 -0.159371
v 0.672473 0.252547 -0.154626
v 0.679602 0.247968 -0.100567
v 0.655496 0.259469 -0.100826
v 0.617614 0.248508 -0.101084
v 0.607411 0.253857 -0.159533
v 0.645838 0.264947 -0.159371
v 0.680760 0.184237 -0.100481
v 0.692140 0.186507 -0.061977
v 0.691959 0.252496 -0.047453
v 0.679602 0.247968 -0.100567
v 0.680760 0.184237 -0.100481
v 0.678812 0.116188 -0.101501
v 0.688860 0.134460 -0.078751
v 0.692140 0.186507 -0.061977
v 0.680760 0.184237 -0.100481
v 0.677880 0.186519 -0.140496
v 0.680414 0.134435 -0.125602
v 0.678812 0.116188 -0.101501
v 0.680760 0.184237 -0.100481
v 0.679602 0.247968 -0.100567
v 0.672473 0.252547 -0.154626
v 0.677880 0.186519 -0.140496
v -0.314385 0.421145 -0.359935
v -0.348481 0.438895 -0.332296
v -0.243898 0.441025 -0.317522
v -0.233089 0.421145 -0.385414
v -0.314385 0.421145 -0.359935
v -0.370339 0.421145 -0.370202
v -0.395261 0.438895 -0.350443
v -0.348481 0.438895 -0.332296
v -0.314385 0.421145 -0.359935
v -0.348481 0.403395 -0.332296
v -0.395261 0.403395 -0.350443
v -0.370339 0.421145 -0.370202
v -0.314385 0.421145 -0.359935
v -0.233089 0.421145 -0.385414
v -0.243898 0.401265 -0.317522
v -0.348481 0.403395 -0.332296
v -0.587150 0.421144 -0.138823
v -0.553054 0.438894 -0.166462
v -0.544796 0.438894 -0.231884
v -0.569719 0.421145 -0.212125
v -0.587150 0.421144 -0.138823
v -0.608591 0.421145 -0.058114
v -0.555997 0.441024 -0.047365
v -0.553054 0.438894 -0.166462
v -0.587150 0.421144 -0.138823
v -0.553054 0.403395 -0.166462
v -0.555997 0.401265 -0.047365
v -0.608591 0.421145 -0.058114
v -0.587150 0.421144 -0.138823
v -0.569719 0.421145 -0.212125
v -0.544796 0.403395 -0.231884
v -0.553054 0.403395 -0.166462
v -0.504531 0.421145 -0.337758
v -0.500319 0.438894 -0.332858
v -0.464755 0.434292 -0.354348
v -0.462232 0.421145 -0.362703
v -0.504531 0.421145 -0.337758
v -0.538406 0.421145 -0.303013
v -0.529331 0.434293 -0.303746
v -0.500319 0.438894 -0.332858
v -0.504531 0.421145 -0.337758
v -0.500319 0.403395 -0.332858
v -0.529331 0.407997 -0.303746
v -0.538406 0.421145 -0.303013
v -0.504531 0.421145 -0.337758
v -0.462232 0.421145 -0.362703
v -0.464755 0.407997 -0.354348
v -0.500319 0.403395 -0.332858
v -0.418561 0.421145 -0.372322
v -0.435841 0.438894 -0.358781
v -0.395261 0.438895 -0.350443
v -0.370339 0.421145 -0.370202
v -0.418561 0.421145 -0.372322
v -0.462232 0.421145 -0.362703
v -0.464755 0.434292 -0.354348
v -0.435841 0.438894 -0.358781
v -0.418561 0.421145 -0.372322
v -0.435841 0.403395 -0.358781
v -0.464755 0.407997 -0.354348
v -0.462232 0.421145 -0.362703
v -0.418561 0.421145 -0.372322
v -0.370339 0.421145 -0.370202
v -0.395261 0.403395 -0.350443
v -0.435841 0.403395 -0.358781
v -0.556803 0.421145 -0.263995
v -0.539523 0.438894 -0.277536
v -0.529331 0.434293 -0.303746
v -0.538406 0.421145 -0.303013
v -0.556803 0.421145 -0.263995
v -0.569719 0.421145 -0.212125
v -0.544796 0.438894 -0.231884
v -0.539523 0.438894 -0.277536
v -0.556803 0.421145 -0.263995
v -0.539523 0.403395 -0.277536
v -0.544796 0.403395 -0.231884
v -0.569719 0.421145 -0.212125
v -0.556803 0.421145 -0.263995
v -0.538406 0.421145 -0.303013
v -0.529331 0.407997 -0.303746
v -0.539523 0.403395 -0.277536
v -0.633538 0.421145 0.015980
v -0.555997 0.441024 -0.047365
v -0.608591 0.421145 -0.058114
v -0.597856 0.438894 0.058611
v -0.623607 0.438895 0.117414
v -0.652619 0.421145 0.084356
v -0.633538 0.421145 0.015980
v -0.623607 0.403395 0.117414
v -0.652619 0.421145 0.084356
v -0.597856 0.403395 0.058611
v -0.555997 0.401265 -0.047365
v -0.608591 0.421145 -0.058114
v -0.348082 0.421145 0.357027
v -0.383764 0.438895 0.314396
v -0.449537 0.438895 0.315756
v -0.420525 0.421145 0.348813
v -0.348082 0.421145 0.357027
v -0.246121 0.421145 0.372595
v -0.258962 0.441025 0.311866
v -0.383764 0.438895 0.314396
v -0.348082 0.421145 0.357027
v -0.383764 0.403396 0.314396
v -0.258962 0.401266 0.311866
v -0.246121 0.421145 0.372595
v -0.348082 0.421145 0.357027
v -0.420525 0.421145 0.348813
v -0.449537 0.403396 0.315756
v -0.383764 0.403396 0.314396
v -0.612287 0.421145 0.254109
v -0.603218 0.438895 0.249984
v -0.631961 0.434293 0.206868
v -0.643533 0.421145 0.205038
v -0.612287 0.421145 0.254109
v -0.562903 0.421145 0.294931
v -0.560368 0.434293 0.286685
v -0.603218 0.438895 0.249984
v -0.612287 0.421145 0.254109
v -0.603218 0.403396 0.249984
v -0.560368 0.407997 0.286685
v -0.562903 0.421145 0.294931
v -0.612287 0.421145 0.254109
v -0.643533 0.421145 0.205038
v -0.631961 0.407997 0.206868
v -0.603218 0.403396 0.249984
v -0.656464 0.421145 0.147915
v -0.636350 0.438895 0.170339
v -0.623607 0.438895 0.117414
v -0.652619 0.421145 0.084356
v -0.656464 0.421145 0.147915
v -0.643533 0.421145 0.205038
v -0.631961 0.434293 0.206868
v -0.636350 0.438895 0.170339
v -0.656464 0.421145 0.147915
v -0.636350 0.403396 0.170339
v -0.631961 0.407997 0.206868
v -0.643533 0.421145 0.205038
v -0.656464 0.421145 0.147915
v -0.652619 0.421145 0.084356
v -0.623607 0.403395 0.117414
v -0.636350 0.403396 0.170339
v -0.495557 0.421145 0.327307
v -0.515670 0.438895 0.304883
v -0.560368 0.434293 0.286685
v -0.562903 0.421145 0.294931
v -0.495557 0.421145 0.327307
v -0.420525 0.421145 0.348813
v -0.449537 0.438895 0.315756
v -0.515670 0.438895 0.304883
v -0.495557 0.421145 0.327307
v -0.515670 0.403396 0.304883
v -0.449537 0.403396 0.315756
v -0.420525 0.421145 0.348813
v -0.495557 0.421145 0.327307
v -0.562903 0.421145 0.294931
v -0.560368 0.407997 0.286685
v -0.515670 0.403396 0.304883
v 0.106027 0.421145 0.347430
v 0.079354 0.438895 0.329420
v 0.032614 0.434293 0.390404
v 0.061802 0.421145 0.427765
v 0.106027 0.421145 0.347430
v 0.122623 0.421145 0.241524
v 0.112322 0.438895 0.222234
v 0.079354 0.438895 0.329420
v 0.106027 0.421145 0.347430
v 0.079354 0.403396 0.329420
v 0.112322 0.403396 0.222234
v 0.122623 0.421145 0.241524
v 0.106027 0.421145 0.347430
v 0.061802 0.421145 0.427765
v 0.032614 0.407997 0.390404
v 0.079354 0.403396 0.329420
v -0.082537 0.421145 0.416164
v -0.062069 0.438895 0.380970
v -0.258962 0.441025 0.311866
v -0.246121 0.421145 0.372595
v -0.082537 0.421145 0.416164
v 0.061802 0.421145 0.427765
v 0.032614 0.434293 0.390404
v -0.062069 0.438895 0.380970
v -0.082537 0.421145 0.416164
v -0.062069 0.403396 0.380970
v 0.032614 0.407997 0.390404
v 0.061802 0.421145 0.427765
v -0.082537 0.421145 0.416164
v -0.246121 0.421145 0.372595
v -0.258962 0.401266 0.311866
v -0.062069 0.403396 0.380970
v 0.097303 0.421145 -0.438897
v 0.073118 0.438895 -0.402628
v 0.138442 0.438895 -0.240413
v 0.152075 0.421145 -0.274641
v 0.097303 0.421145 -0.438897
v 0.015564 0.421145 -0.550100
v 0.004417 0.434293 -0.483677
v 0.073118 0.438895 -0.402628
v 0.097303 0.421145 -0.438897
v 0.073118 0.403395 -0.402628
v 0.004417 0.407997 -0.483677
v 0.015564 0.421145 -0.550100
v 0.097303 0.421145 -0.438897
v 0.152075 0.421145 -0.274641
v 0.138442 0.403395 -0.240413
v 0.073118 0.403395 -0.402628
v -0.108836 0.421145 -0.490538
v -0.081486 0.438895 -0.441359
v 0.004417 0.434293 -0.483677
v 0.015564 0.421145 -0.550100
v -0.108836 0.421145 -0.490538
v -0.233089 0.421145 -0.385414
v -0.243898 0.441025 -0.317522
v -0.081486 0.438895 -0.441359
v -0.108836 0.421145 -0.490538
v -0.081486 0.403395 -0.441359
v -0.243898 0.401265 -0.317522
v -0.233089 0.421145 -0.385414
v -0.108836 0.421145 -0.490538
v 0.015564 0.421145 -0.550100
v 0.004417 0.407997 -0.483677
v -0.081486 0.403395 -0.441359
v 0.195574 0.421145 -0.175047
v 0.189101 0.438895 -0.147009
v 0.240990 0.438560 -0.111802
v 0.244062 0.420932 -0.133706
v 0.195574 0.421145 -0.175047
v 0.152075 0.421145 -0.274641
v 0.138442 0.438895 -0.240413
v 0.189101 0.438895 -0.147009
v 0.195574 0.421145 -0.175047
v 0.189101 0.403395 -0.147009
v 0.138442 0.403395 -0.240413
v 0.152075 0.421145 -0.274641
v 0.195574 0.421145 -0.175047
v 0.244062 0.420932 -0.133706
v 0.242511 0.403342 -0.111914
v 0.189101 0.403395 -0.147009
v 0.184074 0.421145 0.176410
v 0.179038 0.438895 0.160516
v 0.112322 0.438895 0.222234
v 0.122623 0.421145 0.241524
v 0.184074 0.421145 0.176410
v 0.267616 0.421086 0.133897
v 0.261939 0.438790 0.122432
v 0.179038 0.438895 0.160516
v 0.184074 0.421145 0.176410
v 0.179038 0.403396 0.160516
v 0.262782 0.403381 0.122157
v 0.267616 0.421086 0.133897
v 0.184074 0.421145 0.176410
v 0.122623 0.421145 0.241524
v 0.112322 0.403396 0.222234
v 0.179038 0.403396 0.160516
v 0.313800 0.420293 -0.144210
v 0.310006 0.437556 -0.124178
v 0.374110 0.441084 -0.157770
v 0.379133 0.424097 -0.177922
v 0.313800 0.420293 -0.144210
v 0.244062 0.420932 -0.133706
v 0.240990 0.438560 -0.111802
v 0.310006 0.437556 -0.124178
v 0.313800 0.420293 -0.144210
v 0.316090 0.403182 -0.124625
v 0.242511 0.403342 -0.111914
v 0.244062 0.420932 -0.133706
v 0.313800 0.420293 -0.144210
v 0.379133 0.424097 -0.177922
v 0.383933 0.407331 -0.158468
v 0.316090 0.403182 -0.124625
v 0.350485 0.420907 0.095790
v 0.261939 0.438790 0.122432
v 0.267616 0.421086 0.133897
v 0.343462 0.438476 0.086149
v 0.409465 0.442405 0.052936
v 0.417335 0.424978 0.062162
v 0.350485 0.420907 0.095790
v 0.346834 0.403336 0.085049
v 0.415432 0.407551 0.050973
v 0.417335 0.424978 0.062162
v 0.350485 0.420907 0.095790
v 0.267616 0.421086 0.133897
v 0.262782 0.403381 0.122157
v 0.346834 0.403336 0.085049
v 0.414408 0.437214 -0.206207
v 0.411262 0.454347 -0.186214
v 0.442130 0.465981 -0.206627
v 0.440904 0.449105 -0.226128
v 0.414408 0.437214 -0.206207
v 0.379133 0.424097 -0.177922
v 0.374110 0.441084 -0.157770
v 0.411262 0.454347 -0.186214
v 0.414408 0.437214 -0.206207
v 0.420137 0.420201 -0.186769
v 0.383933 0.407331 -0.158468
v 0.379133 0.424097 -0.177922
v 0.414408 0.437214 -0.206207
v 0.445108 0.432098 -0.206435
v 0.420137 0.420201 -0.186769
v 0.440904 0.449105 -0.226128
v 0.479901 0.449234 -0.234751
v 0.479251 0.433326 -0.214371
v 0.452821 0.437669 0.033081
v 0.409465 0.442405 0.052936
v 0.417335 0.424978 0.062162
v 0.445806 0.455029 0.024060
v 0.476489 0.464506 0.002473
v 0.479946 0.448122 0.011869
v 0.452821 0.437669 0.033081
v 0.479072 0.431852 0.000960
v 0.479946 0.448122 0.011869
v 0.452817 0.420314 0.021710
v 0.415432 0.407551 0.050973
v 0.417335 0.424978 0.062162
v 0.479901 0.449234 -0.234751
v 0.487382 0.464623 -0.216127
v 0.528604 0.450669 -0.217109
v 0.514948 0.438634 -0.234790
v 0.479901 0.449234 -0.234751
v 0.440904 0.449105 -0.226128
v 0.442130 0.465981 -0.206627
v 0.487382 0.464623 -0.216127
v 0.479901 0.449234 -0.234751
v 0.514948 0.438634 -0.234790
v 0.508553 0.425890 -0.213582
v 0.479251 0.433326 -0.214371
v 0.521710 0.445480 0.001846
v 0.525516 0.458992 -0.008874
v 0.476489 0.464506 0.002473
v 0.479946 0.448122 0.011869
v 0.521710 0.445480 0.001846
v 0.559134 0.433390 0.000796
v 0.570126 0.442756 -0.011340
v 0.525516 0.458992 -0.008874
v 0.521710 0.445480 0.001846
v 0.514283 0.432387 -0.007581
v 0.544358 0.424625 -0.007075
v 0.559134 0.433390 0.000796
v 0.521710 0.445480 0.001846
v 0.479946 0.448122 0.011869
v 0.479072 0.431852 0.000960
v 0.514283 0.432387 -0.007581
v 0.529594 0.418337 -0.228963
v 0.547381 0.424516 -0.211965
v 0.552792 0.384933 -0.201021
v 0.533061 0.382709 -0.217662
v 0.529594 0.418337 -0.228963
v 0.514948 0.438634 -0.234790
v 0.528604 0.450669 -0.217109
v 0.547381 0.424516 -0.211965
v 0.529594 0.418337 -0.228963
v 0.519001 0.411792 -0.207074
v 0.508553 0.425890 -0.213582
v 0.514948 0.438634 -0.234790
v 0.529594 0.418337 -0.228963
v 0.533061 0.382709 -0.217662
v 0.520346 0.380463 -0.195386
v 0.519001 0.411792 -0.207074
v 0.573238 0.415495 0.006506
v 0.587555 0.420065 -0.006281
v 0.570126 0.442756 -0.011340
v 0.559134 0.433390 0.000796
v 0.573238 0.415495 0.006506
v 0.575800 0.381203 0.017957
v 0.591073 0.382347 0.004980
v 0.587555 0.420065 -0.006281
v 0.573238 0.415495 0.006506
v 0.555204 0.411269 -0.000688
v 0.556858 0.380414 0.010946
v 0.575800 0.381203 0.017957
v 0.573238 0.415495 0.006506
v 0.559134 0.433390 0.000796
v 0.544358 0.424625 -0.007075
v 0.555204 0.411269 -0.000688
v 0.573001 0.250807 0.012876
v 0.589027 0.272198 0.005288
v 0.589059 0.282016 0.024521
v 0.578655 0.265254 0.038084
v 0.573001 0.250807 0.012876
v 0.574628 0.256514 -0.016406
v 0.584297 0.276678 -0.038450
v 0.589027 0.272198 0.005288
v 0.573001 0.250807 0.012876
v 0.555879 0.265321 0.011140
v 0.552526 0.258869 -0.032809
v 0.574628 0.256514 -0.016406
v 0.573001 0.250807 0.012876
v 0.578655 0.265254 0.038084
v 0.563969 0.279116 0.028940
v 0.555879 0.265321 0.011140
v 0.534571 0.326113 -0.201281
v 0.553915 0.330694 -0.184602
v 0.559315 0.286557 -0.169353
v 0.543344 0.276919 -0.186596
v 0.534571 0.326113 -0.201281
v 0.533061 0.382709 -0.217662
v 0.552792 0.384933 -0.201021
v 0.553915 0.330694 -0.184602
v 0.534571 0.326113 -0.201281
v 0.522340 0.321332 -0.179059
v 0.520346 0.380463 -0.195386
v 0.533061 0.382709 -0.217662
v 0.534571 0.326113 -0.201281
v 0.543344 0.276919 -0.186596
v 0.534571 0.266837 -0.164950
v 0.522340 0.321332 -0.179059
v 0.578597 0.319922 0.034130
v 0.593948 0.321032 0.021118
v 0.591073 0.382347 0.004980
v 0.575800 0.381203 0.017957
v 0.578597 0.319922 0.034130
v 0.578655 0.265254 0.038084
v 0.589059 0.282016 0.024521
v 0.593948 0.321032 0.021118
v 0.578597 0.319922 0.034130
v 0.559352 0.320159 0.027190
v 0.563969 0.279116 0.028940
v 0.578655 0.265254 0.038084
v 0.578597 0.319922 0.034130
v 0.575800 0.381203 0.017957
v 0.556858 0.380414 0.010946
v 0.559352 0.320159 0.027190
v 0.596532 0.262310 -0.024677
v 0.598731 0.275599 -0.045177
v 0.584297 0.276678 -0.038450
v 0.574628 0.256514 -0.016406
v 0.596532 0.262310 -0.024677
v 0.631646 0.269959 -0.023301
v 0.628459 0.286033 -0.042858
v 0.598731 0.275599 -0.045177
v 0.596532 0.262310 -0.024677
v 0.587350 0.249317 -0.043103
v 0.627993 0.253970 -0.042694
v 0.631646 0.269959 -0.023301
v 0.596532 0.262310 -0.024677
v 0.574628 0.256514 -0.016406
v 0.552526 0.258869 -0.032809
v 0.587350 0.249317 -0.043103
v 0.568600 0.263497 -0.180380
v 0.577558 0.277281 -0.161917
v 0.608000 0.286655 -0.159721
v 0.604286 0.270298 -0.179102
v 0.568600 0.263497 -0.180380
v 0.543344 0.276919 -0.186596
v 0.559315 0.286557 -0.169353
v 0.577558 0.277281 -0.161917
v 0.568600 0.263497 -0.180380
v 0.566625 0.249416 -0.159917
v 0.534571 0.266837 -0.164950
v 0.543344 0.276919 -0.186596
v 0.568600 0.263497 -0.180380
v 0.604286 0.270298 -0.179102
v 0.607411 0.253857 -0.159533
v 0.566625 0.249416 -0.159917
v 0.672907 0.281225 -0.023639
v 0.671954 0.297581 -0.043591
v 0.628459 0.286033 -0.042858
v 0.631646 0.269959 -0.023301
v 0.672907 0.281225 -0.023639
v 0.703796 0.265718 -0.031140
v 0.708763 0.279173 -0.050485
v 0.671954 0.297581 -0.043591
v 0.672907 0.281225 -0.023639
v 0.666720 0.265007 -0.042585
v 0.691959 0.252496 -0.047453
v 0.703796 0.265718 -0.031140
v 0.672907 0.281225 -0.023639
v 0.631646 0.269959 -0.023301
v 0.627993 0.253970 -0.042694
v 0.666720 0.265007 -0.042585
v 0.644348 0.281778 -0.179229
v 0.649997 0.298470 -0.160190
v 0.687034 0.280519 -0.157266
v 0.676318 0.266650 -0.173776
v 0.644348 0.281778 -0.179229
v 0.604286 0.270298 -0.179102
v 0.608000 0.286655 -0.159721
v 0.649997 0.298470 -0.160190
v 0.644348 0.281778 -0.179229
v 0.645838 0.264947 -0.159371
v 0.607411 0.253857 -0.159533
v 0.604286 0.270298 -0.179102
v 0.644348 0.281778 -0.179229
v 0.676318 0.266650 -0.173776
v 0.672473 0.252547 -0.154626
v 0.645838 0.264947 -0.159371
v 0.693602 0.091732 -0.104560
v 0.710472 0.118080 -0.107091
v 0.710839 0.139159 -0.082641
v 0.699523 0.117095 -0.077785
v 0.693602 0.091732 -0.104560
v 0.689761 0.117172 -0.130807
v 0.701690 0.139510 -0.129368
v 0.710472 0.118080 -0.107091
v 0.693602 0.091732 -0.104560
v 0.678812 0.116188 -0.101501
v 0.680414 0.134435 -0.125602
v 0.689761 0.117172 -0.130807
v 0.693602 0.091732 -0.104560
v 0.699523 0.117095 -0.077785
v 0.688860 0.134460 -0.078751
v 0.678812 0.116188 -0.101501
v 0.707794 0.193050 -0.051250
v 0.718432 0.199737 -0.066649
v 0.708763 0.279173 -0.050485
v 0.703796 0.265718 -0.031140
v 0.707794 0.193050 -0.051250
v 0.699523 0.117095 -0.077785
v 0.710839 0.139159 -0.082641
v 0.718432 0.199737 -0.066649
v 0.707794 0.193050 -0.051250
v 0.692140 0.186507 -0.061977
v 0.688860 0.134460 -0.078751
v 0.699523 0.117095 -0.077785
v 0.707794 0.193050 -0.051250
v 0.703796 0.265718 -0.031140
v 0.691959 0.252496 -0.047453
v 0.692140 0.186507 -0.061977
v 0.687728 0.193630 -0.155757
v 0.702592 0.200596 -0.144891
v 0.701690 0.139510 -0.129368
v 0.689761 0.117172 -0.130807
v 0.687728 0.193630 -0.155757
v 0.676318 0.266650 -0.173776
v 0.687034 0.280519 -0.157266
v 0.702592 0.200596 -0.144891
v 0.687728 0.193630 -0.155757
v 0.677880 0.186519 -0.140496
v 0.672473 0.252547 -0.154626
v 0.676318 0.266650 -0.173776
v 0.687728 0.193630 -0.155757
v 0.689761 0.117172 -0.130807
v 0.680414 0.134435 -0.125602
v 0.677880 0.186519 -0.140496
v 0.548229 0.320170 -0.001808
v 0.545868 0.380092 -0.018082
v 0.537195 0.379982 -0.067586
v 0.539496 0.320044 -0.051302
v 0.544614 0.409826 -0.029793
v 0.527424 0.319870 -0.119725
v 0.536121 0.409763 -0.079328
v 0.525206 0.379830 -0.136024
v 0.524380 0.409676 -0.147808
vn -0.371694 0.237931 -0.897348
vn -0.371694 0.237931 -0.897348
vn -0.371694 0.237931 -0.897348
vn -0.371694 0.237931 -0.897348
vn -0.897348 0.237931 -0.371693
vn -0.897348 0.237931 -0.371693
vn -0.897348 0.237931 -0.371693
vn -0.897348 0.237931 -0.371693
vn -0.897348 0.237931 0.371693
vn -0.897348 0.237931 0.371693
vn -0.897348 0.237931 0.371693
vn -0.897348 0.237931 0.371693
vn -0.371693 0.237931 0.897348
vn -0.371693 0.237931 0.897348
vn -0.371693 0.237931 0.897348
vn -0.371693 0.237931 0.897348
vn 0.371694 0.237931 0.897348
vn 0.371694 0.237931 0.897348
vn 0.371694 0.237931 0.897348
vn 0.371694 0.237931 0.897348
vn 0.897348 0.237931 0.371694
vn 0.897348 0.237931 0.371694
vn 0.897348 0.237931 0.371694
vn 0.897348 0.237931 0.371694
vn 0.897348 0.237931 -0.371694
vn 0.897348 0.237931 -0.371694
vn 0.897348 0.237931 -0.371694
vn 0.897348 0.237931 -0.371694
vn 0.371694 0.237932 -0.897347
vn 0.371694 0.237932 -0.897347
vn 0.371694 0.237932 -0.897347
vn 0.371694 0.237932 -0.897347
vn 0.000000 -1.000000 0.000000
vn 0.000000 -1.000000 0.000000
vn 0.000000 -1.000000 0.000000
vn 0.000000 -1.000000 0.000000
vn 0.000000 -1.000000 0.000000
vn 0.000000 -1.000000 0.000000
vn 0.000000 -1.000000 0.000000
vn 0.000000 -1.000000 0.000000
vn 0.371694 -0.237932 -0.897347
vn 0.371694 -0.237932 -0.897347
vn 0.371694 -0.237932 -0.897347
vn 0.371694 -0.237932 -0.897347
vn 0.897348 -0.237931 -0.371693
vn 0.897348 -0.237931 -0.371693
vn 0.897348 -0.237931 -0.371693
vn 0.897348 -0.237931 -0.371693
vn 0.897348 -0.237931 0.371694
vn 0.897348 -0.237931 0.371694
vn 0.897348 -0.237931 0.371694
vn 0.897348 -0.237931 0.371694
vn 0.371694 -0.237931 0.897348
vn 0.371694 -0.237931 0.897348
vn 0.371694 -0.237931 0.897348
vn 0.371694 -0.237931 0.897348
vn -0.371693 -0.237931 0.897348
vn -0.371693 -0.237931 0.897348
vn -0.371693 -0.237931 0.897348
vn -0.371693 -0.237931 0.897348
vn -0.897348 -0.237931 0.371694
vn -0.897348 -0.237931 0.371694
vn -0.897348 -0.237931 0.371694
vn -0.897348 -0.237931 0.371694
vn -0.897348 -0.237931 -0.371693
vn -0.897348 -0.237931 -0.371693
vn -0.897348 -0.237931 -0.371693
vn -0.897348 -0.237931 -0.371693
vn -0.371694 -0.237931 -0.897348
vn -0.371694 -0.237931 -0.897348
vn -0.371694 -0.237931 -0.897348
vn -0.371694 -0.237931 -0.897348
vn -0.701311 0.650982 -0.290492
vn -0.701311 0.650982 -0.290492
vn -0.701311 0.650982 -0.290492
vn -0.701311 0.650982 -0.290492
vn 0.290492 0.650982 -0.701311
vn 0.290492 0.650982 -0.701311
vn 0.290492 0.650982 -0.701311
vn 0.290492 0.650982 -0.701311
vn 0.701311 0.650982 0.290492
vn 0.701311 0.650982 0.290492
vn 0.701311 0.650982 0.290492
vn 0.701311 0.650982 0.290492
vn -0.701311 0.650982 0.290492
vn -0.701311 0.650982 0.290492
vn -0.701311 0.650982 0.290492
vn -0.701311 0.650982 0.290492
vn -0.290492 0.650982 -0.701311
vn -0.290492 0.650982 -0.701311
vn -0.290492 0.650982 -0.701311
vn -0.290492 0.650982 -0.701311
vn 0.701311 0.650982 -0.290492
vn 0.701311 0.650982 -0.290492
vn 0.701311 0.650982 -0.290492
vn 0.701311 0.650982 -0.290492
vn 0.290493 0.650981 0.701311
vn 0.290493 0.650981 0.701311
vn 0.290493 0.650981 0.701311
vn 0.290493 0.650981 0.701311
vn -0.290492 0.650982 0.701311
vn -0.290492 0.650982 0.701311
vn -0.290492 0.650982 0.701311
vn -0.290492 0.650982 0.701311
vn -0.781591 0.237931 -0.576632
vn -0.781591 0.237931 -0.576632
vn -0.781591 0.237931 -0.576632
vn -0.781591 0.237931 -0.576632
vn -0.960409 0.237931 0.144928
vn -0.960409 0.237931 0.144928
vn -0.960409 0.237931 0.144928
vn -0.960409 0.237931 0.144928
vn -0.576632 0.237931 0.781591
vn -0.576632 0.237931 0.781591
vn -0.576632 0.237931 0.781591
vn -0.576632 0.237931 0.781591
vn 0.144929 0.237932 0.960408
vn 0.144929 0.237932 0.960408
vn 0.144929 0.237932 0.960408
vn 0.144929 0.237932 0.960408
vn 0.781591 0.237931 0.576632
vn 0.781591 0.237931 0.576632
vn 0.781591 0.237931 0.576632
vn 0.781591 0.237931 0.576632
vn 0.960409 0.237931 -0.144928
vn 0.960409 0.237931 -0.144928
vn 0.960409 0.237931 -0.144928
vn 0.960409 0.237931 -0.144928
vn 0.576632 0.237931 -0.781591
vn 0.576632 0.237931 -0.781591
vn 0.576632 0.237931 -0.781591
vn 0.576632 0.237931 -0.781591
vn -0.144928 0.237932 -0.960408
vn -0.144928 0.237932 -0.960408
vn -0.144928 0.237932 -0.960408
vn -0.144928 0.237932 -0.960408
vn 0.000000 -1.000000 0.000000
vn 0.000000 -1.000000 0.000000
vn 0.000000 -1.000000 0.000000
vn 0.000000 -1.000000 0.000000
vn 0.000000 -1.000000 0.000000
vn 0.000000 -1.000000 0.000000
vn 0.000000 -1.000000 0.000000
vn 0.000000 -1.000000 0.000000
vn -0.144928 -0.237932 -0.960408
vn -0.144928 -0.237932 -0.960408
vn -0.144928 -0.237932 -0.960408
vn -0.144928 -0.237932 -0.960408
vn 0.576632 -0.237931 -0.781591
vn 0.576632 -0.237931 -0.781591
vn 0.576632 -0.237931 -0.781591
vn 0.576632 -0.237931 -0.781591
vn 0.960409 -0.237931 -0.144928
vn 0.960409 -0.237931 -0.144928
vn 0.960409 -0.237931 -0.144928
vn 0.960409 -0.237931 -0.144928
vn 0.781591 -0.237931 0.576632
vn 0.781591 -0.237931 0.576632
vn 0.781591 -0.237931 0.576632
vn 0.781591 -0.237931 0.576632
vn 0.144929 -0.237931 0.960409
vn 0.144929 -0.237931 0.960409
vn 0.144929 -0.237931 0.960409
vn 0.144929 -0.237931 0.960409
vn -0.576632 -0.237931 0.781591
vn -0.576632 -0.237931 0.781591
vn -0.576632 -0.237931 0.781591
vn -0.576632 -0.237931 0.781591
vn -0.960408 -0.237931 0.144928
vn -0.960408 -0.237931 0.144928
vn -0.960408 -0.237931 0.144928
vn -0.960408 -0.237931 0.144928
vn -0.781591 -0.237931 -0.576631
vn -0.781591 -0.237931 -0.576631
vn -0.781591 -0.237931 -0.576631
vn -0.781591 -0.237931 -0.576631
vn -0.750596 0.650982 0.113267
vn -0.750596 0.650982 0.113267
vn -0.750596 0.650982 0.113267
vn -0.750596 0.650982 0.113267
vn -0.113267 0.650983 -0.750594
vn -0.113267 0.650983 -0.750594
vn -0.113267 0.650983 -0.750594
vn -0.113267 0.650983 -0.750594
vn 0.750595 0.650982 -0.113267
vn 0.750595 0.650982 -0.113267
vn 0.750595 0.650982 -0.113267
vn 0.750595 0.650982 -0.113267
vn -0.450660 0.650982 0.610843
vn -0.450660 0.650982 0.610843
vn -0.450660 0.650982 0.610843
vn -0.450660 0.650982 0.610843
vn -0.610843 0.650982 -0.450660
vn -0.610843 0.650982 -0.450660
vn -0.610843 0.650982 -0.450660
vn -0.610843 0.650982 -0.450660
vn 0.450659 0.650983 -0.610842
vn 0.450659 0.650983 -0.610842
vn 0.450659 0.650983 -0.610842
vn 0.450659 0.650983 -0.610842
vn 0.610843 0.650981 0.450660
vn 0.610843 0.650981 0.450660
vn 0.610843 0.650981 0.450660
vn 0.610843 0.650981 0.450660
vn 0.113267 0.650982 0.750595
vn 0.113267 0.650982 0.750595
vn 0.113267 0.650982 0.750595
vn 0.113267 0.650982 0.750595
vn -0.781591 0.237931 -0.576632
vn -0.781591 0.237931 -0.576632
vn -0.781591 0.237931 -0.576632
vn -0.781591 0.237931 -0.576632
vn -0.960408 0.237931 0.144928
vn -0.960408 0.237931 0.144928
vn -0.960408 0.237931 0.144928
vn -0.960408 0.237931 0.144928
vn -0.576632 0.237931 0.781591
vn -0.576632 0.237931 0.781591
vn -0.576632 0.237931 0.781591
vn -0.576632 0.237931 0.781591
vn 0.144929 0.237930 0.960409
vn 0.144929 0.237930 0.960409
vn 0.144929 0.237930 0.960409
vn 0.144929 0.237930 0.960409
vn 0.781591 0.237931 0.576632
vn 0.781591 0.237931 0.576632
vn 0.781591 0.237931 0.576632
vn 0.781591 0.237931 0.576632
vn 0.960409 0.237931 -0.144928
vn 0.960409 0.237931 -0.144928
vn 0.960409 0.237931 -0.144928
vn 0.960409 0.237931 -0.144928
vn 0.576632 0.237930 -0.781591
vn 0.576632 0.237930 -0.781591
vn 0.576632 0.237930 -0.781591
vn 0.576632 0.237930 -0.781591
vn -0.144928 0.237932 -0.960408
vn -0.144928 0.237932 -0.960408
vn -0.144928 0.237932 -0.960408
vn -0.144928 0.237932 -0.960408
vn 0.000000 -1.000000 0.000000
vn 0.000000 -1.000000 0.000000
vn 0.000000 -1.000000 0.000000
vn 0.000000 -1.000000 0.000000
vn 0.000000 -1.000000 0.000000
vn 0.000000 -1.000000 0.000000
vn 0.000000 -1.000000 0.000000
vn 0.000000 -1.000000 0.000000
vn -0.144928 -0.237932 -0.960408
vn -0.144928 -0.237932 -0.960408
vn -0.144928 -0.237932 -0.960408
vn -0.144928 -0.237932 -0.960408
vn 0.576632 -0.237931 -0.781591
vn 0.576632 -0.237931 -0.781591
vn 0.576632 -0.237931 -0.781591
vn 0.576632 -0.237931 -0.781591
vn 0.960409 -0.237931 -0.144928
vn 0.960409 -0.237931 -0.144928
vn 0.960409 -0.237931 -0.144928
vn 0.960409 -0.237931 -0.144928
vn 0.781591 -0.237931 0.576632
vn 0.781591 -0.237931 0.576632
vn 0.781591 -0.237931 0.576632
vn 0.781591 -0.237931 0.576632
vn 0.144929 -0.237930 0.960409
vn 0.144929 -0.237930 0.960409
vn 0.144929 -0.237930 0.960409
vn 0.144929 -0.237930 0.960409
vn -0.576632 -0.237932 0.781591
vn -0.576632 -0.237932 0.781591
vn -0.576632 -0.237932 0.781591
vn -0.576632 -0.237932 0.781591
vn -0.960409 -0.237931 0.144928
vn -0.960409 -0.237931 0.144928
vn -0.960409 -0.237931 0.144928
vn -0.960409 -0.237931 0.144928
vn -0.781591 -0.237931 -0.576631
vn -0.781591 -0.237931 -0.576631
vn -0.781591 -0.237931 -0.576631
vn -0.781591 -0.237931 -0.576631
vn -0.750595 0.650982 0.113267
vn -0.750595 0.650982 0.113267
vn -0.750595 0.650982 0.113267
vn -0.750595 0.650982 0.113267
vn -0.113267 0.650983 -0.750594
vn -0.113267 0.650983 -0.750594
vn -0.113267 0.650983 -0.750594
vn -0.113267 0.650983 -0.750594
vn 0.750595 0.650982 -0.113267
vn 0.750595 0.650982 -0.113267
vn 0.750595 0.650982 -0.113267
vn 0.750595 0.650982 -0.113267
vn -0.450659 0.650982 0.610842
vn -0.450659 0.650982 0.610842
vn -0.450659 0.650982 0.610842
vn -0.450659 0.650982 0.610842
vn -0.610843 0.650982 -0.450659
vn -0.610843 0.650982 -0.450659
vn -0.610843 0.650982 -0.450659
vn -0.610843 0.650982 -0.450659
vn 0.450660 0.650982 -0.610843
vn 0.450660 0.650982 -0.610843
vn 0.450660 0.650982 -0.610843
vn 0.450660 0.650982 -0.610843
vn 0.610843 0.650982 0.450659
vn 0.610843 0.650982 0.450659
vn 0.610843 0.650982 0.450659
vn 0.610843 0.650982 0.450659
vn 0.113267 0.650983 0.750594
vn 0.113267 0.650983 0.750594
vn 0.113267 0.650983 0.750594
vn 0.113267 0.650983 0.750594
vn 0.000000 1.000000 0.000000
vn 0.000000 1.000000 0.000000
vn 0.000000 1.000000 0.000000
vn 0.000000 1.000000 0.000000
vn 0.000000 1.000000 0.000000
vn 0.000000 1.000000 0.000000
vn 0.000000 1.000000 0.000000
vn 0.000000 1.000000 0.000000
vn 0.000000 1.000000 0.000000
vn 0.000000 1.000000 0.000000
vn 0.000000 1.000000 0.000000
vn 0.000000 1.000000 0.000000
vn 0.000000 1.000000 0.000000
vn 0.000000 1.000000 0.000000
vn 0.000000 1.000000 0.000000
vn 0.000000 1.000000 0.000000
vn 0.000000 1.000000 0.000000
vn 0.000000 1.000000 0.000000
vn 0.000000 1.000000 0.000000
vn 0.000000 1.000000 0.000000
vn 0.000000 1.000000 0.000000
vn 0.000000 1.000000 0.000000
vn 0.000000 1.000000 0.000000
vn 0.000000 1.000000 0.000000
vn 0.000000 1.000000 0.000000
vn 0.000000 1.000000 0.000000
vn 0.000000 1.000000 0.000000
vn 0.000000 1.000000 0.000000
vn 0.000000 1.000000 0.000000
vn 0.000000 1.000000 0.000000
vn 0.000000 1.000000 0.000000
vn 0.000000 1.000000 0.000000
vn 0.000000 1.000000 0.000000
vn 0.000000 1.000000 0.000000
vn 0.000000 1.000000 0.000000
vn 0.000000 1.000000 0.000000
vn 0.000000 1.000000 0.000000
vn 0.000000 1.000000 0.000000
vn 0.000000 1.000000 0.000000
vn 0.000000 1.000000 0.000000
vn 0.000000 1.000000 0.000000
vn 0.000000 1.000000 0.000000
vn 0.000000 1.000000 0.000000
vn 0.000000 1.000000 0.000000
vn 0.000000 1.000000 0.000000
vn 0.000000 1.000000 0.000000
vn 0.000000 1.000000 0.000000
vn 0.000000 1.000000 0.000000
vn 0.000000 1.000000 0.000000
vn 0.000000 1.000000 0.000000
vn 0.000000 1.000000 0.000000
vn 0.000000 1.000000 0.000000
vn 0.000000 1.000000 0.000000
vn 0.000000 1.000000 0.000000
vn 0.000000 1.000000 0.000000
vn 0.000000 1.000000 0.000000
vn 0.000000 1.000000 0.000000
vn 0.000000 1.000000 0.000000
vn 0.000000 1.000000 0.000000
vn 0.000000 1.000000 0.000000
vn 0.000000 1.000000 0.000000
vn 0.000000 1.000000 0.000000
vn 0.000000 1.000000 0.000000
vn 0.000000 1.000000 0.000000
vn 0.000000 1.000000 0.000000
vn 0.000000 1.000000 0.000000
vn 0.000000 1.000000 0.000000
vn 0.000000 1.000000 0.000000
vn 0.000000 1.000000 0.000000
vn 0.000000 1.000000 0.000000
vn 0.000000 1.000000 0.000000
vn 0.000000 1.000000 0.000000
vn 0.577352 -0.577349 0.577350
vn 0.577352 -0.577349 0.577350
vn 0.577352 -0.577349 0.577350
vn 0.577355 0.577347 0.577349
vn 0.577355 0.577347 0.577349
vn 0.577355 0.577347 0.577349
vn 0.577349 -0.577351 -0.577351
vn 0.577349 -0.577351 -0.577351
vn 0.577349 -0.577351 -0.577351
vn 0.577349 0.577351 -0.577351
vn 0.577349 0.577351 -0.577351
vn 0.577349 0.577351 -0.577351
vn -0.577351 -0.577349 0.577351
vn -0.577351 -0.577349 0.577351
vn -0.577351 -0.577349 0.577351
vn -0.577354 0.577348 0.577350
vn -0.577354 0.577348 0.577350
vn -0.577354 0.577348 0.577350
vn -0.577348 -0.577350 -0.577352
vn -0.577348 -0.577350 -0.577352
vn -0.577348 -0.577350 -0.577352
vn -0.577348 0.577350 -0.577353
vn -0.577348 0.577350 -0.577353
vn -0.577348 0.577350 -0.577353
vn 0.000000 0.000000 1.000000
vn 0.000000 0.000000 1.000000
vn 0.000000 0.000000 1.000000
vn 0.000000 0.000000 1.000000
vn -1.000000 0.000000 0.000000
vn -1.000000 0.000000 0.000000
vn -1.000000 0.000000 0.000000
vn -1.000000 0.000000 0.000000
vn 0.000000 1.000000 0.000000
vn 0.000000 1.000000 0.000000
vn 0.000000 1.000000 0.000000
vn 0.000000 1.000000 0.000000
vn 1.000000 0.000000 0.000000
vn 1.000000 0.000000 0.000000
vn 1.000000 0.000000 0.000000
vn 1.000000 0.000000 0.000000
vn 0.000000 0.000000 -1.000000
vn 0.000000 0.000000 -1.000000
vn 0.000000 0.000000 -1.000000
vn 0.000000 0.000000 -1.000000
vn 0.707109 -0.707105 0.000000
vn 0.707109 -0.707105 0.000000
vn 0.707109 -0.707105 0.000000
vn 0.707109 -0.707105 0.000000
vn 0.707107 0.000000 0.707107
vn 0.707107 0.000000 0.707107
vn 0.707107 0.000000 0.707107
vn 0.707107 0.000000 0.707107
vn 0.707107 0.707107 0.000000
vn 0.707107 0.707107 0.000000
vn 0.707107 0.707107 0.000000
vn 0.707107 0.707107 0.000000
vn 0.707107 0.000000 -0.707107
vn 0.707107 0.000000 -0.707107
vn 0.707107 0.000000 -0.707107
vn 0.707107 0.000000 -0.707107
vn 0.000000 -0.707106 -0.707107
vn 0.000000 -0.707106 -0.707107
vn 0.000000 -0.707106 -0.707107
vn 0.000000 -0.707106 -0.707107
vn 0.000000 0.707106 -0.707107
vn 0.000000 0.707106 -0.707107
vn 0.000000 0.707106 -0.707107
vn 0.000000 0.707106 -0.707107
vn -0.707107 0.000000 -0.707107
vn -0.707107 0.000000 -0.707107
vn -0.707107 0.000000 -0.707107
vn -0.707107 0.000000 -0.707107
vn -0.707108 -0.707106 0.000000
vn -0.707108 -0.707106 0.000000
vn -0.707108 -0.707106 0.000000
vn -0.707108 -0.707106 0.000000
vn -0.707106 0.707107 0.000000
vn -0.707106 0.707107 0.000000
vn -0.707106 0.707107 0.000000
vn -0.707106 0.707107 0.000000
vn -0.707107 0.000000 0.707107
vn -0.707107 0.000000 0.707107
vn -0.707107 0.000000 0.707107
vn -0.707107 0.000000 0.707107
vn 0.000000 -0.707106 0.707107
vn 0.000000 -0.707106 0.707107
vn 0.000000 -0.707106 0.707107
vn 0.000000 -0.707106 0.707107
vn 0.000000 0.707106 0.707107
vn 0.000000 0.707106 0.707107
vn 0.000000 0.707106 0.707107
vn 0.000000 0.707106 0.707107
vn 0.000000 -1.000000 0.000000
vn 0.000000 -1.000000 0.000000
vn 0.000000 -1.000000 0.000000
vn 0.000000 -1.000000 0.000000
vn 0.040498 0.996947 -0.066756
vn 0.035403 0.998611 -0.039013
vn 0.040498 0.996947 -0.066756
vn 0.035403 0.998611 -0.039013
vn 0.007532 0.999438 -0.032660
vn 0.007532 0.999438 -0.032660
vn 0.000615 0.999930 -0.011817
vn 0.000615 0.999930 -0.011817
vn 0.000615 0.999930 -0.011817
vn -0.013074 0.999914 -0.000716
vn -0.037460 0.999298 -0.000780
vn -0.037460 0.999298 -0.000780
vn -0.061628 0.998079 0.006326
vn -0.061628 0.998079 0.006326
vn -0.082096 0.996526 0.013995
vn -0.082096 0.996526 0.013995
vn 0.000615 0.999930 -0.011817
vn -0.000001 1.000000 0.000000
vn 0.000000 1.000000 0.000000
vn 0.000000 1.000000 0.000000
vn -0.013385 0.999676 -0.021658
vn -0.000001 1.000000 0.000000
vn -0.002031 0.999923 0.012267
vn -0.028827 0.999551 -0.008152
vn -0.028827 0.999551 -0.008152
vn -0.031378 0.999189 -0.025253
vn -0.031378 0.999189 -0.025253
vn -0.044614 0.998508 -0.031485
vn -0.044614 0.998508 -0.031485
vn -0.002031 0.999923 0.012267
vn -0.000411 0.999521 0.030948
vn -0.000411 0.999521 0.030948
vn 0.011829 0.999050 0.041952
vn 0.011829 0.999050 0.041952
vn 0.006288 0.997841 0.065372
vn 0.006288 0.997841 0.065372
vn -0.000001 1.000000 0.000000
vn -0.010269 0.999466 0.031037
vn -0.010269 0.999466 0.031037
vn -0.000001 1.000000 0.000000
vn 0.000000 1.000000 0.000000
vn -0.000001 1.000000 0.000000
vn 0.003094 0.999995 -0.000368
vn 0.001649 0.999999 -0.000571
vn 0.003094 0.999995 -0.000368
vn 0.004200 0.999987 -0.002964
vn 0.007387 0.999965 -0.004009
vn 0.007387 0.999965 -0.004009
vn -0.309570 0.925225 -0.219375
vn -0.309570 0.925225 -0.219375
vn -0.309570 0.925225 -0.219375
vn -0.309570 0.925225 -0.219375
vn -0.144537 0.921881 -0.359506
vn -0.144537 0.921881 -0.359506
vn -0.144537 0.921881 -0.359506
vn -0.144537 0.921881 -0.359506
vn -0.160163 0.953473 0.255415
vn -0.160163 0.953473 0.255415
vn -0.160163 0.953473 0.255415
vn -0.160163 0.953473 0.255415
vn -0.235631 0.966887 0.098021
vn -0.235631 0.966887 0.098021
vn -0.235631 0.966887 0.098021
vn -0.235631 0.966887 0.098021
vn 0.069424 0.996916 0.036603
vn 0.069424 0.996916 0.036603
vn 0.069424 0.996916 0.036603
vn 0.069424 0.996916 0.036603
vn 0.063574 0.994455 0.083770
vn 0.063574 0.994455 0.083770
vn 0.048774 0.991124 0.123675
vn 0.048774 0.991124 0.123675
vn 0.065204 0.987234 0.145319
vn 0.065204 0.987234 0.145319
vn 0.028675 0.984471 0.173189
vn 0.028675 0.984471 0.173189
vn 0.030038 0.996146 0.082408
vn 0.030038 0.996146 0.082408
vn 0.030038 0.996146 0.082408
vn 0.030038 0.996146 0.082408
vn 0.013786 0.998389 -0.055033
vn 0.013786 0.998389 -0.055033
vn 0.013786 0.998389 -0.055033
vn 0.053377 0.998204 -0.027217
vn 0.053377 0.998204 -0.027217
vn 0.053377 0.998204 -0.027217
vn 0.053377 0.998204 -0.027217
vn 0.060004 0.997237 -0.043797
vn 0.060004 0.997237 -0.043797
vn 0.037621 0.996656 -0.072542
vn 0.037621 0.996656 -0.072542
vn -0.008197 0.995239 -0.097116
vn -0.008197 0.995239 -0.097116
vn -0.008197 0.995239 -0.097116
vn -0.008197 0.995239 -0.097116
vn -0.109238 0.988340 -0.106070
vn -0.109238 0.988340 -0.106070
vn -0.109238 0.988340 -0.106070
vn -0.109238 0.988340 -0.106070
vn -0.057780 0.998321 -0.004036
vn -0.057780 0.998321 -0.004036
vn -0.057780 0.998321 -0.004036
vn -0.057780 0.998321 -0.004036
vn -0.051410 0.998608 0.011787
vn -0.051410 0.998608 0.011787
vn -0.279878 0.959821 0.020285
vn -0.279878 0.959821 0.020285
vn -0.279878 0.959821 0.020285
vn -0.279878 0.959821 0.020285
vn -0.254025 0.966582 0.034491
vn -0.254025 0.966582 0.034491
vn -0.249424 0.966318 0.063383
vn -0.227273 0.972463 0.051597
vn -0.249424 0.966318 0.063383
vn -0.249424 0.966318 0.063383
vn -0.249424 0.966318 0.063383
vn -0.375725 0.922429 -0.089198
vn -0.375725 0.922429 -0.089198
vn -0.375725 0.922429 -0.089198
vn -0.375725 0.922429 -0.089198
vn -0.352137 0.934151 -0.057974
vn -0.352137 0.934151 -0.057974
vn -0.133238 0.960811 0.243086
vn -0.133238 0.960811 0.243086
vn -0.133238 0.960811 0.243086
vn -0.133238 0.960811 0.243086
vn -0.130448 0.965955 0.223417
vn -0.130448 0.965955 0.223417
vn 0.072266 0.997368 0.005907
vn 0.072266 0.997368 0.005907
vn 0.072266 0.997368 0.005907
vn 0.072266 0.997368 0.005907
vn 0.096605 0.995314 0.004256
vn 0.096605 0.995314 0.004256
vn 0.027663 0.996300 -0.081373
vn 0.027663 0.996300 -0.081373
vn 0.027663 0.996300 -0.081373
vn 0.027663 0.996300 -0.081373
vn 0.320575 0.939222 -0.122860
vn 0.320575 0.939222 -0.122860
vn 0.320575 0.939222 -0.122860
vn 0.320575 0.939222 -0.122860
vn 0.332971 0.942373 -0.032619
vn 0.332971 0.942373 -0.032619
vn 0.332971 0.942373 -0.032619
vn 0.332971 0.942373 -0.032619
vn 0.339648 0.940171 -0.026781
vn 0.339648 0.940171 -0.026781
vn 0.143138 0.977251 0.156500
vn 0.143138 0.977251 0.156500
vn 0.143138 0.977251 0.156500
vn 0.143138 0.977251 0.156500
vn 0.346858 0.929698 0.123898
vn 0.346858 0.929698 0.123898
vn 0.346858 0.929698 0.123898
vn 0.346858 0.929698 0.123898
vn 0.810540 0.567067 -0.146494
vn 0.810540 0.567067 -0.146494
vn 0.810540 0.567067 -0.146494
vn 0.810540 0.567067 -0.146494
vn 0.805973 0.574803 -0.141454
vn 0.805973 0.574803 -0.141454
vn 0.808471 0.539430 -0.235349
vn 0.808471 0.539430 -0.235349
vn 0.808471 0.539430 -0.235349
vn 0.808471 0.539430 -0.235349
vn 0.960729 0.055688 -0.271843
vn 0.960729 0.055688 -0.271843
vn 0.960729 0.055688 -0.271843
vn 0.960729 0.055688 -0.271843
vn 0.979668 0.071137 -0.187590
vn 0.979668 0.071137 -0.187590
vn 0.979668 0.071137 -0.187590
vn 0.979668 0.071137 -0.187590
vn 0.980395 0.054520 -0.189352
vn 0.980395 0.054520 -0.189352
vn 0.791298 0.610172 0.039215
vn 0.791298 0.610172 0.039215
vn 0.791298 0.610172 0.039215
vn 0.791298 0.610172 0.039215
vn 0.995219 0.097620 -0.003252
vn 0.995219 0.097620 -0.003252
vn 0.995219 0.097620 -0.003252
vn 0.995219 0.097620 -0.003252
vn 0.981927 -0.030619 -0.186765
vn 0.981927 -0.030619 -0.186765
vn 0.981927 -0.030619 -0.186765
vn 0.981927 -0.030619 -0.186765
vn 0.987244 -0.003322 -0.159181
vn 0.987244 -0.003322 -0.159181
vn 0.980724 -0.021380 -0.194227
vn 0.980724 -0.021380 -0.194227
vn 0.960669 -0.061605 -0.270777
vn 0.960669 -0.061605 -0.270777
vn 0.960669 -0.061605 -0.270777
vn 0.960669 -0.061605 -0.270777
vn 0.963956 0.016116 -0.265574
vn 0.963956 0.016116 -0.265574
vn 0.963956 0.016116 -0.265574
vn 0.963956 0.016116 -0.265574
vn 0.999108 0.041845 -0.005669
vn 0.999108 0.041845 -0.005669
vn 0.999108 0.041845 -0.005669
vn 0.999108 0.041845 -0.005669
vn 0.982528 -0.086961 -0.164547
vn 0.982528 -0.086961 -0.164547
vn 0.982528 -0.086961 -0.164547
vn 0.982528 -0.086961 -0.164547
vn 0.994967 -0.100203 -0.000175
vn 0.994967 -0.100203 -0.000175
vn 0.994967 -0.100203 -0.000175
vn 0.994967 -0.100203 -0.000175
vn 0.272611 0.958241 0.086360
vn 0.272611 0.958241 0.086360
vn 0.272611 0.958241 0.086360
vn 0.272611 0.958241 0.086360
vn 0.499156 0.851405 -0.161100
vn 0.499156 0.851405 -0.161100
vn 0.499156 0.851405 -0.161100
vn 0.499156 0.851405 -0.161100
vn -0.324133 0.945979 -0.007845
vn -0.324133 0.945979 -0.007845
vn -0.324133 0.945979 -0.007845
vn -0.324133 0.945979 -0.007845
vn -0.350615 0.925401 0.143885
vn -0.350615 0.925401 0.143885
vn -0.350615 0.925401 0.143885
vn -0.350615 0.925401 0.143885
vn -0.254484 0.956922 0.139779
vn -0.254484 0.956922 0.139779
vn -0.254484 0.956922 0.139779
vn -0.254484 0.956922 0.139779
vn -0.266533 0.963245 -0.033457
vn -0.266533 0.963245 -0.033457
vn -0.266533 0.963245 -0.033457
vn -0.266533 0.963245 -0.033457
vn 0.434243 0.884624 -0.169923
vn 0.434243 0.884624 -0.169923
vn 0.434243 0.884624 -0.169923
vn 0.434243 0.884624 -0.169923
vn 0.446425 0.894683 0.015738
vn 0.446425 0.894683 0.015738
vn 0.446425 0.894683 0.015738
vn 0.446425 0.894683 0.015738
vn 0.981126 0.158066 -0.111391
vn 0.981126 0.158066 -0.111391
vn 0.981126 0.158066 -0.111391
vn 0.981126 0.158066 -0.111391
vn 0.948139 0.157190 -0.276268
vn 0.948139 0.157190 -0.276268
vn 0.948139 0.157190 -0.276268
vn 0.948139 0.157190 -0.276268
vn 0.935844 -0.068954 -0.345604
vn 0.935844 -0.068954 -0.345604
vn 0.935844 -0.068954 -0.345604
vn 0.935844 -0.068954 -0.345604
vn 0.996204 -0.077054 -0.040496
vn 0.996204 -0.077054 -0.040496
vn 0.996204 -0.077054 -0.040496
vn 0.996204 -0.077054 -0.040496
vn 0.040504 -0.996947 -0.066753
vn 0.040504 -0.996947 -0.066753
vn 0.035407 -0.998611 -0.039015
vn 0.035407 -0.998611 -0.039015
vn 0.007536 -0.999438 -0.032661
vn 0.007536 -0.999438 -0.032661
vn 0.000617 -0.999930 -0.011817
vn 0.000617 -0.999930 -0.011817
vn 0.000617 -0.999930 -0.011817
vn -0.013072 -0.999914 -0.000715
vn -0.061624 -0.998079 0.006324
vn -0.061624 -0.998079 0.006324
vn -0.061624 -0.998079 0.006324
vn -0.061624 -0.998079 0.006324
vn -0.082097 -0.996526 0.013990
vn -0.082097 -0.996526 0.013990
vn 0.000617 -0.999930 -0.011817
vn 0.000000 -1.000000 0.000000
vn 0.000000 -1.000000 0.000000
vn 0.000000 -1.000000 0.000000
vn 0.013787 -0.998389 -0.055032
vn 0.013787 -0.998389 -0.055032
vn 0.013787 -0.998389 -0.055032
vn 0.013787 -0.998389 -0.055032
vn 0.000000 -1.000000 0.000000
vn 0.000000 -1.000000 0.000000
vn 0.000000 -1.000000 0.000000
vn 0.000000 -1.000000 0.000000
vn -0.000001 -1.000000 0.000000
vn -0.000001 -1.000000 0.000000
vn 0.000000 -1.000000 0.000000
vn 0.000000 -1.000000 0.000000
vn 0.000000 -1.000000 0.000000
vn 0.000000 -1.000000 0.000000
vn -0.010269 -0.999466 0.031038
vn -0.002030 -0.999923 0.012268
vn -0.002030 -0.999923 0.012268
vn -0.010269 -0.999466 0.031038
vn -0.013072 -0.999914 -0.000715
vn 0.011827 -0.999050 0.041955
vn 0.011827 -0.999050 0.041955
vn -0.028828 -0.999551 -0.008148
vn -0.028828 -0.999551 -0.008148
vn 0.011827 -0.999050 0.041955
vn 0.011827 -0.999050 0.041955
vn 0.006287 -0.997841 0.065374
vn 0.006287 -0.997841 0.065374
vn -0.031381 -0.999189 -0.025247
vn -0.031381 -0.999189 -0.025247
vn -0.044617 -0.998508 -0.031482
vn -0.044617 -0.998508 -0.031482
vn -0.144533 -0.921884 -0.359500
vn -0.144533 -0.921884 -0.359500
vn -0.144533 -0.921884 -0.359500
vn -0.144533 -0.921884 -0.359500
vn -0.309576 -0.925223 -0.219376
vn -0.309576 -0.925223 -0.219376
vn -0.309576 -0.925223 -0.219376
vn -0.309576 -0.925223 -0.219376
vn -0.235630 -0.966887 0.098021
vn -0.235630 -0.966887 0.098021
vn -0.235630 -0.966887 0.098021
vn -0.235630 -0.966887 0.098021
vn -0.160162 -0.953473 0.255415
vn -0.160162 -0.953473 0.255415
vn -0.160162 -0.953473 0.255415
vn -0.160162 -0.953473 0.255415
vn 0.030038 -0.996146 0.082408
vn 0.030038 -0.996146 0.082408
vn 0.030038 -0.996146 0.082408
vn 0.030038 -0.996146 0.082408
vn 0.069424 -0.996916 0.036604
vn 0.069424 -0.996916 0.036604
vn 0.069424 -0.996916 0.036604
vn 0.069424 -0.996916 0.036604
vn 0.063574 -0.994455 0.083771
vn 0.063574 -0.994455 0.083771
vn 0.047446 -0.991112 0.124281
vn 0.047446 -0.991112 0.124281
vn 0.061383 -0.987067 0.148088
vn 0.061383 -0.987067 0.148088
vn 0.053377 -0.998204 -0.027217
vn 0.053377 -0.998204 -0.027217
vn 0.053377 -0.998204 -0.027217
vn 0.053377 -0.998204 -0.027217
vn 0.031106 -0.996845 -0.073025
vn 0.031106 -0.996845 -0.073025
vn 0.031106 -0.996845 -0.073025
vn 0.031106 -0.996845 -0.073025
vn 0.059040 -0.998253 -0.002435
vn 0.059040 -0.998253 -0.002435
vn 0.059040 -0.998253 -0.002435
vn 0.059040 -0.998253 -0.002435
vn 0.052736 -0.998492 -0.015275
vn 0.052736 -0.998492 -0.015275
vn 0.014102 -0.995400 -0.094762
vn 0.014102 -0.995400 -0.094762
vn 0.014102 -0.995400 -0.094762
vn 0.014102 -0.995400 -0.094762
vn -0.020564 -0.995385 -0.093735
vn -0.020564 -0.995385 -0.093735
vn 0.123166 -0.984018 0.128602
vn 0.123166 -0.984018 0.128602
vn 0.123166 -0.984018 0.128602
vn 0.123166 -0.984018 0.128602
vn 0.275462 -0.961094 -0.020474
vn 0.275462 -0.961094 -0.020474
vn 0.275462 -0.961094 -0.020474
vn 0.275462 -0.961094 -0.020474
vn 0.339619 -0.939614 -0.042241
vn 0.339619 -0.939614 -0.042241
vn 0.339619 -0.939614 -0.042241
vn 0.339619 -0.939614 -0.042241
vn 0.320282 -0.944980 -0.066583
vn 0.320282 -0.944980 -0.066583
vn 0.321877 -0.938144 -0.127598
vn 0.321877 -0.938144 -0.127598
vn 0.321877 -0.938144 -0.127598
vn 0.321877 -0.938144 -0.127598
vn 0.245321 -0.963970 -0.102854
vn 0.245321 -0.963970 -0.102854
vn 0.245321 -0.963970 -0.102854
vn 0.245321 -0.963970 -0.102854
vn 0.340442 -0.938934 0.050017
vn 0.340442 -0.938934 0.050017
vn 0.340442 -0.938934 0.050017
vn 0.340442 -0.938934 0.050017
vn 0.423327 -0.903995 0.059897
vn 0.423327 -0.903995 0.059897
vn 0.423327 -0.903995 0.059897
vn 0.423327 -0.903995 0.059897
vn 0.245435 -0.967357 -0.063105
vn 0.245435 -0.967357 -0.063105
vn 0.245435 -0.967357 -0.063105
vn 0.245435 -0.967357 -0.063105
vn 0.044561 -0.998982 -0.007042
vn 0.044561 -0.998982 -0.007042
vn 0.044561 -0.998982 -0.007042
vn 0.044561 -0.998982 -0.007042
vn 0.044190 -0.998993 -0.007724
vn 0.044190 -0.998993 -0.007724
vn -0.226415 -0.973290 0.037989
vn -0.226415 -0.973290 0.037989
vn -0.226415 -0.973290 0.037989
vn -0.226415 -0.973290 0.037989
vn -0.225210 -0.973577 0.037787
vn -0.225210 -0.973577 0.037787
vn -0.234536 -0.970891 -0.048620
vn -0.234536 -0.970891 -0.048620
vn -0.234536 -0.970891 -0.048620
vn -0.234536 -0.970891 -0.048620
vn 0.019146 -0.995222 -0.095739
vn 0.019146 -0.995222 -0.095739
vn 0.019146 -0.995222 -0.095739
vn 0.019146 -0.995222 -0.095739
vn 0.065129 -0.987088 0.146338
vn 0.065129 -0.987088 0.146338
vn 0.065129 -0.987088 0.146338
vn 0.065129 -0.987088 0.146338
vn -0.237935 -0.953864 0.183114
vn -0.237935 -0.953864 0.183114
vn -0.237935 -0.953864 0.183114
vn -0.237935 -0.953864 0.183114
vn -0.815783 -0.561459 0.138791
vn -0.815783 -0.561459 0.138791
vn -0.815783 -0.561459 0.138791
vn -0.815783 -0.561459 0.138791
vn -0.807649 -0.573427 0.137422
vn -0.807649 -0.573427 0.137422
vn -0.996298 -0.002383 0.085940
vn -0.996298 -0.002383 0.085940
vn -0.996298 -0.002383 0.085940
vn -0.996298 -0.002383 0.085940
vn -0.996450 -0.012436 0.083264
vn -0.996450 -0.012436 0.083264
vn -0.809272 -0.585263 0.050464
vn -0.809272 -0.585263 0.050464
vn -0.809272 -0.585263 0.050464
vn -0.809272 -0.585263 0.050464
vn -0.809465 -0.496125 0.314048
vn -0.809465 -0.496125 0.314048
vn -0.809465 -0.496125 0.314048
vn -0.809465 -0.496125 0.314048
vn -0.934735 0.087818 0.344324
vn -0.934735 0.087818 0.344324
vn -0.934735 0.087818 0.344324
vn -0.934735 0.087818 0.344324
vn -0.932954 0.058427 0.355222
vn -0.932954 0.058427 0.355222
vn -0.971833 -0.175014 0.157833
vn -0.971833 -0.175014 0.157833
vn -0.971833 -0.175014 0.157833
vn -0.971833 -0.175014 0.157833
vn -0.980993 -0.137836 0.136579
vn -0.980993 -0.137836 0.136579
vn -0.975263 -0.204002 0.085117
vn -0.975263 -0.204002 0.085117
vn -0.975263 -0.204002 0.085117
vn -0.975263 -0.204002 0.085117
vn -0.917552 -0.057063 0.393501
vn -0.917552 -0.057063 0.393501
vn -0.917552 -0.057063 0.393501
vn -0.917552 -0.057063 0.393501
vn -0.373383 -0.925309 0.066250
vn -0.373383 -0.925309 0.066250
vn -0.373383 -0.925309 0.066250
vn -0.373383 -0.925309 0.066250
vn 0.098821 -0.992951 0.065440
vn 0.098821 -0.992951 0.065440
vn 0.098821 -0.992951 0.065440
vn 0.098821 -0.992951 0.065440
vn 0.096821 -0.990346 -0.099199
vn 0.096821 -0.990346 -0.099199
vn 0.096821 -0.990346 -0.099199
vn 0.096821 -0.990346 -0.099199
vn -0.478763 -0.877942 0.001844
vn -0.478763 -0.877942 0.001844
vn -0.478763 -0.877942 0.001844
vn -0.478763 -0.877942 0.001844
vn 0.275595 -0.960460 0.039535
vn 0.275595 -0.960460 0.039535
vn 0.275595 -0.960460 0.039535
vn 0.275595 -0.960460 0.039535
vn -0.418403 -0.892349 0.169270
vn -0.418403 -0.892349 0.169270
vn -0.418403 -0.892349 0.169270
vn -0.418403 -0.892349 0.169270
vn -0.424646 -0.905190 -0.017544
vn -0.424646 -0.905190 -0.017544
vn -0.424646 -0.905190 -0.017544
vn -0.424646 -0.905190 -0.017544
vn 0.275758 -0.951716 -0.134888
vn 0.275758 -0.951716 -0.134888
vn 0.275758 -0.951716 -0.134888
vn 0.275758 -0.951716 -0.134888
vn -0.966640 -0.038163 0.253281
vn -0.966640 -0.038163 0.253281
vn -0.966640 -0.038163 0.253281
vn -0.966640 -0.038163 0.253281
vn -0.943007 -0.008243 0.332670
vn -0.943007 -0.008243 0.332670
vn -0.943007 -0.008243 0.332670
vn -0.943007 -0.008243 0.332670
vn -0.999815 -0.002674 0.019073
vn -0.999815 -0.002674 0.019073
vn -0.999815 -0.002674 0.019073
vn -0.999815 -0.002674 0.019073
vn -0.993926 -0.039010 0.102908
vn -0.993926 -0.039010 0.102908
vn -0.993926 -0.039010 0.102908
vn -0.993926 -0.039010 0.102908
vn -0.032451 0.924639 -0.379461
vn -0.032451 0.924639 -0.379461
vn -0.032451 0.924639 -0.379461
vn -0.032451 0.924639 -0.379461
vn 0.133402 0.865780 -0.482316
vn 0.133402 0.865780 -0.482316
vn 0.133402 0.865780 -0.482316
vn 0.133402 0.865780 -0.482316
vn 0.133404 -0.865779 -0.482317
vn 0.133404 -0.865779 -0.482317
vn 0.133404 -0.865779 -0.482317
vn 0.133404 -0.865779 -0.482317
vn -0.032450 -0.924638 -0.379462
vn -0.032450 -0.924638 -0.379462
vn -0.032450 -0.924638 -0.379462
vn -0.032450 -0.924638 -0.379462
vn -0.573791 0.812080 -0.106257
vn -0.573791 0.812080 -0.106257
vn -0.573791 0.812080 -0.106257
vn -0.573791 0.812080 -0.106257
vn -0.407180 0.911414 -0.059408
vn -0.407180 0.911414 -0.059408
vn -0.407180 0.911414 -0.059408
vn -0.407180 0.911414 -0.059408
vn -0.407177 -0.911415 -0.059406
vn -0.407177 -0.911415 -0.059406
vn -0.407177 -0.911415 -0.059406
vn -0.407177 -0.911415 -0.059406
vn -0.573791 -0.812080 -0.106258
vn -0.573791 -0.812080 -0.106258
vn -0.573791 -0.812080 -0.106258
vn -0.573791 -0.812080 -0.106258
vn -0.459293 0.371310 -0.806957
vn -0.459293 0.371310 -0.806957
vn -0.459293 0.371310 -0.806957
vn -0.459293 0.371310 -0.806957
vn -0.673727 0.375579 -0.636421
vn -0.673727 0.375579 -0.636421
vn -0.673727 0.375579 -0.636421
vn -0.673727 0.375579 -0.636421
vn -0.673730 -0.375576 -0.636421
vn -0.673730 -0.375576 -0.636421
vn -0.673730 -0.375576 -0.636421
vn -0.673730 -0.375576 -0.636421
vn -0.459296 -0.371311 -0.806955
vn -0.459296 -0.371311 -0.806955
vn -0.459296 -0.371311 -0.806955
vn -0.459296 -0.371311 -0.806955
vn 0.079825 0.730814 -0.677893
vn 0.079825 0.730814 -0.677893
vn 0.079825 0.730814 -0.677893
vn 0.079825 0.730814 -0.677893
vn -0.195954 0.480287 -0.854943
vn -0.195954 0.480287 -0.854943
vn -0.195954 0.480287 -0.854943
vn -0.195954 0.480287 -0.854943
vn -0.195952 -0.480290 -0.854941
vn -0.195952 -0.480290 -0.854941
vn -0.195952 -0.480290 -0.854941
vn -0.195952 -0.480290 -0.854941
vn 0.079832 -0.730816 -0.677890
vn 0.079832 -0.730816 -0.677890
vn 0.079832 -0.730816 -0.677890
vn 0.079832 -0.730816 -0.677890
vn -0.783277 0.493467 -0.378111
vn -0.783277 0.493467 -0.378111
vn -0.783277 0.493467 -0.378111
vn -0.783277 0.493467 -0.378111
vn -0.696266 0.705940 -0.129857
vn -0.696266 0.705940 -0.129857
vn -0.696266 0.705940 -0.129857
vn -0.696266 0.705940 -0.129857
vn -0.696266 -0.705938 -0.129865
vn -0.696266 -0.705938 -0.129865
vn -0.696266 -0.705938 -0.129865
vn -0.696266 -0.705938 -0.129865
vn -0.783278 -0.493464 -0.378114
vn -0.783278 -0.493464 -0.378114
vn -0.783278 -0.493464 -0.378114
vn -0.783278 -0.493464 -0.378114
vn -0.331606 0.936752 -0.111949
vn -0.331606 0.936752 -0.111949
vn -0.331606 0.936752 -0.111949
vn -0.331606 0.936752 -0.111949
vn -0.359213 0.924625 -0.126632
vn -0.359213 0.924625 -0.126632
vn -0.359220 -0.924623 -0.126626
vn -0.359220 -0.924623 -0.126626
vn -0.359220 -0.924623 -0.126626
vn -0.359220 -0.924623 -0.126626
vn -0.331605 -0.936753 -0.111944
vn -0.331605 -0.936753 -0.111944
vn -0.021805 0.897855 0.439751
vn -0.021805 0.897855 0.439751
vn -0.021805 0.897855 0.439751
vn -0.021805 0.897855 0.439751
vn -0.029135 0.934792 0.353999
vn -0.029135 0.934792 0.353999
vn -0.029135 0.934792 0.353999
vn -0.029135 0.934792 0.353999
vn -0.029135 -0.934791 0.354000
vn -0.029135 -0.934791 0.354000
vn -0.029135 -0.934791 0.354000
vn -0.029135 -0.934791 0.354000
vn -0.021806 -0.897855 0.439752
vn -0.021806 -0.897855 0.439752
vn -0.021806 -0.897855 0.439752
vn -0.021806 -0.897855 0.439752
vn -0.727822 0.519480 0.447678
vn -0.727822 0.519480 0.447678
vn -0.727822 0.519480 0.447678
vn -0.727822 0.519480 0.447678
vn -0.550228 0.480163 0.683149
vn -0.550228 0.480163 0.683149
vn -0.550228 0.480163 0.683149
vn -0.550228 0.480163 0.683149
vn -0.550229 -0.480163 0.683148
vn -0.550229 -0.480163 0.683148
vn -0.550229 -0.480163 0.683148
vn -0.550229 -0.480163 0.683148
vn -0.727822 -0.519481 0.447678
vn -0.727822 -0.519481 0.447678
vn -0.727822 -0.519481 0.447678
vn -0.727822 -0.519481 0.447678
vn -0.526987 0.846553 -0.075049
vn -0.526987 0.846553 -0.075049
vn -0.526987 0.846553 -0.075049
vn -0.526987 0.846553 -0.075049
vn -0.751682 0.637152 0.170328
vn -0.751682 0.637152 0.170328
vn -0.751682 0.637152 0.170328
vn -0.751682 0.637152 0.170328
vn -0.751680 -0.637154 0.170328
vn -0.751680 -0.637154 0.170328
vn -0.751680 -0.637154 0.170328
vn -0.751680 -0.637154 0.170328
vn -0.526988 -0.846553 -0.075046
vn -0.526988 -0.846553 -0.075046
vn -0.526988 -0.846553 -0.075046
vn -0.526988 -0.846553 -0.075046
vn -0.363709 0.543807 0.756300
vn -0.363709 0.543807 0.756300
vn -0.363709 0.543807 0.756300
vn -0.363709 0.543807 0.756300
vn -0.142147 0.771841 0.619723
vn -0.142147 0.771841 0.619723
vn -0.142147 0.771841 0.619723
vn -0.142147 0.771841 0.619723
vn -0.142148 -0.771841 0.619722
vn -0.142148 -0.771841 0.619722
vn -0.142148 -0.771841 0.619722
vn -0.142148 -0.771841 0.619722
vn -0.363709 -0.543805 0.756301
vn -0.363709 -0.543805 0.756301
vn -0.363709 -0.543805 0.756301
vn -0.363709 -0.543805 0.756301
vn 0.295555 0.929527 0.220514
vn 0.295555 0.929527 0.220514
vn 0.295555 0.929527 0.220514
vn 0.295555 0.929527 0.220514
vn 0.607713 0.781476 0.141350
vn 0.607713 0.781476 0.141350
vn 0.607713 0.781476 0.141350
vn 0.607713 0.781476 0.141350
vn 0.607712 -0.781477 0.141349
vn 0.607712 -0.781477 0.141349
vn 0.607712 -0.781477 0.141349
vn 0.607712 -0.781477 0.141349
vn 0.295555 -0.929528 0.220513
vn 0.295555 -0.929528 0.220513
vn 0.295555 -0.929528 0.220513
vn 0.295555 -0.929528 0.220513
vn -0.105741 0.928542 0.355850
vn -0.105741 0.928542 0.355850
vn -0.105741 0.928542 0.355850
vn -0.105741 0.928542 0.355850
vn -0.016932 0.919181 0.393472
vn -0.016932 0.919181 0.393472
vn -0.016932 0.919181 0.393472
vn -0.016932 0.919181 0.393472
vn -0.016932 -0.919181 0.393471
vn -0.016932 -0.919181 0.393471
vn -0.016932 -0.919181 0.393471
vn -0.016932 -0.919181 0.393471
vn -0.105740 -0.928542 0.355850
vn -0.105740 -0.928542 0.355850
vn -0.105740 -0.928542 0.355850
vn -0.105740 -0.928542 0.355850
vn 0.478898 0.860013 -0.176168
vn 0.478898 0.860013 -0.176168
vn 0.478898 0.860013 -0.176168
vn 0.478898 0.860013 -0.176168
vn 0.233622 0.950351 -0.205559
vn 0.233622 0.950351 -0.205559
vn 0.233622 0.950351 -0.205559
vn 0.233622 0.950351 -0.205559
vn 0.233622 -0.950351 -0.205558
vn 0.233622 -0.950351 -0.205558
vn 0.233622 -0.950351 -0.205558
vn 0.233622 -0.950351 -0.205558
vn 0.478896 -0.860014 -0.176167
vn 0.478896 -0.860014 -0.176167
vn 0.478896 -0.860014 -0.176167
vn 0.478896 -0.860014 -0.176167
vn -0.097213 0.964828 -0.244248
vn -0.097213 0.964828 -0.244248
vn -0.097213 0.964828 -0.244248
vn -0.097213 0.964828 -0.244248
vn -0.210347 0.938999 -0.272094
vn -0.210347 0.938999 -0.272094
vn -0.210347 0.938999 -0.272094
vn -0.210347 0.938999 -0.272094
vn -0.210346 -0.938999 -0.272094
vn -0.210346 -0.938999 -0.272094
vn -0.210346 -0.938999 -0.272094
vn -0.210346 -0.938999 -0.272094
vn -0.097213 -0.964828 -0.244247
vn -0.097213 -0.964828 -0.244247
vn -0.097213 -0.964828 -0.244247
vn -0.097213 -0.964828 -0.244247
vn 0.375580 0.788613 -0.486856
vn 0.375580 0.788613 -0.486856
vn 0.375580 0.788613 -0.486856
vn 0.375580 0.788613 -0.486856
vn 0.553817 0.787581 -0.270191
vn 0.553817 0.787581 -0.270191
vn 0.553817 0.787581 -0.270191
vn 0.553817 0.787581 -0.270191
vn 0.553815 -0.787583 -0.270190
vn 0.553815 -0.787583 -0.270190
vn 0.553815 -0.787583 -0.270190
vn 0.553815 -0.787583 -0.270190
vn 0.370640 -0.784715 -0.496838
vn 0.370640 -0.784715 -0.496838
vn 0.370640 -0.784715 -0.496838
vn 0.370640 -0.784715 -0.496838
vn 0.495291 0.710056 0.500507
vn 0.495291 0.710056 0.500507
vn 0.495291 0.710056 0.500507
vn 0.495291 0.710056 0.500507
vn 0.336494 0.636930 0.693608
vn 0.336494 0.636930 0.693608
vn 0.336494 0.636930 0.693608
vn 0.336494 0.636930 0.693608
vn 0.335845 -0.635436 0.695291
vn 0.335845 -0.635436 0.695291
vn 0.335845 -0.635436 0.695291
vn 0.335845 -0.635436 0.695291
vn 0.495289 -0.710059 0.500506
vn 0.495289 -0.710059 0.500506
vn 0.495289 -0.710059 0.500506
vn 0.495289 -0.710059 0.500506
vn -0.374387 0.663559 -0.647707
vn -0.374387 0.663559 -0.647707
vn -0.374387 0.663559 -0.647707
vn -0.374387 0.663559 -0.647707
vn -0.097540 0.757152 -0.645916
vn -0.097540 0.757152 -0.645916
vn -0.097540 0.757152 -0.645916
vn -0.097540 0.757152 -0.645916
vn -0.107550 -0.762719 -0.637725
vn -0.107550 -0.762719 -0.637725
vn -0.107550 -0.762719 -0.637725
vn -0.107550 -0.762719 -0.637725
vn -0.261963 -0.751944 -0.604943
vn -0.261963 -0.751944 -0.604943
vn -0.261963 -0.751944 -0.604943
vn -0.261963 -0.751944 -0.604943
vn 0.340158 0.569995 0.747930
vn 0.340158 0.569995 0.747930
vn 0.340158 0.569995 0.747930
vn 0.340158 0.569995 0.747930
vn 0.346905 0.555170 0.755938
vn 0.346905 0.555170 0.755938
vn 0.404680 -0.530820 0.744624
vn 0.404680 -0.530820 0.744624
vn 0.404680 -0.530820 0.744624
vn 0.404680 -0.530820 0.744624
vn 0.339110 -0.562255 0.754237
vn 0.339110 -0.562255 0.754237
vn 0.339110 -0.562255 0.754237
vn 0.339110 -0.562255 0.754237
vn -0.613488 0.583403 -0.532234
vn -0.613488 0.583403 -0.532234
vn -0.613488 0.583403 -0.532234
vn -0.613488 0.583403 -0.532234
vn -0.636143 0.519200 -0.570748
vn -0.636143 0.519200 -0.570748
vn -0.636143 0.519200 -0.570748
vn -0.636143 0.519200 -0.570748
vn -0.204342 -0.765765 -0.609793
vn -0.204342 -0.765765 -0.609793
vn -0.204342 -0.765765 -0.609793
vn -0.204342 -0.765765 -0.609793
vn -0.132087 -0.764404 -0.631062
vn -0.132087 -0.764404 -0.631062
vn -0.132087 -0.764404 -0.631062
vn -0.132087 -0.764404 -0.631062
vn -0.126693 -0.771989 -0.622882
vn -0.126693 -0.771989 -0.622882
vn 0.395951 0.553685 0.732568
vn 0.395951 0.553685 0.732568
vn 0.395951 0.553685 0.732568
vn 0.395951 0.553685 0.732568
vn 0.378197 0.531175 0.758169
vn 0.378197 0.531175 0.758169
vn 0.661028 -0.426410 0.617428
vn 0.661028 -0.426410 0.617428
vn 0.661028 -0.426410 0.617428
vn 0.661028 -0.426410 0.617428
vn 0.650074 -0.438279 0.620737
vn 0.650074 -0.438279 0.620737
vn 0.220402 0.712295 -0.666378
vn 0.220402 0.712295 -0.666378
vn 0.220402 0.712295 -0.666378
vn 0.220402 0.712295 -0.666378
vn -0.123099 0.771202 -0.624575
vn -0.123099 0.771202 -0.624575
vn -0.123099 0.771202 -0.624575
vn -0.123099 0.771202 -0.624575
vn -0.213893 -0.787119 -0.578527
vn -0.213893 -0.787119 -0.578527
vn -0.213893 -0.787119 -0.578527
vn -0.213893 -0.787119 -0.578527
vn 0.238486 0.540238 0.807011
vn 0.238486 0.540238 0.807011
vn 0.238486 0.540238 0.807011
vn 0.238486 0.540238 0.807011
vn 0.240963 0.603496 0.760085
vn 0.240963 0.603496 0.760085
vn 0.240963 0.603496 0.760085
vn 0.240963 0.603496 0.760085
vn -0.145750 -0.518643 0.842476
vn -0.145750 -0.518643 0.842476
vn -0.145750 -0.518643 0.842476
vn -0.145750 -0.518643 0.842476
vn 0.173337 -0.593391 0.786029
vn 0.173337 -0.593391 0.786029
vn 0.173337 -0.593391 0.786029
vn 0.173337 -0.593391 0.786029
vn 0.678016 -0.133742 -0.722778
vn 0.678016 -0.133742 -0.722778
vn 0.678016 -0.133742 -0.722778
vn 0.678016 -0.133742 -0.722778
vn 0.631427 0.283908 -0.721593
vn 0.631427 0.283908 -0.721593
vn 0.631427 0.283908 -0.721593
vn 0.631427 0.283908 -0.721593
vn -0.596169 -0.618544 -0.511846
vn -0.596169 -0.618544 -0.511846
vn -0.596169 -0.618544 -0.511846
vn -0.596169 -0.618544 -0.511846
vn -0.841465 -0.228566 -0.489585
vn -0.841465 -0.228566 -0.489585
vn -0.841465 -0.228566 -0.489585
vn -0.841465 -0.228566 -0.489585
vn 0.429996 0.528346 0.732089
vn 0.429996 0.528346 0.732089
vn 0.429996 0.528346 0.732089
vn 0.429996 0.528346 0.732089
vn 0.597009 0.286713 0.749250
vn 0.597009 0.286713 0.749250
vn 0.597009 0.286713 0.749250
vn 0.597009 0.286713 0.749250
vn -0.377189 0.287553 0.880365
vn -0.377189 0.287553 0.880365
vn -0.377189 0.287553 0.880365
vn -0.377189 0.287553 0.880365
vn -0.421823 0.014146 0.906568
vn -0.421823 0.014146 0.906568
vn -0.421823 0.014146 0.906568
vn -0.421823 0.014146 0.906568
vn 0.851081 -0.498920 0.163524
vn 0.851081 -0.498920 0.163524
vn 0.851081 -0.498920 0.163524
vn 0.851081 -0.498920 0.163524
vn 0.806020 -0.580562 -0.115235
vn 0.806020 -0.580562 -0.115235
vn 0.806020 -0.580562 -0.115235
vn 0.806020 -0.580562 -0.115235
vn -0.402348 -0.915294 0.018797
vn -0.402348 -0.915294 0.018797
vn -0.402348 -0.915294 0.018797
vn -0.402348 -0.915294 0.018797
vn -0.652682 -0.520592 0.550446
vn -0.652682 -0.520592 0.550446
vn -0.652682 -0.520592 0.550446
vn -0.652682 -0.520592 0.550446
vn 0.711742 -0.114217 -0.693094
vn 0.711742 -0.114217 -0.693094
vn 0.711742 -0.114217 -0.693094
vn 0.711742 -0.114217 -0.693094
vn 0.655683 -0.199889 -0.728096
vn 0.655683 -0.199889 -0.728096
vn 0.655683 -0.199889 -0.728096
vn 0.655683 -0.199889 -0.728096
vn -0.848416 -0.167597 -0.502097
vn -0.848416 -0.167597 -0.502097
vn -0.848416 -0.167597 -0.502097
vn -0.848416 -0.167597 -0.502097
vn -0.815853 -0.302173 -0.493027
vn -0.815853 -0.302173 -0.493027
vn -0.815853 -0.302173 -0.493027
vn -0.815853 -0.302173 -0.493027
vn 0.620482 0.226576 0.750777
vn 0.620482 0.226576 0.750777
vn 0.620482 0.226576 0.750777
vn 0.620482 0.226576 0.750777
vn 0.711750 0.018446 0.702191
vn 0.711750 0.018446 0.702191
vn 0.711750 0.018446 0.702191
vn 0.711750 0.018446 0.702191
vn -0.416569 0.033788 0.908476
vn -0.416569 0.033788 0.908476
vn -0.416569 0.033788 0.908476
vn -0.416569 0.033788 0.908476
vn -0.336936 0.228927 0.913272
vn -0.336936 0.228927 0.913272
vn -0.336936 0.228927 0.913272
vn -0.336936 0.228927 0.913272
vn 0.165570 0.752272 0.637710
vn 0.165570 0.752272 0.637710
vn 0.165570 0.752272 0.637710
vn 0.165570 0.752272 0.637710
vn -0.249821 0.777999 0.576461
vn -0.249821 0.777999 0.576461
vn -0.249821 0.777999 0.576461
vn -0.249821 0.777999 0.576461
vn 0.117417 -0.807088 0.578638
vn 0.117417 -0.807088 0.578638
vn 0.117417 -0.807088 0.578638
vn 0.117417 -0.807088 0.578638
vn 0.025084 -0.962164 0.271314
vn 0.025084 -0.962164 0.271314
vn 0.025084 -0.962164 0.271314
vn 0.025084 -0.962164 0.271314
vn -0.164648 0.797681 -0.580170
vn -0.164648 0.797681 -0.580170
vn -0.164648 0.797681 -0.580170
vn -0.164648 0.797681 -0.580170
vn 0.492816 0.528845 -0.690981
vn 0.492816 0.528845 -0.690981
vn 0.492816 0.528845 -0.690981
vn 0.492816 0.528845 -0.690981
vn -0.318117 -0.784963 -0.531634
vn -0.318117 -0.784963 -0.531634
vn -0.318117 -0.784963 -0.531634
vn -0.318117 -0.784963 -0.531634
vn 0.128789 -0.786813 -0.603605
vn 0.128789 -0.786813 -0.603605
vn 0.128789 -0.786813 -0.603605
vn 0.128789 -0.786813 -0.603605
vn -0.193405 0.748324 0.634513
vn -0.193405 0.748324 0.634513
vn -0.193405 0.748324 0.634513
vn -0.193405 0.748324 0.634513
vn 0.462403 0.683031 0.565378
vn 0.462403 0.683031 0.565378
vn 0.462403 0.683031 0.565378
vn 0.462403 0.683031 0.565378
vn -0.198310 -0.700114 0.685940
vn -0.198310 -0.700114 0.685940
vn -0.198310 -0.700114 0.685940
vn -0.198310 -0.700114 0.685940
vn 0.217549 -0.774126 0.594475
vn 0.217549 -0.774126 0.594475
vn 0.217549 -0.774126 0.594475
vn 0.217549 -0.774126 0.594475
vn 0.376846 0.609511 -0.697484
vn 0.376846 0.609511 -0.697484
vn 0.376846 0.609511 -0.697484
vn 0.376846 0.609511 -0.697484
vn -0.221641 0.765309 -0.604299
vn -0.221641 0.765309 -0.604299
vn -0.221641 0.765309 -0.604299
vn -0.221641 0.765309 -0.604299
vn 0.211521 -0.734602 -0.644685
vn 0.211521 -0.734602 -0.644685
vn 0.211521 -0.734602 -0.644685
vn 0.211521 -0.734602 -0.644685
vn -0.246857 -0.751977 -0.611221
vn -0.246857 -0.751977 -0.611221
vn -0.246857 -0.751977 -0.611221
vn -0.246857 -0.751977 -0.611221
vn 0.843548 -0.445316 0.300202
vn 0.843548 -0.445316 0.300202
vn 0.843548 -0.445316 0.300202
vn 0.843548 -0.445316 0.300202
vn 0.690851 -0.421834 -0.587180
vn 0.690851 -0.421834 -0.587180
vn 0.690851 -0.421834 -0.587180
vn 0.690851 -0.421834 -0.587180
vn -0.844045 -0.423064 -0.329553
vn -0.844045 -0.423064 -0.329553
vn -0.844045 -0.423064 -0.329553
vn -0.844045 -0.423064 -0.329553
vn -0.669028 -0.437265 0.601000
vn -0.669028 -0.437265 0.601000
vn -0.669028 -0.437265 0.601000
vn -0.669028 -0.437265 0.601000
vn 0.915114 -0.013874 0.402957
vn 0.915114 -0.013874 0.402957
vn 0.915114 -0.013874 0.402957
vn 0.915114 -0.013874 0.402957
vn 0.815130 -0.256494 0.519397
vn 0.815130 -0.256494 0.519397
vn 0.815130 -0.256494 0.519397
vn 0.815130 -0.256494 0.519397
vn -0.475612 -0.243120 0.845391
vn -0.475612 -0.243120 0.845391
vn -0.475612 -0.243120 0.845391
vn -0.475612 -0.243120 0.845391
vn -0.604631 -0.210130 0.768288
vn -0.604631 -0.210130 0.768288
vn -0.604631 -0.210130 0.768288
vn -0.604631 -0.210130 0.768288
vn 0.596848 -0.221978 -0.771037
vn 0.596848 -0.221978 -0.771037
vn 0.596848 -0.221978 -0.771037
vn 0.596848 -0.221978 -0.771037
vn 0.732907 -0.005963 -0.680303
vn 0.732907 -0.005963 -0.680303
vn 0.732907 -0.005963 -0.680303
vn 0.732907 -0.005963 -0.680303
vn -0.855814 -0.212544 -0.471601
vn -0.855814 -0.212544 -0.471601
vn -0.855814 -0.212544 -0.471601
vn -0.855814 -0.212544 -0.471601
vn -0.763340 -0.215853 -0.608868
vn -0.763340 -0.215853 -0.608868
vn -0.763340 -0.215853 -0.608868
vn -0.763340 -0.215853 -0.608868
vn -0.984861 0.008720 0.173126
vn -0.984912 0.028723 0.170654
vn -0.984685 0.035932 0.170601
vn -0.984851 0.009923 0.173122
vn -0.984912 0.028723 0.170654
vn -0.984851 0.009923 0.173122
vn -0.984685 0.035932 0.170601
vn -0.984685 0.035932 0.170601
vn -0.984685 0.035932 0.170601
g Pancakes_Stack_LightBeige
usemtl LightBeige
f 1 2 3
f 1 3 4
f 5 6 7
f 5 7 8
f 9 10 11
f 9 11 12
f 13 14 15
f 13 15 16
f 17 18 19
f 17 19 20
f 21 22 23
f 21 23 24
f 25 26 27
f 25 27 28
f 29 30 31
f 29 31 32
f 33 34 35
f 35 36 33
f 35 37 36
f 37 38 36
f 38 39 36
f 38 40 39
f 41 42 43
f 41 43 44
f 45 46 47
f 45 47 48
f 49 50 51
f 49 51 52
f 53 54 55
f 53 55 56
f 57 58 59
f 57 59 60
f 61 62 63
f 61 63 64
f 65 66 67
f 65 67 68
f 69 70 71
f 69 71 72
f 73 74 75
f 73 75 76
f 77 78 79
f 77 79 80
f 81 82 83
f 81 83 84
f 85 86 87
f 85 87 88
f 89 90 91
f 89 91 92
f 93 94 95
f 93 95 96
f 97 98 99
f 97 99 100
f 101 102 103
f 101 103 104
f 105 106 107
f 105 107 108
f 109 110 111
f 109 111 112
f 113 114 115
f 113 115 116
f 117 118 119
f 117 119 120
f 121 122 123
f 121 123 124
f 125 126 127
f 125 127 128
f 129 130 131
f 129 131 132
f 133 134 135
f 133 135 136
f 137 138 139
f 139 140 137
f 139 141 140
f 141 142 140
f 141 143 142
f 143 144 142
f 145 146 147
f 145 147 148
f 149 150 151
f 149 151 152
f 153 154 155
f 153 155 156
f 157 158 159
f 157 159 160
f 161 162 163
f 161 163 164
f 165 166 167
f 165 167 168
f 169 170 171
f 169 171 172
f 173 174 175
f 173 175 176
f 177 178 179
f 177 179 180
f 181 182 183
f 181 183 184
f 185 186 187
f 185 187 188
f 189 190 191
f 189 191 192
f 193 194 195
f 193 195 196
f 197 198 199
f 197 199 200
f 201 202 203
f 201 203 204
f 205 206 207
f 205 207 208
f 209 210 211
f 209 211 212
f 213 214 215
f 213 215 216
f 217 218 219
f 217 219 220
f 221 222 223
f 221 223 224
f 225 226 227
f 225 227 228
f 229 230 231
f 229 231 232
f 233 234 235
f 233 235 236
f 237 238 239
f 237 239 240
f 241 242 243
f 243 244 241
f 243 245 244
f 245 246 244
f 245 247 246
f 247 248 246
f 249 250 251
f 249 251 252
f 253 254 255
f 253 255 256
f 257 258 259
f 257 259 260
f 261 262 263
f 261 263 264
f 265 266 267
f 265 267 268
f 269 270 271
f 269 271 272
f 273 274 275
f 273 275 276
f 277 278 279
f 277 279 280
f 281 282 283
f 281 283 284
f 285 286 287
f 285 287 288
f 289 290 291
f 289 291 292
f 293 294 295
f 293 295 296
f 297 298 299
f 297 299 300
f 301 302 303
f 301 303 304
f 305 306 307
f 305 307 308
f 309 310 311
f 309 311 312
f 313 314 315
f 313 315 316
f 317 314 313
f 316 315 318
f 317 319 314
f 316 318 320
f 321 319 317
f 320 318 322
f 321 323 319
f 320 322 324
f 325 323 321
f 324 322 326
f 325 327 323
f 324 326 328
f 328 327 325
f 328 326 327
f 329 330 331
f 329 331 332
f 333 330 329
f 332 331 334
f 333 335 330
f 332 334 336
f 337 335 333
f 336 334 338
f 337 339 335
f 336 338 340
f 341 339 337
f 340 338 342
f 341 343 339
f 340 342 344
f 344 343 341
f 344 342 343
f 345 346 347
f 345 347 348
f 349 346 345
f 348 347 350
f 349 351 346
f 348 350 352
f 353 351 349
f 352 350 354
f 353 355 351
f 352 354 356
f 357 355 353
f 356 354 358
f 357 359 355
f 356 358 360
f 360 359 357
f 360 358 359
g Pancakes_Stack_Light
usemtl Light
f 361 362 363
f 363 364 361
f 363 365 364
f 365 366 364
f 365 367 366
f 367 368 366
f 369 370 371
f 371 372 369
f 372 373 369
f 372 374 373
f 374 375 373
f 374 376 375
f 377 378 379
f 379 380 377
f 380 381 377
f 380 382 381
f 382 383 381
f 382 384 383
g Pancakes_Stack_Yellow
usemtl Yellow
f 385 386 387
f 388 389 390
f 391 392 393
f 394 395 396
f 397 398 399
f 400 401 402
f 403 404 405
f 406 407 408
f 409 410 411
f 409 411 412
f 413 414 415
f 413 415 416
f 417 418 419
f 417 419 420
f 421 422 423
f 421 423 424
f 425 426 427
f 425 427 428
f 429 430 431
f 429 431 432
f 433 434 435
f 433 435 436
f 437 438 439
f 437 439 440
f 441 442 443
f 441 443 444
f 445 446 447
f 445 447 448
f 449 450 451
f 449 451 452
f 453 454 455
f 453 455 456
f 457 458 459
f 457 459 460
f 461 462 463
f 461 463 464
f 465 466 467
f 465 467 468
f 469 470 471
f 469 471 472
f 473 474 475
f 473 475 476
f 477 478 479
f 477 479 480
g Pancakes_Stack_Syrup
usemtl Syrup
f 481 482 483
f 481 484 482
f 485 482 484
f 485 486 482
f 485 487 486
f 485 488 487
f 489 487 488
f 489 488 490
f 491 490 488
f 491 492 490
f 491 493 492
f 491 494 493
f 495 493 494
f 495 496 493
f 489 497 487
f 489 498 497
f 499 497 498
f 499 487 497
f 499 498 500
f 499 501 487
f 502 500 498
f 489 490 503
f 504 503 490
f 504 490 505
f 504 505 506
f 504 506 507
f 508 507 506
f 508 506 509
f 489 503 510
f 511 510 503
f 511 512 510
f 511 513 512
f 511 514 513
f 515 513 514
f 515 516 513
f 489 510 517
f 489 517 498
f 518 517 510
f 518 498 517
f 518 510 519
f 518 520 498
f 521 498 520
f 521 522 498
f 521 523 522
f 502 498 522
f 502 522 523
f 521 524 523
f 502 523 525
f 526 523 524
f 527 525 523
f 526 528 523
f 527 523 528
f 529 530 531
f 529 531 532
f 533 534 535
f 533 535 536
f 537 538 539
f 537 539 540
f 541 542 543
f 541 543 544
f 545 546 547
f 545 547 548
f 549 548 547
f 549 547 550
f 549 550 551
f 549 551 552
f 553 552 551
f 553 551 554
f 553 554 555
f 553 555 556
f 557 558 559
f 557 559 560
f 561 562 563
f 561 563 501
f 564 565 566
f 564 567 565
f 568 565 567
f 568 569 565
f 568 570 569
f 568 571 570
f 572 573 574
f 572 574 575
f 576 577 578
f 576 578 579
f 580 581 582
f 580 583 581
f 584 581 583
f 584 585 581
f 586 587 588
f 586 588 589
f 586 589 590
f 586 590 591
f 592 593 590
f 592 590 594
f 592 594 595
f 592 595 596
f 597 598 599
f 597 600 598
f 597 601 600
f 597 602 601
f 603 604 605
f 603 605 606
f 603 606 607
f 603 607 608
f 609 610 611
f 609 611 612
f 613 612 611
f 613 611 614
f 615 616 617
f 615 617 618
f 619 620 621
f 619 621 622
f 623 624 625
f 623 626 624
f 627 624 626
f 627 628 624
f 629 630 631
f 629 631 632
f 633 634 635
f 633 635 636
f 637 638 639
f 637 639 640
f 641 640 639
f 641 639 642
f 643 644 645
f 643 645 646
f 647 648 649
f 647 649 650
f 651 652 653
f 651 654 652
f 655 652 654
f 655 656 652
f 657 658 659
f 657 659 660
f 661 662 663
f 661 663 664
f 665 666 667
f 665 667 668
f 665 668 669
f 665 669 670
f 671 668 667
f 671 667 672
f 673 674 675
f 673 675 676
f 677 678 679
f 677 679 680
f 681 682 683
f 681 683 684
f 685 686 687
f 685 687 688
f 689 690 691
f 689 691 692
f 693 694 695
f 693 695 696
f 697 698 699
f 697 699 700
f 701 702 703
f 701 703 704
f 705 706 707
f 705 707 708
f 709 710 711
f 709 711 712
f 713 714 715
f 713 715 716
f 717 718 719
f 717 719 720
f 721 722 723
f 721 723 724
f 725 726 727
f 725 727 728
f 729 730 731
f 729 731 732
f 733 734 735
f 733 735 736
f 737 738 739
f 737 739 740
f 741 742 743
f 741 743 744
f 745 744 743
f 745 743 746
f 745 746 747
f 745 747 748
f 749 748 747
f 749 750 748
f 751 748 750
f 751 750 752
f 751 752 753
f 751 753 754
f 755 754 753
f 755 753 756
f 749 747 757
f 749 757 758
f 759 758 757
f 759 760 758
f 761 757 747
f 761 747 762
f 761 762 763
f 761 763 764
f 765 758 760
f 765 766 758
f 765 767 766
f 765 768 767
f 769 767 768
f 769 770 767
f 771 767 770
f 771 772 767
f 773 767 772
f 773 766 767
f 773 758 766
f 773 774 758
f 775 758 774
f 775 776 758
f 749 758 776
f 775 777 776
f 749 776 777
f 775 778 777
f 749 777 779
f 749 779 750
f 780 779 777
f 780 777 781
f 782 750 779
f 782 783 750
f 780 781 784
f 780 784 785
f 786 785 784
f 786 784 787
f 782 788 783
f 782 789 788
f 790 788 789
f 790 791 788
f 792 793 794
f 792 794 795
f 796 797 798
f 796 798 799
f 800 801 802
f 800 802 803
f 804 805 806
f 804 806 807
f 808 809 810
f 808 810 811
f 812 813 814
f 812 815 813
f 816 813 815
f 816 817 813
f 816 818 817
f 816 819 818
f 820 818 819
f 820 821 818
f 822 823 824
f 822 824 825
f 826 825 824
f 826 824 827
f 826 827 828
f 826 828 829
f 830 831 832
f 830 832 833
f 834 833 832
f 834 832 835
f 836 837 838
f 836 839 837
f 836 840 839
f 836 841 840
f 842 843 844
f 842 844 845
f 846 847 848
f 846 848 849
f 850 851 852
f 850 852 853
f 854 853 852
f 854 852 855
f 856 857 858
f 856 858 859
f 860 861 862
f 860 862 863
f 864 865 866
f 864 866 867
f 868 869 870
f 868 870 871
f 872 873 874
f 872 874 875
f 876 877 878
f 876 879 877
f 880 877 879
f 880 881 877
f 882 883 884
f 882 884 885
f 886 885 884
f 886 884 887
f 888 889 890
f 888 890 891
f 892 893 894
f 892 894 895
f 896 897 898
f 896 898 899
f 900 901 902
f 900 902 903
f 904 905 906
f 904 907 905
f 908 905 907
f 908 909 905
f 910 911 912
f 910 912 913
f 914 913 912
f 914 912 915
f 916 917 918
f 916 918 919
f 920 921 922
f 920 922 923
f 924 925 926
f 924 927 925
f 928 925 927
f 928 929 925
f 930 931 932
f 930 932 933
f 934 933 932
f 934 932 935
f 936 937 938
f 936 938 939
f 940 941 942
f 940 942 943
f 944 945 946
f 944 946 947
f 948 949 950
f 948 950 951
f 952 953 954
f 952 954 955
f 956 957 958
f 956 958 959
f 960 961 962
f 960 962 963
f 964 965 966
f 964 966 967
f 968 969 970
f 968 970 971
f 972 973 974
f 972 974 975
f 976 977 978
f 976 978 979
f 980 981 982
f 980 982 983
f 984 985 986
f 984 986 987
f 988 989 990
f 988 990 991
f 992 993 994
f 992 994 995
f 996 997 998
f 996 998 999
f 1000 1001 1002
f 1000 1002 1003
f 1004 1005 1006
f 1004 1006 1007
f 1008 1009 1010
f 1008 1010 1011
f 1012 1013 1014
f 1012 1014 1015
f 1016 1017 1018
f 1016 1018 1019
f 1020 1021 1022
f 1020 1022 1023
f 1024 1025 1026
f 1024 1026 1027
f 1028 1029 1030
f 1028 1030 1031
f 1032 1033 1034
f 1032 1034 1035
f 1036 1037 1038
f 1036 1038 1039
f 1040 1041 1042
f 1040 1042 1043
f 1044 1045 1046
f 1044 1046 1047
f 1048 1049 1050
f 1048 1050 1051
f 1052 1053 1054
f 1052 1054 1055
f 1056 1057 1058
f 1056 1058 1059
f 1060 1061 1062
f 1060 1062 1063
f 1064 1065 1066
f 1064 1066 1067
f 1068 1069 1070
f 1068 1070 1071
f 1072 1073 1074
f 1072 1075 1073
f 1072 1076 1075
f 1072 1077 1076
f 1078 1079 1080
f 1078 1081 1079
f 1078 1082 1081
f 1078 1083 1082
f 1084 1085 1086
f 1084 1086 1087
f 1088 1089 1090
f 1088 1090 1091
f 1092 1093 1094
f 1092 1094 1095
f 1096 1097 1098
f 1096 1098 1099
f 1100 1101 1102
f 1100 1102 1103
f 1104 1105 1106
f 1104 1106 1107
f 1108 1109 1110
f 1108 1110 1111
f 1112 1113 1114
f 1112 1114 1115
f 1116 1117 1118
f 1116 1118 1119
f 1120 1121 1122
f 1120 1122 1123
f 1124 1125 1126
f 1124 1126 1127
f 1128 1129 1130
f 1128 1130 1131
f 1132 1133 1134
f 1132 1134 1135
f 1136 1137 1138
f 1136 1138 1139
f 1140 1141 1142
f 1140 1142 1143
f 1144 1145 1146
f 1144 1146 1147
f 1148 1149 1150
f 1148 1150 1151
f 1152 1153 1154
f 1152 1154 1155
f 1156 1157 1158
f 1156 1158 1159
f 1160 1161 1162
f 1160 1162 1163
f 1164 1165 1166
f 1164 1166 1167
f 1168 1169 1170
f 1168 1170 1171
f 1172 1173 1174
f 1172 1174 1175
f 1176 1177 1178
f 1176 1178 1179
f 1180 1181 1182
f 1180 1182 1183
f 1184 1185 1186
f 1184 1186 1187
f 1188 1189 1190
f 1188 1190 1191
f 1192 1193 1194
f 1192 1194 1195
f 1196 1197 1198
f 1196 1198 1199
f 1200 1201 1202
f 1200 1202 1203
f 1204 1205 1206
f 1204 1206 1207
f 1208 1209 1210
f 1208 1210 1211
f 1212 1213 1214
f 1212 1214 1215
f 1216 1217 1218
f 1216 1218 1219
f 1220 1221 1222
f 1220 1222 1223
f 1224 1225 1226
f 1224 1226 1227
f 1228 1229 1230
f 1228 1230 1231
f 1232 1233 1234
f 1232 1234 1235
f 1236 1237 1238
f 1236 1238 1239
f 1240 1241 1242
f 1240 1242 1243
f 1244 1245 1246
f 1244 1246 1247
f 1248 1249 1250
f 1248 1250 1251
f 1252 1253 1254
f 1252 1254 1255
f 1256 1257 1258
f 1256 1258 1259
f 1260 1261 1262
f 1260 1263 1261
f 1260 1264 1263
f 1260 1265 1264
f 1266 1267 1268
f 1266 1268 1269
f 1270 1271 1272
f 1270 1272 1273
f 1274 1275 1276
f 1274 1276 1277
f 1278 1279 1280
f 1278 1280 1281
f 1282 1283 1284
f 1282 1284 1285
f 1286 1287 1288
f 1286 1289 1287
f 1290 1287 1289
f 1290 1291 1287
f 1292 1293 1294
f 1292 1295 1293
f 1292 1296 1295
f 1292 1297 1296
f 1298 1299 1300
f 1298 1301 1299
f 1298 1302 1301
f 1298 1303 1302
f 1304 1305 1306
f 1304 1306 1307
f 1308 1309 1310
f 1308 1310 1311
f 1312 1313 1314
f 1312 1314 1315
f 1316 1317 1318
f 1316 1318 1319
f 1320 1321 1322
f 1320 1322 1323
f 1324 1325 1326
f 1324 1326 1327
f 1328 1329 1330
f 1328 1330 1331
f 1332 1333 1334
f 1332 1334 1335
f 1336 1337 1338
f 1336 1338 1339
f 1340 1341 1342
f 1340 1342 1343
f 1344 1345 1346
f 1344 1346 1347
f 1348 1349 1350
f 1348 1350 1351
f 1352 1353 1354
f 1352 1354 1355
f 1356 1357 1358
f 1356 1358 1359
f 1360 1361 1362
f 1360 1362 1363
f 1364 1365 1366
f 1364 1366 1367
f 1368 1369 1370
f 1368 1370 1371
f 1372 1373 1374
f 1372 1374 1375
f 1376 1377 1378
f 1376 1378 1379
f 1380 1381 1382
f 1380 1382 1383
f 1384 1385 1386
f 1384 1386 1387
f 1388 1389 1390
f 1388 1390 1391
f 1392 1393 1394
f 1392 1394 1395
f 1396 1397 1398
f 1396 1398 1399
f 1400 1401 1402
f 1400 1402 1403
f 1404 1405 1406
f 1404 1406 1407
f 1408 1409 1410
f 1408 1410 1411
f 1412 1413 1414
f 1412 1414 1415
f 1416 1417 1418
f 1416 1418 1419
f 1420 1421 1422
f 1420 1422 1423
f 1424 1425 1426
f 1424 1426 1427
f 1428 1429 1430
f 1428 1430 1431
f 1432 1433 1434
f 1432 1434 1435
f 1436 1437 1438
f 1436 1438 1439
f 1440 1441 1442
f 1440 1442 1443
f 1444 1445 1446
f 1444 1446 1447
f 1448 1449 1450
f 1448 1450 1451
f 1452 1453 1454
f 1452 1454 1455
f 1456 1457 1458
f 1456 1458 1459
f 1460 1461 1462
f 1460 1462 1463
f 1464 1465 1466
f 1464 1466 1467
f 1468 1469 1470
f 1468 1470 1471
f 1472 1473 1474
f 1472 1474 1475
f 1476 1477 1478
f 1476 1478 1479
f 1480 1481 1482
f 1480 1482 1483
f 1484 1485 1486
f 1484 1486 1487
f 1488 1489 1490
f 1488 1490 1491
f 1492 1493 1494
f 1492 1494 1495
f 1496 1497 1498
f 1496 1498 1499
f 1500 1501 1502
f 1500 1502 1503
f 1504 1505 1506
f 1504 1506 1507
f 1508 1509 1510
f 1508 1510 1511
f 1512 1513 1514
f 1512 1514 1515
f 1516 1517 1518
f 1516 1518 1519
f 1520 1521 1522
f 1520 1522 1523
f 1524 1525 1526
f 1524 1526 1527
f 1528 1526 1525
f 1529 1527 1526
f 1528 1530 1526
f 1529 1526 1531
f 1532 1526 1530
f 1532 1531 1526
