mtllib Materials.mtl
# Ultimate Food Pack - Pepper_Red
o Pepper_Red
v 0.234683 0.889873 0.251803
v 0.188953 0.912036 0.202129
v 0.079688 0.859413 0.263095
v 0.114731 0.842315 0.314521
v 0.295588 0.859591 0.129473
v 0.307039 0.828871 0.066343
v 0.263515 0.841328 0.000000
v 0.244031 0.874541 0.088890
v 0.295588 0.859591 0.129473
v 0.332039 0.792374 0.165676
v 0.337084 0.771825 0.096739
v 0.307039 0.828871 0.066343
v 0.234683 0.889873 0.251803
v 0.295588 0.859591 0.129473
v 0.244031 0.874541 0.088890
v 0.188953 0.912036 0.202129
v 0.284776 0.330887 0.150946
v 0.237460 0.335322 0.255808
v 0.198784 0.114208 0.190997
v 0.245883 0.138842 0.124304
v 0.245883 0.138842 0.124304
v 0.198784 0.114208 0.190997
v 0.179300 0.046597 0.145638
v 0.225496 0.090806 0.098584
v 0.119558 0.126071 0.225321
v 0.076853 0.138590 0.222311
v 0.062978 0.087466 0.174255
v 0.102201 0.065873 0.173298
v 0.198784 0.114225 -0.190997
v 0.179300 0.046609 -0.145638
v 0.102201 0.065866 -0.173298
v 0.119558 0.126049 -0.225321
v 0.035527 0.834690 0.113935
v -0.000462 0.829519 0.118402
v 0.000000 0.818668 0.168655
v 0.045850 0.829761 0.161128
v 0.035527 0.834690 0.113935
v 0.025341 0.865761 0.076558
v -0.002708 0.863059 0.078631
v -0.000462 0.829519 0.118402
v -0.036733 0.834864 0.113935
v -0.030829 0.864387 0.076538
v 0.084050 0.844864 0.093300
v 0.035527 0.834690 0.113935
v 0.045850 0.829761 0.161128
v 0.113214 0.852633 0.126070
v 0.234683 0.889873 0.251803
v 0.269703 0.810956 0.291642
v 0.332039 0.792374 0.165676
v 0.295588 0.859591 0.129473
v 0.148240 0.887659 0.161302
v 0.192414 0.856909 0.066101
v 0.144451 0.834433 0.052867
v 0.113214 0.852633 0.126070
v 0.333731 0.649625 0.172954
v 0.332039 0.792374 0.165676
v 0.269703 0.810956 0.291642
v 0.275038 0.662749 0.299544
v 0.159780 0.643279 0.354682
v 0.147433 0.777041 0.351087
v 0.083009 0.751418 0.355015
v 0.096910 0.628392 0.352302
v 0.237460 0.335322 0.255808
v 0.275038 0.662749 0.299544
v 0.159780 0.643279 0.354682
v 0.144854 0.332656 0.298644
v 0.037571 0.148224 -0.206851
v 0.000000 0.152297 -0.196009
v 0.000000 0.331828 -0.242610
v 0.044814 0.331353 -0.263559
v 0.149998 0.020467 0.078311
v 0.179300 0.046597 0.145638
v 0.102201 0.065873 0.173298
v 0.074120 0.038333 0.093574
v 0.284776 0.330887 0.150946
v 0.333731 0.649625 0.172954
v 0.275038 0.662749 0.299544
v 0.237460 0.335322 0.255808
v 0.144854 0.332656 0.298644
v 0.159780 0.643279 0.354682
v 0.096910 0.628392 0.352302
v 0.093624 0.330714 0.292210
v 0.284776 0.330887 0.150946
v 0.282989 0.330631 0.092618
v 0.335170 0.639489 0.102544
v 0.333731 0.649625 0.172954
v 0.333731 0.649625 0.172954
v 0.335170 0.639489 0.102544
v 0.337084 0.771825 0.096739
v 0.332039 0.792374 0.165676
v 0.114731 0.842315 0.314521
v 0.079688 0.859413 0.263095
v 0.000000 0.818797 0.289316
v 0.055353 0.805621 0.328533
v 0.234683 0.889873 0.251803
v 0.114731 0.842315 0.314521
v 0.147433 0.777041 0.351087
v 0.269703 0.810956 0.291642
v 0.275038 0.662749 0.299544
v 0.269703 0.810956 0.291642
v 0.147433 0.777041 0.351087
v 0.159780 0.643279 0.354682
v 0.114731 0.842315 0.314521
v 0.055353 0.805621 0.328533
v 0.083009 0.751418 0.355015
v 0.147433 0.777041 0.351087
v 0.045822 0.330843 0.262492
v 0.093624 0.330714 0.292210
v 0.096910 0.628392 0.352302
v 0.045606 0.621533 0.328037
v 0.045606 0.621533 0.328037
v 0.038291 0.737622 0.343070
v 0.000076 0.735291 0.330562
v 0.000291 0.619725 0.310494
v 0.045606 0.621533 0.328037
v 0.096910 0.628392 0.352302
v 0.083009 0.751418 0.355015
v 0.038291 0.737622 0.343070
v 0.309105 0.803971 0.033997
v 0.295753 0.801987 0.000000
v 0.263515 0.841328 0.000000
v 0.307039 0.828871 0.066343
v 0.309105 0.803971 0.033997
v 0.321560 0.750503 0.045872
v 0.305626 0.741921 -0.000041
v 0.295753 0.801987 0.000000
v 0.309105 0.803971 0.033997
v 0.307039 0.828871 0.066343
v 0.337084 0.771825 0.096739
v 0.321560 0.750503 0.045872
v 0.284776 0.330887 0.150946
v 0.245883 0.138842 0.124304
v 0.244953 0.155986 0.086527
v 0.282989 0.330631 0.092618
v 0.217584 0.163520 0.044361
v 0.197289 0.164841 0.000000
v 0.230587 0.331566 -0.000137
v 0.253000 0.331024 0.043907
v 0.308756 0.627546 0.047339
v 0.288236 0.621516 -0.000156
v 0.308756 0.627546 0.047339
v 0.282989 0.330631 0.092618
v 0.335170 0.639489 0.102544
v 0.245883 0.138842 0.124304
v 0.225496 0.090806 0.098584
v 0.227028 0.121467 0.078167
v 0.244953 0.155986 0.086527
v 0.045822 0.330843 0.262492
v 0.045606 0.621533 0.328037
v 0.000291 0.619725 0.310494
v 0.000255 0.331706 0.242346
v 0.037571 0.148230 0.206851
v 0.000000 0.152303 0.196009
v 0.217584 0.163520 0.044361
v 0.253000 0.331024 0.043907
v 0.282989 0.330631 0.092618
v 0.244953 0.155986 0.086527
v 0.026758 0.785709 0.333059
v 0.038291 0.737622 0.343070
v 0.083009 0.751418 0.355015
v 0.055353 0.805621 0.328533
v 0.026758 0.785709 0.333059
v 0.000000 0.787098 0.322376
v 0.000076 0.735291 0.330562
v 0.038291 0.737622 0.343070
v 0.026758 0.785709 0.333059
v 0.055353 0.805621 0.328533
v 0.000000 0.818797 0.289316
v 0.000000 0.787098 0.322376
v 0.308756 0.627546 0.047339
v 0.321560 0.750503 0.045872
v 0.337084 0.771825 0.096739
v 0.335170 0.639489 0.102544
v 0.308756 0.627546 0.047339
v 0.288236 0.621516 -0.000156
v 0.305626 0.741921 -0.000041
v 0.321560 0.750503 0.045872
v 0.037571 0.148230 0.206851
v 0.076853 0.138590 0.222311
v 0.093624 0.330714 0.292210
v 0.045822 0.330843 0.262492
v 0.144854 0.332656 0.298644
v 0.093624 0.330714 0.292210
v 0.076853 0.138590 0.222311
v 0.119558 0.126071 0.225321
v 0.217584 0.163520 0.044361
v 0.204715 0.121019 0.046433
v 0.184920 0.122631 0.000000
v 0.197289 0.164841 0.000000
v 0.217584 0.163520 0.044361
v 0.244953 0.155986 0.086527
v 0.227028 0.121467 0.078167
v 0.204715 0.121019 0.046433
v 0.037571 0.148230 0.206851
v 0.031024 0.103259 0.172312
v 0.062978 0.087466 0.174255
v 0.076853 0.138590 0.222311
v 0.037571 0.148230 0.206851
v 0.000000 0.152303 0.196009
v 0.000000 0.107994 0.163079
v 0.031024 0.103259 0.172312
v 0.074120 0.038333 0.093574
v 0.102201 0.065873 0.173298
v 0.062978 0.087466 0.174255
v 0.040161 0.061892 0.100972
v 0.149998 0.020467 0.078311
v 0.074120 0.038333 0.093574
v 0.057399 0.032854 0.000000
v 0.132891 0.017698 0.000000
v 0.193935 0.075700 0.054006
v 0.225496 0.090806 0.098584
v 0.179300 0.046597 0.145638
v 0.149998 0.020467 0.078311
v 0.074120 0.038333 0.093574
v 0.040161 0.061892 0.100972
v 0.000000 0.054431 0.000000
v 0.057399 0.032854 0.000000
v 0.193935 0.075700 0.054006
v 0.149998 0.020467 0.078311
v 0.132891 0.017698 0.000000
v 0.175361 0.076334 0.000000
v 0.193935 0.075700 0.054006
v 0.204715 0.121019 0.046433
v 0.227028 0.121467 0.078167
v 0.225496 0.090806 0.098584
v 0.193935 0.075700 0.054006
v 0.175361 0.076334 0.000000
v 0.184920 0.122631 0.000000
v 0.204715 0.121019 0.046433
v 0.021631 0.079173 0.120600
v 0.040161 0.061892 0.100972
v 0.062978 0.087466 0.174255
v 0.031024 0.103259 0.172312
v 0.021631 0.079173 0.120600
v 0.000000 0.079395 0.103321
v 0.000000 0.054431 0.000000
v 0.040161 0.061892 0.100972
v 0.021631 0.079173 0.120600
v 0.031024 0.103259 0.172312
v 0.000000 0.107994 0.163079
v 0.000000 0.079395 0.103321
v 0.102834 0.835657 0.040753
v 0.068838 0.866520 0.030648
v 0.059483 0.870148 0.066831
v 0.084050 0.844864 0.093300
v 0.058495 0.846640 0.211285
v 0.148240 0.887659 0.161302
v 0.113214 0.852633 0.126070
v 0.045850 0.829761 0.161128
v 0.084050 0.844864 0.093300
v 0.059483 0.870148 0.066831
v 0.025341 0.865761 0.076558
v 0.035527 0.834690 0.113935
v 0.102834 0.835657 0.040753
v 0.084050 0.844864 0.093300
v 0.113214 0.852633 0.126070
v 0.144451 0.834433 0.052867
v 0.102834 0.835657 0.040753
v 0.144451 0.834433 0.052867
v 0.149309 0.824950 0.000000
v 0.106155 0.831051 0.000000
v 0.102834 0.835657 0.040753
v 0.070625 0.864502 0.000000
v 0.068838 0.866520 0.030648
v 0.106155 0.831051 0.000000
v 0.102834 0.835657 -0.040753
v 0.068838 0.866520 -0.030649
v 0.192414 0.856909 0.066101
v 0.244031 0.874541 0.088890
v 0.263515 0.841328 0.000000
v 0.198917 0.839975 0.000000
v 0.237460 0.335322 0.255808
v 0.144854 0.332656 0.298644
v 0.119558 0.126071 0.225321
v 0.198784 0.114208 0.190997
v 0.148240 0.887659 0.161302
v 0.188953 0.912036 0.202129
v 0.244031 0.874541 0.088890
v 0.192414 0.856909 0.066101
v 0.192414 0.856909 0.066101
v 0.198917 0.839975 0.000000
v 0.149309 0.824950 0.000000
v 0.144451 0.834433 0.052867
v 0.058495 0.846640 0.211285
v 0.079688 0.859413 0.263095
v 0.188953 0.912036 0.202129
v 0.148240 0.887659 0.161302
v 0.058495 0.846640 0.211285
v 0.000000 0.826624 0.221787
v 0.000000 0.818797 0.289316
v 0.079688 0.859413 0.263095
v 0.058495 0.846640 0.211285
v 0.045850 0.829761 0.161128
v 0.000000 0.818668 0.168655
v 0.000000 0.826624 0.221787
v 0.234683 0.889873 -0.251803
v 0.114731 0.842315 -0.314521
v 0.079688 0.859413 -0.263095
v 0.188953 0.912036 -0.202130
v 0.234683 0.889873 -0.251803
v 0.188953 0.912036 -0.202130
v 0.244031 0.874541 -0.088890
v 0.295588 0.859590 -0.129473
v 0.295588 0.859590 -0.129473
v 0.307039 0.828871 -0.066343
v 0.335939 0.771803 -0.096982
v 0.331277 0.792372 -0.165841
v 0.295588 0.859590 -0.129473
v 0.244031 0.874541 -0.088890
v 0.263515 0.841328 0.000000
v 0.307039 0.828871 -0.066343
v 0.282214 0.330870 -0.151485
v 0.245883 0.138854 -0.124304
v 0.198784 0.114225 -0.190997
v 0.237460 0.335321 -0.255808
v 0.119558 0.126049 -0.225321
v 0.102201 0.065866 -0.173298
v 0.062978 0.087461 -0.174255
v 0.076853 0.138584 -0.222311
v 0.245883 0.138854 -0.124304
v 0.225496 0.090807 -0.098584
v 0.179300 0.046609 -0.145638
v 0.198784 0.114225 -0.190997
v -0.198784 0.114244 0.190997
v -0.179300 0.046625 0.145638
v -0.102201 0.065870 0.173298
v -0.119558 0.126049 0.225321
v 0.084050 0.844864 -0.093301
v 0.113214 0.852633 -0.126071
v 0.045850 0.829761 -0.161128
v 0.035527 0.834690 -0.113935
v 0.035527 0.834690 -0.113935
v -0.002708 0.863059 -0.078632
v 0.025341 0.865761 -0.076558
v -0.000462 0.829519 -0.118402
v -0.036733 0.834863 -0.113935
v -0.030829 0.864386 -0.076538
v 0.035527 0.834690 -0.113935
v 0.045850 0.829761 -0.161128
v 0.000000 0.818668 -0.168655
v -0.000462 0.829519 -0.118402
v 0.234683 0.889873 -0.251803
v 0.295588 0.859590 -0.129473
v 0.331277 0.792372 -0.165841
v 0.269703 0.810956 -0.291643
v 0.148240 0.887659 -0.161303
v 0.113214 0.852633 -0.126071
v 0.144451 0.834433 -0.052868
v 0.192414 0.856909 -0.066101
v 0.330795 0.649596 -0.173580
v 0.275038 0.662749 -0.299544
v 0.269703 0.810956 -0.291643
v 0.331277 0.792372 -0.165841
v -0.037571 0.148229 0.206851
v 0.000000 0.152303 0.196009
v 0.000255 0.331706 0.242346
v -0.044814 0.331357 0.263559
v 0.237460 0.335321 -0.255808
v 0.143848 0.333115 -0.299698
v 0.158631 0.643886 -0.355894
v 0.275038 0.662749 -0.299544
v 0.158631 0.643886 -0.355894
v 0.095188 0.629328 -0.354130
v 0.082558 0.751653 -0.355478
v 0.147131 0.777189 -0.351392
v 0.149998 0.020468 -0.078311
v 0.074120 0.038328 -0.093574
v 0.102201 0.065866 -0.173298
v 0.179300 0.046609 -0.145638
v 0.143848 0.333115 -0.299698
v 0.092129 0.331477 -0.293844
v 0.095188 0.629328 -0.354130
v 0.158631 0.643886 -0.355894
v 0.282214 0.330870 -0.151485
v 0.237460 0.335321 -0.255808
v 0.275038 0.662749 -0.299544
v 0.330795 0.649596 -0.173580
v 0.282214 0.330870 -0.151485
v 0.330795 0.649596 -0.173580
v 0.330734 0.639350 -0.103464
v 0.279127 0.330568 -0.093417
v 0.330795 0.649596 -0.173580
v 0.331277 0.792372 -0.165841
v 0.335939 0.771803 -0.096982
v 0.330734 0.639350 -0.103464
v 0.114731 0.842315 -0.314521
v 0.055352 0.805621 -0.328533
v 0.000000 0.818796 -0.289316
v 0.079688 0.859413 -0.263095
v 0.114731 0.842315 -0.314521
v 0.147131 0.777189 -0.351392
v 0.082558 0.751653 -0.355478
v 0.055352 0.805621 -0.328533
v 0.275038 0.662749 -0.299544
v 0.158631 0.643886 -0.355894
v 0.147131 0.777189 -0.351392
v 0.269703 0.810956 -0.291643
v 0.234683 0.889873 -0.251803
v 0.269703 0.810956 -0.291643
v 0.147131 0.777189 -0.351392
v 0.114731 0.842315 -0.314521
v 0.044814 0.331353 -0.263559
v 0.044450 0.622154 -0.329245
v 0.095188 0.629328 -0.354130
v 0.092129 0.331477 -0.293844
v 0.044450 0.622154 -0.329245
v 0.037990 0.737779 -0.343378
v 0.082558 0.751653 -0.355478
v 0.095188 0.629328 -0.354130
v 0.044450 0.622154 -0.329245
v 0.000000 0.619885 -0.310797
v 0.000000 0.735331 -0.330639
v 0.037990 0.737779 -0.343378
v 0.309105 0.803970 -0.033998
v 0.307039 0.828871 -0.066343
v 0.263515 0.841328 0.000000
v 0.295753 0.801987 0.000000
v 0.309105 0.803970 -0.033998
v 0.320802 0.750488 -0.046034
v 0.335939 0.771803 -0.096982
v 0.307039 0.828871 -0.066343
v 0.309105 0.803970 -0.033998
v 0.295753 0.801987 0.000000
v 0.305626 0.741921 -0.000041
v 0.320802 0.750488 -0.046034
v 0.282214 0.330870 -0.151485
v 0.279127 0.330568 -0.093417
v 0.244953 0.155988 -0.086527
v 0.245883 0.138854 -0.124304
v 0.245883 0.138854 -0.124304
v 0.244953 0.155988 -0.086527
v 0.227028 0.121468 -0.078167
v 0.225496 0.090807 -0.098584
v 0.217584 0.163521 -0.044361
v 0.230587 0.331566 -0.000137
v 0.197289 0.164841 0.000000
v 0.250435 0.330971 -0.044446
v 0.305830 0.627470 -0.047959
v 0.279127 0.330568 -0.093417
v 0.330734 0.639350 -0.103464
v 0.044814 0.331353 -0.263559
v 0.000000 0.331828 -0.242610
v 0.000000 0.619885 -0.310797
v 0.044450 0.622154 -0.329245
v 0.305830 0.627470 -0.047959
v 0.288236 0.621516 -0.000156
v 0.230587 0.331566 -0.000137
v 0.250435 0.330971 -0.044446
v 0.217584 0.163521 -0.044361
v 0.244953 0.155988 -0.086527
v 0.279127 0.330568 -0.093417
v 0.250435 0.330971 -0.044446
v 0.026758 0.785709 -0.333059
v 0.055352 0.805621 -0.328533
v 0.082558 0.751653 -0.355478
v 0.037990 0.737779 -0.343378
v 0.026758 0.785709 -0.333059
v 0.000000 0.787098 -0.322376
v 0.000000 0.818796 -0.289316
v 0.055352 0.805621 -0.328533
v 0.026758 0.785709 -0.333059
v 0.037990 0.737779 -0.343378
v 0.000000 0.735331 -0.330639
v 0.000000 0.787098 -0.322376
v 0.305830 0.627470 -0.047959
v 0.330734 0.639350 -0.103464
v 0.335939 0.771803 -0.096982
v 0.320802 0.750488 -0.046034
v 0.305626 0.741921 -0.000041
v 0.288236 0.621516 -0.000156
v 0.037571 0.148224 -0.206851
v 0.044814 0.331353 -0.263559
v 0.092129 0.331477 -0.293844
v 0.076853 0.138584 -0.222311
v 0.143848 0.333115 -0.299698
v 0.119558 0.126049 -0.225321
v 0.076853 0.138584 -0.222311
v 0.092129 0.331477 -0.293844
v 0.217584 0.163521 -0.044361
v 0.204715 0.121020 -0.046433
v 0.227028 0.121468 -0.078167
v 0.244953 0.155988 -0.086527
v 0.217584 0.163521 -0.044361
v 0.197289 0.164841 0.000000
v 0.184920 0.122631 0.000000
v 0.204715 0.121020 -0.046433
v 0.037571 0.148224 -0.206851
v 0.031024 0.103254 -0.172312
v 0.000000 0.107989 -0.163079
v 0.000000 0.152297 -0.196009
v 0.037571 0.148224 -0.206851
v 0.076853 0.138584 -0.222311
v 0.062978 0.087461 -0.174255
v 0.031024 0.103254 -0.172312
v 0.074120 0.038328 -0.093574
v 0.040161 0.061887 -0.100972
v 0.062978 0.087461 -0.174255
v 0.102201 0.065866 -0.173298
v 0.074120 0.038328 -0.093574
v 0.057399 0.032854 0.000000
v 0.000000 0.054431 0.000000
v 0.040161 0.061887 -0.100972
v 0.193935 0.075701 -0.054006
v 0.149998 0.020468 -0.078311
v 0.179300 0.046609 -0.145638
v 0.225496 0.090807 -0.098584
v 0.149998 0.020468 -0.078311
v 0.132891 0.017698 0.000000
v 0.057399 0.032854 0.000000
v 0.074120 0.038328 -0.093574
v 0.193935 0.075701 -0.054006
v 0.175361 0.076334 0.000000
v 0.132891 0.017698 0.000000
v 0.149998 0.020468 -0.078311
v 0.193935 0.075701 -0.054006
v 0.204715 0.121020 -0.046433
v 0.184920 0.122631 0.000000
v 0.175361 0.076334 0.000000
v 0.193935 0.075701 -0.054006
v 0.225496 0.090807 -0.098584
v 0.227028 0.121468 -0.078167
v 0.204715 0.121020 -0.046433
v 0.021631 0.079168 -0.120600
v 0.031024 0.103254 -0.172312
v 0.062978 0.087461 -0.174255
v 0.040161 0.061887 -0.100972
v 0.021631 0.079168 -0.120600
v 0.000000 0.079390 -0.103321
v 0.000000 0.107989 -0.163079
v 0.031024 0.103254 -0.172312
v 0.021631 0.079168 -0.120600
v 0.040161 0.061887 -0.100972
v 0.000000 0.054431 0.000000
v 0.000000 0.079390 -0.103321
v 0.102834 0.835657 -0.040753
v 0.084050 0.844864 -0.093301
v 0.059483 0.870148 -0.066831
v 0.068838 0.866520 -0.030649
v 0.058495 0.846640 -0.211286
v 0.045850 0.829761 -0.161128
v 0.113214 0.852633 -0.126071
v 0.148240 0.887659 -0.161303
v 0.084050 0.844864 -0.093301
v 0.035527 0.834690 -0.113935
v 0.025341 0.865761 -0.076558
v 0.059483 0.870148 -0.066831
v 0.102834 0.835657 -0.040753
v 0.144451 0.834433 -0.052868
v 0.113214 0.852633 -0.126071
v 0.084050 0.844864 -0.093301
v 0.102834 0.835657 -0.040753
v 0.106155 0.831051 0.000000
v 0.149309 0.824950 0.000000
v 0.144451 0.834433 -0.052868
v 0.192414 0.856909 -0.066101
v 0.198917 0.839975 0.000000
v 0.263515 0.841328 0.000000
v 0.244031 0.874541 -0.088890
v 0.192414 0.856909 -0.066101
v 0.144451 0.834433 -0.052868
v 0.149309 0.824950 0.000000
v 0.198917 0.839975 0.000000
v 0.148240 0.887659 -0.161303
v 0.192414 0.856909 -0.066101
v 0.244031 0.874541 -0.088890
v 0.188953 0.912036 -0.202130
v 0.237460 0.335321 -0.255808
v 0.198784 0.114225 -0.190997
v 0.119558 0.126049 -0.225321
v 0.143848 0.333115 -0.299698
v 0.058495 0.846640 -0.211286
v 0.148240 0.887659 -0.161303
v 0.188953 0.912036 -0.202130
v 0.079688 0.859413 -0.263095
v 0.058495 0.846640 -0.211286
v 0.000000 0.826624 -0.221787
v 0.000000 0.818668 -0.168655
v 0.045850 0.829761 -0.161128
v 0.058495 0.846640 -0.211286
v 0.079688 0.859413 -0.263095
v 0.000000 0.818796 -0.289316
v 0.000000 0.826624 -0.221787
v -0.234683 0.889873 0.251803
v -0.114731 0.842315 0.314521
v -0.079688 0.859413 0.263095
v -0.188953 0.912036 0.202129
v -0.234683 0.889873 0.251803
v -0.188953 0.912036 0.202129
v -0.244031 0.874541 0.088890
v -0.295588 0.859591 0.129473
v -0.295588 0.859591 0.129473
v -0.307039 0.828871 0.066343
v -0.335723 0.771528 0.097159
v -0.331135 0.792193 0.165958
v -0.295588 0.859591 0.129473
v -0.244031 0.874541 0.088890
v -0.263515 0.841328 0.000000
v -0.307039 0.828871 0.066343
v -0.281725 0.330322 0.151864
v -0.245883 0.138874 0.124304
v -0.198784 0.114244 0.190997
v -0.237460 0.335322 0.255808
v -0.119558 0.126049 0.225321
v -0.102201 0.065870 0.173298
v -0.062978 0.087465 0.174255
v -0.076853 0.138588 0.222311
v -0.245883 0.138874 0.124304
v -0.225496 0.090813 0.098584
v -0.179300 0.046625 0.145638
v -0.198784 0.114244 0.190997
v -0.198784 0.114201 -0.190997
v -0.119558 0.126049 -0.225321
v -0.102201 0.065866 -0.173298
v -0.179300 0.046599 -0.145638
v -0.085625 0.845412 0.093300
v -0.113602 0.852808 0.126070
v -0.045850 0.829761 0.161128
v -0.036733 0.834864 0.113935
v -0.036733 0.834864 0.113935
v -0.045850 0.829761 0.161128
v 0.000000 0.818668 0.168655
v -0.000462 0.829519 0.118402
v -0.234683 0.889873 0.251803
v -0.295588 0.859591 0.129473
v -0.331135 0.792193 0.165958
v -0.269703 0.810956 0.291642
v -0.148405 0.887778 0.161303
v -0.113602 0.852808 0.126070
v -0.144576 0.834501 0.052867
v -0.192438 0.856930 0.066101
v -0.330221 0.648883 0.174010
v -0.275038 0.662749 0.299544
v -0.269703 0.810956 0.291642
v -0.331135 0.792193 0.165958
v -0.037571 0.148224 -0.206851
v -0.044814 0.331353 -0.263559
v 0.000000 0.331828 -0.242610
v 0.000000 0.152297 -0.196009
v -0.237460 0.335322 0.255808
v -0.143848 0.333115 0.299698
v -0.158631 0.643886 0.355894
v -0.275038 0.662749 0.299544
v -0.158631 0.643886 0.355894
v -0.095188 0.629328 0.354130
v -0.082558 0.751653 0.355478
v -0.147131 0.777189 0.351392
v -0.149998 0.020472 0.078311
v -0.074120 0.038332 0.093574
v -0.102201 0.065870 0.173298
v -0.179300 0.046625 0.145638
v -0.143848 0.333115 0.299698
v -0.092129 0.331477 0.293844
v -0.095188 0.629328 0.354130
v -0.158631 0.643886 0.355894
v -0.281725 0.330322 0.151864
v -0.237460 0.335322 0.255808
v -0.275038 0.662749 0.299544
v -0.330221 0.648883 0.174010
v -0.281725 0.330322 0.151864
v -0.330221 0.648883 0.174010
v -0.329862 0.638265 0.104125
v -0.278366 0.329713 0.093990
v -0.330221 0.648883 0.174010
v -0.331135 0.792193 0.165958
v -0.335723 0.771528 0.097159
v -0.329862 0.638265 0.104125
v -0.114731 0.842315 0.314521
v -0.055352 0.805621 0.328533
v 0.000000 0.818797 0.289316
v -0.079688 0.859413 0.263095
v -0.114731 0.842315 0.314521
v -0.147131 0.777189 0.351392
v -0.082558 0.751653 0.355478
v -0.055352 0.805621 0.328533
v -0.275038 0.662749 0.299544
v -0.158631 0.643886 0.355894
v -0.147131 0.777189 0.351392
v -0.269703 0.810956 0.291642
v -0.234683 0.889873 0.251803
v -0.269703 0.810956 0.291642
v -0.147131 0.777189 0.351392
v -0.114731 0.842315 0.314521
v -0.044814 0.331357 0.263559
v -0.044450 0.622154 0.329245
v -0.095188 0.629328 0.354130
v -0.092129 0.331477 0.293844
v -0.044450 0.622154 0.329245
v -0.037990 0.737780 0.343378
v -0.082558 0.751653 0.355478
v -0.095188 0.629328 0.354130
v -0.044450 0.622154 0.329245
v 0.000291 0.619725 0.310494
v 0.000076 0.735291 0.330562
v -0.037990 0.737780 0.343378
v -0.309105 0.803971 0.033997
v -0.307039 0.828871 0.066343
v -0.263515 0.841328 0.000000
v -0.295753 0.801987 0.000000
v -0.309105 0.803971 0.033997
v -0.320656 0.750302 0.046153
v -0.335723 0.771528 0.097159
v -0.307039 0.828871 0.066343
v -0.309105 0.803971 0.033997
v -0.295753 0.801987 0.000000
v -0.305565 0.741874 0.000178
v -0.320656 0.750302 0.046153
v -0.281725 0.330322 0.151864
v -0.278366 0.329713 0.093990
v -0.244953 0.155995 0.086527
v -0.245883 0.138874 0.124304
v -0.245883 0.138874 0.124304
v -0.244953 0.155995 0.086527
v -0.227028 0.121475 0.078167
v -0.225496 0.090813 0.098584
v -0.217584 0.163527 0.044361
v -0.230378 0.331424 0.000597
v -0.197289 0.164846 0.000000
v -0.249937 0.330396 0.044840
v -0.305250 0.626739 0.048411
v -0.278366 0.329713 0.093990
v -0.329862 0.638265 0.104125
v -0.044814 0.331357 0.263559
v 0.000255 0.331706 0.242346
v 0.000291 0.619725 0.310494
v -0.044450 0.622154 0.329245
v -0.305250 0.626739 0.048411
v -0.287994 0.621331 0.000682
v -0.230378 0.331424 0.000597
v -0.249937 0.330396 0.044840
v -0.217584 0.163527 0.044361
v -0.244953 0.155995 0.086527
v -0.278366 0.329713 0.093990
v -0.249937 0.330396 0.044840
v -0.026758 0.785709 0.333059
v -0.055352 0.805621 0.328533
v -0.082558 0.751653 0.355478
v -0.037990 0.737780 0.343378
v -0.026758 0.785709 0.333059
v 0.000000 0.787098 0.322376
v 0.000000 0.818797 0.289316
v -0.055352 0.805621 0.328533
v -0.026758 0.785709 0.333059
v -0.037990 0.737780 0.343378
v 0.000076 0.735291 0.330562
v 0.000000 0.787098 0.322376
v -0.305250 0.626739 0.048411
v -0.329862 0.638265 0.104125
v -0.335723 0.771528 0.097159
v -0.320656 0.750302 0.046153
v -0.305565 0.741874 0.000178
v -0.287994 0.621331 0.000682
v -0.037571 0.148229 0.206851
v -0.044814 0.331357 0.263559
v -0.092129 0.331477 0.293844
v -0.076853 0.138588 0.222311
v -0.143848 0.333115 0.299698
v -0.119558 0.126049 0.225321
v -0.076853 0.138588 0.222311
v -0.092129 0.331477 0.293844
v -0.217584 0.163527 0.044361
v -0.204715 0.121026 0.046433
v -0.227028 0.121475 0.078167
v -0.244953 0.155995 0.086527
v -0.217584 0.163527 0.044361
v -0.197289 0.164846 0.000000
v -0.184920 0.122636 0.000000
v -0.204715 0.121026 0.046433
v -0.037571 0.148229 0.206851
v -0.031024 0.103258 0.172312
v 0.000000 0.107994 0.163079
v 0.000000 0.152303 0.196009
v -0.037571 0.148229 0.206851
v -0.076853 0.138588 0.222311
v -0.062978 0.087465 0.174255
v -0.031024 0.103258 0.172312
v -0.074120 0.038332 0.093574
v -0.040161 0.061892 0.100972
v -0.062978 0.087465 0.174255
v -0.102201 0.065870 0.173298
v -0.074120 0.038332 0.093574
v -0.057399 0.032858 0.000000
v 0.000000 0.054431 0.000000
v -0.040161 0.061892 0.100972
v -0.193935 0.075706 0.054006
v -0.149998 0.020472 0.078311
v -0.179300 0.046625 0.145638
v -0.225496 0.090813 0.098584
v -0.149998 0.020472 0.078311
v -0.132891 0.017702 0.000000
v -0.057399 0.032858 0.000000
v -0.074120 0.038332 0.093574
v -0.193935 0.075706 0.054006
v -0.175361 0.076339 0.000000
v -0.132891 0.017702 0.000000
v -0.149998 0.020472 0.078311
v -0.193935 0.075706 0.054006
v -0.204715 0.121026 0.046433
v -0.184920 0.122636 0.000000
v -0.175361 0.076339 0.000000
v -0.193935 0.075706 0.054006
v -0.225496 0.090813 0.098584
v -0.227028 0.121475 0.078167
v -0.204715 0.121026 0.046433
v -0.021631 0.079173 0.120600
v -0.031024 0.103258 0.172312
v -0.062978 0.087465 0.174255
v -0.040161 0.061892 0.100972
v -0.021631 0.079173 0.120600
v 0.000000 0.079395 0.103321
v 0.000000 0.107994 0.163079
v -0.031024 0.103258 0.172312
v -0.021631 0.079173 0.120600
v -0.040161 0.061892 0.100972
v 0.000000 0.054431 0.000000
v 0.000000 0.079395 0.103321
v -0.103955 0.836117 0.040753
v -0.085625 0.845412 0.093300
v -0.064550 0.866377 0.066794
v -0.073572 0.861938 0.030626
v -0.058495 0.846640 0.211285
v -0.045850 0.829761 0.161128
v -0.113602 0.852808 0.126070
v -0.148405 0.887778 0.161303
v -0.085625 0.845412 0.093300
v -0.036733 0.834864 0.113935
v -0.030829 0.864387 0.076538
v -0.064550 0.866377 0.066794
v -0.103955 0.836117 0.040753
v -0.144576 0.834501 0.052867
v -0.113602 0.852808 0.126070
v -0.085625 0.845412 0.093300
v -0.103955 0.836117 0.040753
v -0.106822 0.831334 0.000000
v -0.149319 0.824955 0.000000
v -0.144576 0.834501 0.052867
v -0.103955 0.836117 0.040753
v -0.073572 0.861938 0.030626
v -0.075026 0.859761 0.000000
v -0.106822 0.831334 0.000000
v -0.192438 0.856930 0.066101
v -0.198917 0.839975 0.000000
v -0.263515 0.841328 0.000000
v -0.244031 0.874541 0.088890
v -0.192438 0.856930 0.066101
v -0.144576 0.834501 0.052867
v -0.149319 0.824955 0.000000
v -0.198917 0.839975 0.000000
v -0.148405 0.887778 0.161303
v -0.192438 0.856930 0.066101
v -0.244031 0.874541 0.088890
v -0.188953 0.912036 0.202129
v -0.237460 0.335322 0.255808
v -0.198784 0.114244 0.190997
v -0.119558 0.126049 0.225321
v -0.143848 0.333115 0.299698
v -0.058495 0.846640 0.211285
v -0.148405 0.887778 0.161303
v -0.188953 0.912036 0.202129
v -0.079688 0.859413 0.263095
v -0.058495 0.846640 0.211285
v 0.000000 0.826624 0.221787
v 0.000000 0.818668 0.168655
v -0.045850 0.829761 0.161128
v -0.058495 0.846640 0.211285
v -0.079688 0.859413 0.263095
v 0.000000 0.818797 0.289316
v 0.000000 0.826624 0.221787
v -0.234683 0.889873 -0.251803
v -0.188953 0.912036 -0.202129
v -0.079688 0.859413 -0.263095
v -0.114731 0.842315 -0.314521
v -0.295588 0.859590 -0.129473
v -0.307039 0.828871 -0.066343
v -0.263515 0.841328 0.000000
v -0.244031 0.874541 -0.088890
v -0.295588 0.859590 -0.129473
v -0.331933 0.792366 -0.165241
v -0.336925 0.771812 -0.096091
v -0.307039 0.828871 -0.066343
v -0.234683 0.889873 -0.251803
v -0.295588 0.859590 -0.129473
v -0.244031 0.874541 -0.088890
v -0.188953 0.912036 -0.202129
v -0.284355 0.330820 -0.149459
v -0.237460 0.335321 -0.255808
v -0.198784 0.114201 -0.190997
v -0.245883 0.138838 -0.124304
v -0.245883 0.138838 -0.124304
v -0.198784 0.114201 -0.190997
v -0.179300 0.046599 -0.145638
v -0.225496 0.090808 -0.098584
v -0.119558 0.126049 -0.225321
v -0.076853 0.138584 -0.222311
v -0.062978 0.087461 -0.174255
v -0.102201 0.065866 -0.173298
v -0.036733 0.834863 -0.113935
v -0.000462 0.829519 -0.118402
v 0.000000 0.818668 -0.168655
v -0.045850 0.829761 -0.161128
v -0.085625 0.845412 -0.093301
v -0.036733 0.834863 -0.113935
v -0.045850 0.829761 -0.161128
v -0.113602 0.852808 -0.126071
v -0.234683 0.889873 -0.251803
v -0.269703 0.810956 -0.291643
v -0.331933 0.792366 -0.165241
v -0.295588 0.859590 -0.129473
v -0.148405 0.887778 -0.161303
v -0.192438 0.856930 -0.066101
v -0.144576 0.834501 -0.052868
v -0.113602 0.852808 -0.126071
v -0.333301 0.649561 -0.171272
v -0.331933 0.792366 -0.165241
v -0.269703 0.810956 -0.291643
v -0.275038 0.662749 -0.299544
v -0.158631 0.643885 -0.355894
v -0.147131 0.777189 -0.351392
v -0.082558 0.751653 -0.355478
v -0.095188 0.629328 -0.354130
v -0.237460 0.335321 -0.255808
v -0.275038 0.662749 -0.299544
v -0.158631 0.643885 -0.355894
v -0.143848 0.333115 -0.299698
v -0.149998 0.020470 -0.078311
v -0.179300 0.046599 -0.145638
v -0.102201 0.065866 -0.173298
v -0.074120 0.038328 -0.093574
v -0.284355 0.330820 -0.149459
v -0.333301 0.649561 -0.171272
v -0.275038 0.662749 -0.299544
v -0.237460 0.335321 -0.255808
v -0.143848 0.333115 -0.299698
v -0.158631 0.643885 -0.355894
v -0.095188 0.629328 -0.354130
v -0.092129 0.331477 -0.293844
v -0.284355 0.330820 -0.149459
v -0.282469 0.330623 -0.090457
v -0.334533 0.639402 -0.100050
v -0.333301 0.649561 -0.171272
v -0.333301 0.649561 -0.171272
v -0.334533 0.639402 -0.100050
v -0.336925 0.771812 -0.096091
v -0.331933 0.792366 -0.165241
v -0.114731 0.842315 -0.314521
v -0.079688 0.859413 -0.263095
v 0.000000 0.818796 -0.289316
v -0.055353 0.805621 -0.328533
v -0.234683 0.889873 -0.251803
v -0.114731 0.842315 -0.314521
v -0.147131 0.777189 -0.351392
v -0.269703 0.810956 -0.291643
v -0.275038 0.662749 -0.299544
v -0.269703 0.810956 -0.291643
v -0.147131 0.777189 -0.351392
v -0.158631 0.643885 -0.355894
v -0.114731 0.842315 -0.314521
v -0.055353 0.805621 -0.328533
v -0.082558 0.751653 -0.355478
v -0.147131 0.777189 -0.351392
v -0.044814 0.331353 -0.263559
v -0.092129 0.331477 -0.293844
v -0.095188 0.629328 -0.354130
v -0.044451 0.622154 -0.329245
v -0.044451 0.622154 -0.329245
v -0.037990 0.737779 -0.343378
v 0.000000 0.735331 -0.330639
v 0.000000 0.619885 -0.310797
v -0.044451 0.622154 -0.329245
v -0.095188 0.629328 -0.354130
v -0.082558 0.751653 -0.355478
v -0.037990 0.737779 -0.343378
v -0.309105 0.803970 -0.033998
v -0.295753 0.801987 0.000000
v -0.263515 0.841328 0.000000
v -0.307039 0.828871 -0.066343
v -0.309105 0.803970 -0.033998
v -0.321459 0.750503 -0.045444
v -0.305565 0.741874 0.000178
v -0.295753 0.801987 0.000000
v -0.309105 0.803970 -0.033998
v -0.307039 0.828871 -0.066343
v -0.336925 0.771812 -0.096091
v -0.321459 0.750503 -0.045444
v -0.284355 0.330820 -0.149459
v -0.245883 0.138838 -0.124304
v -0.244953 0.155989 -0.086527
v -0.282469 0.330623 -0.090457
v -0.217584 0.163524 -0.044361
v -0.197289 0.164846 0.000000
v -0.230378 0.331424 0.000597
v -0.252660 0.331028 -0.042473
v -0.308367 0.627543 -0.045698
v -0.287994 0.621331 0.000682
v -0.308367 0.627543 -0.045698
v -0.282469 0.330623 -0.090457
v -0.334533 0.639402 -0.100050
v -0.245883 0.138838 -0.124304
v -0.225496 0.090808 -0.098584
v -0.227028 0.121470 -0.078167
v -0.244953 0.155989 -0.086527
v -0.044814 0.331353 -0.263559
v -0.044451 0.622154 -0.329245
v 0.000000 0.619885 -0.310797
v 0.000000 0.331828 -0.242610
v -0.217584 0.163524 -0.044361
v -0.252660 0.331028 -0.042473
v -0.282469 0.330623 -0.090457
v -0.244953 0.155989 -0.086527
v -0.026758 0.785709 -0.333059
v -0.037990 0.737779 -0.343378
v -0.082558 0.751653 -0.355478
v -0.055353 0.805621 -0.328533
v -0.026758 0.785709 -0.333059
v 0.000000 0.787098 -0.322376
v 0.000000 0.735331 -0.330639
v -0.037990 0.737779 -0.343378
v -0.026758 0.785709 -0.333059
v -0.055353 0.805621 -0.328533
v 0.000000 0.818796 -0.289316
v 0.000000 0.787098 -0.322376
v -0.308367 0.627543 -0.045698
v -0.321459 0.750503 -0.045444
v -0.336925 0.771812 -0.096091
v -0.334533 0.639402 -0.100050
v -0.308367 0.627543 -0.045698
v -0.287994 0.621331 0.000682
v -0.305565 0.741874 0.000178
v -0.321459 0.750503 -0.045444
v -0.037571 0.148224 -0.206851
v -0.076853 0.138584 -0.222311
v -0.092129 0.331477 -0.293844
v -0.044814 0.331353 -0.263559
v -0.143848 0.333115 -0.299698
v -0.092129 0.331477 -0.293844
v -0.076853 0.138584 -0.222311
v -0.119558 0.126049 -0.225321
v -0.217584 0.163524 -0.044361
v -0.204715 0.121023 -0.046433
v -0.184920 0.122636 0.000000
v -0.197289 0.164846 0.000000
v -0.217584 0.163524 -0.044361
v -0.244953 0.155989 -0.086527
v -0.227028 0.121470 -0.078167
v -0.204715 0.121023 -0.046433
v -0.037571 0.148224 -0.206851
v -0.031024 0.103254 -0.172312
v -0.062978 0.087461 -0.174255
v -0.076853 0.138584 -0.222311
v -0.037571 0.148224 -0.206851
v 0.000000 0.152297 -0.196009
v 0.000000 0.107989 -0.163079
v -0.031024 0.103254 -0.172312
v -0.074120 0.038328 -0.093574
v -0.102201 0.065866 -0.173298
v -0.062978 0.087461 -0.174255
v -0.040161 0.061887 -0.100972
v -0.149998 0.020470 -0.078311
v -0.074120 0.038328 -0.093574
v -0.057399 0.032858 0.000000
v -0.132891 0.017702 0.000000
v -0.193935 0.075703 -0.054006
v -0.225496 0.090808 -0.098584
v -0.179300 0.046599 -0.145638
v -0.149998 0.020470 -0.078311
v -0.074120 0.038328 -0.093574
v -0.040161 0.061887 -0.100972
v 0.000000 0.054431 0.000000
v -0.057399 0.032858 0.000000
v -0.193935 0.075703 -0.054006
v -0.149998 0.020470 -0.078311
v -0.132891 0.017702 0.000000
v -0.175361 0.076339 0.000000
v -0.193935 0.075703 -0.054006
v -0.204715 0.121023 -0.046433
v -0.227028 0.121470 -0.078167
v -0.225496 0.090808 -0.098584
v -0.193935 0.075703 -0.054006
v -0.175361 0.076339 0.000000
v -0.184920 0.122636 0.000000
v -0.204715 0.121023 -0.046433
v -0.021631 0.079168 -0.120600
v -0.040161 0.061887 -0.100972
v -0.062978 0.087461 -0.174255
v -0.031024 0.103254 -0.172312
v -0.021631 0.079168 -0.120600
v 0.000000 0.079390 -0.103321
v 0.000000 0.054431 0.000000
v -0.040161 0.061887 -0.100972
v -0.021631 0.079168 -0.120600
v -0.031024 0.103254 -0.172312
v 0.000000 0.107989 -0.163079
v 0.000000 0.079390 -0.103321
v -0.103955 0.836117 -0.040753
v -0.073572 0.861938 -0.030627
v -0.064550 0.866377 -0.066794
v -0.085625 0.845412 -0.093301
v -0.058495 0.846640 -0.211286
v -0.148405 0.887778 -0.161303
v -0.113602 0.852808 -0.126071
v -0.045850 0.829761 -0.161128
v -0.085625 0.845412 -0.093301
v -0.064550 0.866377 -0.066794
v -0.030829 0.864386 -0.076538
v -0.036733 0.834863 -0.113935
v -0.103955 0.836117 -0.040753
v -0.085625 0.845412 -0.093301
v -0.113602 0.852808 -0.126071
v -0.144576 0.834501 -0.052868
v -0.103955 0.836117 -0.040753
v -0.144576 0.834501 -0.052868
v -0.149319 0.824955 0.000000
v -0.106822 0.831334 0.000000
v -0.103955 0.836117 -0.040753
v -0.106822 0.831334 0.000000
v -0.075026 0.859761 0.000000
v -0.073572 0.861938 -0.030627
v -0.192438 0.856930 -0.066101
v -0.244031 0.874541 -0.088890
v -0.263515 0.841328 0.000000
v -0.198917 0.839975 0.000000
v -0.237460 0.335321 -0.255808
v -0.143848 0.333115 -0.299698
v -0.119558 0.126049 -0.225321
v -0.198784 0.114201 -0.190997
v -0.148405 0.887778 -0.161303
v -0.188953 0.912036 -0.202129
v -0.244031 0.874541 -0.088890
v -0.192438 0.856930 -0.066101
v -0.192438 0.856930 -0.066101
v -0.198917 0.839975 0.000000
v -0.149319 0.824955 0.000000
v -0.144576 0.834501 -0.052868
v -0.058495 0.846640 -0.211286
v -0.079688 0.859413 -0.263095
v -0.188953 0.912036 -0.202129
v -0.148405 0.887778 -0.161303
v -0.058495 0.846640 -0.211286
v 0.000000 0.826624 -0.221787
v 0.000000 0.818796 -0.289316
v -0.079688 0.859413 -0.263095
v -0.058495 0.846640 -0.211286
v -0.045850 0.829761 -0.161128
v 0.000000 0.818668 -0.168655
v 0.000000 0.826624 -0.221787
v 0.198784 0.114208 0.190997
v 0.119558 0.126071 0.225321
v 0.102201 0.065873 0.173298
v 0.179300 0.046597 0.145638
v 0.007866 1.123405 0.015699
v 0.019531 1.116255 0.023090
v 0.022522 1.117256 0.012686
v 0.007866 1.123405 0.015699
v 0.011355 1.109745 0.025949
v 0.019531 1.116255 0.023090
v 0.007866 1.123405 -0.015699
v 0.019531 1.116255 -0.023090
v 0.011355 1.109745 -0.025949
v 0.007866 1.123405 -0.015699
v 0.022522 1.117256 -0.012686
v 0.019531 1.116255 -0.023090
v -0.016897 1.104329 0.015699
v -0.017744 1.091169 0.023090
v -0.008680 1.095927 0.025949
v -0.016897 1.104329 0.015699
v -0.020008 1.088735 0.012686
v -0.017744 1.091169 0.023090
v -0.016897 1.104329 -0.015699
v -0.017744 1.091169 -0.023090
v -0.020008 1.088735 -0.012686
v -0.016897 1.104329 -0.015699
v -0.008680 1.095927 -0.025949
v -0.017744 1.091169 -0.023090
v 0.016292 0.912848 0.056110
v 0.025341 0.865761 0.076558
v 0.059483 0.870148 0.066831
v 0.041412 0.920125 0.050222
v 0.016292 0.912848 0.056110
v 0.041412 0.920125 0.050222
v 0.041411 0.951794 0.040429
v 0.021591 0.945277 0.046058
v 0.047775 0.919748 0.023419
v 0.041412 0.920125 0.050222
v 0.059483 0.870148 0.066831
v 0.068838 0.866520 0.030648
v 0.009942 0.972323 0.039948
v 0.021063 1.017485 0.035876
v 0.005236 1.015009 0.031220
v -0.007259 0.970363 0.034762
v -0.012476 0.967717 0.015891
v -0.007259 0.970363 0.034762
v 0.005236 1.015009 0.031220
v 0.000657 1.012396 0.014271
v -0.007259 0.970363 -0.034763
v 0.005236 1.015009 -0.031220
v 0.021063 1.017485 -0.035877
v 0.009942 0.972323 -0.039948
v -0.012476 0.967717 0.015891
v -0.035712 0.932753 0.018597
v -0.030472 0.935768 0.040429
v -0.007259 0.970363 0.034762
v 0.047775 0.919748 0.023419
v 0.068838 0.866520 0.030648
v 0.070625 0.864502 0.000000
v 0.049077 0.918958 0.000000
v 0.047775 0.919748 0.023419
v 0.049077 0.918958 0.000000
v 0.051129 0.952737 0.000000
v 0.048751 0.952958 0.018597
v 0.016292 0.912848 0.056110
v -0.004674 0.908165 0.057361
v -0.002708 0.863059 0.078631
v 0.025341 0.865761 0.076558
v 0.016292 0.912848 0.056110
v 0.021591 0.945277 0.046058
v 0.004666 0.941136 0.047255
v -0.004674 0.908165 0.057361
v 0.038095 0.978026 -0.039948
v 0.046130 1.024121 -0.035877
v 0.061520 1.029909 -0.031220
v 0.055358 0.983727 -0.034763
v 0.041411 0.951794 -0.040429
v 0.021591 0.945277 -0.046058
v 0.016291 0.912848 -0.056110
v 0.041412 0.920125 -0.050223
v 0.059483 0.870148 -0.066831
v 0.025341 0.865761 -0.076558
v 0.047775 0.919748 -0.023419
v 0.068838 0.866520 -0.030649
v 0.059483 0.870148 -0.066831
v 0.041412 0.920125 -0.050223
v 0.016291 0.912848 -0.056110
v 0.021591 0.945277 -0.046058
v 0.041411 0.951794 -0.040429
v 0.041412 0.920125 -0.050223
v 0.009942 0.972323 0.039948
v -0.011411 0.938289 0.046058
v 0.004666 0.941136 0.047255
v 0.023870 0.974597 0.041050
v 0.009942 0.972323 0.039948
v 0.023870 0.974597 0.041050
v 0.033686 1.020126 0.036867
v 0.021063 1.017485 0.035876
v 0.047775 0.919748 -0.023419
v 0.049077 0.918958 0.000000
v 0.070625 0.864502 0.000000
v 0.068838 0.866520 -0.030649
v 0.047775 0.919748 -0.023419
v 0.048751 0.952958 -0.018597
v 0.051129 0.952737 0.000000
v 0.049077 0.918958 0.000000
v 0.016291 0.912848 -0.056110
v -0.004674 0.908165 -0.057361
v 0.004666 0.941136 -0.047256
v 0.021591 0.945277 -0.046058
v 0.016291 0.912848 -0.056110
v 0.025341 0.865761 -0.076558
v -0.002708 0.863059 -0.078632
v -0.004674 0.908165 -0.057361
v 0.061328 0.984408 0.015891
v 0.066455 1.029814 0.014271
v 0.061520 1.029909 0.031220
v 0.055358 0.983727 0.034762
v -0.025545 0.905309 0.056106
v -0.049479 0.902938 0.050202
v -0.064550 0.866377 0.066794
v -0.030829 0.864387 0.076538
v -0.054987 0.899681 0.023403
v -0.073572 0.861938 0.030626
v -0.064550 0.866377 0.066794
v -0.049479 0.902938 0.050202
v -0.025545 0.905309 0.056106
v -0.011411 0.938289 0.046058
v -0.030472 0.935768 0.040429
v -0.049479 0.902938 0.050202
v 0.061328 0.984408 -0.015891
v 0.048751 0.952958 -0.018597
v 0.041411 0.951794 -0.040429
v 0.055358 0.983727 -0.034763
v 0.061328 0.984408 -0.015891
v 0.055358 0.983727 -0.034763
v 0.061520 1.029909 -0.031220
v 0.066455 1.029814 -0.014272
v 0.047775 0.919748 0.023419
v 0.048751 0.952958 0.018597
v 0.041411 0.951794 0.040429
v 0.041412 0.920125 0.050222
v -0.054987 0.899681 0.023403
v -0.075026 0.859761 0.000000
v -0.073572 0.861938 0.030626
v -0.055968 0.898332 0.000000
v -0.054987 0.899681 -0.023403
v -0.073572 0.861938 -0.030627
v -0.054987 0.899681 0.023403
v -0.035712 0.932753 0.018597
v -0.036634 0.931539 0.000000
v -0.055968 0.898332 0.000000
v -0.054987 0.899681 -0.023403
v -0.035712 0.932753 -0.018597
v -0.025545 0.905309 0.056106
v -0.004674 0.908165 0.057361
v 0.004666 0.941136 0.047255
v -0.011411 0.938289 0.046058
v -0.025545 0.905309 0.056106
v -0.030829 0.864387 0.076538
v -0.002708 0.863059 0.078631
v -0.004674 0.908165 0.057361
v 0.038095 0.978026 0.039948
v 0.021591 0.945277 0.046058
v 0.041411 0.951794 0.040429
v 0.055358 0.983727 0.034762
v 0.061520 1.029909 0.031220
v 0.046130 1.024121 0.035876
v 0.042397 1.082016 -0.027797
v 0.019531 1.116255 -0.023090
v 0.022522 1.117256 -0.012686
v 0.046785 1.082770 -0.012707
v -0.025545 0.905309 -0.056106
v -0.030829 0.864386 -0.076538
v -0.064550 0.866377 -0.066794
v -0.049479 0.902938 -0.050202
v -0.025545 0.905309 -0.056106
v -0.049479 0.902938 -0.050202
v -0.030472 0.935768 -0.040429
v -0.011411 0.938289 -0.046058
v -0.054987 0.899681 -0.023403
v -0.049479 0.902938 -0.050202
v -0.064550 0.866377 -0.066794
v -0.073572 0.861938 -0.030627
v 0.047775 0.919748 -0.023419
v 0.041412 0.920125 -0.050223
v 0.041411 0.951794 -0.040429
v 0.048751 0.952958 -0.018597
v -0.054987 0.899681 0.023403
v -0.049479 0.902938 0.050202
v -0.030472 0.935768 0.040429
v -0.035712 0.932753 0.018597
v 0.061328 0.984408 0.015891
v 0.055358 0.983727 0.034762
v 0.041411 0.951794 0.040429
v 0.048751 0.952958 0.018597
v -0.025545 0.905309 -0.056106
v -0.004674 0.908165 -0.057361
v -0.002708 0.863059 -0.078632
v -0.030829 0.864386 -0.076538
v -0.025545 0.905309 -0.056106
v -0.011411 0.938289 -0.046058
v 0.004666 0.941136 -0.047256
v -0.004674 0.908165 -0.057361
v -0.054987 0.899681 -0.023403
v -0.035712 0.932753 -0.018597
v -0.030472 0.935768 -0.040429
v -0.049479 0.902938 -0.050202
v 0.046785 1.082770 0.012707
v 0.022522 1.117256 0.012686
v 0.019531 1.116255 0.023090
v 0.042397 1.082016 0.027796
v -0.008908 1.056830 0.012707
v -0.009400 1.055813 0.000000
v -0.000074 1.011345 0.000000
v 0.000657 1.012396 0.014271
v -0.008908 1.056830 0.012707
v -0.020008 1.088735 0.012686
v -0.020114 1.087955 0.000000
v -0.009400 1.055813 0.000000
v -0.005243 1.059827 0.027796
v -0.008908 1.056830 0.012707
v 0.000657 1.012396 0.014271
v 0.005236 1.015009 0.031220
v -0.005243 1.059827 0.027796
v -0.017744 1.091169 0.023090
v -0.020008 1.088735 0.012686
v -0.008908 1.056830 0.012707
v 0.008410 1.064609 -0.031943
v -0.017744 1.091169 -0.023090
v -0.008680 1.095927 -0.025949
v -0.005243 1.059827 -0.027797
v 0.005236 1.015009 -0.031220
v 0.021063 1.017485 -0.035877
v -0.008908 1.056830 -0.012707
v -0.020008 1.088735 -0.012686
v -0.017744 1.091169 -0.023090
v -0.005243 1.059827 -0.027797
v -0.008908 1.056830 -0.012707
v -0.005243 1.059827 -0.027797
v 0.005236 1.015009 -0.031220
v 0.000657 1.012396 -0.014272
v 0.042397 1.082016 0.027796
v 0.019531 1.116255 0.023090
v 0.011355 1.109745 0.025949
v 0.029627 1.074492 0.031943
v 0.046785 1.082770 -0.012707
v 0.047717 1.082416 0.000000
v 0.067406 1.029209 0.000000
v 0.066455 1.029814 -0.014272
v 0.046785 1.082770 -0.012707
v 0.022522 1.117256 -0.012686
v 0.023194 1.116967 0.000000
v 0.047717 1.082416 0.000000
v 0.042397 1.082016 -0.027797
v 0.046785 1.082770 -0.012707
v 0.066455 1.029814 -0.014272
v 0.061520 1.029909 -0.031220
v 0.009942 0.972323 0.039948
v -0.007259 0.970363 0.034762
v -0.030472 0.935768 0.040429
v -0.011411 0.938289 0.046058
v 0.029627 1.074492 0.031943
v 0.019199 1.068990 0.032824
v 0.033686 1.020126 0.036867
v 0.046130 1.024121 0.035876
v 0.038095 0.978026 0.039948
v 0.023870 0.974597 0.041050
v 0.029627 1.074492 0.031943
v 0.011355 1.109745 0.025949
v 0.001580 1.102381 0.026446
v 0.019199 1.068990 0.032824
v 0.042397 1.082016 0.027796
v 0.029627 1.074492 0.031943
v 0.046130 1.024121 0.035876
v 0.061520 1.029909 0.031220
v 0.061328 0.984408 0.015891
v 0.048751 0.952958 0.018597
v 0.051129 0.952737 0.000000
v 0.062351 0.983735 0.000000
v 0.061328 0.984408 0.015891
v 0.062351 0.983735 0.000000
v 0.067406 1.029209 0.000000
v 0.066455 1.029814 0.014271
v 0.061328 0.984408 -0.015891
v 0.062351 0.983735 0.000000
v 0.051129 0.952737 0.000000
v 0.048751 0.952958 -0.018597
v 0.061328 0.984408 -0.015891
v 0.066455 1.029814 -0.014272
v 0.067406 1.029209 0.000000
v 0.062351 0.983735 0.000000
v -0.012476 0.967717 -0.015891
v 0.000657 1.012396 -0.014272
v 0.005236 1.015009 -0.031220
v -0.007259 0.970363 -0.034763
v 0.009942 0.972323 -0.039948
v 0.023870 0.974597 -0.041050
v 0.004666 0.941136 -0.047256
v -0.011411 0.938289 -0.046058
v 0.009942 0.972323 -0.039948
v 0.021063 1.017485 -0.035877
v 0.033686 1.020126 -0.036867
v 0.023870 0.974597 -0.041050
v -0.007259 0.970363 -0.034763
v 0.009942 0.972323 -0.039948
v -0.011411 0.938289 -0.046058
v -0.030472 0.935768 -0.040429
v -0.012476 0.967717 0.015891
v -0.036634 0.931539 0.000000
v -0.035712 0.932753 0.018597
v -0.013360 0.966599 0.000000
v -0.012476 0.967717 -0.015891
v -0.035712 0.932753 -0.018597
v -0.012476 0.967717 0.015891
v 0.000657 1.012396 0.014271
v -0.000074 1.011345 0.000000
v -0.013360 0.966599 0.000000
v -0.012476 0.967717 -0.015891
v -0.007259 0.970363 -0.034763
v -0.030472 0.935768 -0.040429
v -0.035712 0.932753 -0.018597
v 0.038095 0.978026 0.039948
v 0.023870 0.974597 0.041050
v 0.004666 0.941136 0.047255
v 0.021591 0.945277 0.046058
v 0.038095 0.978026 -0.039948
v 0.021591 0.945277 -0.046058
v 0.004666 0.941136 -0.047256
v 0.023870 0.974597 -0.041050
v 0.038095 0.978026 -0.039948
v 0.023870 0.974597 -0.041050
v 0.033686 1.020126 -0.036867
v 0.046130 1.024121 -0.035877
v 0.029627 1.074492 -0.031943
v 0.019199 1.068990 -0.032824
v -0.012476 0.967717 -0.015891
v -0.013360 0.966599 0.000000
v -0.000074 1.011345 0.000000
v 0.000657 1.012396 -0.014272
v 0.007866 1.123405 0.015699
v -0.004273 1.113479 0.015256
v 0.001580 1.102381 0.026446
v 0.011355 1.109745 0.025949
v 0.007866 1.123405 0.015699
v 0.022522 1.117256 0.012686
v 0.023194 1.116967 0.000000
v 0.007809 1.122786 0.000000
v 0.007866 1.123405 -0.015699
v 0.022522 1.117256 -0.012686
v 0.007866 1.123405 -0.015699
v 0.011355 1.109745 -0.025949
v 0.001580 1.102381 -0.026446
v -0.004273 1.113479 -0.015256
v -0.016897 1.104329 0.015699
v -0.008680 1.095927 0.025949
v 0.001580 1.102381 0.026446
v -0.004273 1.113479 0.015256
v -0.016897 1.104329 0.015699
v -0.020114 1.087955 0.000000
v -0.020008 1.088735 0.012686
v -0.016354 1.104173 0.000000
v -0.016897 1.104329 -0.015699
v -0.020008 1.088735 -0.012686
v -0.016897 1.104329 -0.015699
v -0.004273 1.113479 -0.015256
v 0.001580 1.102381 -0.026446
v -0.008680 1.095927 -0.025949
v 0.042397 1.082016 -0.027797
v 0.061520 1.029909 -0.031220
v 0.046130 1.024121 -0.035877
v 0.029627 1.074492 -0.031943
v 0.046785 1.082770 0.012707
v 0.042397 1.082016 0.027796
v 0.061520 1.029909 0.031220
v 0.066455 1.029814 0.014271
v -0.008908 1.056830 -0.012707
v 0.000657 1.012396 -0.014272
v -0.000074 1.011345 0.000000
v -0.009400 1.055813 0.000000
v -0.008908 1.056830 -0.012707
v -0.009400 1.055813 0.000000
v -0.020114 1.087955 0.000000
v -0.020008 1.088735 -0.012686
v 0.042397 1.082016 -0.027797
v 0.029627 1.074492 -0.031943
v 0.011355 1.109745 -0.025949
v 0.019531 1.116255 -0.023090
v -0.005243 1.059827 0.027796
v 0.005236 1.015009 0.031220
v 0.021063 1.017485 0.035876
v 0.008410 1.064609 0.031943
v -0.008680 1.095927 0.025949
v -0.017744 1.091169 0.023090
v 0.029627 1.074492 -0.031943
v 0.019199 1.068990 -0.032824
v 0.001580 1.102381 -0.026446
v 0.011355 1.109745 -0.025949
v 0.046785 1.082770 0.012707
v 0.066455 1.029814 0.014271
v 0.067406 1.029209 0.000000
v 0.047717 1.082416 0.000000
v 0.046785 1.082770 0.012707
v 0.047717 1.082416 0.000000
v 0.023194 1.116967 0.000000
v 0.022522 1.117256 0.012686
v 0.008410 1.064609 0.031943
v 0.021063 1.017485 0.035876
v 0.033686 1.020126 0.036867
v 0.019199 1.068990 0.032824
v 0.008410 1.064609 0.031943
v 0.019199 1.068990 0.032824
v 0.001580 1.102381 0.026446
v -0.008680 1.095927 0.025949
v 0.008410 1.064609 -0.031943
v 0.019199 1.068990 -0.032824
v 0.033686 1.020126 -0.036867
v 0.021063 1.017485 -0.035877
v 0.008410 1.064609 -0.031943
v -0.008680 1.095927 -0.025949
v 0.001580 1.102381 -0.026446
v 0.019199 1.068990 -0.032824
v -0.016897 1.104329 -0.015699
v -0.016354 1.104173 0.000000
v -0.004151 1.113285 0.000000
v -0.004273 1.113479 -0.015256
v -0.016897 1.104329 0.015699
v -0.004151 1.113285 0.000000
v 0.007866 1.123405 -0.015699
v -0.004273 1.113479 0.015256
v 0.007809 1.122786 0.000000
v 0.007866 1.123405 0.015699
vn -0.139919 0.880155 0.453597
vn -0.139919 0.880155 0.453597
vn -0.139919 0.880155 0.453597
vn -0.139919 0.880155 0.453597
vn 0.510828 0.824665 -0.242863
vn 0.510828 0.824665 -0.242863
vn 0.510828 0.824665 -0.242863
vn 0.510828 0.824665 -0.242863
vn 0.893329 0.445210 -0.061253
vn 0.893329 0.445210 -0.061253
vn 0.893329 0.445210 -0.061253
vn 0.893329 0.445210 -0.061253
vn 0.405845 0.911801 -0.062524
vn 0.405845 0.911801 -0.062524
vn 0.405845 0.911801 -0.062524
vn 0.405845 0.911801 -0.062524
vn 0.858736 -0.259082 0.442096
vn 0.858736 -0.259082 0.442096
vn 0.858736 -0.259082 0.442096
vn 0.858736 -0.259082 0.442096
vn 0.795183 -0.491994 0.354438
vn 0.795183 -0.491994 0.354438
vn 0.795183 -0.491994 0.354438
vn 0.795183 -0.491994 0.354438
vn -0.269116 -0.601039 0.752548
vn -0.269116 -0.601039 0.752548
vn -0.269116 -0.601039 0.752548
vn -0.269116 -0.601039 0.752548
vn 0.175643 -0.628201 -0.757966
vn 0.175643 -0.628201 -0.757966
vn 0.175643 -0.628201 -0.757966
vn 0.175643 -0.628201 -0.757966
vn -0.167067 0.970183 0.175597
vn -0.167067 0.970183 0.175597
vn -0.167067 0.970183 0.175597
vn -0.167067 0.970183 0.175597
vn -0.028107 0.764112 0.644471
vn -0.028107 0.764112 0.644471
vn -0.028107 0.764112 0.644471
vn -0.028107 0.764112 0.644471
vn 0.015668 0.773862 0.633161
vn 0.015668 0.773862 0.633161
vn -0.236476 0.968138 0.082387
vn -0.236476 0.968138 0.082387
vn -0.236476 0.968138 0.082387
vn -0.236476 0.968138 0.082387
vn 0.792726 0.537412 0.287705
vn 0.792726 0.537412 0.287705
vn 0.792726 0.537412 0.287705
vn 0.792726 0.537412 0.287705
vn -0.350618 0.845488 -0.402761
vn -0.350618 0.845488 -0.402761
vn -0.350618 0.845488 -0.402761
vn -0.350618 0.845488 -0.402761
vn 0.903068 0.044101 0.427229
vn 0.903068 0.044101 0.427229
vn 0.903068 0.044101 0.427229
vn 0.903068 0.044101 0.427229
vn 0.010716 0.004533 0.999932
vn 0.010716 0.004533 0.999932
vn 0.010716 0.004533 0.999932
vn 0.010716 0.004533 0.999932
vn 0.434947 -0.173946 0.883495
vn 0.434947 -0.173946 0.883495
vn 0.434947 -0.173946 0.883495
vn 0.434947 -0.173946 0.883495
vn -0.360615 -0.248862 -0.898902
vn -0.360615 -0.248862 -0.898902
vn -0.360615 -0.248862 -0.898902
vn -0.360615 -0.248862 -0.898902
vn -0.116100 -0.917585 0.380208
vn -0.116100 -0.917585 0.380208
vn -0.116100 -0.917585 0.380208
vn -0.116100 -0.917585 0.380208
vn 0.892392 -0.162347 0.421046
vn 0.892392 -0.162347 0.421046
vn 0.892392 -0.162347 0.421046
vn 0.892392 -0.162347 0.421046
vn -0.048383 -0.185905 0.981376
vn -0.048383 -0.185905 0.981376
vn -0.048383 -0.185905 0.981376
vn -0.048383 -0.185905 0.981376
vn 0.987130 -0.159596 0.010219
vn 0.987130 -0.159596 0.010219
vn 0.987130 -0.159596 0.010219
vn 0.987130 -0.159596 0.010219
vn 0.998932 0.001392 0.046177
vn 0.998932 0.001392 0.046177
vn 0.998932 0.001392 0.046177
vn 0.998932 0.001392 0.046177
vn -0.281588 0.789968 0.544664
vn -0.281588 0.789968 0.544664
vn -0.281588 0.789968 0.544664
vn -0.281588 0.789968 0.544664
vn 0.228591 0.537478 0.811704
vn 0.228591 0.537478 0.811704
vn 0.228591 0.537478 0.811704
vn 0.228591 0.537478 0.811704
vn 0.422029 0.063338 0.904367
vn 0.422029 0.063338 0.904367
vn 0.422029 0.063338 0.904367
vn 0.422029 0.063338 0.904367
vn -0.086468 0.430438 0.898469
vn -0.086468 0.430438 0.898469
vn -0.086468 0.430438 0.898469
vn -0.086468 0.430438 0.898469
vn -0.460648 -0.183052 0.868502
vn -0.460648 -0.183052 0.868502
vn -0.460648 -0.183052 0.868502
vn -0.460648 -0.183052 0.868502
vn -0.327923 -0.151938 0.932406
vn -0.327923 -0.151938 0.932406
vn -0.327923 -0.151938 0.932406
vn -0.327923 -0.151938 0.932406
vn -0.332375 -0.099095 0.937927
vn -0.332375 -0.099095 0.937927
vn -0.332375 -0.099095 0.937927
vn -0.332375 -0.099095 0.937927
vn 0.736856 0.573614 -0.357786
vn 0.736856 0.573614 -0.357786
vn 0.736856 0.573614 -0.357786
vn 0.736856 0.573614 -0.357786
vn 0.922800 0.144247 -0.357258
vn 0.922800 0.144247 -0.357258
vn 0.922800 0.144247 -0.357258
vn 0.922800 0.144247 -0.357258
vn 0.925815 0.246418 -0.286608
vn 0.925815 0.246418 -0.286608
vn 0.925815 0.246418 -0.286608
vn 0.925815 0.246418 -0.286608
vn 0.977878 -0.199552 -0.062718
vn 0.977878 -0.199552 -0.062718
vn 0.977878 -0.199552 -0.062718
vn 0.977878 -0.199552 -0.062718
vn 0.883810 -0.182462 -0.430799
vn 0.883810 -0.182462 -0.430799
vn 0.883810 -0.182462 -0.430799
vn 0.883810 -0.182462 -0.430799
vn 0.895955 -0.170863 -0.409963
vn 0.895955 -0.170863 -0.409963
vn 0.876168 -0.146083 -0.459336
vn 0.876168 -0.146083 -0.459336
vn 0.876168 -0.146083 -0.459336
vn 0.913240 -0.319394 -0.252944
vn 0.913240 -0.319394 -0.252944
vn 0.913240 -0.319394 -0.252944
vn 0.913240 -0.319394 -0.252944
vn -0.372760 -0.208979 0.904090
vn -0.372760 -0.208979 0.904090
vn -0.372760 -0.208979 0.904090
vn -0.372760 -0.208979 0.904090
vn -0.351308 -0.246201 0.903310
vn -0.351308 -0.246201 0.903310
vn 0.826828 -0.168662 -0.536572
vn 0.826828 -0.168662 -0.536572
vn 0.826828 -0.168662 -0.536572
vn 0.826828 -0.168662 -0.536572
vn -0.212706 0.255016 0.943251
vn -0.212706 0.255016 0.943251
vn -0.212706 0.255016 0.943251
vn -0.212706 0.255016 0.943251
vn -0.334949 0.131045 0.933079
vn -0.334949 0.131045 0.933079
vn -0.334949 0.131045 0.933079
vn -0.334949 0.131045 0.933079
vn -0.298548 0.664387 0.685171
vn -0.298548 0.664387 0.685171
vn -0.298548 0.664387 0.685171
vn -0.298548 0.664387 0.685171
vn 0.934738 -0.063846 -0.349556
vn 0.934738 -0.063846 -0.349556
vn 0.934738 -0.063846 -0.349556
vn 0.934738 -0.063846 -0.349556
vn 0.931209 -0.117456 -0.345041
vn 0.931209 -0.117456 -0.345041
vn 0.931209 -0.117456 -0.345041
vn 0.931209 -0.117456 -0.345041
vn -0.467750 -0.252527 0.847018
vn -0.467750 -0.252527 0.847018
vn -0.467750 -0.252527 0.847018
vn -0.467750 -0.252527 0.847018
vn -0.130602 -0.322936 0.937366
vn -0.130602 -0.322936 0.937366
vn -0.130602 -0.322936 0.937366
vn -0.130602 -0.322936 0.937366
vn 0.877285 -0.271062 -0.396103
vn 0.877285 -0.271062 -0.396103
vn 0.877285 -0.271062 -0.396103
vn 0.877285 -0.271062 -0.396103
vn 0.787056 -0.269373 -0.554960
vn 0.787056 -0.269373 -0.554960
vn 0.787056 -0.269373 -0.554960
vn 0.787056 -0.269373 -0.554960
vn -0.379115 -0.555511 0.740054
vn -0.379115 -0.555511 0.740054
vn -0.379115 -0.555511 0.740054
vn -0.379115 -0.555511 0.740054
vn -0.298023 -0.561507 0.771941
vn -0.298023 -0.561507 0.771941
vn -0.298023 -0.561507 0.771941
vn -0.298023 -0.561507 0.771941
vn -0.440764 -0.792403 0.421692
vn -0.440764 -0.792403 0.421692
vn -0.440764 -0.792403 0.421692
vn -0.440764 -0.792403 0.421692
vn -0.203960 -0.975112 0.086926
vn -0.203960 -0.975112 0.086926
vn -0.203960 -0.975112 0.086926
vn -0.203960 -0.975112 0.086926
vn 0.693503 -0.711197 -0.115117
vn 0.693503 -0.711197 -0.115117
vn 0.693503 -0.711197 -0.115117
vn 0.693503 -0.711197 -0.115117
vn -0.423532 -0.887236 0.182847
vn -0.423532 -0.887236 0.182847
vn -0.423532 -0.887236 0.182847
vn -0.423532 -0.887236 0.182847
vn 0.760784 -0.618966 -0.195164
vn 0.760784 -0.618966 -0.195164
vn 0.760784 -0.618966 -0.195164
vn 0.760784 -0.618966 -0.195164
vn 0.804266 -0.315772 -0.503434
vn 0.804266 -0.315772 -0.503434
vn 0.804266 -0.315772 -0.503434
vn 0.804266 -0.315772 -0.503434
vn 0.907280 -0.230488 -0.351736
vn 0.907280 -0.230488 -0.351736
vn 0.907280 -0.230488 -0.351736
vn 0.907280 -0.230488 -0.351736
vn -0.387224 -0.818257 0.424869
vn -0.387224 -0.818257 0.424869
vn -0.387224 -0.818257 0.424869
vn -0.387224 -0.818257 0.424869
vn -0.374464 -0.892810 0.250335
vn -0.374464 -0.892810 0.250335
vn -0.374464 -0.892810 0.250335
vn -0.374464 -0.892810 0.250335
vn -0.296093 -0.853685 0.428428
vn -0.296093 -0.853685 0.428428
vn -0.296093 -0.853685 0.428428
vn -0.296093 -0.853685 0.428428
vn 0.655495 0.748603 0.099596
vn 0.655495 0.748603 0.099596
vn 0.655495 0.748603 0.099596
vn 0.655495 0.748603 0.099596
vn -0.476680 0.843735 -0.246754
vn -0.476680 0.843735 -0.246754
vn -0.476680 0.843735 -0.246754
vn -0.476680 0.843735 -0.246754
vn 0.095179 0.771455 0.629125
vn 0.095179 0.771455 0.629125
vn 0.095179 0.771455 0.629125
vn 0.095179 0.771455 0.629125
vn 0.035768 0.979305 -0.199206
vn 0.035768 0.979305 -0.199206
vn 0.035768 0.979305 -0.199206
vn 0.035768 0.979305 -0.199206
vn 0.104964 0.984710 -0.139028
vn 0.104964 0.984710 -0.139028
vn 0.104964 0.984710 -0.139028
vn 0.104964 0.984710 -0.139028
vn 0.680435 0.732554 -0.019285
vn 0.680435 0.732554 -0.019285
vn 0.680435 0.732554 -0.019285
vn 0.680435 0.732554 -0.019285
vn 0.680434 0.732555 0.019285
vn 0.680434 0.732555 0.019285
vn -0.091207 0.942892 -0.320369
vn -0.091207 0.942892 -0.320369
vn -0.091207 0.942892 -0.320369
vn -0.091207 0.942892 -0.320369
vn 0.370953 -0.335192 0.866049
vn 0.370953 -0.335192 0.866049
vn 0.370953 -0.335192 0.866049
vn 0.370953 -0.335192 0.866049
vn -0.157834 0.913765 -0.374328
vn -0.157834 0.913765 -0.374328
vn -0.157834 0.913765 -0.374328
vn -0.157834 0.913765 -0.374328
vn -0.320899 0.917645 -0.234418
vn -0.320899 0.917645 -0.234418
vn -0.320899 0.917645 -0.234418
vn -0.320899 0.917645 -0.234418
vn -0.450570 0.890970 -0.056206
vn -0.450570 0.890970 -0.056206
vn -0.450570 0.890970 -0.056206
vn -0.450570 0.890970 -0.056206
vn -0.394463 0.918355 0.031993
vn -0.394463 0.918355 0.031993
vn -0.394463 0.918355 0.031993
vn -0.394463 0.918355 0.031993
vn -0.310121 0.932287 -0.186190
vn -0.310121 0.932287 -0.186190
vn -0.310121 0.932287 -0.186190
vn -0.310121 0.932287 -0.186190
vn -0.139918 0.880155 -0.453598
vn -0.139918 0.880155 -0.453598
vn -0.139918 0.880155 -0.453598
vn -0.139918 0.880155 -0.453598
vn 0.405845 0.911801 0.062524
vn 0.405845 0.911801 0.062524
vn 0.405845 0.911801 0.062524
vn 0.405845 0.911801 0.062524
vn 0.898500 0.434946 0.059325
vn 0.898500 0.434946 0.059325
vn 0.898500 0.434946 0.059325
vn 0.898500 0.434946 0.059325
vn 0.510828 0.824665 0.242863
vn 0.510828 0.824665 0.242863
vn 0.510828 0.824665 0.242863
vn 0.510828 0.824665 0.242863
vn 0.864320 -0.253641 -0.434301
vn 0.864320 -0.253641 -0.434301
vn 0.864320 -0.253641 -0.434301
vn 0.864320 -0.253641 -0.434301
vn -0.269250 -0.601044 -0.752497
vn -0.269250 -0.601044 -0.752497
vn -0.269250 -0.601044 -0.752497
vn -0.269250 -0.601044 -0.752497
vn 0.795168 -0.491965 -0.354512
vn 0.795168 -0.491965 -0.354512
vn 0.795168 -0.491965 -0.354512
vn 0.795168 -0.491965 -0.354512
vn -0.175755 -0.628208 0.757935
vn -0.175755 -0.628208 0.757935
vn -0.175755 -0.628208 0.757935
vn -0.175755 -0.628208 0.757935
vn -0.236476 0.968138 -0.082387
vn -0.236476 0.968138 -0.082387
vn -0.236476 0.968138 -0.082387
vn -0.236476 0.968138 -0.082387
vn -0.028107 0.764112 -0.644471
vn -0.028107 0.764112 -0.644471
vn -0.028107 0.764112 -0.644471
vn -0.028107 0.764112 -0.644471
vn 0.015669 0.773861 -0.633161
vn 0.015669 0.773861 -0.633161
vn -0.167067 0.970183 -0.175597
vn -0.167067 0.970183 -0.175597
vn -0.167067 0.970183 -0.175597
vn -0.167067 0.970183 -0.175597
vn 0.794963 0.534393 -0.287156
vn 0.794963 0.534393 -0.287156
vn 0.794963 0.534393 -0.287156
vn 0.794963 0.534393 -0.287156
vn -0.350618 0.845489 0.402761
vn -0.350618 0.845489 0.402761
vn -0.350618 0.845489 0.402761
vn -0.350618 0.845489 0.402761
vn 0.907568 0.037617 -0.418217
vn 0.907568 0.037617 -0.418217
vn 0.907568 0.037617 -0.418217
vn 0.907568 0.037617 -0.418217
vn 0.361830 -0.248422 0.898535
vn 0.361830 -0.248422 0.898535
vn 0.361830 -0.248422 0.898535
vn 0.361830 -0.248422 0.898535
vn 0.438337 -0.174040 -0.881800
vn 0.438337 -0.174040 -0.881800
vn 0.438337 -0.174040 -0.881800
vn 0.438337 -0.174040 -0.881800
vn 0.013860 0.013646 -0.999811
vn 0.013860 0.013646 -0.999811
vn 0.013860 0.013646 -0.999811
vn 0.013860 0.013646 -0.999811
vn -0.115957 -0.917600 -0.380216
vn -0.115957 -0.917600 -0.380216
vn -0.115957 -0.917600 -0.380216
vn -0.115957 -0.917600 -0.380216
vn -0.038674 -0.186741 -0.981648
vn -0.038674 -0.186741 -0.981648
vn -0.038674 -0.186741 -0.981648
vn -0.038674 -0.186741 -0.981648
vn 0.899931 -0.161272 -0.405112
vn 0.899931 -0.161272 -0.405112
vn 0.899931 -0.161272 -0.405112
vn 0.899931 -0.161272 -0.405112
vn 0.987520 -0.157088 0.011329
vn 0.987520 -0.157088 0.011329
vn 0.987520 -0.157088 0.011329
vn 0.987520 -0.157088 0.011329
vn 0.999131 -0.018722 -0.037229
vn 0.999131 -0.018722 -0.037229
vn 0.999131 -0.018722 -0.037229
vn 0.999131 -0.018722 -0.037229
vn -0.281588 0.789968 -0.544664
vn -0.281588 0.789968 -0.544664
vn -0.281588 0.789968 -0.544664
vn -0.281588 0.789968 -0.544664
vn -0.088054 0.435880 -0.895687
vn -0.088054 0.435880 -0.895687
vn -0.088054 0.435880 -0.895687
vn -0.088054 0.435880 -0.895687
vn 0.424401 0.065173 -0.903126
vn 0.424401 0.065173 -0.903126
vn 0.424401 0.065173 -0.903126
vn 0.424401 0.065173 -0.903126
vn 0.228727 0.538833 -0.810767
vn 0.228727 0.538833 -0.810767
vn 0.228727 0.538833 -0.810767
vn 0.228727 0.538833 -0.810767
vn -0.471792 -0.182442 -0.862628
vn -0.471792 -0.182442 -0.862628
vn -0.471792 -0.182442 -0.862628
vn -0.471792 -0.182442 -0.862628
vn -0.343345 -0.088379 -0.935042
vn -0.343345 -0.088379 -0.935042
vn -0.343345 -0.088379 -0.935042
vn -0.343345 -0.088379 -0.935042
vn -0.342710 -0.146032 -0.928022
vn -0.342710 -0.146032 -0.928022
vn -0.342710 -0.146032 -0.928022
vn -0.342710 -0.146032 -0.928022
vn 0.736854 0.573616 0.357788
vn 0.736854 0.573616 0.357788
vn 0.736854 0.573616 0.357788
vn 0.736854 0.573616 0.357788
vn 0.931682 0.235301 0.276770
vn 0.931682 0.235301 0.276770
vn 0.931682 0.235301 0.276770
vn 0.931682 0.235301 0.276770
vn 0.926818 0.138955 0.348855
vn 0.926818 0.138955 0.348855
vn 0.926818 0.138955 0.348855
vn 0.926818 0.138955 0.348855
vn 0.980618 -0.181806 0.073035
vn 0.980618 -0.181806 0.073035
vn 0.980618 -0.181806 0.073035
vn 0.980618 -0.181806 0.073035
vn 0.913260 -0.319387 0.252879
vn 0.913260 -0.319387 0.252879
vn 0.913260 -0.319387 0.252879
vn 0.913260 -0.319387 0.252879
vn 0.895178 -0.176927 0.409087
vn 0.895178 -0.176927 0.409087
vn 0.895178 -0.176927 0.409087
vn 0.895178 -0.176927 0.409087
vn 0.886563 -0.146899 0.438665
vn 0.886563 -0.146899 0.438665
vn 0.886563 -0.146899 0.438665
vn -0.391486 -0.207573 -0.896467
vn -0.391486 -0.207573 -0.896467
vn -0.391486 -0.207573 -0.896467
vn -0.391486 -0.207573 -0.896467
vn 0.915701 -0.174328 0.362079
vn 0.915701 -0.174328 0.362079
vn 0.915701 -0.174328 0.362079
vn 0.915701 -0.174328 0.362079
vn 0.835728 -0.153017 0.527395
vn 0.835728 -0.153017 0.527395
vn 0.835728 -0.153017 0.527395
vn 0.835728 -0.153017 0.527395
vn -0.218117 0.261557 -0.940220
vn -0.218117 0.261557 -0.940220
vn -0.218117 0.261557 -0.940220
vn -0.218117 0.261557 -0.940220
vn -0.298547 0.664387 -0.685171
vn -0.298547 0.664387 -0.685171
vn -0.298547 0.664387 -0.685171
vn -0.298547 0.664387 -0.685171
vn -0.338998 0.135333 -0.931002
vn -0.338998 0.135333 -0.931002
vn -0.338998 0.135333 -0.931002
vn -0.338998 0.135333 -0.931002
vn 0.941035 -0.085098 0.327432
vn 0.941035 -0.085098 0.327432
vn 0.941035 -0.085098 0.327432
vn 0.941035 -0.085098 0.327432
vn 0.942292 -0.127869 0.309412
vn 0.942292 -0.127869 0.309412
vn -0.473250 -0.258836 -0.842044
vn -0.473250 -0.258836 -0.842044
vn -0.473250 -0.258836 -0.842044
vn -0.473250 -0.258836 -0.842044
vn -0.125833 -0.328986 -0.935914
vn -0.125833 -0.328986 -0.935914
vn -0.125833 -0.328986 -0.935914
vn -0.125833 -0.328986 -0.935914
vn 0.787058 -0.269373 0.554958
vn 0.787058 -0.269373 0.554958
vn 0.787058 -0.269373 0.554958
vn 0.787058 -0.269373 0.554958
vn 0.877286 -0.271062 0.396099
vn 0.877286 -0.271062 0.396099
vn 0.877286 -0.271062 0.396099
vn 0.877286 -0.271062 0.396099
vn -0.298028 -0.561508 -0.771938
vn -0.298028 -0.561508 -0.771938
vn -0.298028 -0.561508 -0.771938
vn -0.298028 -0.561508 -0.771938
vn -0.379117 -0.555513 -0.740051
vn -0.379117 -0.555513 -0.740051
vn -0.379117 -0.555513 -0.740051
vn -0.379117 -0.555513 -0.740051
vn -0.440777 -0.792401 -0.421683
vn -0.440777 -0.792401 -0.421683
vn -0.440777 -0.792401 -0.421683
vn -0.440777 -0.792401 -0.421683
vn -0.423537 -0.887242 -0.182806
vn -0.423537 -0.887242 -0.182806
vn -0.423537 -0.887242 -0.182806
vn -0.423537 -0.887242 -0.182806
vn 0.693501 -0.711213 0.115035
vn 0.693501 -0.711213 0.115035
vn 0.693501 -0.711213 0.115035
vn 0.693501 -0.711213 0.115035
vn -0.203931 -0.975121 -0.086897
vn -0.203931 -0.975121 -0.086897
vn -0.203931 -0.975121 -0.086897
vn -0.203931 -0.975121 -0.086897
vn 0.760785 -0.618966 0.195158
vn 0.760785 -0.618966 0.195158
vn 0.760785 -0.618966 0.195158
vn 0.760785 -0.618966 0.195158
vn 0.907281 -0.230488 0.351734
vn 0.907281 -0.230488 0.351734
vn 0.907281 -0.230488 0.351734
vn 0.907281 -0.230488 0.351734
vn 0.804267 -0.315771 0.503431
vn 0.804267 -0.315771 0.503431
vn 0.804267 -0.315771 0.503431
vn 0.804267 -0.315771 0.503431
vn -0.387224 -0.818259 -0.424865
vn -0.387224 -0.818259 -0.424865
vn -0.387224 -0.818259 -0.424865
vn -0.387224 -0.818259 -0.424865
vn -0.296098 -0.853685 -0.428426
vn -0.296098 -0.853685 -0.428426
vn -0.296098 -0.853685 -0.428426
vn -0.296098 -0.853685 -0.428426
vn -0.374468 -0.892818 -0.250300
vn -0.374468 -0.892818 -0.250300
vn -0.374468 -0.892818 -0.250300
vn -0.374468 -0.892818 -0.250300
vn 0.655495 0.748603 -0.099597
vn 0.655495 0.748603 -0.099597
vn 0.655495 0.748603 -0.099597
vn 0.655495 0.748603 -0.099597
vn -0.476680 0.843735 0.246754
vn -0.476680 0.843735 0.246754
vn -0.476680 0.843735 0.246754
vn -0.476680 0.843735 0.246754
vn 0.095179 0.771455 -0.629125
vn 0.095179 0.771455 -0.629125
vn 0.095179 0.771455 -0.629125
vn 0.095179 0.771455 -0.629125
vn 0.035769 0.979305 0.199206
vn 0.035769 0.979305 0.199206
vn 0.035769 0.979305 0.199206
vn 0.035769 0.979305 0.199206
vn 0.104967 0.984710 0.139028
vn 0.104967 0.984710 0.139028
vn 0.104967 0.984710 0.139028
vn 0.104967 0.984710 0.139028
vn -0.091207 0.942892 0.320369
vn -0.091207 0.942892 0.320369
vn -0.091207 0.942892 0.320369
vn -0.091207 0.942892 0.320369
vn -0.320901 0.917644 0.234418
vn -0.320901 0.917644 0.234418
vn -0.320901 0.917644 0.234418
vn -0.320901 0.917644 0.234418
vn -0.157834 0.913766 0.374328
vn -0.157834 0.913766 0.374328
vn -0.157834 0.913766 0.374328
vn -0.157834 0.913766 0.374328
vn 0.372732 -0.336001 -0.864971
vn 0.372732 -0.336001 -0.864971
vn 0.372732 -0.336001 -0.864971
vn 0.372732 -0.336001 -0.864971
vn -0.450569 0.890970 0.056206
vn -0.450569 0.890970 0.056206
vn -0.450569 0.890970 0.056206
vn -0.450569 0.890970 0.056206
vn -0.310121 0.932287 0.186189
vn -0.310121 0.932287 0.186189
vn -0.310121 0.932287 0.186189
vn -0.310121 0.932287 0.186189
vn -0.394463 0.918355 -0.031993
vn -0.394463 0.918355 -0.031993
vn -0.394463 0.918355 -0.031993
vn -0.394463 0.918355 -0.031993
vn 0.139918 0.880155 0.453598
vn 0.139918 0.880155 0.453598
vn 0.139918 0.880155 0.453598
vn 0.139918 0.880155 0.453598
vn -0.405845 0.911801 -0.062524
vn -0.405845 0.911801 -0.062524
vn -0.405845 0.911801 -0.062524
vn -0.405845 0.911801 -0.062524
vn -0.900071 0.431766 -0.058744
vn -0.900071 0.431766 -0.058744
vn -0.900071 0.431766 -0.058744
vn -0.900071 0.431766 -0.058744
vn -0.510828 0.824665 -0.242863
vn -0.510828 0.824665 -0.242863
vn -0.510828 0.824665 -0.242863
vn -0.510828 0.824665 -0.242863
vn -0.864652 -0.253330 0.433821
vn -0.864652 -0.253330 0.433821
vn -0.864652 -0.253330 0.433821
vn -0.864652 -0.253330 0.433821
vn 0.269281 -0.601044 0.752486
vn 0.269281 -0.601044 0.752486
vn 0.269281 -0.601044 0.752486
vn 0.269281 -0.601044 0.752486
vn -0.795164 -0.491930 0.354571
vn -0.795164 -0.491930 0.354571
vn -0.795164 -0.491930 0.354571
vn -0.795164 -0.491930 0.354571
vn -0.175498 -0.628234 -0.757973
vn -0.175498 -0.628234 -0.757973
vn -0.175498 -0.628234 -0.757973
vn -0.175498 -0.628234 -0.757973
vn 0.238972 0.967464 0.083102
vn 0.238972 0.967464 0.083102
vn 0.238972 0.967464 0.083102
vn 0.238972 0.967464 0.083102
vn 0.168804 0.970200 0.173829
vn 0.168804 0.970200 0.173829
vn 0.168804 0.970200 0.173829
vn 0.168804 0.970200 0.173829
vn -0.795663 0.533442 0.286983
vn -0.795663 0.533442 0.286983
vn -0.795663 0.533442 0.286983
vn -0.795663 0.533442 0.286983
vn 0.350718 0.845352 -0.402960
vn 0.350718 0.845352 -0.402960
vn 0.350718 0.845352 -0.402960
vn 0.350718 0.845352 -0.402960
vn -0.908238 0.036589 0.416851
vn -0.908238 0.036589 0.416851
vn -0.908238 0.036589 0.416851
vn -0.908238 0.036589 0.416851
vn 0.360615 -0.248862 -0.898902
vn 0.360615 -0.248862 -0.898902
vn 0.360615 -0.248862 -0.898902
vn 0.360615 -0.248862 -0.898902
vn -0.438337 -0.174039 0.881800
vn -0.438337 -0.174039 0.881800
vn -0.438337 -0.174039 0.881800
vn -0.438337 -0.174039 0.881800
vn -0.013860 0.013646 0.999811
vn -0.013860 0.013646 0.999811
vn -0.013860 0.013646 0.999811
vn -0.013860 0.013646 0.999811
vn 0.115867 -0.917599 0.380246
vn 0.115867 -0.917599 0.380246
vn 0.115867 -0.917599 0.380246
vn 0.115867 -0.917599 0.380246
vn 0.038674 -0.186741 0.981648
vn 0.038674 -0.186741 0.981648
vn 0.038674 -0.186741 0.981648
vn 0.038674 -0.186741 0.981648
vn -0.900647 -0.161163 0.403562
vn -0.900647 -0.161163 0.403562
vn -0.900647 -0.161163 0.403562
vn -0.900647 -0.161163 0.403562
vn -0.987535 -0.156689 -0.014976
vn -0.987535 -0.156689 -0.014976
vn -0.987535 -0.156689 -0.014976
vn -0.987535 -0.156689 -0.014976
vn -0.999114 -0.022545 0.035547
vn -0.999114 -0.022545 0.035547
vn -0.999114 -0.022545 0.035547
vn -0.999114 -0.022545 0.035547
vn 0.281588 0.789968 0.544664
vn 0.281588 0.789968 0.544664
vn 0.281588 0.789968 0.544664
vn 0.281588 0.789968 0.544664
vn 0.088054 0.435880 0.895687
vn 0.088054 0.435880 0.895687
vn 0.088054 0.435880 0.895687
vn 0.088054 0.435880 0.895687
vn -0.424400 0.065173 0.903126
vn -0.424400 0.065173 0.903126
vn -0.424400 0.065173 0.903126
vn -0.424400 0.065173 0.903126
vn -0.228727 0.538833 0.810767
vn -0.228727 0.538833 0.810767
vn -0.228727 0.538833 0.810767
vn -0.228727 0.538833 0.810767
vn 0.471797 -0.182443 0.862625
vn 0.471797 -0.182443 0.862625
vn 0.471797 -0.182443 0.862625
vn 0.471797 -0.182443 0.862625
vn 0.343345 -0.088378 0.935042
vn 0.343345 -0.088378 0.935042
vn 0.343345 -0.088378 0.935042
vn 0.343345 -0.088378 0.935042
vn 0.344759 -0.146476 0.927193
vn 0.344759 -0.146476 0.927193
vn 0.344759 -0.146476 0.927193
vn 0.344759 -0.146476 0.927193
vn -0.736853 0.573615 -0.357789
vn -0.736853 0.573615 -0.357789
vn -0.736853 0.573615 -0.357789
vn -0.736853 0.573615 -0.357789
vn -0.933268 0.232180 -0.274051
vn -0.933268 0.232180 -0.274051
vn -0.933268 0.232180 -0.274051
vn -0.933268 0.232180 -0.274051
vn -0.927624 0.136480 -0.347687
vn -0.927624 0.136480 -0.347687
vn -0.927624 0.136480 -0.347687
vn -0.927624 0.136480 -0.347687
vn -0.981019 -0.178872 -0.074879
vn -0.981019 -0.178872 -0.074879
vn -0.981019 -0.178872 -0.074879
vn -0.981019 -0.178872 -0.074879
vn -0.913285 -0.319377 -0.252804
vn -0.913285 -0.319377 -0.252804
vn -0.913285 -0.319377 -0.252804
vn -0.913285 -0.319377 -0.252804
vn -0.896249 -0.174583 -0.407748
vn -0.896249 -0.174583 -0.407748
vn -0.896249 -0.174583 -0.407748
vn -0.896249 -0.174583 -0.407748
vn -0.888684 -0.147077 -0.434292
vn -0.888684 -0.147077 -0.434292
vn -0.888684 -0.147077 -0.434292
vn 0.393702 -0.207340 0.895550
vn 0.393702 -0.207340 0.895550
vn 0.393702 -0.207340 0.895550
vn 0.393702 -0.207340 0.895550
vn -0.916998 -0.174403 -0.358745
vn -0.916998 -0.174403 -0.358745
vn -0.916998 -0.174403 -0.358745
vn -0.916998 -0.174403 -0.358745
vn -0.837678 -0.149504 -0.525305
vn -0.837678 -0.149504 -0.525305
vn -0.837678 -0.149504 -0.525305
vn -0.837678 -0.149504 -0.525305
vn 0.218117 0.261557 0.940220
vn 0.218117 0.261557 0.940220
vn 0.218117 0.261557 0.940220
vn 0.218117 0.261557 0.940220
vn 0.298547 0.664387 0.685171
vn 0.298547 0.664387 0.685171
vn 0.298547 0.664387 0.685171
vn 0.298547 0.664387 0.685171
vn 0.339722 0.134701 0.930830
vn 0.339722 0.134701 0.930830
vn 0.339722 0.134701 0.930830
vn 0.339722 0.134701 0.930830
vn -0.942212 -0.089620 -0.322809
vn -0.942212 -0.089620 -0.322809
vn -0.942212 -0.089620 -0.322809
vn -0.942212 -0.089620 -0.322809
vn -0.942937 -0.130849 -0.306184
vn -0.942937 -0.130849 -0.306184
vn 0.473261 -0.258836 0.842038
vn 0.473261 -0.258836 0.842038
vn 0.473261 -0.258836 0.842038
vn 0.473261 -0.258836 0.842038
vn 0.125845 -0.328986 0.935912
vn 0.125845 -0.328986 0.935912
vn 0.125845 -0.328986 0.935912
vn 0.125845 -0.328986 0.935912
vn -0.787060 -0.269372 -0.554956
vn -0.787060 -0.269372 -0.554956
vn -0.787060 -0.269372 -0.554956
vn -0.787060 -0.269372 -0.554956
vn -0.877288 -0.271061 -0.396095
vn -0.877288 -0.271061 -0.396095
vn -0.877288 -0.271061 -0.396095
vn -0.877288 -0.271061 -0.396095
vn 0.298037 -0.561505 0.771937
vn 0.298037 -0.561505 0.771937
vn 0.298037 -0.561505 0.771937
vn 0.298037 -0.561505 0.771937
vn 0.379126 -0.555510 0.740048
vn 0.379126 -0.555510 0.740048
vn 0.379126 -0.555510 0.740048
vn 0.379126 -0.555510 0.740048
vn 0.440788 -0.792395 0.421682
vn 0.440788 -0.792395 0.421682
vn 0.440788 -0.792395 0.421682
vn 0.440788 -0.792395 0.421682
vn 0.423509 -0.887253 0.182815
vn 0.423509 -0.887253 0.182815
vn 0.423509 -0.887253 0.182815
vn 0.423509 -0.887253 0.182815
vn -0.693504 -0.711222 -0.114959
vn -0.693504 -0.711222 -0.114959
vn -0.693504 -0.711222 -0.114959
vn -0.693504 -0.711222 -0.114959
vn 0.203924 -0.975122 0.086899
vn 0.203924 -0.975122 0.086899
vn 0.203924 -0.975122 0.086899
vn 0.203924 -0.975122 0.086899
vn -0.760792 -0.618961 -0.195151
vn -0.760792 -0.618961 -0.195151
vn -0.760792 -0.618961 -0.195151
vn -0.760792 -0.618961 -0.195151
vn -0.907283 -0.230486 -0.351730
vn -0.907283 -0.230486 -0.351730
vn -0.907283 -0.230486 -0.351730
vn -0.907283 -0.230486 -0.351730
vn -0.804270 -0.315769 -0.503429
vn -0.804270 -0.315769 -0.503429
vn -0.804270 -0.315769 -0.503429
vn -0.804270 -0.315769 -0.503429
vn 0.387238 -0.818252 0.424864
vn 0.387238 -0.818252 0.424864
vn 0.387238 -0.818252 0.424864
vn 0.387238 -0.818252 0.424864
vn 0.296108 -0.853682 0.428425
vn 0.296108 -0.853682 0.428425
vn 0.296108 -0.853682 0.428425
vn 0.296108 -0.853682 0.428425
vn 0.374477 -0.892805 0.250334
vn 0.374477 -0.892805 0.250334
vn 0.374477 -0.892805 0.250334
vn 0.374477 -0.892805 0.250334
vn -0.639374 0.764856 0.078717
vn -0.639374 0.764856 0.078717
vn -0.639374 0.764856 0.078717
vn -0.639374 0.764856 0.078717
vn 0.476778 0.843529 -0.247268
vn 0.476778 0.843529 -0.247268
vn 0.476778 0.843529 -0.247268
vn 0.476778 0.843529 -0.247268
vn -0.096119 0.800359 0.591765
vn -0.096119 0.800359 0.591765
vn -0.096119 0.800359 0.591765
vn -0.096119 0.800359 0.591765
vn -0.046267 0.979347 -0.196825
vn -0.046267 0.979347 -0.196825
vn -0.046267 0.979347 -0.196825
vn -0.046267 0.979347 -0.196825
vn -0.115147 0.983271 -0.141134
vn -0.115147 0.983271 -0.141134
vn -0.115147 0.983271 -0.141134
vn -0.115147 0.983271 -0.141134
vn -0.660118 0.750427 -0.033212
vn -0.660118 0.750427 -0.033212
vn -0.660118 0.750427 -0.033212
vn -0.660118 0.750427 -0.033212
vn 0.091043 0.942881 -0.320448
vn 0.091043 0.942881 -0.320448
vn 0.091043 0.942881 -0.320448
vn 0.091043 0.942881 -0.320448
vn 0.320726 0.917642 -0.234665
vn 0.320726 0.917642 -0.234665
vn 0.320726 0.917642 -0.234665
vn 0.320726 0.917642 -0.234665
vn 0.156896 0.913950 -0.374270
vn 0.156896 0.913950 -0.374270
vn 0.156896 0.913950 -0.374270
vn 0.156896 0.913950 -0.374270
vn -0.372760 -0.336014 0.864953
vn -0.372760 -0.336014 0.864953
vn -0.372760 -0.336014 0.864953
vn -0.372760 -0.336014 0.864953
vn 0.450560 0.890996 -0.055877
vn 0.450560 0.890996 -0.055877
vn 0.450560 0.890996 -0.055877
vn 0.450560 0.890996 -0.055877
vn 0.310121 0.932287 -0.186190
vn 0.310121 0.932287 -0.186190
vn 0.310121 0.932287 -0.186190
vn 0.310121 0.932287 -0.186190
vn 0.394463 0.918355 0.031993
vn 0.394463 0.918355 0.031993
vn 0.394463 0.918355 0.031993
vn 0.394463 0.918355 0.031993
vn 0.139919 0.880155 -0.453597
vn 0.139919 0.880155 -0.453597
vn 0.139919 0.880155 -0.453597
vn 0.139919 0.880155 -0.453597
vn -0.510828 0.824665 0.242863
vn -0.510828 0.824665 0.242863
vn -0.510828 0.824665 0.242863
vn -0.510828 0.824665 0.242863
vn -0.893864 0.444162 0.061051
vn -0.893864 0.444162 0.061051
vn -0.893864 0.444162 0.061051
vn -0.893864 0.444162 0.061051
vn -0.405845 0.911801 0.062524
vn -0.405845 0.911801 0.062524
vn -0.405845 0.911801 0.062524
vn -0.405845 0.911801 0.062524
vn -0.861572 -0.256325 -0.438168
vn -0.861572 -0.256325 -0.438168
vn -0.861572 -0.256325 -0.438168
vn -0.861572 -0.256325 -0.438168
vn -0.795177 -0.492034 -0.354395
vn -0.795177 -0.492034 -0.354395
vn -0.795177 -0.492034 -0.354395
vn -0.795177 -0.492034 -0.354395
vn 0.269250 -0.601044 -0.752497
vn 0.269250 -0.601044 -0.752497
vn 0.269250 -0.601044 -0.752497
vn 0.269250 -0.601044 -0.752497
vn 0.168804 0.970200 -0.173829
vn 0.168804 0.970200 -0.173829
vn 0.168804 0.970200 -0.173829
vn 0.168804 0.970200 -0.173829
vn 0.238972 0.967464 -0.083102
vn 0.238972 0.967464 -0.083102
vn 0.238972 0.967464 -0.083102
vn 0.238972 0.967464 -0.083102
vn -0.793582 0.536259 -0.287496
vn -0.793582 0.536259 -0.287496
vn -0.793582 0.536259 -0.287496
vn -0.793582 0.536259 -0.287496
vn 0.350720 0.845351 0.402960
vn 0.350720 0.845351 0.402960
vn 0.350720 0.845351 0.402960
vn 0.350720 0.845351 0.402960
vn -0.905142 0.041106 -0.423117
vn -0.905142 0.041106 -0.423117
vn -0.905142 0.041106 -0.423117
vn -0.905142 0.041106 -0.423117
vn -0.013860 0.013646 -0.999811
vn -0.013860 0.013646 -0.999811
vn -0.013860 0.013646 -0.999811
vn -0.013860 0.013646 -0.999811
vn -0.438337 -0.174039 -0.881800
vn -0.438337 -0.174039 -0.881800
vn -0.438337 -0.174039 -0.881800
vn -0.438337 -0.174039 -0.881800
vn 0.116024 -0.917612 -0.380167
vn 0.116024 -0.917612 -0.380167
vn 0.116024 -0.917612 -0.380167
vn 0.116024 -0.917612 -0.380167
vn -0.895877 -0.161931 -0.413742
vn -0.895877 -0.161931 -0.413742
vn -0.895877 -0.161931 -0.413742
vn -0.895877 -0.161931 -0.413742
vn 0.038674 -0.186741 -0.981648
vn 0.038674 -0.186741 -0.981648
vn 0.038674 -0.186741 -0.981648
vn 0.038674 -0.186741 -0.981648
vn -0.987202 -0.159292 -0.007715
vn -0.987202 -0.159292 -0.007715
vn -0.987202 -0.159292 -0.007715
vn -0.987202 -0.159292 -0.007715
vn -0.998996 -0.002094 -0.044761
vn -0.998996 -0.002094 -0.044761
vn -0.998996 -0.002094 -0.044761
vn -0.998996 -0.002094 -0.044761
vn 0.281588 0.789968 -0.544664
vn 0.281588 0.789968 -0.544664
vn 0.281588 0.789968 -0.544664
vn 0.281588 0.789968 -0.544664
vn -0.228727 0.538833 -0.810767
vn -0.228727 0.538833 -0.810767
vn -0.228727 0.538833 -0.810767
vn -0.228727 0.538833 -0.810767
vn -0.424401 0.065173 -0.903126
vn -0.424401 0.065173 -0.903126
vn -0.424401 0.065173 -0.903126
vn -0.424401 0.065173 -0.903126
vn 0.088054 0.435879 -0.895687
vn 0.088054 0.435879 -0.895687
vn 0.088054 0.435879 -0.895687
vn 0.088054 0.435879 -0.895687
vn 0.471792 -0.182442 -0.862628
vn 0.471792 -0.182442 -0.862628
vn 0.471792 -0.182442 -0.862628
vn 0.471792 -0.182442 -0.862628
vn 0.342710 -0.146032 -0.928022
vn 0.342710 -0.146032 -0.928022
vn 0.342710 -0.146032 -0.928022
vn 0.342710 -0.146032 -0.928022
vn 0.343346 -0.088378 -0.935042
vn 0.343346 -0.088378 -0.935042
vn 0.343346 -0.088378 -0.935042
vn 0.343346 -0.088378 -0.935042
vn -0.736856 0.573613 0.357787
vn -0.736856 0.573613 0.357787
vn -0.736856 0.573613 0.357787
vn -0.736856 0.573613 0.357787
vn -0.922438 0.144492 0.358092
vn -0.922438 0.144492 0.358092
vn -0.922438 0.144492 0.358092
vn -0.922438 0.144492 0.358092
vn -0.925620 0.246829 0.286885
vn -0.925620 0.246829 0.286885
vn -0.925620 0.246829 0.286885
vn -0.925620 0.246829 0.286885
vn -0.978219 -0.197749 0.063113
vn -0.978219 -0.197749 0.063113
vn -0.978219 -0.197749 0.063113
vn -0.978219 -0.197749 0.063113
vn -0.882416 -0.183268 0.433306
vn -0.882416 -0.183268 0.433306
vn -0.882416 -0.183268 0.433306
vn -0.882416 -0.183268 0.433306
vn -0.893676 -0.170477 0.415068
vn -0.893676 -0.170477 0.415068
vn -0.874723 -0.145957 0.462122
vn -0.874723 -0.145957 0.462122
vn -0.874723 -0.145957 0.462122
vn -0.913226 -0.319397 0.252989
vn -0.913226 -0.319397 0.252989
vn -0.913226 -0.319397 0.252989
vn -0.913226 -0.319397 0.252989
vn 0.391486 -0.207573 -0.896467
vn 0.391486 -0.207573 -0.896467
vn 0.391486 -0.207573 -0.896467
vn 0.391486 -0.207573 -0.896467
vn -0.824990 -0.171827 0.538394
vn -0.824990 -0.171827 0.538394
vn -0.824990 -0.171827 0.538394
vn -0.824990 -0.171827 0.538394
vn 0.218117 0.261557 -0.940220
vn 0.218117 0.261557 -0.940220
vn 0.218117 0.261557 -0.940220
vn 0.218117 0.261557 -0.940220
vn 0.338998 0.135333 -0.931002
vn 0.338998 0.135333 -0.931002
vn 0.338998 0.135333 -0.931002
vn 0.338998 0.135333 -0.931002
vn 0.298547 0.664387 -0.685171
vn 0.298547 0.664387 -0.685171
vn 0.298547 0.664387 -0.685171
vn 0.298547 0.664387 -0.685171
vn -0.934381 -0.062441 0.350760
vn -0.934381 -0.062441 0.350760
vn -0.934381 -0.062441 0.350760
vn -0.934381 -0.062441 0.350760
vn -0.930241 -0.116780 0.347870
vn -0.930241 -0.116780 0.347870
vn -0.930241 -0.116780 0.347870
vn -0.930241 -0.116780 0.347870
vn 0.473251 -0.258836 -0.842044
vn 0.473251 -0.258836 -0.842044
vn 0.473251 -0.258836 -0.842044
vn 0.473251 -0.258836 -0.842044
vn 0.125832 -0.328986 -0.935914
vn 0.125832 -0.328986 -0.935914
vn 0.125832 -0.328986 -0.935914
vn 0.125832 -0.328986 -0.935914
vn -0.877281 -0.271061 0.396111
vn -0.877281 -0.271061 0.396111
vn -0.877281 -0.271061 0.396111
vn -0.877281 -0.271061 0.396111
vn -0.787052 -0.269373 0.554966
vn -0.787052 -0.269373 0.554966
vn -0.787052 -0.269373 0.554966
vn -0.787052 -0.269373 0.554966
vn 0.379117 -0.555514 -0.740051
vn 0.379117 -0.555514 -0.740051
vn 0.379117 -0.555514 -0.740051
vn 0.379117 -0.555514 -0.740051
vn 0.298028 -0.561508 -0.771938
vn 0.298028 -0.561508 -0.771938
vn 0.298028 -0.561508 -0.771938
vn 0.298028 -0.561508 -0.771938
vn 0.440777 -0.792401 -0.421683
vn 0.440777 -0.792401 -0.421683
vn 0.440777 -0.792401 -0.421683
vn 0.440777 -0.792401 -0.421683
vn 0.203923 -0.975126 -0.086864
vn 0.203923 -0.975126 -0.086864
vn 0.203923 -0.975126 -0.086864
vn 0.203923 -0.975126 -0.086864
vn -0.693502 -0.711196 0.115132
vn -0.693502 -0.711196 0.115132
vn -0.693502 -0.711196 0.115132
vn -0.693502 -0.711196 0.115132
vn 0.423509 -0.887260 -0.182781
vn 0.423509 -0.887260 -0.182781
vn 0.423509 -0.887260 -0.182781
vn 0.423509 -0.887260 -0.182781
vn -0.760785 -0.618961 0.195175
vn -0.760785 -0.618961 0.195175
vn -0.760785 -0.618961 0.195175
vn -0.760785 -0.618961 0.195175
vn -0.804262 -0.315770 0.503440
vn -0.804262 -0.315770 0.503440
vn -0.804262 -0.315770 0.503440
vn -0.804262 -0.315770 0.503440
vn -0.907279 -0.230486 0.351742
vn -0.907279 -0.230486 0.351742
vn -0.907279 -0.230486 0.351742
vn -0.907279 -0.230486 0.351742
vn 0.387224 -0.818259 -0.424865
vn 0.387224 -0.818259 -0.424865
vn 0.387224 -0.818259 -0.424865
vn 0.387224 -0.818259 -0.424865
vn 0.374468 -0.892818 -0.250301
vn 0.374468 -0.892818 -0.250301
vn 0.374468 -0.892818 -0.250301
vn 0.374468 -0.892818 -0.250301
vn 0.296097 -0.853685 -0.428426
vn 0.296097 -0.853685 -0.428426
vn 0.296097 -0.853685 -0.428426
vn 0.296097 -0.853685 -0.428426
vn -0.639375 0.764855 -0.078717
vn -0.639375 0.764855 -0.078717
vn -0.639375 0.764855 -0.078717
vn -0.639375 0.764855 -0.078717
vn 0.476780 0.843528 0.247268
vn 0.476780 0.843528 0.247268
vn 0.476780 0.843528 0.247268
vn 0.476780 0.843528 0.247268
vn -0.096121 0.800359 -0.591766
vn -0.096121 0.800359 -0.591766
vn -0.096121 0.800359 -0.591766
vn -0.096121 0.800359 -0.591766
vn -0.046265 0.979347 0.196824
vn -0.046265 0.979347 0.196824
vn -0.046265 0.979347 0.196824
vn -0.046265 0.979347 0.196824
vn -0.115146 0.983271 0.141134
vn -0.115146 0.983271 0.141134
vn -0.115146 0.983271 0.141134
vn -0.115146 0.983271 0.141134
vn -0.660120 0.750426 0.033212
vn -0.660120 0.750426 0.033212
vn -0.660120 0.750426 0.033212
vn -0.660120 0.750426 0.033212
vn 0.091044 0.942881 0.320447
vn 0.091044 0.942881 0.320447
vn 0.091044 0.942881 0.320447
vn 0.091044 0.942881 0.320447
vn -0.372695 -0.335984 -0.864993
vn -0.372695 -0.335984 -0.864993
vn -0.372695 -0.335984 -0.864993
vn -0.372695 -0.335984 -0.864993
vn 0.156894 0.913951 0.374270
vn 0.156894 0.913951 0.374270
vn 0.156894 0.913951 0.374270
vn 0.156894 0.913951 0.374270
vn 0.320726 0.917642 0.234665
vn 0.320726 0.917642 0.234665
vn 0.320726 0.917642 0.234665
vn 0.320726 0.917642 0.234665
vn 0.450559 0.890996 0.055876
vn 0.450559 0.890996 0.055876
vn 0.450559 0.890996 0.055876
vn 0.450559 0.890996 0.055876
vn 0.394462 0.918355 -0.031993
vn 0.394462 0.918355 -0.031993
vn 0.394462 0.918355 -0.031993
vn 0.394462 0.918355 -0.031993
vn 0.310121 0.932287 0.186189
vn 0.310121 0.932287 0.186189
vn 0.310121 0.932287 0.186189
vn 0.310121 0.932287 0.186189
vn 0.175450 -0.628156 0.758048
vn 0.175450 -0.628156 0.758048
vn 0.175450 -0.628156 0.758048
vn 0.175450 -0.628156 0.758048
vn 0.414148 0.886966 0.204385
vn 0.414148 0.886966 0.204385
vn 0.414148 0.886966 0.204385
vn -0.166560 0.564259 0.808622
vn -0.166560 0.564259 0.808622
vn -0.166560 0.564259 0.808622
vn -0.166549 0.564261 -0.808623
vn -0.166549 0.564261 -0.808623
vn -0.166549 0.564261 -0.808623
vn 0.414150 0.886967 -0.204375
vn 0.414150 0.886967 -0.204375
vn 0.414150 0.886967 -0.204375
vn -0.475836 0.453795 0.753426
vn -0.475836 0.453795 0.753426
vn -0.475836 0.453795 0.753426
vn -0.971638 0.160215 0.173928
vn -0.971638 0.160215 0.173928
vn -0.971638 0.160215 0.173928
vn -0.971637 0.160217 -0.173931
vn -0.971637 0.160217 -0.173931
vn -0.971637 0.160217 -0.173931
vn -0.475839 0.453794 -0.753424
vn -0.475839 0.453794 -0.753424
vn -0.475839 0.453794 -0.753424
vn 0.161752 0.391089 0.906028
vn 0.161752 0.391089 0.906028
vn 0.161752 0.391089 0.906028
vn 0.161752 0.391089 0.906028
vn 0.156688 0.280264 0.947049
vn 0.156688 0.280264 0.947049
vn 0.156688 0.280264 0.947049
vn 0.156688 0.280264 0.947049
vn 0.899954 0.387430 0.199954
vn 0.899954 0.387430 0.199954
vn 0.899954 0.387430 0.199954
vn 0.899954 0.387430 0.199954
vn -0.301512 0.158984 0.940114
vn -0.301512 0.158984 0.940114
vn -0.301512 0.158984 0.940114
vn -0.301512 0.158984 0.940114
vn -0.935469 0.280793 0.214599
vn -0.935469 0.280793 0.214599
vn -0.935469 0.280793 0.214599
vn -0.935469 0.280793 0.214599
vn -0.301512 0.158984 -0.940114
vn -0.301512 0.158984 -0.940114
vn -0.301512 0.158984 -0.940114
vn -0.301512 0.158984 -0.940114
vn -0.816968 0.561417 0.131810
vn -0.816968 0.561417 0.131810
vn -0.816968 0.561417 0.131810
vn -0.816968 0.561417 0.131810
vn 0.928537 0.369694 0.033850
vn 0.928537 0.369694 0.033850
vn 0.928537 0.369694 0.033850
vn 0.928537 0.369694 0.033850
vn 0.995361 -0.038654 0.088106
vn 0.995361 -0.038654 0.088106
vn 0.995361 -0.038654 0.088106
vn 0.995361 -0.038654 0.088106
vn -0.000310 0.412231 0.911080
vn -0.000310 0.412231 0.911080
vn -0.000310 0.412231 0.911080
vn -0.000310 0.412231 0.911080
vn -0.007227 0.296018 0.955155
vn -0.007227 0.296018 0.955155
vn -0.007227 0.296018 0.955155
vn -0.007227 0.296018 0.955155
vn 0.276543 0.036693 -0.960301
vn 0.276543 0.036693 -0.960301
vn 0.276543 0.036693 -0.960301
vn 0.276543 0.036693 -0.960301
vn 0.264079 0.051040 -0.963150
vn 0.264079 0.051040 -0.963150
vn 0.161754 0.391087 -0.906028
vn 0.161754 0.391087 -0.906028
vn 0.161754 0.391087 -0.906028
vn 0.161754 0.391087 -0.906028
vn 0.899954 0.387430 -0.199954
vn 0.899954 0.387430 -0.199954
vn 0.899954 0.387430 -0.199954
vn 0.899954 0.387430 -0.199954
vn 0.156689 0.280264 -0.947048
vn 0.156689 0.280264 -0.947048
vn 0.156689 0.280264 -0.947048
vn 0.156689 0.280264 -0.947048
vn -0.115597 0.245099 0.962582
vn -0.115597 0.245099 0.962582
vn -0.115597 0.245099 0.962582
vn -0.115597 0.245099 0.962582
vn -0.098811 0.112802 0.988692
vn -0.098811 0.112802 0.988692
vn -0.098811 0.112802 0.988692
vn -0.098811 0.112802 0.988692
vn 0.928537 0.369694 -0.033850
vn 0.928537 0.369694 -0.033850
vn 0.928537 0.369694 -0.033850
vn 0.928537 0.369694 -0.033850
vn 0.995361 -0.038654 -0.088106
vn 0.995361 -0.038654 -0.088106
vn 0.995361 -0.038654 -0.088106
vn 0.995361 -0.038654 -0.088106
vn -0.007226 0.296018 -0.955155
vn -0.007226 0.296018 -0.955155
vn -0.007226 0.296018 -0.955155
vn -0.007226 0.296018 -0.955155
vn -0.000310 0.412230 -0.911080
vn -0.000310 0.412230 -0.911080
vn -0.000310 0.412230 -0.911080
vn -0.000310 0.412230 -0.911080
vn 0.952203 -0.101120 0.288244
vn 0.952203 -0.101120 0.288244
vn 0.952203 -0.101120 0.288244
vn 0.952203 -0.101120 0.288244
vn -0.234270 0.468564 0.851802
vn -0.234270 0.468564 0.851802
vn -0.234270 0.468564 0.851802
vn -0.234270 0.468564 0.851802
vn -0.881962 0.447196 0.148859
vn -0.881962 0.447196 0.148859
vn -0.881962 0.447196 0.148859
vn -0.881962 0.447196 0.148859
vn -0.279617 0.403237 0.871329
vn -0.279617 0.403237 0.871329
vn -0.279617 0.403237 0.871329
vn -0.279617 0.403237 0.871329
vn 0.898549 -0.339236 -0.278440
vn 0.898549 -0.339236 -0.278440
vn 0.898549 -0.339236 -0.278440
vn 0.898549 -0.339236 -0.278440
vn 0.952203 -0.101119 -0.288243
vn 0.952203 -0.101119 -0.288243
vn 0.952203 -0.101119 -0.288243
vn 0.952203 -0.101119 -0.288243
vn 0.961273 0.046736 0.271605
vn 0.961273 0.046736 0.271605
vn 0.961273 0.046736 0.271605
vn 0.961273 0.046736 0.271605
vn -0.896337 0.443224 0.011468
vn -0.896337 0.443224 0.011468
vn -0.896337 0.443224 0.011468
vn -0.896337 0.443224 0.011468
vn -0.896337 0.443225 -0.011469
vn -0.896337 0.443225 -0.011469
vn -0.863789 0.503783 0.008389
vn -0.863789 0.503783 0.008389
vn -0.863789 0.503783 0.008389
vn -0.863789 0.503783 0.008389
vn -0.863789 0.503784 -0.008389
vn -0.863789 0.503784 -0.008389
vn -0.112724 0.326857 0.938327
vn -0.112724 0.326857 0.938327
vn -0.112724 0.326857 0.938327
vn -0.112724 0.326857 0.938327
vn -0.074897 0.437316 0.896184
vn -0.074897 0.437316 0.896184
vn -0.074897 0.437316 0.896184
vn -0.074897 0.437316 0.896184
vn 0.264081 0.051040 0.963149
vn 0.264081 0.051040 0.963149
vn 0.264081 0.051040 0.963149
vn 0.264081 0.051040 0.963149
vn 0.276543 0.036692 0.960301
vn 0.276543 0.036692 0.960301
vn 0.786373 0.557564 -0.265970
vn 0.786373 0.557564 -0.265970
vn 0.786373 0.557564 -0.265970
vn 0.786373 0.557564 -0.265970
vn -0.234270 0.468563 -0.851802
vn -0.234270 0.468563 -0.851802
vn -0.234270 0.468563 -0.851802
vn -0.234270 0.468563 -0.851802
vn -0.279618 0.403237 -0.871329
vn -0.279618 0.403237 -0.871329
vn -0.279618 0.403237 -0.871329
vn -0.279618 0.403237 -0.871329
vn -0.881961 0.447197 -0.148859
vn -0.881961 0.447197 -0.148859
vn -0.881961 0.447197 -0.148859
vn -0.881961 0.447197 -0.148859
vn 0.961274 0.046735 -0.271603
vn 0.961274 0.046735 -0.271603
vn 0.961274 0.046735 -0.271603
vn 0.961274 0.046735 -0.271603
vn -0.846637 0.518408 0.120246
vn -0.846637 0.518408 0.120246
vn -0.846637 0.518408 0.120246
vn -0.846637 0.518408 0.120246
vn 0.898548 -0.339237 0.278443
vn 0.898548 -0.339237 0.278443
vn 0.898548 -0.339237 0.278443
vn 0.898548 -0.339237 0.278443
vn -0.074896 0.437315 -0.896184
vn -0.074896 0.437315 -0.896184
vn -0.074896 0.437315 -0.896184
vn -0.074896 0.437315 -0.896184
vn -0.112725 0.326856 -0.938327
vn -0.112725 0.326856 -0.938327
vn -0.112725 0.326856 -0.938327
vn -0.112725 0.326856 -0.938327
vn -0.846637 0.518407 -0.120246
vn -0.846637 0.518407 -0.120246
vn -0.846637 0.518407 -0.120246
vn -0.846637 0.518407 -0.120246
vn 0.786371 0.557564 0.265976
vn 0.786371 0.557564 0.265976
vn 0.786371 0.557564 0.265976
vn 0.786371 0.557564 0.265976
vn -0.976607 -0.206464 0.060097
vn -0.976607 -0.206464 0.060097
vn -0.976607 -0.206464 0.060097
vn -0.976607 -0.206464 0.060097
vn -0.945643 -0.322070 0.045056
vn -0.945643 -0.322070 0.045056
vn -0.945643 -0.322070 0.045056
vn -0.945643 -0.322070 0.045056
vn -0.940873 -0.195859 0.276402
vn -0.940873 -0.195859 0.276402
vn -0.940873 -0.195859 0.276402
vn -0.940873 -0.195859 0.276402
vn -0.906478 -0.317442 0.278439
vn -0.906478 -0.317442 0.278439
vn -0.906478 -0.317442 0.278439
vn -0.906478 -0.317442 0.278439
vn -0.302268 0.019993 -0.953013
vn -0.302268 0.019993 -0.953013
vn -0.302268 0.019993 -0.953013
vn -0.302268 0.019993 -0.953013
vn -0.287127 0.004411 -0.957882
vn -0.287127 0.004411 -0.957882
vn -0.906479 -0.317443 -0.278434
vn -0.906479 -0.317443 -0.278434
vn -0.906479 -0.317443 -0.278434
vn -0.906479 -0.317443 -0.278434
vn -0.940874 -0.195859 -0.276398
vn -0.940874 -0.195859 -0.276398
vn -0.940874 -0.195859 -0.276398
vn -0.940874 -0.195859 -0.276398
vn 0.158541 0.241270 0.957420
vn 0.158541 0.241270 0.957420
vn 0.158541 0.241270 0.957420
vn 0.158541 0.241270 0.957420
vn 0.936064 0.347820 -0.052966
vn 0.936064 0.347820 -0.052966
vn 0.936064 0.347820 -0.052966
vn 0.936064 0.347820 -0.052966
vn 0.816098 0.576730 -0.036981
vn 0.816098 0.576730 -0.036981
vn 0.816098 0.576730 -0.036981
vn 0.816098 0.576730 -0.036981
vn 0.899346 0.344839 -0.268818
vn 0.899346 0.344839 -0.268818
vn 0.899346 0.344839 -0.268818
vn 0.899346 0.344839 -0.268818
vn -0.307202 0.351270 0.884441
vn -0.307202 0.351270 0.884441
vn -0.307202 0.351270 0.884441
vn -0.307202 0.351270 0.884441
vn 0.042675 0.093281 0.994725
vn 0.042675 0.093281 0.994725
vn 0.042675 0.093281 0.994725
vn 0.042675 0.093281 0.994725
vn 0.056192 0.078723 0.995312
vn 0.056192 0.078723 0.995312
vn -0.034429 0.159802 0.986549
vn -0.034429 0.159802 0.986549
vn -0.034429 0.159802 0.986549
vn -0.034429 0.159802 0.986549
vn 0.230169 0.149056 0.961668
vn 0.230169 0.149056 0.961668
vn 0.230169 0.149056 0.961668
vn 0.230169 0.149056 0.961668
vn 0.931118 -0.350476 0.100926
vn 0.931118 -0.350476 0.100926
vn 0.931118 -0.350476 0.100926
vn 0.931118 -0.350476 0.100926
vn 0.991512 -0.109849 0.069546
vn 0.991512 -0.109849 0.069546
vn 0.991512 -0.109849 0.069546
vn 0.991512 -0.109849 0.069546
vn 0.931118 -0.350476 -0.100926
vn 0.931118 -0.350476 -0.100926
vn 0.931118 -0.350476 -0.100926
vn 0.931118 -0.350476 -0.100926
vn 0.991512 -0.109849 -0.069545
vn 0.991512 -0.109849 -0.069545
vn 0.991512 -0.109849 -0.069545
vn 0.991512 -0.109849 -0.069545
vn -0.935469 0.280793 -0.214600
vn -0.935469 0.280793 -0.214600
vn -0.935469 0.280793 -0.214600
vn -0.935469 0.280793 -0.214600
vn -0.115596 0.245099 -0.962582
vn -0.115596 0.245099 -0.962582
vn -0.115596 0.245099 -0.962582
vn -0.115596 0.245099 -0.962582
vn -0.098811 0.112802 -0.988692
vn -0.098811 0.112802 -0.988692
vn -0.098811 0.112802 -0.988692
vn -0.098811 0.112802 -0.988692
vn -0.307203 0.351270 -0.884441
vn -0.307203 0.351270 -0.884441
vn -0.307203 0.351270 -0.884441
vn -0.307203 0.351270 -0.884441
vn -0.832870 0.553434 0.006181
vn -0.832870 0.553434 0.006181
vn -0.832870 0.553434 0.006181
vn -0.832870 0.553434 0.006181
vn -0.832871 0.553433 -0.006181
vn -0.832871 0.553433 -0.006181
vn -0.958412 0.283705 0.030937
vn -0.958412 0.283705 0.030937
vn -0.958412 0.283705 0.030937
vn -0.958412 0.283705 0.030937
vn -0.816969 0.561416 -0.131810
vn -0.816969 0.561416 -0.131810
vn -0.816969 0.561416 -0.131810
vn -0.816969 0.561416 -0.131810
vn 0.032465 0.165825 0.985621
vn 0.032465 0.165825 0.985621
vn 0.032465 0.165825 0.985621
vn 0.032465 0.165825 0.985621
vn 0.032466 0.165825 -0.985621
vn 0.032466 0.165825 -0.985621
vn 0.032466 0.165825 -0.985621
vn 0.032466 0.165825 -0.985621
vn 0.056191 0.078723 -0.995312
vn 0.056191 0.078723 -0.995312
vn 0.056191 0.078723 -0.995312
vn 0.056191 0.078723 -0.995312
vn 0.042675 0.093281 -0.994725
vn 0.042675 0.093281 -0.994725
vn -0.958413 0.283705 -0.030937
vn -0.958413 0.283705 -0.030937
vn -0.958413 0.283705 -0.030937
vn -0.958413 0.283705 -0.030937
vn -0.399816 0.509180 0.762157
vn -0.399816 0.509180 0.762157
vn -0.399816 0.509180 0.762157
vn -0.399816 0.509180 0.762157
vn 0.368122 0.929522 -0.021777
vn 0.368122 0.929522 -0.021777
vn 0.368122 0.929522 -0.021777
vn 0.368122 0.929522 -0.021777
vn 0.368114 0.929526 0.021772
vn 0.368114 0.929526 0.021772
vn -0.399816 0.509180 -0.762157
vn -0.399816 0.509180 -0.762157
vn -0.399816 0.509180 -0.762157
vn -0.399816 0.509180 -0.762157
vn -0.376209 0.549112 0.746287
vn -0.376209 0.549112 0.746287
vn -0.376209 0.549112 0.746287
vn -0.376209 0.549112 0.746287
vn -0.976788 0.213069 -0.022071
vn -0.976788 0.213069 -0.022071
vn -0.976788 0.213069 -0.022071
vn -0.976788 0.213069 -0.022071
vn -0.976788 0.213069 0.022072
vn -0.976788 0.213069 0.022072
vn -0.376208 0.549112 -0.746287
vn -0.376208 0.549112 -0.746287
vn -0.376208 0.549112 -0.746287
vn -0.376208 0.549112 -0.746287
vn 0.230169 0.149056 -0.961668
vn 0.230169 0.149056 -0.961668
vn 0.230169 0.149056 -0.961668
vn 0.230169 0.149056 -0.961668
vn 0.899346 0.344837 0.268821
vn 0.899346 0.344837 0.268821
vn 0.899346 0.344837 0.268821
vn 0.899346 0.344837 0.268821
vn -0.976607 -0.206463 -0.060100
vn -0.976607 -0.206463 -0.060100
vn -0.976607 -0.206463 -0.060100
vn -0.976607 -0.206463 -0.060100
vn -0.945643 -0.322070 -0.045059
vn -0.945643 -0.322070 -0.045059
vn -0.945643 -0.322070 -0.045059
vn -0.945643 -0.322070 -0.045059
vn 0.158544 0.241271 -0.957420
vn 0.158544 0.241271 -0.957420
vn 0.158544 0.241271 -0.957420
vn 0.158544 0.241271 -0.957420
vn -0.287126 0.004410 0.957883
vn -0.287126 0.004410 0.957883
vn -0.287126 0.004410 0.957883
vn -0.287126 0.004410 0.957883
vn -0.302270 0.019992 0.953013
vn -0.302270 0.019992 0.953013
vn -0.034430 0.159802 -0.986549
vn -0.034430 0.159802 -0.986549
vn -0.034430 0.159802 -0.986549
vn -0.034430 0.159802 -0.986549
vn 0.936065 0.347819 0.052960
vn 0.936065 0.347819 0.052960
vn 0.936065 0.347819 0.052960
vn 0.936065 0.347819 0.052960
vn 0.816097 0.576732 0.036968
vn 0.816097 0.576732 0.036968
vn 0.816097 0.576732 0.036968
vn 0.816097 0.576732 0.036968
vn -0.096080 0.055419 0.993830
vn -0.096080 0.055419 0.993830
vn -0.096080 0.055419 0.993830
vn -0.096080 0.055419 0.993830
vn -0.126481 0.120409 0.984634
vn -0.126481 0.120409 0.984634
vn -0.126481 0.120409 0.984634
vn -0.126481 0.120409 0.984634
vn -0.096080 0.055419 -0.993830
vn -0.096080 0.055419 -0.993830
vn -0.096080 0.055419 -0.993830
vn -0.096080 0.055419 -0.993830
vn -0.126482 0.120410 -0.984634
vn -0.126482 0.120410 -0.984634
vn -0.126482 0.120410 -0.984634
vn -0.126482 0.120410 -0.984634
vn -0.592651 0.805163 0.021832
vn -0.592655 0.805161 -0.021832
vn -0.592651 0.805163 0.021832
vn -0.627192 0.778561 0.021740
vn -0.592655 0.805161 -0.021832
vn -0.627191 0.778562 -0.021740
vn -0.627192 0.778561 0.021740
vn -0.627191 0.778562 -0.021740
vn -0.627191 0.778562 -0.021740
vn -0.627191 0.778562 -0.021740
g Pepper_Red_DarkRed
usemtl DarkRed
f 1 2 3
f 1 3 4
f 5 6 7
f 5 7 8
f 9 10 11
f 9 11 12
f 13 14 15
f 13 15 16
f 17 18 19
f 17 19 20
f 21 22 23
f 21 23 24
f 25 26 27
f 25 27 28
f 29 30 31
f 29 31 32
f 33 34 35
f 33 35 36
f 37 38 39
f 37 39 40
f 41 40 39
f 41 39 42
f 43 44 45
f 43 45 46
f 47 48 49
f 47 49 50
f 51 52 53
f 51 53 54
f 55 56 57
f 55 57 58
f 59 60 61
f 59 61 62
f 63 64 65
f 63 65 66
f 67 68 69
f 67 69 70
f 71 72 73
f 71 73 74
f 75 76 77
f 75 77 78
f 79 80 81
f 79 81 82
f 83 84 85
f 83 85 86
f 87 88 89
f 87 89 90
f 91 92 93
f 91 93 94
f 95 96 97
f 95 97 98
f 99 100 101
f 99 101 102
f 103 104 105
f 103 105 106
f 107 108 109
f 107 109 110
f 111 112 113
f 111 113 114
f 115 116 117
f 115 117 118
f 119 120 121
f 119 121 122
f 123 124 125
f 123 125 126
f 127 128 129
f 127 129 130
f 131 132 133
f 131 133 134
f 135 136 137
f 135 137 138
f 139 138 137
f 139 137 140
f 141 142 138
f 141 143 142
f 144 145 146
f 144 146 147
f 148 149 150
f 148 150 151
f 152 148 151
f 152 151 153
f 154 155 156
f 154 156 157
f 158 159 160
f 158 160 161
f 162 163 164
f 162 164 165
f 166 167 168
f 166 168 169
f 170 171 172
f 170 172 173
f 174 175 176
f 174 176 177
f 178 179 180
f 178 180 181
f 182 183 184
f 182 184 185
f 186 187 188
f 186 188 189
f 190 191 192
f 190 192 193
f 194 195 196
f 194 196 197
f 198 199 200
f 198 200 201
f 202 203 204
f 202 204 205
f 206 207 208
f 206 208 209
f 210 211 212
f 210 212 213
f 214 215 216
f 214 216 217
f 218 219 220
f 218 220 221
f 222 223 224
f 222 224 225
f 226 227 228
f 226 228 229
f 230 231 232
f 230 232 233
f 234 235 236
f 234 236 237
f 238 239 240
f 238 240 241
f 242 243 244
f 242 244 245
f 246 247 248
f 246 248 249
f 250 251 252
f 250 252 253
f 254 255 256
f 254 256 257
f 258 259 260
f 258 260 261
f 262 263 264
f 262 265 263
f 266 263 265
f 266 267 263
f 268 269 270
f 268 270 271
f 272 273 274
f 272 274 275
f 276 277 278
f 276 278 279
f 280 281 282
f 280 282 283
f 284 285 286
f 284 286 287
f 288 289 290
f 288 290 291
f 292 293 294
f 292 294 295
f 296 297 298
f 296 298 299
f 300 301 302
f 300 302 303
f 304 305 306
f 304 306 307
f 308 309 310
f 308 310 311
f 312 313 314
f 312 314 315
f 316 317 318
f 316 318 319
f 320 321 322
f 320 322 323
f 324 325 326
f 324 326 327
f 328 329 330
f 328 330 331
f 332 333 334
f 332 335 333
f 336 333 335
f 336 337 333
f 338 339 340
f 338 340 341
f 342 343 344
f 342 344 345
f 346 347 348
f 346 348 349
f 350 351 352
f 350 352 353
f 354 355 356
f 354 356 357
f 358 359 360
f 358 360 361
f 362 363 364
f 362 364 365
f 366 367 368
f 366 368 369
f 370 371 372
f 370 372 373
f 374 375 376
f 374 376 377
f 378 379 380
f 378 380 381
f 382 383 384
f 382 384 385
f 386 387 388
f 386 388 389
f 390 391 392
f 390 392 393
f 394 395 396
f 394 396 397
f 398 399 400
f 398 400 401
f 402 403 404
f 402 404 405
f 406 407 408
f 406 408 409
f 410 411 412
f 410 412 413
f 414 415 416
f 414 416 417
f 418 419 420
f 418 420 421
f 422 423 424
f 422 424 425
f 426 427 428
f 426 428 429
f 430 431 432
f 430 432 433
f 434 435 436
f 434 437 435
f 438 437 439
f 438 439 440
f 441 442 443
f 441 443 444
f 445 446 447
f 445 447 448
f 449 450 451
f 449 451 452
f 453 454 455
f 453 455 456
f 457 458 459
f 457 459 460
f 461 462 463
f 461 463 464
f 465 466 467
f 465 467 468
f 465 468 469
f 465 469 470
f 471 472 473
f 471 473 474
f 475 476 477
f 475 477 478
f 479 480 481
f 479 481 482
f 483 484 485
f 483 485 486
f 487 488 489
f 487 489 490
f 491 492 493
f 491 493 494
f 495 496 497
f 495 497 498
f 499 500 501
f 499 501 502
f 503 504 505
f 503 505 506
f 507 508 509
f 507 509 510
f 511 512 513
f 511 513 514
f 515 516 517
f 515 517 518
f 519 520 521
f 519 521 522
f 523 524 525
f 523 525 526
f 527 528 529
f 527 529 530
f 531 532 533
f 531 533 534
f 535 536 537
f 535 537 538
f 539 540 541
f 539 541 542
f 543 544 545
f 543 545 546
f 547 548 549
f 547 549 550
f 551 552 553
f 551 553 554
f 555 556 557
f 555 557 558
f 559 560 561
f 559 561 562
f 563 564 565
f 563 565 566
f 567 568 569
f 567 569 570
f 571 572 573
f 571 573 574
f 575 576 577
f 575 577 578
f 579 580 581
f 579 581 582
f 583 584 585
f 583 585 586
f 587 588 589
f 587 589 590
f 591 592 593
f 591 593 594
f 595 596 597
f 595 597 598
f 599 600 601
f 599 601 602
f 603 604 605
f 603 605 606
f 607 608 609
f 607 609 610
f 611 612 613
f 611 613 614
f 615 616 617
f 615 617 618
f 619 620 621
f 619 621 622
f 623 624 625
f 623 625 626
f 627 628 629
f 627 629 630
f 631 632 633
f 631 633 634
f 635 636 637
f 635 637 638
f 639 640 641
f 639 641 642
f 643 644 645
f 643 645 646
f 647 648 649
f 647 649 650
f 651 652 653
f 651 653 654
f 655 656 657
f 655 657 658
f 659 660 661
f 659 661 662
f 663 664 665
f 663 665 666
f 667 668 669
f 667 669 670
f 671 672 673
f 671 673 674
f 675 676 677
f 675 677 678
f 679 680 681
f 679 681 682
f 683 684 685
f 683 685 686
f 687 688 689
f 687 689 690
f 691 692 693
f 691 693 694
f 695 696 697
f 695 697 698
f 699 700 701
f 699 701 702
f 703 704 705
f 703 705 706
f 707 708 709
f 707 709 710
f 711 712 713
f 711 713 714
f 715 716 717
f 715 718 716
f 719 718 720
f 719 720 721
f 722 723 724
f 722 724 725
f 726 727 728
f 726 728 729
f 730 731 732
f 730 732 733
f 734 735 736
f 734 736 737
f 738 739 740
f 738 740 741
f 742 743 744
f 742 744 745
f 746 747 748
f 746 748 749
f 746 749 750
f 746 750 751
f 752 753 754
f 752 754 755
f 756 757 758
f 756 758 759
f 760 761 762
f 760 762 763
f 764 765 766
f 764 766 767
f 768 769 770
f 768 770 771
f 772 773 774
f 772 774 775
f 776 777 778
f 776 778 779
f 780 781 782
f 780 782 783
f 784 785 786
f 784 786 787
f 788 789 790
f 788 790 791
f 792 793 794
f 792 794 795
f 796 797 798
f 796 798 799
f 800 801 802
f 800 802 803
f 804 805 806
f 804 806 807
f 808 809 810
f 808 810 811
f 812 813 814
f 812 814 815
f 816 817 818
f 816 818 819
f 820 821 822
f 820 822 823
f 824 825 826
f 824 826 827
f 828 829 830
f 828 830 831
f 832 833 834
f 832 834 835
f 836 837 838
f 836 838 839
f 840 841 842
f 840 842 843
f 844 845 846
f 844 846 847
f 848 849 850
f 848 850 851
f 852 853 854
f 852 854 855
f 856 857 858
f 856 858 859
f 860 861 862
f 860 862 863
f 864 865 866
f 864 866 867
f 868 869 870
f 868 870 871
f 872 873 874
f 872 874 875
f 876 877 878
f 876 878 879
f 880 881 882
f 880 882 883
f 884 885 886
f 884 886 887
f 888 889 890
f 888 890 891
f 892 893 894
f 892 894 895
f 896 897 898
f 896 898 899
f 900 901 902
f 900 902 903
f 904 905 906
f 904 906 907
f 908 909 910
f 908 910 911
f 912 913 914
f 912 914 915
f 916 917 918
f 916 918 919
f 920 921 922
f 920 922 923
f 924 925 926
f 924 926 927
f 928 929 930
f 928 930 931
f 932 933 934
f 932 934 935
f 936 937 938
f 936 938 939
f 940 941 942
f 940 942 943
f 944 945 946
f 944 946 947
f 948 949 950
f 948 950 951
f 952 953 954
f 952 954 955
f 956 957 958
f 956 958 959
f 960 961 962
f 960 962 963
f 964 965 966
f 964 966 967
f 968 969 970
f 968 970 971
f 972 973 974
f 972 974 975
f 976 977 978
f 976 978 979
f 980 981 982
f 980 982 983
f 984 985 986
f 984 986 987
f 988 989 990
f 988 990 991
f 992 991 990
f 992 990 993
f 994 995 991
f 994 996 995
f 997 998 999
f 997 999 1000
f 1001 1002 1003
f 1001 1003 1004
f 1005 1006 1007
f 1005 1007 1008
f 1009 1010 1011
f 1009 1011 1012
f 1013 1014 1015
f 1013 1015 1016
f 1017 1018 1019
f 1017 1019 1020
f 1021 1022 1023
f 1021 1023 1024
f 1025 1026 1027
f 1025 1027 1028
f 1029 1030 1031
f 1029 1031 1032
f 1033 1034 1035
f 1033 1035 1036
f 1037 1038 1039
f 1037 1039 1040
f 1041 1042 1043
f 1041 1043 1044
f 1045 1046 1047
f 1045 1047 1048
f 1049 1050 1051
f 1049 1051 1052
f 1053 1054 1055
f 1053 1055 1056
f 1057 1058 1059
f 1057 1059 1060
f 1061 1062 1063
f 1061 1063 1064
f 1065 1066 1067
f 1065 1067 1068
f 1069 1070 1071
f 1069 1071 1072
f 1073 1074 1075
f 1073 1075 1076
f 1077 1078 1079
f 1077 1079 1080
f 1081 1082 1083
f 1081 1083 1084
f 1085 1086 1087
f 1085 1087 1088
f 1089 1090 1091
f 1089 1091 1092
f 1093 1094 1095
f 1093 1095 1096
f 1097 1098 1099
f 1097 1099 1100
f 1101 1102 1103
f 1101 1103 1104
f 1105 1106 1107
f 1105 1107 1108
f 1109 1110 1111
f 1109 1111 1112
f 1113 1114 1115
f 1113 1115 1116
f 1117 1118 1119
f 1117 1119 1120
f 1121 1122 1123
f 1121 1123 1124
f 1125 1126 1127
f 1125 1127 1128
f 1129 1130 1131
f 1129 1131 1132
f 1133 1134 1135
f 1133 1135 1136
f 1137 1138 1139
f 1137 1139 1140
f 1141 1142 1143
f 1141 1143 1144
f 1145 1146 1147
f 1145 1147 1148
g Pepper_Red_PaleGreen
usemtl PaleGreen
f 1149 1150 1151
f 1152 1153 1154
f 1155 1156 1157
f 1158 1159 1160
f 1161 1162 1163
f 1164 1165 1166
f 1167 1168 1169
f 1170 1171 1172
f 1173 1174 1175
f 1173 1175 1176
f 1177 1178 1179
f 1177 1179 1180
f 1181 1182 1183
f 1181 1183 1184
f 1185 1186 1187
f 1185 1187 1188
f 1189 1190 1191
f 1189 1191 1192
f 1193 1194 1195
f 1193 1195 1196
f 1197 1198 1199
f 1197 1199 1200
f 1201 1202 1203
f 1201 1203 1204
f 1205 1206 1207
f 1205 1207 1208
f 1209 1210 1211
f 1209 1211 1212
f 1213 1214 1215
f 1213 1215 1216
f 1217 1218 1219
f 1217 1219 1220
f 1217 1220 1221
f 1217 1221 1222
f 1223 1224 1225
f 1223 1225 1226
f 1227 1228 1229
f 1227 1229 1230
f 1231 1232 1233
f 1231 1233 1234
f 1235 1236 1237
f 1235 1237 1238
f 1239 1240 1241
f 1239 1241 1242
f 1243 1244 1245
f 1243 1245 1246
f 1247 1248 1249
f 1247 1249 1250
f 1251 1252 1253
f 1251 1253 1254
f 1255 1256 1257
f 1255 1257 1258
f 1259 1260 1261
f 1259 1261 1262
f 1263 1264 1265
f 1263 1265 1266
f 1267 1268 1269
f 1267 1269 1270
f 1271 1272 1273
f 1271 1273 1274
f 1275 1276 1277
f 1275 1277 1278
f 1279 1280 1281
f 1279 1281 1282
f 1283 1284 1285
f 1283 1285 1286
f 1287 1288 1289
f 1287 1290 1288
f 1291 1288 1290
f 1291 1292 1288
f 1293 1294 1295
f 1293 1295 1296
f 1297 1296 1295
f 1297 1295 1298
f 1299 1300 1301
f 1299 1301 1302
f 1303 1304 1305
f 1303 1305 1306
f 1307 1308 1309
f 1307 1309 1310
f 1307 1310 1311
f 1307 1311 1312
f 1313 1314 1315
f 1313 1315 1316
f 1317 1318 1319
f 1317 1319 1320
f 1321 1322 1323
f 1321 1323 1324
f 1325 1326 1327
f 1325 1327 1328
f 1329 1330 1331
f 1329 1331 1332
f 1333 1334 1335
f 1333 1335 1336
f 1337 1338 1339
f 1337 1339 1340
f 1341 1342 1343
f 1341 1343 1344
f 1345 1346 1347
f 1345 1347 1348
f 1349 1350 1351
f 1349 1351 1352
f 1353 1354 1355
f 1353 1355 1356
f 1357 1358 1359
f 1357 1359 1360
f 1361 1362 1363
f 1361 1363 1364
f 1365 1366 1367
f 1365 1367 1368
f 1369 1370 1371
f 1369 1371 1372
f 1373 1374 1375
f 1373 1376 1374
f 1373 1377 1376
f 1373 1378 1377
f 1379 1380 1381
f 1379 1381 1382
f 1383 1384 1385
f 1383 1385 1386
f 1387 1388 1389
f 1387 1389 1390
f 1391 1392 1393
f 1391 1393 1394
f 1395 1396 1397
f 1395 1397 1398
f 1399 1400 1401
f 1399 1401 1402
f 1403 1404 1405
f 1403 1405 1406
f 1407 1408 1409
f 1407 1409 1410
f 1411 1410 1409
f 1411 1409 1412
f 1413 1414 1415
f 1413 1415 1416
f 1417 1418 1419
f 1417 1419 1420
f 1421 1422 1423
f 1421 1423 1424
f 1425 1426 1427
f 1425 1427 1428
f 1429 1430 1431
f 1429 1431 1432
f 1433 1434 1435
f 1433 1435 1436
f 1437 1438 1439
f 1437 1439 1440
f 1441 1442 1443
f 1441 1443 1444
f 1445 1446 1447
f 1445 1447 1448
f 1449 1450 1451
f 1449 1451 1452
f 1453 1454 1455
f 1453 1456 1454
f 1457 1454 1456
f 1457 1458 1454
f 1459 1460 1461
f 1459 1461 1462
f 1463 1464 1465
f 1463 1465 1466
f 1467 1468 1469
f 1467 1469 1470
f 1471 1472 1473
f 1471 1473 1474
f 1475 1476 1477
f 1475 1477 1478
f 1479 1478 1477
f 1479 1477 1480
f 1481 1482 1483
f 1481 1483 1484
f 1485 1486 1487
f 1485 1487 1488
f 1489 1490 1491
f 1489 1491 1492
f 1493 1492 1491
f 1493 1491 1494
f 1495 1496 1497
f 1495 1497 1498
f 1499 1500 1501
f 1499 1501 1502
f 1503 1504 1505
f 1503 1506 1504
f 1507 1504 1506
f 1507 1508 1504
f 1509 1510 1511
f 1509 1511 1512
f 1513 1514 1515
f 1513 1515 1516
f 1517 1518 1519
f 1517 1519 1520
f 1521 1522 1523
f 1521 1523 1524
f 1525 1526 1527
f 1525 1527 1528
f 1529 1530 1531
f 1529 1531 1532
f 1533 1534 1535
f 1533 1535 1536
f 1533 1536 1537
f 1533 1537 1538
f 1539 1540 1541
f 1539 1541 1542
f 1543 1544 1545
f 1543 1545 1546
f 1547 1548 1549
f 1547 1549 1550
f 1551 1552 1553
f 1551 1553 1554
f 1555 1556 1557
f 1555 1557 1558
f 1559 1560 1561
f 1559 1561 1562
f 1563 1564 1565
f 1563 1565 1566
f 1567 1568 1569
f 1567 1569 1570
f 1571 1572 1568
f 1573 1570 1572
f 1571 1574 1572
f 1573 1572 1575
f 1576 1572 1574
f 1576 1575 1572
