mtllib Materials.mtl
# Ultimate Food Pack - Pepper_Green
o Pepper_Green
v 0.234683 0.889873 0.251803
v 0.188953 0.912036 0.202129
v 0.079688 0.859413 0.263095
v 0.114731 0.842315 0.314521
v 0.295588 0.859591 0.129473
v 0.307039 0.828871 0.066343
v 0.263515 0.841328 0.000000
v 0.244031 0.874541 0.088890
v 0.295588 0.859591 0.129473
v 0.332039 0.792374 0.165676
v 0.337084 0.771825 0.096738
v 0.307039 0.828871 0.066343
v 0.234683 0.889873 0.251803
v 0.295588 0.859591 0.129473
v 0.244031 0.874541 0.088890
v 0.188953 0.912036 0.202129
v 0.284776 0.330887 0.150946
v 0.237460 0.335322 0.255808
v 0.198784 0.114208 0.190997
v 0.245883 0.138843 0.124304
v 0.245883 0.138843 0.124304
v 0.198784 0.114208 0.190997
v 0.179300 0.046598 0.145638
v 0.225496 0.090806 0.098584
v 0.119558 0.126072 0.225321
v 0.076853 0.138590 0.222311
v 0.062978 0.087467 0.174255
v 0.102201 0.065873 0.173298
v 0.198784 0.114226 -0.190997
v 0.179300 0.046610 -0.145638
v 0.102201 0.065867 -0.173298
v 0.119558 0.126049 -0.225321
v 0.036212 0.834752 0.113935
v 0.000000 0.829492 0.118402
v 0.000000 0.818668 0.168655
v 0.045850 0.829761 0.161128
v 0.036212 0.834752 0.113935
v 0.028929 0.865974 0.076558
v 0.000675 0.862810 0.078631
v 0.000000 0.829492 0.118402
v 0.085152 0.845204 0.093300
v 0.036212 0.834752 0.113935
v 0.045850 0.829761 0.161128
v 0.113599 0.852807 0.126070
v 0.234683 0.889873 0.251803
v 0.269702 0.810956 0.291642
v 0.332039 0.792374 0.165676
v 0.295588 0.859591 0.129473
v 0.148405 0.887779 0.161302
v 0.192438 0.856930 0.066101
v 0.144575 0.834501 0.052867
v 0.113599 0.852807 0.126070
v 0.333731 0.649625 0.172954
v 0.332039 0.792374 0.165676
v 0.269702 0.810956 0.291642
v 0.275038 0.662749 0.299544
v 0.159780 0.643279 0.354682
v 0.147433 0.777041 0.351087
v 0.083009 0.751418 0.355015
v 0.096910 0.628393 0.352302
v 0.237460 0.335322 0.255808
v 0.275038 0.662749 0.299544
v 0.159780 0.643279 0.354682
v 0.144854 0.332656 0.298644
v 0.037571 0.148225 -0.206851
v 0.000000 0.152298 -0.196009
v 0.000000 0.331829 -0.242610
v 0.044814 0.331354 -0.263559
v 0.149997 0.020467 0.078311
v 0.179300 0.046598 0.145638
v 0.102201 0.065873 0.173298
v 0.074120 0.038333 0.093574
v 0.284776 0.330887 0.150946
v 0.333731 0.649625 0.172954
v 0.275038 0.662749 0.299544
v 0.237460 0.335322 0.255808
v 0.144854 0.332656 0.298644
v 0.159780 0.643279 0.354682
v 0.096910 0.628393 0.352302
v 0.093624 0.330714 0.292210
v 0.284776 0.330887 0.150946
v 0.282989 0.330632 0.092618
v 0.335170 0.639489 0.102544
v 0.333731 0.649625 0.172954
v 0.333731 0.649625 0.172954
v 0.335170 0.639489 0.102544
v 0.337084 0.771825 0.096738
v 0.332039 0.792374 0.165676
v 0.114731 0.842315 0.314521
v 0.079688 0.859413 0.263095
v 0.000000 0.818797 0.289316
v 0.055352 0.805621 0.328533
v 0.234683 0.889873 0.251803
v 0.114731 0.842315 0.314521
v 0.147433 0.777041 0.351087
v 0.269702 0.810956 0.291642
v 0.275038 0.662749 0.299544
v 0.269702 0.810956 0.291642
v 0.147433 0.777041 0.351087
v 0.159780 0.643279 0.354682
v 0.114731 0.842315 0.314521
v 0.055352 0.805621 0.328533
v 0.083009 0.751418 0.355015
v 0.147433 0.777041 0.351087
v 0.045822 0.330843 0.262492
v 0.093624 0.330714 0.292210
v 0.096910 0.628393 0.352302
v 0.045606 0.621533 0.328037
v 0.045606 0.621533 0.328037
v 0.038291 0.737622 0.343070
v 0.000076 0.735291 0.330562
v 0.000291 0.619725 0.310494
v 0.045606 0.621533 0.328037
v 0.096910 0.628393 0.352302
v 0.083009 0.751418 0.355015
v 0.038291 0.737622 0.343070
v 0.309105 0.803971 0.033997
v 0.295753 0.801987 0.000000
v 0.263515 0.841328 0.000000
v 0.307039 0.828871 0.066343
v 0.309105 0.803971 0.033997
v 0.321560 0.750503 0.045872
v 0.305626 0.741922 -0.000041
v 0.295753 0.801987 0.000000
v 0.309105 0.803971 0.033997
v 0.307039 0.828871 0.066343
v 0.337084 0.771825 0.096738
v 0.321560 0.750503 0.045872
v 0.284776 0.330887 0.150946
v 0.245883 0.138843 0.124304
v 0.244953 0.155987 0.086527
v 0.282989 0.330632 0.092618
v 0.217583 0.163521 0.044361
v 0.197289 0.164841 0.000000
v 0.230587 0.331566 -0.000137
v 0.253000 0.331024 0.043907
v 0.308756 0.627547 0.047339
v 0.288236 0.621516 -0.000156
v 0.308756 0.627547 0.047339
v 0.282989 0.330632 0.092618
v 0.335170 0.639489 0.102544
v 0.245883 0.138843 0.124304
v 0.225496 0.090806 0.098584
v 0.227028 0.121467 0.078167
v 0.244953 0.155987 0.086527
v 0.045822 0.330843 0.262492
v 0.045606 0.621533 0.328037
v 0.000291 0.619725 0.310494
v 0.000255 0.331706 0.242346
v 0.037571 0.148230 0.206851
v 0.000000 0.152303 0.196009
v 0.217583 0.163521 0.044361
v 0.253000 0.331024 0.043907
v 0.282989 0.330632 0.092618
v 0.244953 0.155987 0.086527
v 0.026758 0.785709 0.333059
v 0.038291 0.737622 0.343070
v 0.083009 0.751418 0.355015
v 0.055352 0.805621 0.328533
v 0.026758 0.785709 0.333059
v 0.000000 0.787098 0.322376
v 0.000076 0.735291 0.330562
v 0.038291 0.737622 0.343070
v 0.026758 0.785709 0.333059
v 0.055352 0.805621 0.328533
v 0.000000 0.818797 0.289316
v 0.000000 0.787098 0.322376
v 0.308756 0.627547 0.047339
v 0.321560 0.750503 0.045872
v 0.337084 0.771825 0.096738
v 0.335170 0.639489 0.102544
v 0.308756 0.627547 0.047339
v 0.288236 0.621516 -0.000156
v 0.305626 0.741922 -0.000041
v 0.321560 0.750503 0.045872
v 0.037571 0.148230 0.206851
v 0.076853 0.138590 0.222311
v 0.093624 0.330714 0.292210
v 0.045822 0.330843 0.262492
v 0.144854 0.332656 0.298644
v 0.093624 0.330714 0.292210
v 0.076853 0.138590 0.222311
v 0.119558 0.126072 0.225321
v 0.217583 0.163521 0.044361
v 0.204714 0.121020 0.046433
v 0.184920 0.122632 0.000000
v 0.197289 0.164841 0.000000
v 0.217583 0.163521 0.044361
v 0.244953 0.155987 0.086527
v 0.227028 0.121467 0.078167
v 0.204714 0.121020 0.046433
v 0.037571 0.148230 0.206851
v 0.031024 0.103259 0.172312
v 0.062978 0.087467 0.174255
v 0.076853 0.138590 0.222311
v 0.037571 0.148230 0.206851
v 0.000000 0.152303 0.196009
v 0.000000 0.107994 0.163078
v 0.031024 0.103259 0.172312
v 0.074120 0.038333 0.093574
v 0.102201 0.065873 0.173298
v 0.062978 0.087467 0.174255
v 0.040161 0.061892 0.100972
v 0.149997 0.020467 0.078311
v 0.074120 0.038333 0.093574
v 0.057399 0.032855 0.000000
v 0.132891 0.017698 0.000000
v 0.193935 0.075700 0.054006
v 0.225496 0.090806 0.098584
v 0.179300 0.046598 0.145638
v 0.149997 0.020467 0.078311
v 0.074120 0.038333 0.093574
v 0.040161 0.061892 0.100972
v 0.000000 0.054431 0.000000
v 0.057399 0.032855 0.000000
v 0.193935 0.075700 0.054006
v 0.149997 0.020467 0.078311
v 0.132891 0.017698 0.000000
v 0.175361 0.076334 0.000000
v 0.193935 0.075700 0.054006
v 0.204714 0.121020 0.046433
v 0.227028 0.121467 0.078167
v 0.225496 0.090806 0.098584
v 0.193935 0.075700 0.054006
v 0.175361 0.076334 0.000000
v 0.184920 0.122632 0.000000
v 0.204714 0.121020 0.046433
v 0.021631 0.079173 0.120600
v 0.040161 0.061892 0.100972
v 0.062978 0.087467 0.174255
v 0.031024 0.103259 0.172312
v 0.021631 0.079173 0.120600
v 0.000000 0.079395 0.103321
v 0.000000 0.054431 0.000000
v 0.040161 0.061892 0.100972
v 0.021631 0.079173 0.120600
v 0.031024 0.103259 0.172312
v 0.000000 0.107994 0.163078
v 0.000000 0.079395 0.103321
v 0.103640 0.835960 0.040753
v 0.072251 0.867312 0.030648
v 0.063040 0.870892 0.066831
v 0.085152 0.845204 0.093300
v 0.058495 0.846640 0.211285
v 0.148405 0.887779 0.161302
v 0.113599 0.852807 0.126070
v 0.045850 0.829761 0.161128
v 0.085152 0.845204 0.093300
v 0.063040 0.870892 0.066831
v 0.028929 0.865974 0.076558
v 0.036212 0.834752 0.113935
v 0.103640 0.835960 0.040753
v 0.085152 0.845204 0.093300
v 0.113599 0.852807 0.126070
v 0.144575 0.834501 0.052867
v 0.103640 0.835960 0.040753
v 0.144575 0.834501 0.052867
v 0.149319 0.824955 0.000000
v 0.106587 0.831216 0.000000
v 0.103640 0.835960 0.040753
v 0.073861 0.865262 0.000000
v 0.072251 0.867312 0.030648
v 0.106587 0.831216 0.000000
v 0.103640 0.835960 -0.040753
v 0.072251 0.867312 -0.030649
v 0.192438 0.856930 0.066101
v 0.244031 0.874541 0.088890
v 0.263515 0.841328 0.000000
v 0.198917 0.839975 0.000000
v 0.237460 0.335322 0.255808
v 0.144854 0.332656 0.298644
v 0.119558 0.126072 0.225321
v 0.198784 0.114208 0.190997
v 0.148405 0.887779 0.161302
v 0.188953 0.912036 0.202129
v 0.244031 0.874541 0.088890
v 0.192438 0.856930 0.066101
v 0.192438 0.856930 0.066101
v 0.198917 0.839975 0.000000
v 0.149319 0.824955 0.000000
v 0.144575 0.834501 0.052867
v 0.058495 0.846640 0.211285
v 0.079688 0.859413 0.263095
v 0.188953 0.912036 0.202129
v 0.148405 0.887779 0.161302
v 0.058495 0.846640 0.211285
v 0.000000 0.826624 0.221787
v 0.000000 0.818797 0.289316
v 0.079688 0.859413 0.263095
v 0.058495 0.846640 0.211285
v 0.045850 0.829761 0.161128
v 0.000000 0.818668 0.168655
v 0.000000 0.826624 0.221787
v 0.234683 0.889873 -0.251803
v 0.114731 0.842315 -0.314521
v 0.079688 0.859413 -0.263095
v 0.188953 0.912036 -0.202129
v 0.234683 0.889873 -0.251803
v 0.188953 0.912036 -0.202129
v 0.244031 0.874541 -0.088890
v 0.295588 0.859590 -0.129473
v 0.295588 0.859590 -0.129473
v 0.307039 0.828871 -0.066343
v 0.335939 0.771803 -0.096982
v 0.331277 0.792372 -0.165841
v 0.295588 0.859590 -0.129473
v 0.244031 0.874541 -0.088890
v 0.263515 0.841328 0.000000
v 0.307039 0.828871 -0.066343
v 0.282214 0.330870 -0.151485
v 0.245883 0.138855 -0.124304
v 0.198784 0.114226 -0.190997
v 0.237460 0.335322 -0.255808
v 0.119558 0.126049 -0.225321
v 0.102201 0.065867 -0.173298
v 0.062978 0.087461 -0.174255
v 0.076853 0.138584 -0.222311
v 0.245883 0.138855 -0.124304
v 0.225496 0.090807 -0.098584
v 0.179300 0.046610 -0.145638
v 0.198784 0.114226 -0.190997
v -0.198784 0.114245 0.190997
v -0.179300 0.046625 0.145638
v -0.102201 0.065870 0.173298
v -0.119558 0.126049 0.225321
v 0.085152 0.845204 -0.093301
v 0.113599 0.852807 -0.126071
v 0.045850 0.829761 -0.161128
v 0.036212 0.834752 -0.113935
v 0.036212 0.834752 -0.113935
v 0.000000 0.829491 -0.118402
v 0.000675 0.862810 -0.078631
v 0.028929 0.865974 -0.076558
v 0.036212 0.834752 -0.113935
v 0.045850 0.829761 -0.161128
v 0.000000 0.818668 -0.168655
v 0.000000 0.829491 -0.118402
v 0.234683 0.889873 -0.251803
v 0.295588 0.859590 -0.129473
v 0.331277 0.792372 -0.165841
v 0.269702 0.810956 -0.291643
v 0.148405 0.887778 -0.161303
v 0.113599 0.852807 -0.126071
v 0.144575 0.834501 -0.052868
v 0.192438 0.856930 -0.066101
v 0.330795 0.649596 -0.173580
v 0.275038 0.662749 -0.299544
v 0.269702 0.810956 -0.291643
v 0.331277 0.792372 -0.165841
v -0.037571 0.148229 0.206851
v 0.000000 0.152303 0.196009
v 0.000255 0.331706 0.242346
v -0.044814 0.331357 0.263559
v 0.237460 0.335322 -0.255808
v 0.143848 0.333115 -0.299698
v 0.158631 0.643886 -0.355894
v 0.275038 0.662749 -0.299544
v 0.158631 0.643886 -0.355894
v 0.095188 0.629328 -0.354130
v 0.082558 0.751653 -0.355478
v 0.147131 0.777189 -0.351392
v 0.149997 0.020468 -0.078311
v 0.074120 0.038328 -0.093574
v 0.102201 0.065867 -0.173298
v 0.179300 0.046610 -0.145638
v 0.143848 0.333115 -0.299698
v 0.092129 0.331477 -0.293844
v 0.095188 0.629328 -0.354130
v 0.158631 0.643886 -0.355894
v 0.282214 0.330870 -0.151485
v 0.237460 0.335322 -0.255808
v 0.275038 0.662749 -0.299544
v 0.330795 0.649596 -0.173580
v 0.282214 0.330870 -0.151485
v 0.330795 0.649596 -0.173580
v 0.330734 0.639350 -0.103464
v 0.279126 0.330568 -0.093417
v 0.330795 0.649596 -0.173580
v 0.331277 0.792372 -0.165841
v 0.335939 0.771803 -0.096982
v 0.330734 0.639350 -0.103464
v 0.114731 0.842315 -0.314521
v 0.055352 0.805621 -0.328533
v 0.000000 0.818796 -0.289316
v 0.079688 0.859413 -0.263095
v 0.114731 0.842315 -0.314521
v 0.147131 0.777189 -0.351392
v 0.082558 0.751653 -0.355478
v 0.055352 0.805621 -0.328533
v 0.275038 0.662749 -0.299544
v 0.158631 0.643886 -0.355894
v 0.147131 0.777189 -0.351392
v 0.269702 0.810956 -0.291643
v 0.234683 0.889873 -0.251803
v 0.269702 0.810956 -0.291643
v 0.147131 0.777189 -0.351392
v 0.114731 0.842315 -0.314521
v 0.044814 0.331354 -0.263559
v 0.044450 0.622154 -0.329245
v 0.095188 0.629328 -0.354130
v 0.092129 0.331477 -0.293844
v 0.044450 0.622154 -0.329245
v 0.037990 0.737779 -0.343378
v 0.082558 0.751653 -0.355478
v 0.095188 0.629328 -0.354130
v 0.044450 0.622154 -0.329245
v 0.000000 0.619885 -0.310797
v 0.000000 0.735331 -0.330639
v 0.037990 0.737779 -0.343378
v 0.309105 0.803970 -0.033998
v 0.307039 0.828871 -0.066343
v 0.263515 0.841328 0.000000
v 0.295753 0.801987 0.000000
v 0.309105 0.803970 -0.033998
v 0.320802 0.750488 -0.046034
v 0.335939 0.771803 -0.096982
v 0.307039 0.828871 -0.066343
v 0.309105 0.803970 -0.033998
v 0.295753 0.801987 0.000000
v 0.305626 0.741922 -0.000041
v 0.320802 0.750488 -0.046034
v 0.282214 0.330870 -0.151485
v 0.279126 0.330568 -0.093417
v 0.244953 0.155988 -0.086527
v 0.245883 0.138855 -0.124304
v 0.245883 0.138855 -0.124304
v 0.244953 0.155988 -0.086527
v 0.227028 0.121469 -0.078167
v 0.225496 0.090807 -0.098584
v 0.217583 0.163521 -0.044361
v 0.230587 0.331566 -0.000137
v 0.197289 0.164841 0.000000
v 0.250435 0.330971 -0.044446
v 0.305830 0.627470 -0.047959
v 0.279126 0.330568 -0.093417
v 0.330734 0.639350 -0.103464
v 0.044814 0.331354 -0.263559
v 0.000000 0.331829 -0.242610
v 0.000000 0.619885 -0.310797
v 0.044450 0.622154 -0.329245
v 0.305830 0.627470 -0.047959
v 0.288236 0.621516 -0.000156
v 0.230587 0.331566 -0.000137
v 0.250435 0.330971 -0.044446
v 0.217583 0.163521 -0.044361
v 0.244953 0.155988 -0.086527
v 0.279126 0.330568 -0.093417
v 0.250435 0.330971 -0.044446
v 0.026758 0.785709 -0.333059
v 0.055352 0.805621 -0.328533
v 0.082558 0.751653 -0.355478
v 0.037990 0.737779 -0.343378
v 0.026758 0.785709 -0.333059
v 0.000000 0.787098 -0.322376
v 0.000000 0.818796 -0.289316
v 0.055352 0.805621 -0.328533
v 0.026758 0.785709 -0.333059
v 0.037990 0.737779 -0.343378
v 0.000000 0.735331 -0.330639
v 0.000000 0.787098 -0.322376
v 0.305830 0.627470 -0.047959
v 0.330734 0.639350 -0.103464
v 0.335939 0.771803 -0.096982
v 0.320802 0.750488 -0.046034
v 0.305626 0.741922 -0.000041
v 0.288236 0.621516 -0.000156
v 0.037571 0.148225 -0.206851
v 0.044814 0.331354 -0.263559
v 0.092129 0.331477 -0.293844
v 0.076853 0.138584 -0.222311
v 0.143848 0.333115 -0.299698
v 0.119558 0.126049 -0.225321
v 0.076853 0.138584 -0.222311
v 0.092129 0.331477 -0.293844
v 0.217583 0.163521 -0.044361
v 0.204714 0.121020 -0.046433
v 0.227028 0.121469 -0.078167
v 0.244953 0.155988 -0.086527
v 0.217583 0.163521 -0.044361
v 0.197289 0.164841 0.000000
v 0.184920 0.122632 0.000000
v 0.204714 0.121020 -0.046433
v 0.037571 0.148225 -0.206851
v 0.031024 0.103254 -0.172312
v 0.000000 0.107989 -0.163078
v 0.000000 0.152298 -0.196009
v 0.037571 0.148225 -0.206851
v 0.076853 0.138584 -0.222311
v 0.062978 0.087461 -0.174255
v 0.031024 0.103254 -0.172312
v 0.074120 0.038328 -0.093574
v 0.040161 0.061888 -0.100972
v 0.062978 0.087461 -0.174255
v 0.102201 0.065867 -0.173298
v 0.074120 0.038328 -0.093574
v 0.057399 0.032855 0.000000
v 0.000000 0.054431 0.000000
v 0.040161 0.061888 -0.100972
v 0.193935 0.075701 -0.054006
v 0.149997 0.020468 -0.078311
v 0.179300 0.046610 -0.145638
v 0.225496 0.090807 -0.098584
v 0.149997 0.020468 -0.078311
v 0.132891 0.017698 0.000000
v 0.057399 0.032855 0.000000
v 0.074120 0.038328 -0.093574
v 0.193935 0.075701 -0.054006
v 0.175361 0.076334 0.000000
v 0.132891 0.017698 0.000000
v 0.149997 0.020468 -0.078311
v 0.193935 0.075701 -0.054006
v 0.204714 0.121020 -0.046433
v 0.184920 0.122632 0.000000
v 0.175361 0.076334 0.000000
v 0.193935 0.075701 -0.054006
v 0.225496 0.090807 -0.098584
v 0.227028 0.121469 -0.078167
v 0.204714 0.121020 -0.046433
v 0.021631 0.079168 -0.120600
v 0.031024 0.103254 -0.172312
v 0.062978 0.087461 -0.174255
v 0.040161 0.061888 -0.100972
v 0.021631 0.079168 -0.120600
v 0.000000 0.079391 -0.103321
v 0.000000 0.107989 -0.163078
v 0.031024 0.103254 -0.172312
v 0.021631 0.079168 -0.120600
v 0.040161 0.061888 -0.100972
v 0.000000 0.054431 0.000000
v 0.000000 0.079391 -0.103321
v 0.103640 0.835960 -0.040753
v 0.085152 0.845204 -0.093301
v 0.063040 0.870891 -0.066831
v 0.072251 0.867312 -0.030649
v 0.058495 0.846640 -0.211286
v 0.045850 0.829761 -0.161128
v 0.113599 0.852807 -0.126071
v 0.148405 0.887778 -0.161303
v 0.085152 0.845204 -0.093301
v 0.036212 0.834752 -0.113935
v 0.028929 0.865974 -0.076558
v 0.063040 0.870891 -0.066831
v 0.103640 0.835960 -0.040753
v 0.144575 0.834501 -0.052868
v 0.113599 0.852807 -0.126071
v 0.085152 0.845204 -0.093301
v 0.103640 0.835960 -0.040753
v 0.106587 0.831216 0.000000
v 0.149319 0.824955 0.000000
v 0.144575 0.834501 -0.052868
v 0.192438 0.856930 -0.066101
v 0.198917 0.839975 0.000000
v 0.263515 0.841328 0.000000
v 0.244031 0.874541 -0.088890
v 0.192438 0.856930 -0.066101
v 0.144575 0.834501 -0.052868
v 0.149319 0.824955 0.000000
v 0.198917 0.839975 0.000000
v 0.148405 0.887778 -0.161303
v 0.192438 0.856930 -0.066101
v 0.244031 0.874541 -0.088890
v 0.188953 0.912036 -0.202129
v 0.237460 0.335322 -0.255808
v 0.198784 0.114226 -0.190997
v 0.119558 0.126049 -0.225321
v 0.143848 0.333115 -0.299698
v 0.058495 0.846640 -0.211286
v 0.148405 0.887778 -0.161303
v 0.188953 0.912036 -0.202129
v 0.079688 0.859413 -0.263095
v 0.058495 0.846640 -0.211286
v 0.000000 0.826624 -0.221787
v 0.000000 0.818668 -0.168655
v 0.045850 0.829761 -0.161128
v 0.058495 0.846640 -0.211286
v 0.079688 0.859413 -0.263095
v 0.000000 0.818796 -0.289316
v 0.000000 0.826624 -0.221787
v -0.234683 0.889873 0.251803
v -0.114731 0.842315 0.314521
v -0.079688 0.859413 0.263095
v -0.188953 0.912036 0.202129
v -0.234683 0.889873 0.251803
v -0.188953 0.912036 0.202129
v -0.244031 0.874541 0.088890
v -0.295588 0.859591 0.129473
v -0.295588 0.859591 0.129473
v -0.307039 0.828871 0.066343
v -0.335723 0.771528 0.097158
v -0.331135 0.792193 0.165958
v -0.295588 0.859591 0.129473
v -0.244031 0.874541 0.088890
v -0.263515 0.841328 0.000000
v -0.307039 0.828871 0.066343
v -0.281725 0.330322 0.151864
v -0.245883 0.138874 0.124304
v -0.198784 0.114245 0.190997
v -0.237460 0.335322 0.255808
v -0.119558 0.126049 0.225321
v -0.102201 0.065870 0.173298
v -0.062978 0.087465 0.174255
v -0.076853 0.138588 0.222311
v -0.245883 0.138874 0.124304
v -0.225496 0.090814 0.098584
v -0.179300 0.046625 0.145638
v -0.198784 0.114245 0.190997
v -0.198784 0.114201 -0.190997
v -0.119558 0.126049 -0.225321
v -0.102201 0.065867 -0.173298
v -0.179300 0.046599 -0.145638
v -0.085152 0.845204 0.093300
v -0.113599 0.852807 0.126070
v -0.045850 0.829761 0.161128
v -0.036212 0.834752 0.113935
v -0.036212 0.834752 0.113935
v 0.000000 0.829492 0.118402
v 0.000675 0.862810 0.078631
v -0.027651 0.863767 0.076538
v -0.036212 0.834752 0.113935
v -0.045850 0.829761 0.161128
v 0.000000 0.818668 0.168655
v 0.000000 0.829492 0.118402
v -0.234683 0.889873 0.251803
v -0.295588 0.859591 0.129473
v -0.331135 0.792193 0.165958
v -0.269702 0.810956 0.291642
v -0.148405 0.887778 0.161302
v -0.113599 0.852807 0.126070
v -0.144575 0.834501 0.052867
v -0.192438 0.856930 0.066101
v -0.330221 0.648883 0.174010
v -0.275038 0.662749 0.299544
v -0.269702 0.810956 0.291642
v -0.331135 0.792193 0.165958
v -0.037571 0.148225 -0.206851
v -0.044814 0.331354 -0.263559
v 0.000000 0.331829 -0.242610
v 0.000000 0.152298 -0.196009
v -0.237460 0.335322 0.255808
v -0.143848 0.333115 0.299698
v -0.158631 0.643886 0.355894
v -0.275038 0.662749 0.299544
v -0.158631 0.643886 0.355894
v -0.095188 0.629328 0.354130
v -0.082558 0.751653 0.355478
v -0.147131 0.777189 0.351392
v -0.149998 0.020473 0.078311
v -0.074120 0.038332 0.093574
v -0.102201 0.065870 0.173298
v -0.179300 0.046625 0.145638
v -0.143848 0.333115 0.299698
v -0.092129 0.331477 0.293844
v -0.095188 0.629328 0.354130
v -0.158631 0.643886 0.355894
v -0.281725 0.330322 0.151864
v -0.237460 0.335322 0.255808
v -0.275038 0.662749 0.299544
v -0.330221 0.648883 0.174010
v -0.281725 0.330322 0.151864
v -0.330221 0.648883 0.174010
v -0.329861 0.638265 0.104125
v -0.278366 0.329714 0.093990
v -0.330221 0.648883 0.174010
v -0.331135 0.792193 0.165958
v -0.335723 0.771528 0.097158
v -0.329861 0.638265 0.104125
v -0.114731 0.842315 0.314521
v -0.055352 0.805621 0.328533
v 0.000000 0.818797 0.289316
v -0.079688 0.859413 0.263095
v -0.114731 0.842315 0.314521
v -0.147131 0.777189 0.351392
v -0.082558 0.751653 0.355478
v -0.055352 0.805621 0.328533
v -0.275038 0.662749 0.299544
v -0.158631 0.643886 0.355894
v -0.147131 0.777189 0.351392
v -0.269702 0.810956 0.291642
v -0.234683 0.889873 0.251803
v -0.269702 0.810956 0.291642
v -0.147131 0.777189 0.351392
v -0.114731 0.842315 0.314521
v -0.044814 0.331357 0.263559
v -0.044450 0.622155 0.329245
v -0.095188 0.629328 0.354130
v -0.092129 0.331477 0.293844
v -0.044450 0.622155 0.329245
v -0.037990 0.737780 0.343378
v -0.082558 0.751653 0.355478
v -0.095188 0.629328 0.354130
v -0.044450 0.622155 0.329245
v 0.000291 0.619725 0.310494
v 0.000076 0.735291 0.330562
v -0.037990 0.737780 0.343378
v -0.309105 0.803971 0.033997
v -0.307039 0.828871 0.066343
v -0.263515 0.841328 0.000000
v -0.295753 0.801987 0.000000
v -0.309105 0.803971 0.033997
v -0.320656 0.750302 0.046153
v -0.335723 0.771528 0.097158
v -0.307039 0.828871 0.066343
v -0.309105 0.803971 0.033997
v -0.295753 0.801987 0.000000
v -0.305565 0.741874 0.000178
v -0.320656 0.750302 0.046153
v -0.281725 0.330322 0.151864
v -0.278366 0.329714 0.093990
v -0.244953 0.155995 0.086527
v -0.245883 0.138874 0.124304
v -0.245883 0.138874 0.124304
v -0.244953 0.155995 0.086527
v -0.227028 0.121475 0.078167
v -0.225496 0.090814 0.098584
v -0.217584 0.163528 0.044361
v -0.230378 0.331424 0.000597
v -0.197289 0.164847 0.000000
v -0.249937 0.330396 0.044840
v -0.305250 0.626739 0.048411
v -0.278366 0.329714 0.093990
v -0.329861 0.638265 0.104125
v -0.044814 0.331357 0.263559
v 0.000255 0.331706 0.242346
v 0.000291 0.619725 0.310494
v -0.044450 0.622155 0.329245
v -0.305250 0.626739 0.048411
v -0.287994 0.621331 0.000682
v -0.230378 0.331424 0.000597
v -0.249937 0.330396 0.044840
v -0.217584 0.163528 0.044361
v -0.244953 0.155995 0.086527
v -0.278366 0.329714 0.093990
v -0.249937 0.330396 0.044840
v -0.026758 0.785709 0.333059
v -0.055352 0.805621 0.328533
v -0.082558 0.751653 0.355478
v -0.037990 0.737780 0.343378
v -0.026758 0.785709 0.333059
v 0.000000 0.787098 0.322376
v 0.000000 0.818797 0.289316
v -0.055352 0.805621 0.328533
v -0.026758 0.785709 0.333059
v -0.037990 0.737780 0.343378
v 0.000076 0.735291 0.330562
v 0.000000 0.787098 0.322376
v -0.305250 0.626739 0.048411
v -0.329861 0.638265 0.104125
v -0.335723 0.771528 0.097158
v -0.320656 0.750302 0.046153
v -0.305565 0.741874 0.000178
v -0.287994 0.621331 0.000682
v -0.037571 0.148229 0.206851
v -0.044814 0.331357 0.263559
v -0.092129 0.331477 0.293844
v -0.076853 0.138588 0.222311
v -0.143848 0.333115 0.299698
v -0.119558 0.126049 0.225321
v -0.076853 0.138588 0.222311
v -0.092129 0.331477 0.293844
v -0.217584 0.163528 0.044361
v -0.204715 0.121026 0.046433
v -0.227028 0.121475 0.078167
v -0.244953 0.155995 0.086527
v -0.217584 0.163528 0.044361
v -0.197289 0.164847 0.000000
v -0.184920 0.122637 0.000000
v -0.204715 0.121026 0.046433
v -0.037571 0.148229 0.206851
v -0.031024 0.103258 0.172312
v 0.000000 0.107994 0.163078
v 0.000000 0.152303 0.196009
v -0.037571 0.148229 0.206851
v -0.076853 0.138588 0.222311
v -0.062978 0.087465 0.174255
v -0.031024 0.103258 0.172312
v -0.074120 0.038332 0.093574
v -0.040161 0.061892 0.100972
v -0.062978 0.087465 0.174255
v -0.102201 0.065870 0.173298
v -0.074120 0.038332 0.093574
v -0.057399 0.032859 0.000000
v 0.000000 0.054431 0.000000
v -0.040161 0.061892 0.100972
v -0.193935 0.075706 0.054006
v -0.149998 0.020473 0.078311
v -0.179300 0.046625 0.145638
v -0.225496 0.090814 0.098584
v -0.149998 0.020473 0.078311
v -0.132891 0.017702 0.000000
v -0.057399 0.032859 0.000000
v -0.074120 0.038332 0.093574
v -0.193935 0.075706 0.054006
v -0.175361 0.076339 0.000000
v -0.132891 0.017702 0.000000
v -0.149998 0.020473 0.078311
v -0.193935 0.075706 0.054006
v -0.204715 0.121026 0.046433
v -0.184920 0.122637 0.000000
v -0.175361 0.076339 0.000000
v -0.193935 0.075706 0.054006
v -0.225496 0.090814 0.098584
v -0.227028 0.121475 0.078167
v -0.204715 0.121026 0.046433
v -0.021631 0.079173 0.120600
v -0.031024 0.103258 0.172312
v -0.062978 0.087465 0.174255
v -0.040161 0.061892 0.100972
v -0.021631 0.079173 0.120600
v 0.000000 0.079395 0.103321
v 0.000000 0.107994 0.163078
v -0.031024 0.103258 0.172312
v -0.021631 0.079173 0.120600
v -0.040161 0.061892 0.100972
v 0.000000 0.054431 0.000000
v 0.000000 0.079395 0.103321
v -0.103640 0.835960 0.040753
v -0.085152 0.845204 0.093300
v -0.062032 0.866029 0.066794
v -0.070994 0.861608 0.030626
v -0.058495 0.846640 0.211285
v -0.045850 0.829761 0.161128
v -0.113599 0.852807 0.126070
v -0.148405 0.887778 0.161302
v -0.085152 0.845204 0.093300
v -0.036212 0.834752 0.113935
v -0.027651 0.863767 0.076538
v -0.062032 0.866029 0.066794
v -0.103640 0.835960 0.040753
v -0.144575 0.834501 0.052867
v -0.113599 0.852807 0.126070
v -0.085152 0.845204 0.093300
v -0.103640 0.835960 0.040753
v -0.106587 0.831216 0.000000
v -0.149319 0.824955 0.000000
v -0.144575 0.834501 0.052867
v -0.103640 0.835960 0.040753
v -0.070994 0.861608 0.030626
v -0.072459 0.859386 0.000000
v -0.106587 0.831216 0.000000
v -0.192438 0.856930 0.066101
v -0.198917 0.839975 0.000000
v -0.263515 0.841328 0.000000
v -0.244031 0.874541 0.088890
v -0.192438 0.856930 0.066101
v -0.144575 0.834501 0.052867
v -0.149319 0.824955 0.000000
v -0.198917 0.839975 0.000000
v -0.148405 0.887778 0.161302
v -0.192438 0.856930 0.066101
v -0.244031 0.874541 0.088890
v -0.188953 0.912036 0.202129
v -0.237460 0.335322 0.255808
v -0.198784 0.114245 0.190997
v -0.119558 0.126049 0.225321
v -0.143848 0.333115 0.299698
v -0.058495 0.846640 0.211285
v -0.148405 0.887778 0.161302
v -0.188953 0.912036 0.202129
v -0.079688 0.859413 0.263095
v -0.058495 0.846640 0.211285
v 0.000000 0.826624 0.221787
v 0.000000 0.818668 0.168655
v -0.045850 0.829761 0.161128
v -0.058495 0.846640 0.211285
v -0.079688 0.859413 0.263095
v 0.000000 0.818797 0.289316
v 0.000000 0.826624 0.221787
v -0.234683 0.889873 -0.251803
v -0.188953 0.912036 -0.202129
v -0.079688 0.859413 -0.263095
v -0.114731 0.842315 -0.314521
v -0.295588 0.859590 -0.129473
v -0.307039 0.828871 -0.066343
v -0.263515 0.841328 0.000000
v -0.244031 0.874541 -0.088890
v -0.295588 0.859590 -0.129473
v -0.331933 0.792366 -0.165241
v -0.336925 0.771812 -0.096091
v -0.307039 0.828871 -0.066343
v -0.234683 0.889873 -0.251803
v -0.295588 0.859590 -0.129473
v -0.244031 0.874541 -0.088890
v -0.188953 0.912036 -0.202129
v -0.284355 0.330821 -0.149459
v -0.237460 0.335322 -0.255808
v -0.198784 0.114201 -0.190997
v -0.245883 0.138838 -0.124304
v -0.245883 0.138838 -0.124304
v -0.198784 0.114201 -0.190997
v -0.179300 0.046599 -0.145638
v -0.225496 0.090808 -0.098584
v -0.119558 0.126049 -0.225321
v -0.076853 0.138584 -0.222311
v -0.062978 0.087461 -0.174255
v -0.102201 0.065867 -0.173298
v -0.036212 0.834752 -0.113935
v 0.000000 0.829491 -0.118402
v 0.000000 0.818668 -0.168655
v -0.045850 0.829761 -0.161128
v -0.036212 0.834752 -0.113935
v -0.027651 0.863767 -0.076538
v 0.000675 0.862810 -0.078631
v 0.000000 0.829491 -0.118402
v -0.085152 0.845204 -0.093301
v -0.036212 0.834752 -0.113935
v -0.045850 0.829761 -0.161128
v -0.113599 0.852807 -0.126071
v -0.234683 0.889873 -0.251803
v -0.269702 0.810956 -0.291643
v -0.331933 0.792366 -0.165241
v -0.295588 0.859590 -0.129473
v -0.148405 0.887778 -0.161303
v -0.192438 0.856930 -0.066101
v -0.144575 0.834501 -0.052868
v -0.113599 0.852807 -0.126071
v -0.333300 0.649561 -0.171272
v -0.331933 0.792366 -0.165241
v -0.269702 0.810956 -0.291643
v -0.275038 0.662749 -0.299544
v -0.158631 0.643886 -0.355894
v -0.147131 0.777189 -0.351392
v -0.082558 0.751653 -0.355478
v -0.095188 0.629328 -0.354130
v -0.237460 0.335322 -0.255808
v -0.275038 0.662749 -0.299544
v -0.158631 0.643886 -0.355894
v -0.143848 0.333115 -0.299698
v -0.149998 0.020470 -0.078311
v -0.179300 0.046599 -0.145638
v -0.102201 0.065867 -0.173298
v -0.074120 0.038328 -0.093574
v -0.284355 0.330821 -0.149459
v -0.333300 0.649561 -0.171272
v -0.275038 0.662749 -0.299544
v -0.237460 0.335322 -0.255808
v -0.143848 0.333115 -0.299698
v -0.158631 0.643886 -0.355894
v -0.095188 0.629328 -0.354130
v -0.092129 0.331477 -0.293844
v -0.284355 0.330821 -0.149459
v -0.282469 0.330623 -0.090457
v -0.334533 0.639403 -0.100050
v -0.333300 0.649561 -0.171272
v -0.333300 0.649561 -0.171272
v -0.334533 0.639403 -0.100050
v -0.336925 0.771812 -0.096091
v -0.331933 0.792366 -0.165241
v -0.114731 0.842315 -0.314521
v -0.079688 0.859413 -0.263095
v 0.000000 0.818796 -0.289316
v -0.055353 0.805621 -0.328533
v -0.234683 0.889873 -0.251803
v -0.114731 0.842315 -0.314521
v -0.147131 0.777189 -0.351392
v -0.269702 0.810956 -0.291643
v -0.275038 0.662749 -0.299544
v -0.269702 0.810956 -0.291643
v -0.147131 0.777189 -0.351392
v -0.158631 0.643886 -0.355894
v -0.114731 0.842315 -0.314521
v -0.055353 0.805621 -0.328533
v -0.082558 0.751653 -0.355478
v -0.147131 0.777189 -0.351392
v -0.044814 0.331354 -0.263559
v -0.092129 0.331477 -0.293844
v -0.095188 0.629328 -0.354130
v -0.044451 0.622154 -0.329245
v -0.044451 0.622154 -0.329245
v -0.037990 0.737779 -0.343378
v 0.000000 0.735331 -0.330639
v 0.000000 0.619885 -0.310797
v -0.044451 0.622154 -0.329245
v -0.095188 0.629328 -0.354130
v -0.082558 0.751653 -0.355478
v -0.037990 0.737779 -0.343378
v -0.309105 0.803970 -0.033998
v -0.295753 0.801987 0.000000
v -0.263515 0.841328 0.000000
v -0.307039 0.828871 -0.066343
v -0.309105 0.803970 -0.033998
v -0.321459 0.750503 -0.045444
v -0.305565 0.741874 0.000178
v -0.295753 0.801987 0.000000
v -0.309105 0.803970 -0.033998
v -0.307039 0.828871 -0.066343
v -0.336925 0.771812 -0.096091
v -0.321459 0.750503 -0.045444
v -0.284355 0.330821 -0.149459
v -0.245883 0.138838 -0.124304
v -0.244953 0.155989 -0.086527
v -0.282469 0.330623 -0.090457
v -0.217584 0.163525 -0.044361
v -0.197289 0.164847 0.000000
v -0.230378 0.331424 0.000597
v -0.252660 0.331029 -0.042473
v -0.308367 0.627543 -0.045698
v -0.287994 0.621331 0.000682
v -0.308367 0.627543 -0.045698
v -0.282469 0.330623 -0.090457
v -0.334533 0.639403 -0.100050
v -0.245883 0.138838 -0.124304
v -0.225496 0.090808 -0.098584
v -0.227028 0.121470 -0.078167
v -0.244953 0.155989 -0.086527
v -0.044814 0.331354 -0.263559
v -0.044451 0.622154 -0.329245
v 0.000000 0.619885 -0.310797
v 0.000000 0.331829 -0.242610
v -0.217584 0.163525 -0.044361
v -0.252660 0.331029 -0.042473
v -0.282469 0.330623 -0.090457
v -0.244953 0.155989 -0.086527
v -0.026758 0.785709 -0.333059
v -0.037990 0.737779 -0.343378
v -0.082558 0.751653 -0.355478
v -0.055353 0.805621 -0.328533
v -0.026758 0.785709 -0.333059
v 0.000000 0.787098 -0.322376
v 0.000000 0.735331 -0.330639
v -0.037990 0.737779 -0.343378
v -0.026758 0.785709 -0.333059
v -0.055353 0.805621 -0.328533
v 0.000000 0.818796 -0.289316
v 0.000000 0.787098 -0.322376
v -0.308367 0.627543 -0.045698
v -0.321459 0.750503 -0.045444
v -0.336925 0.771812 -0.096091
v -0.334533 0.639403 -0.100050
v -0.308367 0.627543 -0.045698
v -0.287994 0.621331 0.000682
v -0.305565 0.741874 0.000178
v -0.321459 0.750503 -0.045444
v -0.037571 0.148225 -0.206851
v -0.076853 0.138584 -0.222311
v -0.092129 0.331477 -0.293844
v -0.044814 0.331354 -0.263559
v -0.143848 0.333115 -0.299698
v -0.092129 0.331477 -0.293844
v -0.076853 0.138584 -0.222311
v -0.119558 0.126049 -0.225321
v -0.217584 0.163525 -0.044361
v -0.204715 0.121024 -0.046433
v -0.184920 0.122637 0.000000
v -0.197289 0.164847 0.000000
v -0.217584 0.163525 -0.044361
v -0.244953 0.155989 -0.086527
v -0.227028 0.121470 -0.078167
v -0.204715 0.121024 -0.046433
v -0.037571 0.148225 -0.206851
v -0.031024 0.103254 -0.172312
v -0.062978 0.087461 -0.174255
v -0.076853 0.138584 -0.222311
v -0.037571 0.148225 -0.206851
v 0.000000 0.152298 -0.196009
v 0.000000 0.107989 -0.163078
v -0.031024 0.103254 -0.172312
v -0.074120 0.038328 -0.093574
v -0.102201 0.065867 -0.173298
v -0.062978 0.087461 -0.174255
v -0.040161 0.061888 -0.100972
v -0.149998 0.020470 -0.078311
v -0.074120 0.038328 -0.093574
v -0.057399 0.032859 0.000000
v -0.132891 0.017702 0.000000
v -0.193935 0.075704 -0.054006
v -0.225496 0.090808 -0.098584
v -0.179300 0.046599 -0.145638
v -0.149998 0.020470 -0.078311
v -0.074120 0.038328 -0.093574
v -0.040161 0.061888 -0.100972
v 0.000000 0.054431 0.000000
v -0.057399 0.032859 0.000000
v -0.193935 0.075704 -0.054006
v -0.149998 0.020470 -0.078311
v -0.132891 0.017702 0.000000
v -0.175361 0.076339 0.000000
v -0.193935 0.075704 -0.054006
v -0.204715 0.121024 -0.046433
v -0.227028 0.121470 -0.078167
v -0.225496 0.090808 -0.098584
v -0.193935 0.075704 -0.054006
v -0.175361 0.076339 0.000000
v -0.184920 0.122637 0.000000
v -0.204715 0.121024 -0.046433
v -0.021631 0.079168 -0.120600
v -0.040161 0.061888 -0.100972
v -0.062978 0.087461 -0.174255
v -0.031024 0.103254 -0.172312
v -0.021631 0.079168 -0.120600
v 0.000000 0.079391 -0.103321
v 0.000000 0.054431 0.000000
v -0.040161 0.061888 -0.100972
v -0.021631 0.079168 -0.120600
v -0.031024 0.103254 -0.172312
v 0.000000 0.107989 -0.163078
v 0.000000 0.079391 -0.103321
v -0.103640 0.835960 -0.040753
v -0.070994 0.861608 -0.030627
v -0.062032 0.866029 -0.066794
v -0.085152 0.845204 -0.093301
v -0.058495 0.846640 -0.211286
v -0.148405 0.887778 -0.161303
v -0.113599 0.852807 -0.126071
v -0.045850 0.829761 -0.161128
v -0.085152 0.845204 -0.093301
v -0.062032 0.866029 -0.066794
v -0.027651 0.863767 -0.076538
v -0.036212 0.834752 -0.113935
v -0.103640 0.835960 -0.040753
v -0.085152 0.845204 -0.093301
v -0.113599 0.852807 -0.126071
v -0.144575 0.834501 -0.052868
v -0.103640 0.835960 -0.040753
v -0.144575 0.834501 -0.052868
v -0.149319 0.824955 0.000000
v -0.106587 0.831216 0.000000
v -0.103640 0.835960 -0.040753
v -0.106587 0.831216 0.000000
v -0.072459 0.859386 0.000000
v -0.070994 0.861608 -0.030627
v -0.192438 0.856930 -0.066101
v -0.244031 0.874541 -0.088890
v -0.263515 0.841328 0.000000
v -0.198917 0.839975 0.000000
v -0.237460 0.335322 -0.255808
v -0.143848 0.333115 -0.299698
v -0.119558 0.126049 -0.225321
v -0.198784 0.114201 -0.190997
v -0.148405 0.887778 -0.161303
v -0.188953 0.912036 -0.202129
v -0.244031 0.874541 -0.088890
v -0.192438 0.856930 -0.066101
v -0.192438 0.856930 -0.066101
v -0.198917 0.839975 0.000000
v -0.149319 0.824955 0.000000
v -0.144575 0.834501 -0.052868
v -0.058495 0.846640 -0.211286
v -0.079688 0.859413 -0.263095
v -0.188953 0.912036 -0.202129
v -0.148405 0.887778 -0.161303
v -0.058495 0.846640 -0.211286
v 0.000000 0.826624 -0.221787
v 0.000000 0.818796 -0.289316
v -0.079688 0.859413 -0.263095
v -0.058495 0.846640 -0.211286
v -0.045850 0.829761 -0.161128
v 0.000000 0.818668 -0.168655
v 0.000000 0.826624 -0.221787
v 0.198784 0.114208 0.190997
v 0.119558 0.126072 0.225321
v 0.102201 0.065873 0.173298
v 0.179300 0.046598 0.145638
v 0.102586 1.120011 0.015699
v 0.101091 1.106412 0.023090
v 0.103272 1.104133 0.012686
v 0.102586 1.120011 0.015699
v 0.091717 1.111032 0.025949
v 0.101091 1.106412 0.023090
v 0.102586 1.120011 -0.015699
v 0.101091 1.106412 -0.023090
v 0.091717 1.111032 -0.025949
v 0.102586 1.120011 -0.015699
v 0.103272 1.104133 -0.012686
v 0.101091 1.106412 -0.023090
v 0.074774 1.134280 0.015699
v 0.062508 1.129436 0.023090
v 0.070677 1.123265 0.025949
v 0.074774 1.134280 0.015699
v 0.059342 1.130446 0.012686
v 0.062508 1.129436 0.023090
v 0.074774 1.134280 -0.015699
v 0.062508 1.129436 -0.023090
v 0.059342 1.130446 -0.012686
v 0.074774 1.134280 -0.015699
v 0.070677 1.123265 -0.025949
v 0.062508 1.129436 -0.023090
v 0.011915 0.924981 0.056110
v 0.028929 0.865974 0.076558
v 0.063040 0.870892 0.066831
v 0.032615 0.929766 0.050222
v 0.011915 0.924981 0.056110
v 0.032615 0.929766 0.050222
v 0.021506 0.982987 0.040429
v 0.002398 0.981549 0.046058
v 0.038900 0.928454 0.023419
v 0.032615 0.929766 0.050222
v 0.063040 0.870892 0.066831
v 0.072251 0.867312 0.030648
v -0.026514 1.029815 0.039948
v 0.008701 1.067241 0.035876
v -0.003437 1.078183 0.031220
v -0.045475 1.034693 0.034762
v -0.052143 1.034066 0.015891
v -0.045475 1.034693 0.034762
v -0.003437 1.078183 0.031220
v -0.008439 1.080263 0.014271
v -0.045475 1.034693 -0.034763
v -0.003437 1.078183 -0.031220
v 0.008701 1.067241 -0.035877
v -0.026514 1.029815 -0.039948
v -0.052143 1.034066 0.015891
v -0.055626 0.973877 0.018597
v -0.048326 0.976272 0.040429
v -0.045475 1.034693 0.034762
v 0.038900 0.928454 0.023419
v 0.072251 0.867312 0.030648
v 0.073861 0.865262 0.000000
v 0.040168 0.927446 0.000000
v 0.038900 0.928454 -0.023419
v 0.072251 0.867312 -0.030649
v 0.038900 0.928454 0.023419
v 0.040168 0.927446 0.000000
v 0.029472 0.979384 0.000000
v 0.028370 0.980465 0.018597
v 0.011915 0.924981 0.056110
v -0.006144 0.921200 0.057361
v 0.000675 0.862810 0.078631
v 0.028929 0.865974 0.076558
v 0.011915 0.924981 0.056110
v 0.002398 0.981549 0.046058
v -0.013319 0.979942 0.047255
v -0.006144 0.921200 0.057361
v 0.005013 1.022261 -0.039948
v 0.030534 1.051797 -0.035877
v 0.045767 1.043221 -0.031220
v 0.025178 1.017717 -0.034763
v 0.011915 0.924981 -0.056110
v 0.032615 0.929766 -0.050223
v 0.063040 0.870891 -0.066831
v 0.028929 0.865974 -0.076558
v 0.038900 0.928454 -0.023419
v 0.072251 0.867312 -0.030649
v 0.063040 0.870891 -0.066831
v 0.032615 0.929766 -0.050223
v 0.011915 0.924981 -0.056110
v 0.002398 0.981549 -0.046058
v 0.021506 0.982987 -0.040429
v 0.032615 0.929766 -0.050223
v 0.038900 0.928454 -0.023419
v 0.028370 0.980465 -0.018597
v 0.029472 0.979384 0.000000
v 0.040168 0.927446 0.000000
v 0.011915 0.924981 -0.056110
v -0.006145 0.921200 -0.057361
v -0.013319 0.979942 -0.047255
v 0.002398 0.981549 -0.046058
v 0.011915 0.924981 -0.056110
v 0.028929 0.865974 -0.076558
v 0.000675 0.862810 -0.078631
v -0.006145 0.921200 -0.057361
v 0.033807 1.013682 0.015891
v 0.049886 1.039102 0.014271
v 0.045767 1.043221 0.031220
v 0.025178 1.017717 0.034762
v -0.024964 0.918446 0.056106
v -0.047688 0.915180 0.050202
v -0.062032 0.866029 0.066794
v -0.027651 0.863767 0.076538
v -0.053230 0.911784 0.023403
v -0.070994 0.861608 0.030626
v -0.062032 0.866029 0.066794
v -0.047688 0.915180 0.050202
v -0.024964 0.918446 0.056106
v -0.048326 0.976272 0.040429
v -0.047688 0.915180 0.050202
v -0.029017 0.978580 0.046058
v -0.026514 1.029815 0.039948
v -0.045475 1.034693 0.034762
v 0.033807 1.013682 -0.015891
v 0.028370 0.980465 -0.018597
v 0.021506 0.982987 -0.040429
v 0.025178 1.017717 -0.034763
v 0.033807 1.013682 -0.015891
v 0.025178 1.017717 -0.034763
v 0.045767 1.043221 -0.031220
v 0.049886 1.039102 -0.014272
v 0.038900 0.928454 0.023419
v 0.028370 0.980465 0.018597
v 0.021506 0.982987 0.040429
v 0.032615 0.929766 0.050222
v 0.005013 1.022261 -0.039948
v 0.025178 1.017717 -0.034763
v 0.021506 0.982987 -0.040429
v 0.002398 0.981549 -0.046058
v -0.053230 0.911784 0.023403
v -0.072459 0.859386 0.000000
v -0.070994 0.861608 0.030626
v -0.054313 0.910469 0.000000
v -0.053230 0.911784 -0.023403
v -0.070994 0.861608 -0.030627
v -0.053230 0.911784 0.023403
v -0.055626 0.973877 0.018597
v -0.057823 0.973215 0.000000
v -0.054313 0.910469 0.000000
v -0.024964 0.918446 0.056106
v -0.006144 0.921200 0.057361
v -0.013319 0.979942 0.047255
v -0.029017 0.978580 0.046058
v -0.026514 1.029815 0.039948
v -0.010407 1.025463 0.041050
v 0.019211 1.058950 0.036867
v 0.008701 1.067241 0.035876
v 0.049633 1.094455 0.031943
v 0.058195 1.086563 0.032824
v -0.024964 0.918446 0.056106
v -0.027651 0.863767 0.076538
v 0.000675 0.862810 0.078631
v -0.006144 0.921200 0.057361
v 0.005013 1.022261 0.039948
v 0.002398 0.981549 0.046058
v 0.021506 0.982987 0.040429
v 0.025178 1.017717 0.034762
v 0.079868 1.071131 -0.027797
v 0.101091 1.106412 -0.023090
v 0.103272 1.104133 -0.012686
v 0.082420 1.067484 -0.012707
v -0.024964 0.918446 -0.056106
v -0.027651 0.863767 -0.076538
v -0.062032 0.866029 -0.066794
v -0.047688 0.915180 -0.050202
v -0.024964 0.918446 -0.056106
v -0.047688 0.915180 -0.050202
v -0.048326 0.976272 -0.040429
v -0.029017 0.978580 -0.046058
v -0.045475 1.034693 -0.034763
v -0.026514 1.029815 -0.039948
v -0.053230 0.911784 -0.023403
v -0.047688 0.915180 -0.050202
v -0.062032 0.866029 -0.066794
v -0.070994 0.861608 -0.030627
v 0.038900 0.928454 -0.023419
v 0.032615 0.929766 -0.050223
v 0.021506 0.982987 -0.040429
v 0.028370 0.980465 -0.018597
v 0.005013 1.022261 0.039948
v 0.025178 1.017717 0.034762
v 0.045767 1.043221 0.031220
v 0.030534 1.051797 0.035876
v -0.053230 0.911784 0.023403
v -0.047688 0.915180 0.050202
v -0.048326 0.976272 0.040429
v -0.055626 0.973877 0.018597
v 0.033807 1.013682 0.015891
v 0.025178 1.017717 0.034762
v 0.021506 0.982987 0.040429
v 0.028370 0.980465 0.018597
v -0.053230 0.911784 -0.023403
v -0.054313 0.910469 0.000000
v -0.057823 0.973215 0.000000
v -0.055626 0.973877 -0.018597
v -0.024964 0.918446 -0.056106
v -0.006145 0.921200 -0.057361
v 0.000675 0.862810 -0.078631
v -0.027651 0.863767 -0.076538
v -0.024964 0.918446 -0.056106
v -0.013319 0.979942 -0.047255
v -0.006145 0.921200 -0.057361
v -0.029017 0.978580 -0.046058
v -0.026514 1.029815 -0.039948
v -0.010407 1.025463 -0.041050
v 0.019211 1.058950 -0.036867
v 0.008701 1.067241 -0.035877
v 0.049633 1.094455 -0.031943
v 0.058195 1.086563 -0.032824
v -0.053230 0.911784 -0.023403
v -0.055626 0.973877 -0.018597
v -0.048326 0.976272 -0.040429
v -0.047688 0.915180 -0.050202
v 0.082420 1.067484 0.012707
v 0.103272 1.104133 0.012686
v 0.101091 1.106412 0.023090
v 0.079868 1.071131 0.027796
v 0.035213 1.106804 0.012707
v 0.034084 1.106815 0.000000
v -0.009757 1.080207 0.000000
v -0.008439 1.080263 0.014271
v 0.035213 1.106804 0.012707
v 0.059342 1.130446 0.012686
v 0.058590 1.130209 0.000000
v 0.034084 1.106815 0.000000
v 0.039487 1.104766 0.027796
v 0.035213 1.106804 0.012707
v -0.008439 1.080263 0.014271
v -0.003437 1.078183 0.031220
v 0.039487 1.104766 0.027796
v 0.062508 1.129436 0.023090
v 0.059342 1.130446 0.012686
v 0.035213 1.106804 0.012707
v 0.049633 1.094455 -0.031943
v 0.062508 1.129436 -0.023090
v 0.070677 1.123265 -0.025949
v 0.039486 1.104766 -0.027797
v -0.003437 1.078183 -0.031220
v 0.008701 1.067241 -0.035877
v 0.035213 1.106804 -0.012707
v 0.059342 1.130446 -0.012686
v 0.062508 1.129436 -0.023090
v 0.039486 1.104766 -0.027797
v 0.035213 1.106804 -0.012707
v 0.039486 1.104766 -0.027797
v -0.003437 1.078183 -0.031220
v -0.008439 1.080263 -0.014272
v 0.079868 1.071131 0.027796
v 0.101091 1.106412 0.023090
v 0.091717 1.111032 0.025949
v 0.067617 1.079475 0.031943
v 0.082420 1.067484 -0.012707
v 0.082498 1.066489 0.000000
v 0.050117 1.038001 0.000000
v 0.049886 1.039102 -0.014272
v 0.082420 1.067484 -0.012707
v 0.103272 1.104133 -0.012686
v 0.103297 1.103402 0.000000
v 0.082498 1.066489 0.000000
v 0.079868 1.071131 -0.027797
v 0.082420 1.067484 -0.012707
v 0.049886 1.039102 -0.014272
v 0.045767 1.043221 -0.031220
v 0.067617 1.079475 0.031943
v 0.058195 1.086563 0.032824
v 0.019211 1.058950 0.036867
v 0.030534 1.051797 0.035876
v 0.005013 1.022261 0.039948
v -0.010407 1.025463 0.041050
v 0.067617 1.079475 0.031943
v 0.091717 1.111032 0.025949
v 0.080889 1.116735 0.026446
v 0.058195 1.086563 0.032824
v 0.079868 1.071131 0.027796
v 0.067617 1.079475 0.031943
v 0.030534 1.051797 0.035876
v 0.045767 1.043221 0.031220
v 0.033807 1.013682 0.015891
v 0.028370 0.980465 0.018597
v 0.029472 0.979384 0.000000
v 0.036590 1.012407 0.000000
v 0.033807 1.013682 0.015891
v 0.036590 1.012407 0.000000
v 0.050117 1.038001 0.000000
v 0.049886 1.039102 0.014271
v 0.033807 1.013682 -0.015891
v 0.036590 1.012407 0.000000
v 0.029472 0.979384 0.000000
v 0.028370 0.980465 -0.018597
v 0.033807 1.013682 -0.015891
v 0.049886 1.039102 -0.014272
v 0.050117 1.038001 0.000000
v 0.036590 1.012407 0.000000
v -0.052143 1.034066 -0.015891
v -0.008439 1.080263 -0.014272
v -0.003437 1.078183 -0.031220
v -0.045475 1.034693 -0.034763
v -0.052143 1.034066 0.015891
v -0.053542 1.033331 0.000000
v -0.057823 0.973215 0.000000
v -0.055626 0.973877 0.018597
v -0.052143 1.034066 0.015891
v -0.008439 1.080263 0.014271
v -0.009757 1.080207 0.000000
v -0.053542 1.033331 0.000000
v -0.052143 1.034066 -0.015891
v -0.045475 1.034693 -0.034763
v -0.048326 0.976272 -0.040429
v -0.055626 0.973877 -0.018597
v 0.005013 1.022261 0.039948
v -0.010407 1.025463 0.041050
v -0.013319 0.979942 0.047255
v 0.002398 0.981549 0.046058
v 0.005013 1.022261 -0.039948
v 0.002398 0.981549 -0.046058
v -0.013319 0.979942 -0.047255
v -0.010407 1.025463 -0.041050
v 0.005013 1.022261 -0.039948
v -0.010407 1.025463 -0.041050
v 0.019211 1.058950 -0.036867
v 0.030534 1.051797 -0.035877
v 0.067617 1.079475 -0.031943
v 0.058195 1.086563 -0.032824
v -0.052143 1.034066 -0.015891
v -0.055626 0.973877 -0.018597
v -0.057823 0.973215 0.000000
v -0.053542 1.033331 0.000000
v -0.052143 1.034066 -0.015891
v -0.053542 1.033331 0.000000
v -0.009757 1.080207 0.000000
v -0.008439 1.080263 -0.014272
v 0.102586 1.120011 0.015699
v 0.088433 1.126761 0.015256
v 0.080889 1.116735 0.026446
v 0.091717 1.111032 0.025949
v 0.102586 1.120011 0.015699
v 0.103272 1.104133 0.012686
v 0.103297 1.103402 0.000000
v 0.102002 1.119799 0.000000
v 0.102586 1.120011 -0.015699
v 0.103272 1.104133 -0.012686
v 0.102586 1.120011 -0.015699
v 0.091717 1.111032 -0.025949
v 0.080889 1.116735 -0.026446
v 0.088433 1.126761 -0.015256
v 0.074774 1.134280 0.015699
v 0.070677 1.123265 0.025949
v 0.080889 1.116735 0.026446
v 0.088433 1.126761 0.015256
v 0.074774 1.134280 0.015699
v 0.058590 1.130209 0.000000
v 0.059342 1.130446 0.012686
v 0.074864 1.133721 0.000000
v 0.074774 1.134280 -0.015699
v 0.059342 1.130446 -0.012686
v 0.074774 1.134280 -0.015699
v 0.088433 1.126761 -0.015256
v 0.080889 1.116735 -0.026446
v 0.070677 1.123265 -0.025949
v 0.079868 1.071131 -0.027797
v 0.045767 1.043221 -0.031220
v 0.030534 1.051797 -0.035877
v 0.067617 1.079475 -0.031943
v 0.082420 1.067484 0.012707
v 0.079868 1.071131 0.027796
v 0.045767 1.043221 0.031220
v 0.049886 1.039102 0.014271
v 0.035213 1.106804 -0.012707
v -0.008439 1.080263 -0.014272
v -0.009757 1.080207 0.000000
v 0.034084 1.106815 0.000000
v 0.035213 1.106804 -0.012707
v 0.034084 1.106815 0.000000
v 0.058590 1.130209 0.000000
v 0.059342 1.130446 -0.012686
v 0.079868 1.071131 -0.027797
v 0.067617 1.079475 -0.031943
v 0.091717 1.111032 -0.025949
v 0.101091 1.106412 -0.023090
v 0.039487 1.104766 0.027796
v -0.003437 1.078183 0.031220
v 0.008701 1.067241 0.035876
v 0.049633 1.094455 0.031943
v 0.070677 1.123265 0.025949
v 0.062508 1.129436 0.023090
v 0.067617 1.079475 -0.031943
v 0.058195 1.086563 -0.032824
v 0.080889 1.116735 -0.026446
v 0.091717 1.111032 -0.025949
v 0.082420 1.067484 0.012707
v 0.049886 1.039102 0.014271
v 0.050117 1.038001 0.000000
v 0.082498 1.066489 0.000000
v 0.082420 1.067484 0.012707
v 0.082498 1.066489 0.000000
v 0.103297 1.103402 0.000000
v 0.103272 1.104133 0.012686
v 0.049633 1.094455 0.031943
v 0.058195 1.086563 0.032824
v 0.080889 1.116735 0.026446
v 0.070677 1.123265 0.025949
v 0.049633 1.094455 -0.031943
v 0.070677 1.123265 -0.025949
v 0.080889 1.116735 -0.026446
v 0.058195 1.086563 -0.032824
v 0.074774 1.134280 -0.015699
v 0.074864 1.133721 0.000000
v 0.088309 1.126568 0.000000
v 0.088433 1.126761 -0.015256
v 0.074774 1.134280 0.015699
v 0.088309 1.126568 0.000000
v 0.102586 1.120011 -0.015699
v 0.088433 1.126761 0.015256
v 0.102002 1.119799 0.000000
v 0.102586 1.120011 0.015699
vn -0.139919 0.880155 0.453597
vn -0.139919 0.880155 0.453597
vn -0.139919 0.880155 0.453597
vn -0.139919 0.880155 0.453597
vn 0.510828 0.824665 -0.242863
vn 0.510828 0.824665 -0.242863
vn 0.510828 0.824665 -0.242863
vn 0.510828 0.824665 -0.242863
vn 0.893329 0.445211 -0.061252
vn 0.893329 0.445211 -0.061252
vn 0.893329 0.445211 -0.061252
vn 0.893329 0.445211 -0.061252
vn 0.405846 0.911801 -0.062524
vn 0.405846 0.911801 -0.062524
vn 0.405846 0.911801 -0.062524
vn 0.405846 0.911801 -0.062524
vn 0.858736 -0.259082 0.442097
vn 0.858736 -0.259082 0.442097
vn 0.858736 -0.259082 0.442097
vn 0.858736 -0.259082 0.442097
vn 0.795183 -0.491994 0.354439
vn 0.795183 -0.491994 0.354439
vn 0.795183 -0.491994 0.354439
vn 0.795183 -0.491994 0.354439
vn -0.269116 -0.601039 0.752548
vn -0.269116 -0.601039 0.752548
vn -0.269116 -0.601039 0.752548
vn -0.269116 -0.601039 0.752548
vn 0.175643 -0.628201 -0.757967
vn 0.175643 -0.628201 -0.757967
vn 0.175643 -0.628201 -0.757967
vn 0.175643 -0.628201 -0.757967
vn -0.167921 0.970310 0.174074
vn -0.167921 0.970310 0.174074
vn -0.167921 0.970310 0.174074
vn -0.167921 0.970310 0.174074
vn -0.034731 0.765063 0.643018
vn -0.034731 0.765063 0.643018
vn -0.034731 0.765063 0.643018
vn -0.034731 0.765063 0.643018
vn -0.238621 0.967641 0.082045
vn -0.238621 0.967641 0.082045
vn -0.238621 0.967641 0.082045
vn -0.238621 0.967641 0.082045
vn 0.792727 0.537411 0.287704
vn 0.792727 0.537411 0.287704
vn 0.792727 0.537411 0.287704
vn 0.792727 0.537411 0.287704
vn -0.350725 0.845350 -0.402959
vn -0.350725 0.845350 -0.402959
vn -0.350725 0.845350 -0.402959
vn -0.350725 0.845350 -0.402959
vn 0.903067 0.044101 0.427229
vn 0.903067 0.044101 0.427229
vn 0.903067 0.044101 0.427229
vn 0.903067 0.044101 0.427229
vn 0.010716 0.004533 0.999932
vn 0.010716 0.004533 0.999932
vn 0.010716 0.004533 0.999932
vn 0.010716 0.004533 0.999932
vn 0.434947 -0.173946 0.883495
vn 0.434947 -0.173946 0.883495
vn 0.434947 -0.173946 0.883495
vn 0.434947 -0.173946 0.883495
vn -0.360615 -0.248862 -0.898902
vn -0.360615 -0.248862 -0.898902
vn -0.360615 -0.248862 -0.898902
vn -0.360615 -0.248862 -0.898902
vn -0.116100 -0.917585 0.380208
vn -0.116100 -0.917585 0.380208
vn -0.116100 -0.917585 0.380208
vn -0.116100 -0.917585 0.380208
vn 0.892392 -0.162347 0.421046
vn 0.892392 -0.162347 0.421046
vn 0.892392 -0.162347 0.421046
vn 0.892392 -0.162347 0.421046
vn -0.048383 -0.185905 0.981376
vn -0.048383 -0.185905 0.981376
vn -0.048383 -0.185905 0.981376
vn -0.048383 -0.185905 0.981376
vn 0.987130 -0.159596 0.010218
vn 0.987130 -0.159596 0.010218
vn 0.987130 -0.159596 0.010218
vn 0.987130 -0.159596 0.010218
vn 0.998932 0.001393 0.046177
vn 0.998932 0.001393 0.046177
vn 0.998932 0.001393 0.046177
vn 0.998932 0.001393 0.046177
vn -0.281589 0.789968 0.544664
vn -0.281589 0.789968 0.544664
vn -0.281589 0.789968 0.544664
vn -0.281589 0.789968 0.544664
vn 0.228591 0.537478 0.811704
vn 0.228591 0.537478 0.811704
vn 0.228591 0.537478 0.811704
vn 0.228591 0.537478 0.811704
vn 0.422029 0.063338 0.904367
vn 0.422029 0.063338 0.904367
vn 0.422029 0.063338 0.904367
vn 0.422029 0.063338 0.904367
vn -0.086468 0.430439 0.898469
vn -0.086468 0.430439 0.898469
vn -0.086468 0.430439 0.898469
vn -0.086468 0.430439 0.898469
vn -0.460649 -0.183052 0.868502
vn -0.460649 -0.183052 0.868502
vn -0.460649 -0.183052 0.868502
vn -0.460649 -0.183052 0.868502
vn -0.327923 -0.151938 0.932406
vn -0.327923 -0.151938 0.932406
vn -0.327923 -0.151938 0.932406
vn -0.327923 -0.151938 0.932406
vn -0.332375 -0.099096 0.937927
vn -0.332375 -0.099096 0.937927
vn -0.332375 -0.099096 0.937927
vn -0.332375 -0.099096 0.937927
vn 0.736855 0.573614 -0.357788
vn 0.736855 0.573614 -0.357788
vn 0.736855 0.573614 -0.357788
vn 0.736855 0.573614 -0.357788
vn 0.922800 0.144248 -0.357257
vn 0.922800 0.144248 -0.357257
vn 0.922800 0.144248 -0.357257
vn 0.922800 0.144248 -0.357257
vn 0.925815 0.246418 -0.286609
vn 0.925815 0.246418 -0.286609
vn 0.925815 0.246418 -0.286609
vn 0.925815 0.246418 -0.286609
vn 0.977878 -0.199551 -0.062719
vn 0.977878 -0.199551 -0.062719
vn 0.977878 -0.199551 -0.062719
vn 0.977878 -0.199551 -0.062719
vn 0.883809 -0.182462 -0.430800
vn 0.883809 -0.182462 -0.430800
vn 0.883809 -0.182462 -0.430800
vn 0.883809 -0.182462 -0.430800
vn 0.895955 -0.170863 -0.409965
vn 0.895955 -0.170863 -0.409965
vn 0.876168 -0.146083 -0.459335
vn 0.876168 -0.146083 -0.459335
vn 0.876168 -0.146083 -0.459335
vn 0.913240 -0.319394 -0.252945
vn 0.913240 -0.319394 -0.252945
vn 0.913240 -0.319394 -0.252945
vn 0.913240 -0.319394 -0.252945
vn -0.372759 -0.208979 0.904090
vn -0.372759 -0.208979 0.904090
vn -0.372759 -0.208979 0.904090
vn -0.372759 -0.208979 0.904090
vn -0.351307 -0.246201 0.903310
vn -0.351307 -0.246201 0.903310
vn 0.826828 -0.168662 -0.536571
vn 0.826828 -0.168662 -0.536571
vn 0.826828 -0.168662 -0.536571
vn 0.826828 -0.168662 -0.536571
vn -0.212706 0.255017 0.943251
vn -0.212706 0.255017 0.943251
vn -0.212706 0.255017 0.943251
vn -0.212706 0.255017 0.943251
vn -0.334950 0.131045 0.933079
vn -0.334950 0.131045 0.933079
vn -0.334950 0.131045 0.933079
vn -0.334950 0.131045 0.933079
vn -0.298548 0.664387 0.685171
vn -0.298548 0.664387 0.685171
vn -0.298548 0.664387 0.685171
vn -0.298548 0.664387 0.685171
vn 0.934738 -0.063846 -0.349556
vn 0.934738 -0.063846 -0.349556
vn 0.934738 -0.063846 -0.349556
vn 0.934738 -0.063846 -0.349556
vn 0.931209 -0.117456 -0.345042
vn 0.931209 -0.117456 -0.345042
vn 0.931209 -0.117456 -0.345042
vn 0.931209 -0.117456 -0.345042
vn -0.467751 -0.252527 0.847018
vn -0.467751 -0.252527 0.847018
vn -0.467751 -0.252527 0.847018
vn -0.467751 -0.252527 0.847018
vn -0.130602 -0.322936 0.937366
vn -0.130602 -0.322936 0.937366
vn -0.130602 -0.322936 0.937366
vn -0.130602 -0.322936 0.937366
vn 0.877284 -0.271062 -0.396103
vn 0.877284 -0.271062 -0.396103
vn 0.877284 -0.271062 -0.396103
vn 0.877284 -0.271062 -0.396103
vn 0.787056 -0.269374 -0.554961
vn 0.787056 -0.269374 -0.554961
vn 0.787056 -0.269374 -0.554961
vn 0.787056 -0.269374 -0.554961
vn -0.379114 -0.555511 0.740054
vn -0.379114 -0.555511 0.740054
vn -0.379114 -0.555511 0.740054
vn -0.379114 -0.555511 0.740054
vn -0.298025 -0.561506 0.771941
vn -0.298025 -0.561506 0.771941
vn -0.298025 -0.561506 0.771941
vn -0.298025 -0.561506 0.771941
vn -0.440765 -0.792403 0.421692
vn -0.440765 -0.792403 0.421692
vn -0.440765 -0.792403 0.421692
vn -0.440765 -0.792403 0.421692
vn -0.203960 -0.975112 0.086926
vn -0.203960 -0.975112 0.086926
vn -0.203960 -0.975112 0.086926
vn -0.203960 -0.975112 0.086926
vn 0.693503 -0.711197 -0.115118
vn 0.693503 -0.711197 -0.115118
vn 0.693503 -0.711197 -0.115118
vn 0.693503 -0.711197 -0.115118
vn -0.423533 -0.887235 0.182848
vn -0.423533 -0.887235 0.182848
vn -0.423533 -0.887235 0.182848
vn -0.423533 -0.887235 0.182848
vn 0.760784 -0.618966 -0.195164
vn 0.760784 -0.618966 -0.195164
vn 0.760784 -0.618966 -0.195164
vn 0.760784 -0.618966 -0.195164
vn 0.804265 -0.315771 -0.503434
vn 0.804265 -0.315771 -0.503434
vn 0.804265 -0.315771 -0.503434
vn 0.804265 -0.315771 -0.503434
vn 0.907280 -0.230488 -0.351737
vn 0.907280 -0.230488 -0.351737
vn 0.907280 -0.230488 -0.351737
vn 0.907280 -0.230488 -0.351737
vn -0.387223 -0.818258 0.424868
vn -0.387223 -0.818258 0.424868
vn -0.387223 -0.818258 0.424868
vn -0.387223 -0.818258 0.424868
vn -0.374463 -0.892810 0.250335
vn -0.374463 -0.892810 0.250335
vn -0.374463 -0.892810 0.250335
vn -0.374463 -0.892810 0.250335
vn -0.296096 -0.853684 0.428428
vn -0.296096 -0.853684 0.428428
vn -0.296096 -0.853684 0.428428
vn -0.296096 -0.853684 0.428428
vn 0.688257 0.716886 0.111250
vn 0.688257 0.716886 0.111250
vn 0.688257 0.716886 0.111250
vn 0.688257 0.716886 0.111250
vn -0.476780 0.843528 -0.247269
vn -0.476780 0.843528 -0.247269
vn -0.476780 0.843528 -0.247269
vn -0.476780 0.843528 -0.247269
vn 0.092065 0.764004 0.638609
vn 0.092065 0.764004 0.638609
vn 0.092065 0.764004 0.638609
vn 0.092065 0.764004 0.638609
vn 0.041513 0.979279 -0.198214
vn 0.041513 0.979279 -0.198214
vn 0.041513 0.979279 -0.198214
vn 0.041513 0.979279 -0.198214
vn 0.111181 0.983744 -0.141019
vn 0.111181 0.983744 -0.141019
vn 0.111181 0.983744 -0.141019
vn 0.111181 0.983744 -0.141019
vn 0.715524 0.698279 -0.020786
vn 0.715524 0.698279 -0.020786
vn 0.715524 0.698279 -0.020786
vn 0.715524 0.698279 -0.020786
vn 0.715523 0.698280 0.020785
vn 0.715523 0.698280 0.020785
vn -0.091047 0.942881 -0.320448
vn -0.091047 0.942881 -0.320448
vn -0.091047 0.942881 -0.320448
vn -0.091047 0.942881 -0.320448
vn 0.370953 -0.335192 0.866049
vn 0.370953 -0.335192 0.866049
vn 0.370953 -0.335192 0.866049
vn 0.370953 -0.335192 0.866049
vn -0.156895 0.913951 -0.374270
vn -0.156895 0.913951 -0.374270
vn -0.156895 0.913951 -0.374270
vn -0.156895 0.913951 -0.374270
vn -0.320725 0.917643 -0.234665
vn -0.320725 0.917643 -0.234665
vn -0.320725 0.917643 -0.234665
vn -0.320725 0.917643 -0.234665
vn -0.450559 0.890996 -0.055876
vn -0.450559 0.890996 -0.055876
vn -0.450559 0.890996 -0.055876
vn -0.450559 0.890996 -0.055876
vn -0.394463 0.918355 0.031993
vn -0.394463 0.918355 0.031993
vn -0.394463 0.918355 0.031993
vn -0.394463 0.918355 0.031993
vn -0.310120 0.932287 -0.186190
vn -0.310120 0.932287 -0.186190
vn -0.310120 0.932287 -0.186190
vn -0.310120 0.932287 -0.186190
vn -0.139919 0.880155 -0.453597
vn -0.139919 0.880155 -0.453597
vn -0.139919 0.880155 -0.453597
vn -0.139919 0.880155 -0.453597
vn 0.405846 0.911801 0.062524
vn 0.405846 0.911801 0.062524
vn 0.405846 0.911801 0.062524
vn 0.405846 0.911801 0.062524
vn 0.898499 0.434948 0.059325
vn 0.898499 0.434948 0.059325
vn 0.898499 0.434948 0.059325
vn 0.898499 0.434948 0.059325
vn 0.510827 0.824666 0.242863
vn 0.510827 0.824666 0.242863
vn 0.510827 0.824666 0.242863
vn 0.510827 0.824666 0.242863
vn 0.864320 -0.253641 -0.434302
vn 0.864320 -0.253641 -0.434302
vn 0.864320 -0.253641 -0.434302
vn 0.864320 -0.253641 -0.434302
vn -0.269250 -0.601044 -0.752497
vn -0.269250 -0.601044 -0.752497
vn -0.269250 -0.601044 -0.752497
vn -0.269250 -0.601044 -0.752497
vn 0.795167 -0.491965 -0.354512
vn 0.795167 -0.491965 -0.354512
vn 0.795167 -0.491965 -0.354512
vn 0.795167 -0.491965 -0.354512
vn -0.175755 -0.628208 0.757935
vn -0.175755 -0.628208 0.757935
vn -0.175755 -0.628208 0.757935
vn -0.175755 -0.628208 0.757935
vn -0.238621 0.967641 -0.082046
vn -0.238621 0.967641 -0.082046
vn -0.238621 0.967641 -0.082046
vn -0.238621 0.967641 -0.082046
vn -0.034731 0.765063 -0.643019
vn -0.034731 0.765063 -0.643019
vn -0.034731 0.765063 -0.643019
vn -0.034731 0.765063 -0.643019
vn -0.167922 0.970309 -0.174074
vn -0.167922 0.970309 -0.174074
vn -0.167922 0.970309 -0.174074
vn -0.167922 0.970309 -0.174074
vn 0.794963 0.534393 -0.287156
vn 0.794963 0.534393 -0.287156
vn 0.794963 0.534393 -0.287156
vn 0.794963 0.534393 -0.287156
vn -0.350724 0.845350 0.402959
vn -0.350724 0.845350 0.402959
vn -0.350724 0.845350 0.402959
vn -0.350724 0.845350 0.402959
vn 0.907568 0.037617 -0.418217
vn 0.907568 0.037617 -0.418217
vn 0.907568 0.037617 -0.418217
vn 0.907568 0.037617 -0.418217
vn 0.361830 -0.248422 0.898535
vn 0.361830 -0.248422 0.898535
vn 0.361830 -0.248422 0.898535
vn 0.361830 -0.248422 0.898535
vn 0.438337 -0.174040 -0.881800
vn 0.438337 -0.174040 -0.881800
vn 0.438337 -0.174040 -0.881800
vn 0.438337 -0.174040 -0.881800
vn 0.013860 0.013646 -0.999811
vn 0.013860 0.013646 -0.999811
vn 0.013860 0.013646 -0.999811
vn 0.013860 0.013646 -0.999811
vn -0.115957 -0.917600 -0.380216
vn -0.115957 -0.917600 -0.380216
vn -0.115957 -0.917600 -0.380216
vn -0.115957 -0.917600 -0.380216
vn -0.038674 -0.186741 -0.981648
vn -0.038674 -0.186741 -0.981648
vn -0.038674 -0.186741 -0.981648
vn -0.038674 -0.186741 -0.981648
vn 0.899931 -0.161272 -0.405112
vn 0.899931 -0.161272 -0.405112
vn 0.899931 -0.161272 -0.405112
vn 0.899931 -0.161272 -0.405112
vn 0.987520 -0.157088 0.011328
vn 0.987520 -0.157088 0.011328
vn 0.987520 -0.157088 0.011328
vn 0.987520 -0.157088 0.011328
vn 0.999131 -0.018723 -0.037230
vn 0.999131 -0.018723 -0.037230
vn 0.999131 -0.018723 -0.037230
vn 0.999131 -0.018723 -0.037230
vn -0.281590 0.789968 -0.544664
vn -0.281590 0.789968 -0.544664
vn -0.281590 0.789968 -0.544664
vn -0.281590 0.789968 -0.544664
vn -0.088053 0.435880 -0.895687
vn -0.088053 0.435880 -0.895687
vn -0.088053 0.435880 -0.895687
vn -0.088053 0.435880 -0.895687
vn 0.424400 0.065173 -0.903126
vn 0.424400 0.065173 -0.903126
vn 0.424400 0.065173 -0.903126
vn 0.424400 0.065173 -0.903126
vn 0.228727 0.538833 -0.810767
vn 0.228727 0.538833 -0.810767
vn 0.228727 0.538833 -0.810767
vn 0.228727 0.538833 -0.810767
vn -0.471793 -0.182443 -0.862628
vn -0.471793 -0.182443 -0.862628
vn -0.471793 -0.182443 -0.862628
vn -0.471793 -0.182443 -0.862628
vn -0.343346 -0.088379 -0.935042
vn -0.343346 -0.088379 -0.935042
vn -0.343346 -0.088379 -0.935042
vn -0.343346 -0.088379 -0.935042
vn -0.342710 -0.146032 -0.928022
vn -0.342710 -0.146032 -0.928022
vn -0.342710 -0.146032 -0.928022
vn -0.342710 -0.146032 -0.928022
vn 0.736854 0.573615 0.357788
vn 0.736854 0.573615 0.357788
vn 0.736854 0.573615 0.357788
vn 0.736854 0.573615 0.357788
vn 0.931682 0.235301 0.276771
vn 0.931682 0.235301 0.276771
vn 0.931682 0.235301 0.276771
vn 0.931682 0.235301 0.276771
vn 0.926818 0.138956 0.348854
vn 0.926818 0.138956 0.348854
vn 0.926818 0.138956 0.348854
vn 0.926818 0.138956 0.348854
vn 0.980618 -0.181806 0.073035
vn 0.980618 -0.181806 0.073035
vn 0.980618 -0.181806 0.073035
vn 0.980618 -0.181806 0.073035
vn 0.913260 -0.319387 0.252879
vn 0.913260 -0.319387 0.252879
vn 0.913260 -0.319387 0.252879
vn 0.913260 -0.319387 0.252879
vn 0.895178 -0.176927 0.409088
vn 0.895178 -0.176927 0.409088
vn 0.895178 -0.176927 0.409088
vn 0.895178 -0.176927 0.409088
vn 0.886563 -0.146899 0.438664
vn 0.886563 -0.146899 0.438664
vn 0.886563 -0.146899 0.438664
vn -0.391486 -0.207573 -0.896467
vn -0.391486 -0.207573 -0.896467
vn -0.391486 -0.207573 -0.896467
vn -0.391486 -0.207573 -0.896467
vn 0.915701 -0.174328 0.362080
vn 0.915701 -0.174328 0.362080
vn 0.915701 -0.174328 0.362080
vn 0.915701 -0.174328 0.362080
vn 0.835727 -0.153017 0.527395
vn 0.835727 -0.153017 0.527395
vn 0.835727 -0.153017 0.527395
vn 0.835727 -0.153017 0.527395
vn -0.218119 0.261558 -0.940219
vn -0.218119 0.261558 -0.940219
vn -0.218119 0.261558 -0.940219
vn -0.218119 0.261558 -0.940219
vn -0.298547 0.664387 -0.685172
vn -0.298547 0.664387 -0.685172
vn -0.298547 0.664387 -0.685172
vn -0.298547 0.664387 -0.685172
vn -0.338997 0.135333 -0.931003
vn -0.338997 0.135333 -0.931003
vn -0.338997 0.135333 -0.931003
vn -0.338997 0.135333 -0.931003
vn 0.941035 -0.085099 0.327432
vn 0.941035 -0.085099 0.327432
vn 0.941035 -0.085099 0.327432
vn 0.941035 -0.085099 0.327432
vn 0.942292 -0.127869 0.309412
vn 0.942292 -0.127869 0.309412
vn -0.473251 -0.258836 -0.842044
vn -0.473251 -0.258836 -0.842044
vn -0.473251 -0.258836 -0.842044
vn -0.473251 -0.258836 -0.842044
vn -0.125832 -0.328985 -0.935914
vn -0.125832 -0.328985 -0.935914
vn -0.125832 -0.328985 -0.935914
vn -0.125832 -0.328985 -0.935914
vn 0.787058 -0.269373 0.554958
vn 0.787058 -0.269373 0.554958
vn 0.787058 -0.269373 0.554958
vn 0.787058 -0.269373 0.554958
vn 0.877286 -0.271061 0.396100
vn 0.877286 -0.271061 0.396100
vn 0.877286 -0.271061 0.396100
vn 0.877286 -0.271061 0.396100
vn -0.298030 -0.561507 -0.771938
vn -0.298030 -0.561507 -0.771938
vn -0.298030 -0.561507 -0.771938
vn -0.298030 -0.561507 -0.771938
vn -0.379116 -0.555514 -0.740051
vn -0.379116 -0.555514 -0.740051
vn -0.379116 -0.555514 -0.740051
vn -0.379116 -0.555514 -0.740051
vn -0.440778 -0.792401 -0.421683
vn -0.440778 -0.792401 -0.421683
vn -0.440778 -0.792401 -0.421683
vn -0.440778 -0.792401 -0.421683
vn -0.423537 -0.887242 -0.182806
vn -0.423537 -0.887242 -0.182806
vn -0.423537 -0.887242 -0.182806
vn -0.423537 -0.887242 -0.182806
vn 0.693501 -0.711213 0.115035
vn 0.693501 -0.711213 0.115035
vn 0.693501 -0.711213 0.115035
vn 0.693501 -0.711213 0.115035
vn -0.203931 -0.975121 -0.086898
vn -0.203931 -0.975121 -0.086898
vn -0.203931 -0.975121 -0.086898
vn -0.203931 -0.975121 -0.086898
vn 0.760786 -0.618966 0.195158
vn 0.760786 -0.618966 0.195158
vn 0.760786 -0.618966 0.195158
vn 0.760786 -0.618966 0.195158
vn 0.907281 -0.230488 0.351734
vn 0.907281 -0.230488 0.351734
vn 0.907281 -0.230488 0.351734
vn 0.907281 -0.230488 0.351734
vn 0.804267 -0.315771 0.503431
vn 0.804267 -0.315771 0.503431
vn 0.804267 -0.315771 0.503431
vn 0.804267 -0.315771 0.503431
vn -0.387223 -0.818259 -0.424865
vn -0.387223 -0.818259 -0.424865
vn -0.387223 -0.818259 -0.424865
vn -0.387223 -0.818259 -0.424865
vn -0.296098 -0.853685 -0.428425
vn -0.296098 -0.853685 -0.428425
vn -0.296098 -0.853685 -0.428425
vn -0.296098 -0.853685 -0.428425
vn -0.374468 -0.892818 -0.250301
vn -0.374468 -0.892818 -0.250301
vn -0.374468 -0.892818 -0.250301
vn -0.374468 -0.892818 -0.250301
vn 0.688257 0.716886 -0.111250
vn 0.688257 0.716886 -0.111250
vn 0.688257 0.716886 -0.111250
vn 0.688257 0.716886 -0.111250
vn -0.476779 0.843529 0.247269
vn -0.476779 0.843529 0.247269
vn -0.476779 0.843529 0.247269
vn -0.476779 0.843529 0.247269
vn 0.092065 0.764004 -0.638609
vn 0.092065 0.764004 -0.638609
vn 0.092065 0.764004 -0.638609
vn 0.092065 0.764004 -0.638609
vn 0.041512 0.979280 0.198213
vn 0.041512 0.979280 0.198213
vn 0.041512 0.979280 0.198213
vn 0.041512 0.979280 0.198213
vn 0.111184 0.983744 0.141019
vn 0.111184 0.983744 0.141019
vn 0.111184 0.983744 0.141019
vn 0.111184 0.983744 0.141019
vn -0.091044 0.942881 0.320447
vn -0.091044 0.942881 0.320447
vn -0.091044 0.942881 0.320447
vn -0.091044 0.942881 0.320447
vn -0.320727 0.917642 0.234665
vn -0.320727 0.917642 0.234665
vn -0.320727 0.917642 0.234665
vn -0.320727 0.917642 0.234665
vn -0.156897 0.913950 0.374270
vn -0.156897 0.913950 0.374270
vn -0.156897 0.913950 0.374270
vn -0.156897 0.913950 0.374270
vn 0.372732 -0.336001 -0.864971
vn 0.372732 -0.336001 -0.864971
vn 0.372732 -0.336001 -0.864971
vn 0.372732 -0.336001 -0.864971
vn -0.450559 0.890997 0.055876
vn -0.450559 0.890997 0.055876
vn -0.450559 0.890997 0.055876
vn -0.450559 0.890997 0.055876
vn -0.310119 0.932287 0.186190
vn -0.310119 0.932287 0.186190
vn -0.310119 0.932287 0.186190
vn -0.310119 0.932287 0.186190
vn -0.394464 0.918355 -0.031993
vn -0.394464 0.918355 -0.031993
vn -0.394464 0.918355 -0.031993
vn -0.394464 0.918355 -0.031993
vn 0.139919 0.880155 0.453597
vn 0.139919 0.880155 0.453597
vn 0.139919 0.880155 0.453597
vn 0.139919 0.880155 0.453597
vn -0.405846 0.911801 -0.062524
vn -0.405846 0.911801 -0.062524
vn -0.405846 0.911801 -0.062524
vn -0.405846 0.911801 -0.062524
vn -0.900071 0.431765 -0.058744
vn -0.900071 0.431765 -0.058744
vn -0.900071 0.431765 -0.058744
vn -0.900071 0.431765 -0.058744
vn -0.510827 0.824665 -0.242863
vn -0.510827 0.824665 -0.242863
vn -0.510827 0.824665 -0.242863
vn -0.510827 0.824665 -0.242863
vn -0.864652 -0.253329 0.433821
vn -0.864652 -0.253329 0.433821
vn -0.864652 -0.253329 0.433821
vn -0.864652 -0.253329 0.433821
vn 0.269281 -0.601043 0.752486
vn 0.269281 -0.601043 0.752486
vn 0.269281 -0.601043 0.752486
vn 0.269281 -0.601043 0.752486
vn -0.795164 -0.491929 0.354570
vn -0.795164 -0.491929 0.354570
vn -0.795164 -0.491929 0.354570
vn -0.795164 -0.491929 0.354570
vn -0.175499 -0.628234 -0.757973
vn -0.175499 -0.628234 -0.757973
vn -0.175499 -0.628234 -0.757973
vn -0.175499 -0.628234 -0.757973
vn 0.238621 0.967641 0.082046
vn 0.238621 0.967641 0.082046
vn 0.238621 0.967641 0.082046
vn 0.238621 0.967641 0.082046
vn 0.010914 0.777225 0.629128
vn 0.010914 0.777225 0.629128
vn 0.010914 0.777225 0.629128
vn 0.010914 0.777225 0.629128
vn 0.167922 0.970309 0.174074
vn 0.167922 0.970309 0.174074
vn 0.167922 0.970309 0.174074
vn 0.167922 0.970309 0.174074
vn -0.795663 0.533442 0.286983
vn -0.795663 0.533442 0.286983
vn -0.795663 0.533442 0.286983
vn -0.795663 0.533442 0.286983
vn 0.350724 0.845350 -0.402959
vn 0.350724 0.845350 -0.402959
vn 0.350724 0.845350 -0.402959
vn 0.350724 0.845350 -0.402959
vn -0.908238 0.036588 0.416851
vn -0.908238 0.036588 0.416851
vn -0.908238 0.036588 0.416851
vn -0.908238 0.036588 0.416851
vn 0.360615 -0.248862 -0.898902
vn 0.360615 -0.248862 -0.898902
vn 0.360615 -0.248862 -0.898902
vn 0.360615 -0.248862 -0.898902
vn -0.438337 -0.174039 0.881800
vn -0.438337 -0.174039 0.881800
vn -0.438337 -0.174039 0.881800
vn -0.438337 -0.174039 0.881800
vn -0.013860 0.013646 0.999811
vn -0.013860 0.013646 0.999811
vn -0.013860 0.013646 0.999811
vn -0.013860 0.013646 0.999811
vn 0.115867 -0.917599 0.380246
vn 0.115867 -0.917599 0.380246
vn 0.115867 -0.917599 0.380246
vn 0.115867 -0.917599 0.380246
vn 0.038674 -0.186741 0.981648
vn 0.038674 -0.186741 0.981648
vn 0.038674 -0.186741 0.981648
vn 0.038674 -0.186741 0.981648
vn -0.900647 -0.161163 0.403561
vn -0.900647 -0.161163 0.403561
vn -0.900647 -0.161163 0.403561
vn -0.900647 -0.161163 0.403561
vn -0.987535 -0.156689 -0.014976
vn -0.987535 -0.156689 -0.014976
vn -0.987535 -0.156689 -0.014976
vn -0.987535 -0.156689 -0.014976
vn -0.999114 -0.022545 0.035548
vn -0.999114 -0.022545 0.035548
vn -0.999114 -0.022545 0.035548
vn -0.999114 -0.022545 0.035548
vn 0.281589 0.789968 0.544663
vn 0.281589 0.789968 0.544663
vn 0.281589 0.789968 0.544663
vn 0.281589 0.789968 0.544663
vn 0.088053 0.435881 0.895687
vn 0.088053 0.435881 0.895687
vn 0.088053 0.435881 0.895687
vn 0.088053 0.435881 0.895687
vn -0.424400 0.065173 0.903126
vn -0.424400 0.065173 0.903126
vn -0.424400 0.065173 0.903126
vn -0.424400 0.065173 0.903126
vn -0.228727 0.538833 0.810767
vn -0.228727 0.538833 0.810767
vn -0.228727 0.538833 0.810767
vn -0.228727 0.538833 0.810767
vn 0.471798 -0.182443 0.862625
vn 0.471798 -0.182443 0.862625
vn 0.471798 -0.182443 0.862625
vn 0.471798 -0.182443 0.862625
vn 0.343346 -0.088378 0.935042
vn 0.343346 -0.088378 0.935042
vn 0.343346 -0.088378 0.935042
vn 0.343346 -0.088378 0.935042
vn 0.344759 -0.146476 0.927193
vn 0.344759 -0.146476 0.927193
vn 0.344759 -0.146476 0.927193
vn 0.344759 -0.146476 0.927193
vn -0.736854 0.573615 -0.357789
vn -0.736854 0.573615 -0.357789
vn -0.736854 0.573615 -0.357789
vn -0.736854 0.573615 -0.357789
vn -0.933268 0.232180 -0.274050
vn -0.933268 0.232180 -0.274050
vn -0.933268 0.232180 -0.274050
vn -0.933268 0.232180 -0.274050
vn -0.927624 0.136481 -0.347688
vn -0.927624 0.136481 -0.347688
vn -0.927624 0.136481 -0.347688
vn -0.927624 0.136481 -0.347688
vn -0.981019 -0.178872 -0.074879
vn -0.981019 -0.178872 -0.074879
vn -0.981019 -0.178872 -0.074879
vn -0.981019 -0.178872 -0.074879
vn -0.913285 -0.319377 -0.252803
vn -0.913285 -0.319377 -0.252803
vn -0.913285 -0.319377 -0.252803
vn -0.913285 -0.319377 -0.252803
vn -0.896249 -0.174583 -0.407749
vn -0.896249 -0.174583 -0.407749
vn -0.896249 -0.174583 -0.407749
vn -0.896249 -0.174583 -0.407749
vn -0.888684 -0.147077 -0.434292
vn -0.888684 -0.147077 -0.434292
vn -0.888684 -0.147077 -0.434292
vn 0.393702 -0.207340 0.895550
vn 0.393702 -0.207340 0.895550
vn 0.393702 -0.207340 0.895550
vn 0.393702 -0.207340 0.895550
vn -0.916998 -0.174403 -0.358746
vn -0.916998 -0.174403 -0.358746
vn -0.916998 -0.174403 -0.358746
vn -0.916998 -0.174403 -0.358746
vn -0.837678 -0.149504 -0.525304
vn -0.837678 -0.149504 -0.525304
vn -0.837678 -0.149504 -0.525304
vn -0.837678 -0.149504 -0.525304
vn 0.218119 0.261558 0.940219
vn 0.218119 0.261558 0.940219
vn 0.218119 0.261558 0.940219
vn 0.218119 0.261558 0.940219
vn 0.298547 0.664386 0.685172
vn 0.298547 0.664386 0.685172
vn 0.298547 0.664386 0.685172
vn 0.298547 0.664386 0.685172
vn 0.339722 0.134702 0.930830
vn 0.339722 0.134702 0.930830
vn 0.339722 0.134702 0.930830
vn 0.339722 0.134702 0.930830
vn -0.942212 -0.089620 -0.322809
vn -0.942212 -0.089620 -0.322809
vn -0.942212 -0.089620 -0.322809
vn -0.942212 -0.089620 -0.322809
vn -0.942937 -0.130849 -0.306184
vn -0.942937 -0.130849 -0.306184
vn 0.473261 -0.258836 0.842038
vn 0.473261 -0.258836 0.842038
vn 0.473261 -0.258836 0.842038
vn 0.473261 -0.258836 0.842038
vn 0.125845 -0.328986 0.935912
vn 0.125845 -0.328986 0.935912
vn 0.125845 -0.328986 0.935912
vn 0.125845 -0.328986 0.935912
vn -0.787061 -0.269372 -0.554955
vn -0.787061 -0.269372 -0.554955
vn -0.787061 -0.269372 -0.554955
vn -0.787061 -0.269372 -0.554955
vn -0.877288 -0.271061 -0.396096
vn -0.877288 -0.271061 -0.396096
vn -0.877288 -0.271061 -0.396096
vn -0.877288 -0.271061 -0.396096
vn 0.298037 -0.561505 0.771937
vn 0.298037 -0.561505 0.771937
vn 0.298037 -0.561505 0.771937
vn 0.298037 -0.561505 0.771937
vn 0.379126 -0.555510 0.740049
vn 0.379126 -0.555510 0.740049
vn 0.379126 -0.555510 0.740049
vn 0.379126 -0.555510 0.740049
vn 0.440788 -0.792395 0.421682
vn 0.440788 -0.792395 0.421682
vn 0.440788 -0.792395 0.421682
vn 0.440788 -0.792395 0.421682
vn 0.423509 -0.887253 0.182815
vn 0.423509 -0.887253 0.182815
vn 0.423509 -0.887253 0.182815
vn 0.423509 -0.887253 0.182815
vn -0.693504 -0.711222 -0.114959
vn -0.693504 -0.711222 -0.114959
vn -0.693504 -0.711222 -0.114959
vn -0.693504 -0.711222 -0.114959
vn 0.203924 -0.975122 0.086900
vn 0.203924 -0.975122 0.086900
vn 0.203924 -0.975122 0.086900
vn 0.203924 -0.975122 0.086900
vn -0.760792 -0.618961 -0.195151
vn -0.760792 -0.618961 -0.195151
vn -0.760792 -0.618961 -0.195151
vn -0.760792 -0.618961 -0.195151
vn -0.907283 -0.230486 -0.351731
vn -0.907283 -0.230486 -0.351731
vn -0.907283 -0.230486 -0.351731
vn -0.907283 -0.230486 -0.351731
vn -0.804270 -0.315769 -0.503428
vn -0.804270 -0.315769 -0.503428
vn -0.804270 -0.315769 -0.503428
vn -0.804270 -0.315769 -0.503428
vn 0.387238 -0.818252 0.424864
vn 0.387238 -0.818252 0.424864
vn 0.387238 -0.818252 0.424864
vn 0.387238 -0.818252 0.424864
vn 0.296110 -0.853681 0.428425
vn 0.296110 -0.853681 0.428425
vn 0.296110 -0.853681 0.428425
vn 0.296110 -0.853681 0.428425
vn 0.374477 -0.892805 0.250334
vn 0.374477 -0.892805 0.250334
vn 0.374477 -0.892805 0.250334
vn 0.374477 -0.892805 0.250334
vn -0.611972 0.787952 0.067984
vn -0.611972 0.787952 0.067984
vn -0.611972 0.787952 0.067984
vn -0.611972 0.787952 0.067984
vn 0.476778 0.843529 -0.247269
vn 0.476778 0.843529 -0.247269
vn 0.476778 0.843529 -0.247269
vn 0.476778 0.843529 -0.247269
vn -0.089993 0.806476 0.584379
vn -0.089993 0.806476 0.584379
vn -0.089993 0.806476 0.584379
vn -0.089993 0.806476 0.584379
vn -0.041512 0.979279 -0.198214
vn -0.041512 0.979279 -0.198214
vn -0.041512 0.979279 -0.198214
vn -0.041512 0.979279 -0.198214
vn -0.111184 0.983744 -0.141019
vn -0.111184 0.983744 -0.141019
vn -0.111184 0.983744 -0.141019
vn -0.111184 0.983744 -0.141019
vn -0.630468 0.775348 -0.036683
vn -0.630468 0.775348 -0.036683
vn -0.630468 0.775348 -0.036683
vn -0.630468 0.775348 -0.036683
vn 0.091044 0.942881 -0.320448
vn 0.091044 0.942881 -0.320448
vn 0.091044 0.942881 -0.320448
vn 0.091044 0.942881 -0.320448
vn 0.320725 0.917642 -0.234665
vn 0.320725 0.917642 -0.234665
vn 0.320725 0.917642 -0.234665
vn 0.320725 0.917642 -0.234665
vn 0.156897 0.913950 -0.374270
vn 0.156897 0.913950 -0.374270
vn 0.156897 0.913950 -0.374270
vn 0.156897 0.913950 -0.374270
vn -0.372760 -0.336014 0.864953
vn -0.372760 -0.336014 0.864953
vn -0.372760 -0.336014 0.864953
vn -0.372760 -0.336014 0.864953
vn 0.450559 0.890997 -0.055877
vn 0.450559 0.890997 -0.055877
vn 0.450559 0.890997 -0.055877
vn 0.450559 0.890997 -0.055877
vn 0.310119 0.932287 -0.186190
vn 0.310119 0.932287 -0.186190
vn 0.310119 0.932287 -0.186190
vn 0.310119 0.932287 -0.186190
vn 0.394464 0.918354 0.031993
vn 0.394464 0.918354 0.031993
vn 0.394464 0.918354 0.031993
vn 0.394464 0.918354 0.031993
vn 0.139919 0.880155 -0.453597
vn 0.139919 0.880155 -0.453597
vn 0.139919 0.880155 -0.453597
vn 0.139919 0.880155 -0.453597
vn -0.510828 0.824665 0.242863
vn -0.510828 0.824665 0.242863
vn -0.510828 0.824665 0.242863
vn -0.510828 0.824665 0.242863
vn -0.893864 0.444162 0.061051
vn -0.893864 0.444162 0.061051
vn -0.893864 0.444162 0.061051
vn -0.893864 0.444162 0.061051
vn -0.405846 0.911801 0.062524
vn -0.405846 0.911801 0.062524
vn -0.405846 0.911801 0.062524
vn -0.405846 0.911801 0.062524
vn -0.861572 -0.256325 -0.438168
vn -0.861572 -0.256325 -0.438168
vn -0.861572 -0.256325 -0.438168
vn -0.861572 -0.256325 -0.438168
vn -0.795178 -0.492033 -0.354395
vn -0.795178 -0.492033 -0.354395
vn -0.795178 -0.492033 -0.354395
vn -0.795178 -0.492033 -0.354395
vn 0.269249 -0.601044 -0.752497
vn 0.269249 -0.601044 -0.752497
vn 0.269249 -0.601044 -0.752497
vn 0.269249 -0.601044 -0.752497
vn 0.167921 0.970310 -0.174074
vn 0.167921 0.970310 -0.174074
vn 0.167921 0.970310 -0.174074
vn 0.167921 0.970310 -0.174074
vn 0.010914 0.777225 -0.629129
vn 0.010914 0.777225 -0.629129
vn 0.010914 0.777225 -0.629129
vn 0.010914 0.777225 -0.629129
vn 0.238621 0.967641 -0.082046
vn 0.238621 0.967641 -0.082046
vn 0.238621 0.967641 -0.082046
vn 0.238621 0.967641 -0.082046
vn -0.793582 0.536259 -0.287496
vn -0.793582 0.536259 -0.287496
vn -0.793582 0.536259 -0.287496
vn -0.793582 0.536259 -0.287496
vn 0.350725 0.845350 0.402959
vn 0.350725 0.845350 0.402959
vn 0.350725 0.845350 0.402959
vn 0.350725 0.845350 0.402959
vn -0.905142 0.041106 -0.423117
vn -0.905142 0.041106 -0.423117
vn -0.905142 0.041106 -0.423117
vn -0.905142 0.041106 -0.423117
vn -0.013860 0.013646 -0.999811
vn -0.013860 0.013646 -0.999811
vn -0.013860 0.013646 -0.999811
vn -0.013860 0.013646 -0.999811
vn -0.438337 -0.174040 -0.881800
vn -0.438337 -0.174040 -0.881800
vn -0.438337 -0.174040 -0.881800
vn -0.438337 -0.174040 -0.881800
vn 0.116024 -0.917612 -0.380167
vn 0.116024 -0.917612 -0.380167
vn 0.116024 -0.917612 -0.380167
vn 0.116024 -0.917612 -0.380167
vn -0.895877 -0.161931 -0.413742
vn -0.895877 -0.161931 -0.413742
vn -0.895877 -0.161931 -0.413742
vn -0.895877 -0.161931 -0.413742
vn 0.038674 -0.186741 -0.981648
vn 0.038674 -0.186741 -0.981648
vn 0.038674 -0.186741 -0.981648
vn 0.038674 -0.186741 -0.981648
vn -0.987202 -0.159291 -0.007715
vn -0.987202 -0.159291 -0.007715
vn -0.987202 -0.159291 -0.007715
vn -0.987202 -0.159291 -0.007715
vn -0.998996 -0.002094 -0.044760
vn -0.998996 -0.002094 -0.044760
vn -0.998996 -0.002094 -0.044760
vn -0.998996 -0.002094 -0.044760
vn 0.281589 0.789968 -0.544664
vn 0.281589 0.789968 -0.544664
vn 0.281589 0.789968 -0.544664
vn 0.281589 0.789968 -0.544664
vn -0.228727 0.538833 -0.810767
vn -0.228727 0.538833 -0.810767
vn -0.228727 0.538833 -0.810767
vn -0.228727 0.538833 -0.810767
vn -0.424401 0.065172 -0.903126
vn -0.424401 0.065172 -0.903126
vn -0.424401 0.065172 -0.903126
vn -0.424401 0.065172 -0.903126
vn 0.088053 0.435880 -0.895687
vn 0.088053 0.435880 -0.895687
vn 0.088053 0.435880 -0.895687
vn 0.088053 0.435880 -0.895687
vn 0.471793 -0.182443 -0.862628
vn 0.471793 -0.182443 -0.862628
vn 0.471793 -0.182443 -0.862628
vn 0.471793 -0.182443 -0.862628
vn 0.342710 -0.146032 -0.928022
vn 0.342710 -0.146032 -0.928022
vn 0.342710 -0.146032 -0.928022
vn 0.342710 -0.146032 -0.928022
vn 0.343346 -0.088379 -0.935041
vn 0.343346 -0.088379 -0.935041
vn 0.343346 -0.088379 -0.935041
vn 0.343346 -0.088379 -0.935041
vn -0.736855 0.573614 0.357788
vn -0.736855 0.573614 0.357788
vn -0.736855 0.573614 0.357788
vn -0.736855 0.573614 0.357788
vn -0.922438 0.144492 0.358093
vn -0.922438 0.144492 0.358093
vn -0.922438 0.144492 0.358093
vn -0.922438 0.144492 0.358093
vn -0.925620 0.246830 0.286884
vn -0.925620 0.246830 0.286884
vn -0.925620 0.246830 0.286884
vn -0.925620 0.246830 0.286884
vn -0.978219 -0.197749 0.063113
vn -0.978219 -0.197749 0.063113
vn -0.978219 -0.197749 0.063113
vn -0.978219 -0.197749 0.063113
vn -0.882416 -0.183267 0.433307
vn -0.882416 -0.183267 0.433307
vn -0.882416 -0.183267 0.433307
vn -0.882416 -0.183267 0.433307
vn -0.893676 -0.170477 0.415068
vn -0.893676 -0.170477 0.415068
vn -0.874723 -0.145957 0.462122
vn -0.874723 -0.145957 0.462122
vn -0.874723 -0.145957 0.462122
vn -0.913226 -0.319397 0.252989
vn -0.913226 -0.319397 0.252989
vn -0.913226 -0.319397 0.252989
vn -0.913226 -0.319397 0.252989
vn 0.391486 -0.207573 -0.896467
vn 0.391486 -0.207573 -0.896467
vn 0.391486 -0.207573 -0.896467
vn 0.391486 -0.207573 -0.896467
vn -0.824990 -0.171827 0.538394
vn -0.824990 -0.171827 0.538394
vn -0.824990 -0.171827 0.538394
vn -0.824990 -0.171827 0.538394
vn 0.218119 0.261557 -0.940219
vn 0.218119 0.261557 -0.940219
vn 0.218119 0.261557 -0.940219
vn 0.218119 0.261557 -0.940219
vn 0.338997 0.135333 -0.931003
vn 0.338997 0.135333 -0.931003
vn 0.338997 0.135333 -0.931003
vn 0.338997 0.135333 -0.931003
vn 0.298548 0.664387 -0.685171
vn 0.298548 0.664387 -0.685171
vn 0.298548 0.664387 -0.685171
vn 0.298548 0.664387 -0.685171
vn -0.934382 -0.062441 0.350759
vn -0.934382 -0.062441 0.350759
vn -0.934382 -0.062441 0.350759
vn -0.934382 -0.062441 0.350759
vn -0.930241 -0.116780 0.347870
vn -0.930241 -0.116780 0.347870
vn -0.930241 -0.116780 0.347870
vn -0.930241 -0.116780 0.347870
vn 0.473251 -0.258836 -0.842044
vn 0.473251 -0.258836 -0.842044
vn 0.473251 -0.258836 -0.842044
vn 0.473251 -0.258836 -0.842044
vn 0.125832 -0.328986 -0.935914
vn 0.125832 -0.328986 -0.935914
vn 0.125832 -0.328986 -0.935914
vn 0.125832 -0.328986 -0.935914
vn -0.877281 -0.271061 0.396111
vn -0.877281 -0.271061 0.396111
vn -0.877281 -0.271061 0.396111
vn -0.877281 -0.271061 0.396111
vn -0.787052 -0.269373 0.554966
vn -0.787052 -0.269373 0.554966
vn -0.787052 -0.269373 0.554966
vn -0.787052 -0.269373 0.554966
vn 0.379116 -0.555514 -0.740051
vn 0.379116 -0.555514 -0.740051
vn 0.379116 -0.555514 -0.740051
vn 0.379116 -0.555514 -0.740051
vn 0.298030 -0.561507 -0.771938
vn 0.298030 -0.561507 -0.771938
vn 0.298030 -0.561507 -0.771938
vn 0.298030 -0.561507 -0.771938
vn 0.440778 -0.792401 -0.421683
vn 0.440778 -0.792401 -0.421683
vn 0.440778 -0.792401 -0.421683
vn 0.440778 -0.792401 -0.421683
vn 0.203923 -0.975126 -0.086864
vn 0.203923 -0.975126 -0.086864
vn 0.203923 -0.975126 -0.086864
vn 0.203923 -0.975126 -0.086864
vn -0.693503 -0.711196 0.115132
vn -0.693503 -0.711196 0.115132
vn -0.693503 -0.711196 0.115132
vn -0.693503 -0.711196 0.115132
vn 0.423510 -0.887260 -0.182781
vn 0.423510 -0.887260 -0.182781
vn 0.423510 -0.887260 -0.182781
vn 0.423510 -0.887260 -0.182781
vn -0.760785 -0.618961 0.195175
vn -0.760785 -0.618961 0.195175
vn -0.760785 -0.618961 0.195175
vn -0.760785 -0.618961 0.195175
vn -0.804262 -0.315770 0.503440
vn -0.804262 -0.315770 0.503440
vn -0.804262 -0.315770 0.503440
vn -0.804262 -0.315770 0.503440
vn -0.907279 -0.230485 0.351742
vn -0.907279 -0.230485 0.351742
vn -0.907279 -0.230485 0.351742
vn -0.907279 -0.230485 0.351742
vn 0.387223 -0.818259 -0.424865
vn 0.387223 -0.818259 -0.424865
vn 0.387223 -0.818259 -0.424865
vn 0.387223 -0.818259 -0.424865
vn 0.374468 -0.892818 -0.250301
vn 0.374468 -0.892818 -0.250301
vn 0.374468 -0.892818 -0.250301
vn 0.374468 -0.892818 -0.250301
vn 0.296099 -0.853685 -0.428425
vn 0.296099 -0.853685 -0.428425
vn 0.296099 -0.853685 -0.428425
vn 0.296099 -0.853685 -0.428425
vn -0.611971 0.787953 -0.067984
vn -0.611971 0.787953 -0.067984
vn -0.611971 0.787953 -0.067984
vn -0.611971 0.787953 -0.067984
vn 0.476780 0.843528 0.247269
vn 0.476780 0.843528 0.247269
vn 0.476780 0.843528 0.247269
vn 0.476780 0.843528 0.247269
vn -0.089993 0.806475 -0.584379
vn -0.089993 0.806475 -0.584379
vn -0.089993 0.806475 -0.584379
vn -0.089993 0.806475 -0.584379
vn -0.041512 0.979279 0.198213
vn -0.041512 0.979279 0.198213
vn -0.041512 0.979279 0.198213
vn -0.041512 0.979279 0.198213
vn -0.111181 0.983744 0.141019
vn -0.111181 0.983744 0.141019
vn -0.111181 0.983744 0.141019
vn -0.111181 0.983744 0.141019
vn -0.630469 0.775347 0.036683
vn -0.630469 0.775347 0.036683
vn -0.630469 0.775347 0.036683
vn -0.630469 0.775347 0.036683
vn 0.091047 0.942881 0.320447
vn 0.091047 0.942881 0.320447
vn 0.091047 0.942881 0.320447
vn 0.091047 0.942881 0.320447
vn -0.372695 -0.335984 -0.864993
vn -0.372695 -0.335984 -0.864993
vn -0.372695 -0.335984 -0.864993
vn -0.372695 -0.335984 -0.864993
vn 0.156895 0.913951 0.374270
vn 0.156895 0.913951 0.374270
vn 0.156895 0.913951 0.374270
vn 0.156895 0.913951 0.374270
vn 0.320725 0.917643 0.234665
vn 0.320725 0.917643 0.234665
vn 0.320725 0.917643 0.234665
vn 0.320725 0.917643 0.234665
vn 0.450559 0.890997 0.055876
vn 0.450559 0.890997 0.055876
vn 0.450559 0.890997 0.055876
vn 0.450559 0.890997 0.055876
vn 0.394463 0.918355 -0.031993
vn 0.394463 0.918355 -0.031993
vn 0.394463 0.918355 -0.031993
vn 0.394463 0.918355 -0.031993
vn 0.310120 0.932287 0.186190
vn 0.310120 0.932287 0.186190
vn 0.310120 0.932287 0.186190
vn 0.310120 0.932287 0.186190
vn 0.175450 -0.628156 0.758048
vn 0.175450 -0.628156 0.758048
vn 0.175450 -0.628156 0.758048
vn 0.175450 -0.628156 0.758048
vn 0.978885 0.003487 0.204384
vn 0.978885 0.003487 0.204384
vn 0.978885 0.003487 0.204384
vn 0.439422 0.391202 0.808622
vn 0.439422 0.391202 0.808622
vn 0.439422 0.391202 0.808622
vn 0.439419 0.391204 -0.808623
vn 0.439419 0.391204 -0.808623
vn 0.439419 0.391204 -0.808623
vn 0.978885 0.003486 -0.204383
vn 0.978885 0.003486 -0.204383
vn 0.978885 0.003486 -0.204383
vn 0.207638 0.623890 0.753424
vn 0.207638 0.623890 0.753424
vn 0.207638 0.623890 0.753424
vn -0.269294 0.947220 0.173943
vn -0.269294 0.947220 0.173943
vn -0.269294 0.947220 0.173943
vn -0.269304 0.947217 -0.173941
vn -0.269304 0.947217 -0.173941
vn -0.269304 0.947217 -0.173941
vn 0.207643 0.623890 -0.753423
vn 0.207643 0.623890 -0.753423
vn 0.207643 0.623890 -0.753423
vn 0.194839 0.364638 0.910537
vn 0.194839 0.364638 0.910537
vn 0.194839 0.364638 0.910537
vn 0.194839 0.364638 0.910537
vn 0.240015 0.216164 0.946396
vn 0.240015 0.216164 0.946396
vn 0.240015 0.216164 0.946396
vn 0.240015 0.216164 0.946396
vn 0.855227 0.488720 0.172449
vn 0.855227 0.488720 0.172449
vn 0.855227 0.488720 0.172449
vn 0.855227 0.488720 0.172449
vn -0.172095 0.253866 0.951806
vn -0.172095 0.253866 0.951806
vn -0.172095 0.253866 0.951806
vn -0.172095 0.253866 0.951806
vn -0.692018 0.676133 0.252893
vn -0.692018 0.676133 0.252893
vn -0.692018 0.676133 0.252893
vn -0.692018 0.676133 0.252893
vn -0.172097 0.253867 -0.951806
vn -0.172097 0.253867 -0.951806
vn -0.172097 0.253867 -0.951806
vn -0.172097 0.253867 -0.951806
vn -0.944983 0.072979 0.318875
vn -0.944983 0.072979 0.318875
vn -0.944983 0.072979 0.318875
vn -0.944983 0.072979 0.318875
vn 0.877912 0.478420 0.019648
vn 0.877912 0.478420 0.019648
vn 0.877912 0.478420 0.019648
vn 0.877912 0.478420 0.019648
vn 0.877912 0.478420 -0.019648
vn 0.877912 0.478420 -0.019648
vn 0.978371 0.201871 0.045138
vn 0.978371 0.201871 0.045138
vn 0.978371 0.201871 0.045138
vn 0.978371 0.201871 0.045138
vn 0.016903 0.337840 0.941052
vn 0.016903 0.337840 0.941052
vn 0.016903 0.337840 0.941052
vn 0.016903 0.337840 0.941052
vn 0.042855 0.178059 0.983086
vn 0.042855 0.178059 0.983086
vn 0.042855 0.178059 0.983086
vn 0.042855 0.178059 0.983086
vn 0.243117 -0.069840 -0.967479
vn 0.243117 -0.069840 -0.967479
vn 0.243117 -0.069840 -0.967479
vn 0.243117 -0.069840 -0.967479
vn 0.194840 0.364637 -0.910537
vn 0.194840 0.364637 -0.910537
vn 0.194840 0.364637 -0.910537
vn 0.194840 0.364637 -0.910537
vn 0.855228 0.488719 -0.172448
vn 0.855228 0.488719 -0.172448
vn 0.855228 0.488719 -0.172448
vn 0.855228 0.488719 -0.172448
vn 0.240016 0.216164 -0.946396
vn 0.240016 0.216164 -0.946396
vn 0.240016 0.216164 -0.946396
vn 0.240016 0.216164 -0.946396
vn 0.978371 0.201871 -0.045140
vn 0.978371 0.201871 -0.045140
vn 0.978371 0.201871 -0.045140
vn 0.978371 0.201871 -0.045140
vn 0.042855 0.178060 -0.983086
vn 0.042855 0.178060 -0.983086
vn 0.042855 0.178060 -0.983086
vn 0.042855 0.178060 -0.983086
vn 0.016902 0.337840 -0.941052
vn 0.016902 0.337840 -0.941052
vn 0.016902 0.337840 -0.941052
vn 0.016902 0.337840 -0.941052
vn 0.765817 -0.511987 0.389094
vn 0.765817 -0.511987 0.389094
vn 0.765817 -0.511987 0.389094
vn 0.765817 -0.511987 0.389094
vn -0.252313 0.361462 0.897599
vn -0.252313 0.361462 0.897599
vn -0.252313 0.361462 0.897599
vn -0.252313 0.361462 0.897599
vn -0.924811 0.339911 0.170839
vn -0.924811 0.339911 0.170839
vn -0.924811 0.339911 0.170839
vn -0.924811 0.339911 0.170839
vn -0.279597 0.144375 0.949201
vn -0.279597 0.144375 0.949201
vn -0.279597 0.144375 0.949201
vn -0.279597 0.144375 0.949201
vn -0.262923 0.115711 0.957853
vn -0.262923 0.115711 0.957853
vn 0.927336 -0.079251 -0.365742
vn 0.927336 -0.079251 -0.365742
vn 0.927336 -0.079251 -0.365742
vn 0.927336 -0.079251 -0.365742
vn 0.765817 -0.511990 -0.389089
vn 0.765817 -0.511990 -0.389089
vn 0.765817 -0.511990 -0.389089
vn 0.765817 -0.511990 -0.389089
vn 0.944465 0.227192 0.237424
vn 0.944465 0.227192 0.237424
vn 0.944465 0.227192 0.237424
vn 0.944465 0.227192 0.237424
vn 0.272636 0.126175 -0.953808
vn 0.272636 0.126175 -0.953808
vn 0.272636 0.126175 -0.953808
vn 0.272636 0.126175 -0.953808
vn -0.941744 0.335581 0.022443
vn -0.941744 0.335581 0.022443
vn -0.941744 0.335581 0.022443
vn -0.941744 0.335581 0.022443
vn -0.941744 0.335582 -0.022444
vn -0.941744 0.335582 -0.022444
vn -0.995835 -0.044046 0.079825
vn -0.995835 -0.044046 0.079825
vn -0.995835 -0.044046 0.079825
vn -0.995835 -0.044046 0.079825
vn -0.088755 0.158331 0.983389
vn -0.088755 0.158331 0.983389
vn -0.059410 0.129316 0.989822
vn -0.059410 0.129316 0.989822
vn -0.059410 0.129316 0.989822
vn -0.059410 0.129316 0.989822
vn -0.016130 0.130146 0.991364
vn -0.016130 0.130146 0.991364
vn 0.011216 0.127930 0.991720
vn 0.011216 0.127930 0.991720
vn -0.079556 0.342382 0.936187
vn -0.079556 0.342382 0.936187
vn -0.079556 0.342382 0.936187
vn -0.079556 0.342382 0.936187
vn 0.272636 0.126175 0.953808
vn 0.272636 0.126175 0.953808
vn 0.272636 0.126175 0.953808
vn 0.272636 0.126175 0.953808
vn 0.839597 -0.473641 -0.265973
vn 0.839597 -0.473641 -0.265973
vn 0.839597 -0.473641 -0.265973
vn 0.839597 -0.473641 -0.265973
vn -0.252313 0.361462 -0.897599
vn -0.252313 0.361462 -0.897599
vn -0.252313 0.361462 -0.897599
vn -0.252313 0.361462 -0.897599
vn -0.279598 0.144375 -0.949200
vn -0.279598 0.144375 -0.949200
vn -0.279598 0.144375 -0.949200
vn -0.279598 0.144375 -0.949200
vn -0.262925 0.115711 -0.957853
vn -0.262925 0.115711 -0.957853
vn -0.924811 0.339911 -0.170838
vn -0.924811 0.339911 -0.170838
vn -0.924811 0.339911 -0.170838
vn -0.924811 0.339911 -0.170838
vn 0.944465 0.227192 -0.237423
vn 0.944465 0.227192 -0.237423
vn 0.944465 0.227192 -0.237423
vn 0.944465 0.227192 -0.237423
vn 0.243119 -0.069842 0.967479
vn 0.243119 -0.069842 0.967479
vn 0.243119 -0.069842 0.967479
vn 0.243119 -0.069842 0.967479
vn -0.967020 0.006314 0.254624
vn -0.967020 0.006314 0.254624
vn -0.967020 0.006314 0.254624
vn -0.967020 0.006314 0.254624
vn 0.927336 -0.079251 0.365743
vn 0.927336 -0.079251 0.365743
vn 0.927336 -0.079251 0.365743
vn 0.927336 -0.079251 0.365743
vn -0.995835 -0.044046 -0.079826
vn -0.995835 -0.044046 -0.079826
vn -0.995835 -0.044046 -0.079826
vn -0.995835 -0.044046 -0.079826
vn -0.079555 0.342382 -0.936187
vn -0.079555 0.342382 -0.936187
vn -0.079555 0.342382 -0.936187
vn -0.079555 0.342382 -0.936187
vn -0.088755 0.158332 -0.983389
vn -0.088755 0.158332 -0.983389
vn -0.088755 0.158332 -0.983389
vn -0.088755 0.158332 -0.983389
vn -0.059410 0.129316 -0.989822
vn -0.059410 0.129316 -0.989822
vn -0.016129 0.130146 -0.991364
vn -0.016129 0.130146 -0.991364
vn 0.011217 0.127929 -0.991720
vn 0.011217 0.127929 -0.991720
vn -0.967020 0.006315 -0.254623
vn -0.967020 0.006315 -0.254623
vn -0.967020 0.006315 -0.254623
vn -0.967020 0.006315 -0.254623
vn 0.839599 -0.473637 0.265972
vn 0.839599 -0.473637 0.265972
vn 0.839599 -0.473637 0.265972
vn 0.839599 -0.473637 0.265972
vn -0.518042 0.854140 0.045580
vn -0.518042 0.854140 0.045580
vn -0.518042 0.854140 0.045580
vn -0.518042 0.854140 0.045580
vn -0.694473 0.718107 0.045052
vn -0.694473 0.718107 0.045052
vn -0.694473 0.718107 0.045052
vn -0.694473 0.718107 0.045052
vn -0.495816 0.831533 0.250438
vn -0.495816 0.831533 0.250438
vn -0.495816 0.831533 0.250438
vn -0.495816 0.831533 0.250438
vn -0.673590 0.684650 0.278445
vn -0.673590 0.684650 0.278445
vn -0.673590 0.684650 0.278445
vn -0.673590 0.684650 0.278445
vn -0.110776 0.281948 -0.953013
vn -0.110776 0.281948 -0.953013
vn -0.110776 0.281948 -0.953013
vn -0.110776 0.281948 -0.953013
vn -0.101329 0.288168 -0.952204
vn -0.101329 0.288168 -0.952204
vn -0.673593 0.684650 -0.278439
vn -0.673593 0.684650 -0.278439
vn -0.673593 0.684650 -0.278439
vn -0.673593 0.684650 -0.278439
vn -0.495816 0.831533 -0.250437
vn -0.495816 0.831533 -0.250437
vn -0.495816 0.831533 -0.250437
vn -0.495816 0.831533 -0.250437
vn 0.285836 -0.040559 0.957420
vn 0.285836 -0.040559 0.957420
vn 0.285836 -0.040559 0.957420
vn 0.285836 -0.040559 0.957420
vn 0.658427 -0.749765 -0.065775
vn 0.658427 -0.749765 -0.065775
vn 0.658427 -0.749765 -0.065775
vn 0.658427 -0.749765 -0.065775
vn 0.869607 -0.492357 -0.036981
vn 0.869607 -0.492357 -0.036981
vn 0.869607 -0.492357 -0.036981
vn 0.869607 -0.492357 -0.036981
vn 0.627905 -0.716300 -0.304384
vn 0.627905 -0.716300 -0.304384
vn 0.627905 -0.716300 -0.304384
vn 0.627905 -0.716300 -0.304384
vn 0.096873 0.010301 0.995243
vn 0.096873 0.010301 0.995243
vn 0.096873 0.010301 0.995243
vn 0.096873 0.010301 0.995243
vn 0.095790 0.046427 0.994318
vn 0.095790 0.046427 0.994318
vn 0.129875 0.099269 0.986549
vn 0.129875 0.099269 0.986549
vn 0.129875 0.099269 0.986549
vn 0.129875 0.099269 0.986549
vn 0.216731 -0.149864 0.964660
vn 0.216731 -0.149864 0.964660
vn 0.216731 -0.149864 0.964660
vn 0.216731 -0.149864 0.964660
vn 0.976041 -0.180003 0.122245
vn 0.976041 -0.180003 0.122245
vn 0.976041 -0.180003 0.122245
vn 0.976041 -0.180003 0.122245
vn 0.859844 -0.495037 0.124926
vn 0.859844 -0.495037 0.124926
vn 0.859844 -0.495037 0.124926
vn 0.859844 -0.495037 0.124926
vn 0.976040 -0.180003 -0.122247
vn 0.976040 -0.180003 -0.122247
vn 0.976040 -0.180003 -0.122247
vn 0.976040 -0.180003 -0.122247
vn 0.859843 -0.495037 -0.124932
vn 0.859843 -0.495037 -0.124932
vn 0.859843 -0.495037 -0.124932
vn 0.859843 -0.495037 -0.124932
vn -0.692018 0.676132 -0.252897
vn -0.692018 0.676132 -0.252897
vn -0.692018 0.676132 -0.252897
vn -0.692018 0.676132 -0.252897
vn -0.992690 0.066338 0.100827
vn -0.992690 0.066338 0.100827
vn -0.992690 0.066338 0.100827
vn -0.992690 0.066338 0.100827
vn -0.727387 0.684575 0.047602
vn -0.727387 0.684575 0.047602
vn -0.727387 0.684575 0.047602
vn -0.727387 0.684575 0.047602
vn -0.944983 0.072979 -0.318874
vn -0.944983 0.072979 -0.318874
vn -0.944983 0.072979 -0.318874
vn -0.944983 0.072979 -0.318874
vn 0.079894 0.135911 0.987494
vn 0.079894 0.135911 0.987494
vn 0.079894 0.135911 0.987494
vn 0.079894 0.135911 0.987494
vn 0.079894 0.135911 -0.987494
vn 0.079894 0.135911 -0.987494
vn 0.079894 0.135911 -0.987494
vn 0.079894 0.135911 -0.987494
vn 0.095790 0.046428 -0.994318
vn 0.095790 0.046428 -0.994318
vn 0.095790 0.046428 -0.994318
vn 0.095790 0.046428 -0.994318
vn 0.096873 0.010301 -0.995244
vn 0.096873 0.010301 -0.995244
vn -0.992690 0.066338 -0.100828
vn -0.992690 0.066338 -0.100828
vn -0.992690 0.066338 -0.100828
vn -0.992690 0.066338 -0.100828
vn -0.727387 0.684574 -0.047603
vn -0.727387 0.684574 -0.047603
vn -0.727387 0.684574 -0.047603
vn -0.727387 0.684574 -0.047603
vn 0.290144 0.578737 0.762155
vn 0.290144 0.578737 0.762155
vn 0.290144 0.578737 0.762155
vn 0.290144 0.578737 0.762155
vn 0.997759 0.063276 -0.021774
vn 0.997759 0.063276 -0.021774
vn 0.997759 0.063276 -0.021774
vn 0.997759 0.063276 -0.021774
vn 0.997759 0.063274 0.021772
vn 0.997759 0.063274 0.021772
vn 0.290145 0.578736 -0.762156
vn 0.290145 0.578736 -0.762156
vn 0.290145 0.578736 -0.762156
vn 0.290145 0.578736 -0.762156
vn 0.336331 0.574398 0.746290
vn 0.336331 0.574398 0.746290
vn 0.336331 0.574398 0.746290
vn 0.336331 0.574398 0.746290
vn -0.223667 0.974415 -0.022083
vn -0.223667 0.974415 -0.022083
vn -0.223667 0.974415 -0.022083
vn -0.223667 0.974415 -0.022083
vn -0.223676 0.974414 0.022082
vn -0.223676 0.974414 0.022082
vn 0.336331 0.574397 -0.746290
vn 0.336331 0.574397 -0.746290
vn 0.336331 0.574397 -0.746290
vn 0.336331 0.574397 -0.746290
vn 0.216731 -0.149862 -0.964660
vn 0.216731 -0.149862 -0.964660
vn 0.216731 -0.149862 -0.964660
vn 0.216731 -0.149862 -0.964660
vn 0.627902 -0.716302 0.304385
vn 0.627902 -0.716302 0.304385
vn 0.627902 -0.716302 0.304385
vn 0.627902 -0.716302 0.304385
vn -0.518044 0.854139 -0.045581
vn -0.518044 0.854139 -0.045581
vn -0.518044 0.854139 -0.045581
vn -0.518044 0.854139 -0.045581
vn -0.694472 0.718108 -0.045053
vn -0.694472 0.718108 -0.045053
vn -0.694472 0.718108 -0.045053
vn -0.694472 0.718108 -0.045053
vn 0.285834 -0.040558 -0.957420
vn 0.285834 -0.040558 -0.957420
vn 0.285834 -0.040558 -0.957420
vn 0.285834 -0.040558 -0.957420
vn -0.101330 0.288168 0.952204
vn -0.101330 0.288168 0.952204
vn -0.101330 0.288168 0.952204
vn -0.101330 0.288168 0.952204
vn -0.110778 0.281948 0.953013
vn -0.110778 0.281948 0.953013
vn 0.129876 0.099269 -0.986548
vn 0.129876 0.099269 -0.986548
vn 0.129876 0.099269 -0.986548
vn 0.129876 0.099269 -0.986548
vn 0.658427 -0.749766 0.065770
vn 0.658427 -0.749766 0.065770
vn 0.658427 -0.749766 0.065770
vn 0.658427 -0.749766 0.065770
vn 0.869608 -0.492357 0.036975
vn 0.869608 -0.492357 0.036975
vn 0.869608 -0.492357 0.036975
vn 0.869608 -0.492357 0.036975
vn 0.055001 0.165743 0.984634
vn 0.055001 0.165743 0.984634
vn 0.055001 0.165743 0.984634
vn 0.055001 0.165743 0.984634
vn 0.055001 0.165744 -0.984634
vn 0.055001 0.165744 -0.984634
vn 0.055001 0.165744 -0.984634
vn 0.055001 0.165744 -0.984634
vn 0.475674 0.879351 0.021840
vn 0.475671 0.879352 -0.021839
vn 0.475674 0.879351 0.021840
vn 0.436897 0.899249 0.021743
vn 0.475671 0.879352 -0.021839
vn 0.436894 0.899250 -0.021743
vn 0.436897 0.899249 0.021743
vn 0.436894 0.899250 -0.021743
vn 0.436894 0.899250 -0.021743
vn 0.436894 0.899250 -0.021743
g Pepper_Green_Green
usemtl Green
f 1 2 3
f 1 3 4
f 5 6 7
f 5 7 8
f 9 10 11
f 9 11 12
f 13 14 15
f 13 15 16
f 17 18 19
f 17 19 20
f 21 22 23
f 21 23 24
f 25 26 27
f 25 27 28
f 29 30 31
f 29 31 32
f 33 34 35
f 33 35 36
f 37 38 39
f 37 39 40
f 41 42 43
f 41 43 44
f 45 46 47
f 45 47 48
f 49 50 51
f 49 51 52
f 53 54 55
f 53 55 56
f 57 58 59
f 57 59 60
f 61 62 63
f 61 63 64
f 65 66 67
f 65 67 68
f 69 70 71
f 69 71 72
f 73 74 75
f 73 75 76
f 77 78 79
f 77 79 80
f 81 82 83
f 81 83 84
f 85 86 87
f 85 87 88
f 89 90 91
f 89 91 92
f 93 94 95
f 93 95 96
f 97 98 99
f 97 99 100
f 101 102 103
f 101 103 104
f 105 106 107
f 105 107 108
f 109 110 111
f 109 111 112
f 113 114 115
f 113 115 116
f 117 118 119
f 117 119 120
f 121 122 123
f 121 123 124
f 125 126 127
f 125 127 128
f 129 130 131
f 129 131 132
f 133 134 135
f 133 135 136
f 137 136 135
f 137 135 138
f 139 140 136
f 139 141 140
f 142 143 144
f 142 144 145
f 146 147 148
f 146 148 149
f 150 146 149
f 150 149 151
f 152 153 154
f 152 154 155
f 156 157 158
f 156 158 159
f 160 161 162
f 160 162 163
f 164 165 166
f 164 166 167
f 168 169 170
f 168 170 171
f 172 173 174
f 172 174 175
f 176 177 178
f 176 178 179
f 180 181 182
f 180 182 183
f 184 185 186
f 184 186 187
f 188 189 190
f 188 190 191
f 192 193 194
f 192 194 195
f 196 197 198
f 196 198 199
f 200 201 202
f 200 202 203
f 204 205 206
f 204 206 207
f 208 209 210
f 208 210 211
f 212 213 214
f 212 214 215
f 216 217 218
f 216 218 219
f 220 221 222
f 220 222 223
f 224 225 226
f 224 226 227
f 228 229 230
f 228 230 231
f 232 233 234
f 232 234 235
f 236 237 238
f 236 238 239
f 240 241 242
f 240 242 243
f 244 245 246
f 244 246 247
f 248 249 250
f 248 250 251
f 252 253 254
f 252 254 255
f 256 257 258
f 256 258 259
f 260 261 262
f 260 263 261
f 264 261 263
f 264 265 261
f 266 267 268
f 266 268 269
f 270 271 272
f 270 272 273
f 274 275 276
f 274 276 277
f 278 279 280
f 278 280 281
f 282 283 284
f 282 284 285
f 286 287 288
f 286 288 289
f 290 291 292
f 290 292 293
f 294 295 296
f 294 296 297
f 298 299 300
f 298 300 301
f 302 303 304
f 302 304 305
f 306 307 308
f 306 308 309
f 310 311 312
f 310 312 313
f 314 315 316
f 314 316 317
f 318 319 320
f 318 320 321
f 322 323 324
f 322 324 325
f 326 327 328
f 326 328 329
f 330 331 332
f 330 332 333
f 334 335 336
f 334 336 337
f 338 339 340
f 338 340 341
f 342 343 344
f 342 344 345
f 346 347 348
f 346 348 349
f 350 351 352
f 350 352 353
f 354 355 356
f 354 356 357
f 358 359 360
f 358 360 361
f 362 363 364
f 362 364 365
f 366 367 368
f 366 368 369
f 370 371 372
f 370 372 373
f 374 375 376
f 374 376 377
f 378 379 380
f 378 380 381
f 382 383 384
f 382 384 385
f 386 387 388
f 386 388 389
f 390 391 392
f 390 392 393
f 394 395 396
f 394 396 397
f 398 399 400
f 398 400 401
f 402 403 404
f 402 404 405
f 406 407 408
f 406 408 409
f 410 411 412
f 410 412 413
f 414 415 416
f 414 416 417
f 418 419 420
f 418 420 421
f 422 423 424
f 422 424 425
f 426 427 428
f 426 428 429
f 430 431 432
f 430 433 431
f 434 433 435
f 434 435 436
f 437 438 439
f 437 439 440
f 441 442 443
f 441 443 444
f 445 446 447
f 445 447 448
f 449 450 451
f 449 451 452
f 453 454 455
f 453 455 456
f 457 458 459
f 457 459 460
f 461 462 463
f 461 463 464
f 461 464 465
f 461 465 466
f 467 468 469
f 467 469 470
f 471 472 473
f 471 473 474
f 475 476 477
f 475 477 478
f 479 480 481
f 479 481 482
f 483 484 485
f 483 485 486
f 487 488 489
f 487 489 490
f 491 492 493
f 491 493 494
f 495 496 497
f 495 497 498
f 499 500 501
f 499 501 502
f 503 504 505
f 503 505 506
f 507 508 509
f 507 509 510
f 511 512 513
f 511 513 514
f 515 516 517
f 515 517 518
f 519 520 521
f 519 521 522
f 523 524 525
f 523 525 526
f 527 528 529
f 527 529 530
f 531 532 533
f 531 533 534
f 535 536 537
f 535 537 538
f 539 540 541
f 539 541 542
f 543 544 545
f 543 545 546
f 547 548 549
f 547 549 550
f 551 552 553
f 551 553 554
f 555 556 557
f 555 557 558
f 559 560 561
f 559 561 562
f 563 564 565
f 563 565 566
f 567 568 569
f 567 569 570
f 571 572 573
f 571 573 574
f 575 576 577
f 575 577 578
f 579 580 581
f 579 581 582
f 583 584 585
f 583 585 586
f 587 588 589
f 587 589 590
f 591 592 593
f 591 593 594
f 595 596 597
f 595 597 598
f 599 600 601
f 599 601 602
f 603 604 605
f 603 605 606
f 607 608 609
f 607 609 610
f 611 612 613
f 611 613 614
f 615 616 617
f 615 617 618
f 619 620 621
f 619 621 622
f 623 624 625
f 623 625 626
f 627 628 629
f 627 629 630
f 631 632 633
f 631 633 634
f 635 636 637
f 635 637 638
f 639 640 641
f 639 641 642
f 643 644 645
f 643 645 646
f 647 648 649
f 647 649 650
f 651 652 653
f 651 653 654
f 655 656 657
f 655 657 658
f 659 660 661
f 659 661 662
f 663 664 665
f 663 665 666
f 667 668 669
f 667 669 670
f 671 672 673
f 671 673 674
f 675 676 677
f 675 677 678
f 679 680 681
f 679 681 682
f 683 684 685
f 683 685 686
f 687 688 689
f 687 689 690
f 691 692 693
f 691 693 694
f 695 696 697
f 695 697 698
f 699 700 701
f 699 701 702
f 703 704 705
f 703 705 706
f 707 708 709
f 707 709 710
f 711 712 713
f 711 713 714
f 715 716 717
f 715 718 716
f 719 718 720
f 719 720 721
f 722 723 724
f 722 724 725
f 726 727 728
f 726 728 729
f 730 731 732
f 730 732 733
f 734 735 736
f 734 736 737
f 738 739 740
f 738 740 741
f 742 743 744
f 742 744 745
f 746 747 748
f 746 748 749
f 746 749 750
f 746 750 751
f 752 753 754
f 752 754 755
f 756 757 758
f 756 758 759
f 760 761 762
f 760 762 763
f 764 765 766
f 764 766 767
f 768 769 770
f 768 770 771
f 772 773 774
f 772 774 775
f 776 777 778
f 776 778 779
f 780 781 782
f 780 782 783
f 784 785 786
f 784 786 787
f 788 789 790
f 788 790 791
f 792 793 794
f 792 794 795
f 796 797 798
f 796 798 799
f 800 801 802
f 800 802 803
f 804 805 806
f 804 806 807
f 808 809 810
f 808 810 811
f 812 813 814
f 812 814 815
f 816 817 818
f 816 818 819
f 820 821 822
f 820 822 823
f 824 825 826
f 824 826 827
f 828 829 830
f 828 830 831
f 832 833 834
f 832 834 835
f 836 837 838
f 836 838 839
f 840 841 842
f 840 842 843
f 844 845 846
f 844 846 847
f 848 849 850
f 848 850 851
f 852 853 854
f 852 854 855
f 856 857 858
f 856 858 859
f 860 861 862
f 860 862 863
f 864 865 866
f 864 866 867
f 868 869 870
f 868 870 871
f 872 873 874
f 872 874 875
f 876 877 878
f 876 878 879
f 880 881 882
f 880 882 883
f 884 885 886
f 884 886 887
f 888 889 890
f 888 890 891
f 892 893 894
f 892 894 895
f 896 897 898
f 896 898 899
f 900 901 902
f 900 902 903
f 904 905 906
f 904 906 907
f 908 909 910
f 908 910 911
f 912 913 914
f 912 914 915
f 916 917 918
f 916 918 919
f 920 921 922
f 920 922 923
f 924 925 926
f 924 926 927
f 928 929 930
f 928 930 931
f 932 933 934
f 932 934 935
f 936 937 938
f 936 938 939
f 940 941 942
f 940 942 943
f 944 945 946
f 944 946 947
f 948 949 950
f 948 950 951
f 952 953 954
f 952 954 955
f 956 957 958
f 956 958 959
f 960 961 962
f 960 962 963
f 964 965 966
f 964 966 967
f 968 969 970
f 968 970 971
f 972 973 974
f 972 974 975
f 976 977 978
f 976 978 979
f 980 981 982
f 980 982 983
f 984 985 986
f 984 986 987
f 988 989 990
f 988 990 991
f 992 993 994
f 992 994 995
f 996 995 994
f 996 994 997
f 998 999 995
f 998 1000 999
f 1001 1002 1003
f 1001 1003 1004
f 1005 1006 1007
f 1005 1007 1008
f 1009 1010 1011
f 1009 1011 1012
f 1013 1014 1015
f 1013 1015 1016
f 1017 1018 1019
f 1017 1019 1020
f 1021 1022 1023
f 1021 1023 1024
f 1025 1026 1027
f 1025 1027 1028
f 1029 1030 1031
f 1029 1031 1032
f 1033 1034 1035
f 1033 1035 1036
f 1037 1038 1039
f 1037 1039 1040
f 1041 1042 1043
f 1041 1043 1044
f 1045 1046 1047
f 1045 1047 1048
f 1049 1050 1051
f 1049 1051 1052
f 1053 1054 1055
f 1053 1055 1056
f 1057 1058 1059
f 1057 1059 1060
f 1061 1062 1063
f 1061 1063 1064
f 1065 1066 1067
f 1065 1067 1068
f 1069 1070 1071
f 1069 1071 1072
f 1073 1074 1075
f 1073 1075 1076
f 1077 1078 1079
f 1077 1079 1080
f 1081 1082 1083
f 1081 1083 1084
f 1085 1086 1087
f 1085 1087 1088
f 1089 1090 1091
f 1089 1091 1092
f 1093 1094 1095
f 1093 1095 1096
f 1097 1098 1099
f 1097 1099 1100
f 1101 1102 1103
f 1101 1103 1104
f 1105 1106 1107
f 1105 1107 1108
f 1109 1110 1111
f 1109 1111 1112
f 1113 1114 1115
f 1113 1115 1116
f 1117 1118 1119
f 1117 1119 1120
f 1121 1122 1123
f 1121 1123 1124
f 1125 1126 1127
f 1125 1127 1128
f 1129 1130 1131
f 1129 1131 1132
f 1133 1134 1135
f 1133 1135 1136
f 1137 1138 1139
f 1137 1139 1140
f 1141 1142 1143
f 1141 1143 1144
f 1145 1146 1147
f 1145 1147 1148
f 1149 1150 1151
f 1149 1151 1152
g Pepper_Green_PaleGreen
usemtl PaleGreen
f 1153 1154 1155
f 1156 1157 1158
f 1159 1160 1161
f 1162 1163 1164
f 1165 1166 1167
f 1168 1169 1170
f 1171 1172 1173
f 1174 1175 1176
f 1177 1178 1179
f 1177 1179 1180
f 1181 1182 1183
f 1181 1183 1184
f 1185 1186 1187
f 1185 1187 1188
f 1189 1190 1191
f 1189 1191 1192
f 1193 1194 1195
f 1193 1195 1196
f 1197 1198 1199
f 1197 1199 1200
f 1201 1202 1203
f 1201 1203 1204
f 1205 1206 1207
f 1205 1207 1208
f 1209 1208 1207
f 1209 1207 1210
f 1211 1212 1213
f 1211 1213 1214
f 1215 1216 1217
f 1215 1217 1218
f 1219 1220 1221
f 1219 1221 1222
f 1223 1224 1225
f 1223 1225 1226
f 1227 1228 1229
f 1227 1229 1230
f 1231 1232 1233
f 1231 1233 1234
f 1235 1236 1237
f 1235 1237 1238
f 1239 1240 1241
f 1239 1241 1242
f 1243 1244 1245
f 1243 1245 1246
f 1247 1248 1249
f 1247 1249 1250
f 1251 1252 1253
f 1251 1253 1254
f 1255 1256 1257
f 1255 1257 1258
f 1259 1260 1261
f 1259 1261 1262
f 1263 1264 1265
f 1263 1266 1264
f 1267 1264 1266
f 1267 1268 1264
f 1269 1270 1271
f 1269 1271 1272
f 1273 1274 1275
f 1273 1275 1276
f 1277 1278 1279
f 1277 1279 1280
f 1281 1282 1283
f 1281 1283 1284
f 1285 1286 1287
f 1285 1288 1286
f 1289 1286 1288
f 1289 1290 1286
f 1291 1292 1293
f 1291 1293 1294
f 1295 1296 1297
f 1295 1297 1298
f 1299 1298 1297
f 1299 1297 1300
f 1299 1300 1301
f 1299 1301 1302
f 1303 1302 1301
f 1303 1301 1304
f 1305 1306 1307
f 1305 1307 1308
f 1309 1310 1311
f 1309 1311 1312
f 1313 1314 1315
f 1313 1315 1316
f 1317 1318 1319
f 1317 1319 1320
f 1321 1322 1323
f 1321 1323 1324
f 1325 1324 1323
f 1325 1326 1324
f 1327 1328 1329
f 1327 1329 1330
f 1331 1332 1333
f 1331 1333 1334
f 1335 1336 1337
f 1335 1337 1338
f 1339 1340 1341
f 1339 1341 1342
f 1343 1344 1345
f 1343 1345 1346
f 1347 1348 1349
f 1347 1349 1350
f 1351 1352 1353
f 1351 1353 1354
f 1355 1356 1357
f 1355 1358 1356
f 1359 1356 1358
f 1359 1360 1356
f 1359 1361 1360
f 1359 1362 1361
f 1363 1361 1362
f 1363 1364 1361
f 1365 1366 1367
f 1365 1367 1368
f 1369 1370 1371
f 1369 1371 1372
f 1373 1374 1375
f 1373 1375 1376
f 1377 1378 1379
f 1377 1379 1380
f 1381 1382 1383
f 1381 1383 1384
f 1385 1386 1387
f 1385 1387 1388
f 1389 1390 1391
f 1389 1392 1390
f 1389 1393 1392
f 1389 1394 1393
f 1395 1396 1397
f 1395 1397 1398
f 1399 1400 1401
f 1399 1401 1402
f 1403 1404 1405
f 1403 1405 1406
f 1407 1408 1409
f 1407 1409 1410
f 1411 1412 1413
f 1411 1413 1414
f 1415 1416 1417
f 1415 1417 1418
f 1419 1420 1421
f 1419 1421 1422
f 1423 1422 1421
f 1423 1421 1424
f 1425 1426 1427
f 1425 1427 1428
f 1429 1430 1431
f 1429 1431 1432
f 1433 1434 1435
f 1433 1435 1436
f 1437 1438 1439
f 1437 1439 1440
f 1441 1442 1443
f 1441 1443 1444
f 1445 1446 1447
f 1445 1447 1448
f 1449 1450 1451
f 1449 1451 1452
f 1453 1454 1455
f 1453 1455 1456
f 1457 1458 1459
f 1457 1459 1460
f 1461 1462 1463
f 1461 1463 1464
f 1465 1466 1467
f 1465 1467 1468
f 1469 1470 1471
f 1469 1471 1472
f 1473 1474 1475
f 1473 1475 1476
f 1477 1476 1475
f 1477 1475 1478
f 1479 1480 1481
f 1479 1481 1482
f 1483 1484 1485
f 1483 1485 1486
f 1487 1488 1489
f 1487 1489 1490
f 1491 1492 1493
f 1491 1493 1494
f 1495 1494 1493
f 1495 1493 1496
f 1497 1498 1499
f 1497 1499 1500
f 1501 1502 1503
f 1501 1503 1504
f 1505 1506 1507
f 1505 1508 1506
f 1509 1506 1508
f 1509 1510 1506
f 1511 1512 1513
f 1511 1513 1514
f 1515 1516 1517
f 1515 1517 1518
f 1519 1520 1521
f 1519 1521 1522
f 1523 1524 1525
f 1523 1525 1526
f 1527 1528 1529
f 1527 1529 1530
f 1531 1532 1533
f 1531 1533 1534
f 1535 1536 1537
f 1535 1537 1538
f 1535 1538 1539
f 1535 1539 1540
f 1541 1542 1543
f 1541 1543 1544
f 1545 1546 1547
f 1545 1547 1548
f 1549 1550 1551
f 1549 1551 1552
f 1553 1554 1555
f 1553 1555 1556
f 1557 1558 1559
f 1557 1559 1560
f 1561 1562 1563
f 1561 1563 1564
f 1565 1566 1562
f 1567 1564 1566
f 1565 1568 1566
f 1567 1566 1569
f 1570 1566 1568
f 1570 1569 1566
