mtllib Materials.mtl
# Ultimate Food Pack - Pizza
o Pizza
v 0.781060 -0.014109 -1.447611
v 0.419579 -0.014109 -1.638473
v 0.419579 0.113792 -1.638474
v 0.781060 0.113792 -1.447611
v 1.038399 -0.014109 -1.322715
v 1.038399 0.113792 -1.322715
v 0.419579 -0.014109 -1.638473
v 0.001213 -0.014109 -1.693325
v 0.001213 0.113792 -1.693325
v 0.419579 0.113792 -1.638474
v 0.419579 0.113792 -1.638474
v 0.397528 0.146824 -1.602440
v 0.763963 0.146824 -1.416048
v 0.781060 0.113792 -1.447611
v 1.022995 0.146824 -1.283379
v 1.038399 0.113792 -1.322715
v 0.385308 0.113792 -1.494541
v 0.385308 0.146824 -1.530574
v 0.001213 0.146824 -1.574004
v 0.001213 0.113792 -1.537970
v -0.427162 0.113792 -1.626463
v -0.405112 0.146824 -1.590429
v 0.001213 0.146824 -1.657291
v 0.001213 0.113792 -1.693325
v 0.717944 0.113792 -1.331097
v 0.385308 0.146824 -1.530574
v 0.385308 0.113792 -1.494541
v 0.735547 0.146824 -1.363592
v 0.944374 0.113792 -1.208477
v 0.973094 0.146824 -1.230238
v 0.001213 0.113792 -1.693325
v 0.001213 0.146824 -1.657291
v 0.397528 0.146824 -1.602440
v 0.419579 0.113792 -1.638474
v 0.001213 0.113792 -1.693325
v 0.001213 -0.014109 -1.693325
v -0.427162 -0.014109 -1.626462
v -0.427162 0.113792 -1.626463
v 0.001213 0.113792 -1.537970
v 0.001213 0.146824 -1.574004
v -0.392892 0.146824 -1.518563
v -0.392892 0.113792 -1.482530
v -0.427162 -0.014109 -1.626462
v -1.013822 -0.014109 -1.353812
v -1.013822 0.113792 -1.353812
v -0.427162 0.113792 -1.626463
v -1.535128 0.113792 -0.686463
v -1.535127 -0.014109 -0.686463
v -1.690333 -0.014109 -0.058436
v -1.690333 0.113792 -0.058436
v -1.013822 0.113792 -1.353812
v -0.999562 0.146824 -1.314047
v -0.405112 0.146824 -1.590429
v -0.427162 0.113792 -1.626463
v -1.013822 -0.014109 -1.353812
v -1.318760 -0.014109 -1.062177
v -1.318761 0.113792 -1.062177
v -1.013822 0.113792 -1.353812
v -1.690333 0.113792 -0.058436
v -1.650410 0.146824 -0.044626
v -1.493229 0.146824 -0.681063
v -1.535128 0.113792 -0.686463
v -0.923140 0.113792 -1.236902
v -0.951219 0.146824 -1.259485
v -1.225780 0.146824 -0.987397
v -1.197701 0.113792 -0.964814
v -1.535128 0.113792 -0.686463
v -1.493229 0.146824 -0.681063
v -1.290681 0.146824 -1.039595
v -1.318761 0.113792 -1.062177
v -1.318761 0.113792 -1.062177
v -1.290681 0.146824 -1.039595
v -0.999562 0.146824 -1.314047
v -1.013822 0.113792 -1.353812
v -1.318761 0.113792 -1.062177
v -1.318760 -0.014109 -1.062177
v -1.535127 -0.014109 -0.686463
v -1.535128 0.113792 -0.686463
v -1.197701 0.113792 -0.964814
v -1.225780 0.146824 -0.987397
v -1.429569 0.146824 -0.645546
v -1.401490 0.113792 -0.622963
v -1.401490 0.113792 -0.622963
v -1.429569 0.146824 -0.645546
v -1.577595 0.146824 -0.048103
v -1.542400 0.113792 -0.055830
v -0.055241 0.113792 1.643952
v -0.053976 0.146824 1.608079
v -0.738612 0.146824 1.483599
v -0.754648 0.113792 1.515868
v -1.690333 -0.014109 -0.058436
v -1.654187 -0.014109 0.361959
v -1.654187 0.113792 0.361959
v -1.690333 0.113792 -0.058436
v -1.104893 0.113792 1.280567
v -1.069111 0.146824 1.258111
v -1.466547 0.146824 0.736764
v -1.497013 0.113792 0.766029
v -1.542400 0.113792 -0.055830
v -1.577595 0.146824 -0.048103
v -1.537643 0.146824 0.336370
v -1.502447 0.113792 0.328643
v -1.497013 0.113792 0.766029
v -1.466547 0.146824 0.736764
v -1.618992 0.146824 0.354232
v -1.654187 0.113792 0.361959
v -1.654187 0.113792 0.361959
v -1.618992 0.146824 0.354232
v -1.650410 0.146824 -0.044626
v -1.690333 0.113792 -0.058436
v -1.654187 0.113792 0.361959
v -1.654187 -0.014109 0.361959
v -1.497013 -0.014109 0.766029
v -1.497013 0.113792 0.766029
v -1.502447 0.113792 0.328643
v -1.537643 0.146824 0.336370
v -1.398974 0.146824 0.709416
v -1.363778 0.113792 0.701689
v -1.363778 0.113792 0.701689
v -1.398974 0.146824 0.709416
v -1.026187 0.146824 1.199192
v -1.010151 0.113792 1.166923
v -1.104894 -0.014109 1.280567
v -0.754648 -0.014109 1.515868
v -0.754648 0.113792 1.515868
v -1.104893 0.113792 1.280567
v -0.754648 0.113792 1.515868
v -0.754648 -0.014109 1.515868
v -0.055241 -0.014109 1.643952
v -0.055241 0.113792 1.643952
v -1.010151 0.113792 1.166923
v -1.026187 0.146824 1.199192
v -0.701548 0.146824 1.409014
v -0.685512 0.113792 1.376745
v -0.685512 0.113792 1.376745
v -0.701548 0.146824 1.409014
v -0.051873 0.146824 1.548458
v -0.050570 0.113792 1.511524
v -0.754648 0.113792 1.515868
v -0.738612 0.146824 1.483599
v -1.069111 0.146824 1.258111
v -1.104893 0.113792 1.280567
v 1.681504 0.113792 -0.019795
v 1.681504 -0.014109 -0.019795
v 1.559332 -0.014109 -0.655076
v 1.559332 0.113792 -0.655076
v 1.069250 0.113792 1.297903
v 1.069249 -0.014109 1.297903
v 1.487724 -0.014109 0.804561
v 1.487724 0.113792 0.804561
v -0.055241 -0.014109 1.643952
v 0.305426 -0.014109 1.663537
v 0.305426 0.113792 1.663537
v -0.055241 0.113792 1.643952
v 0.305426 -0.014109 1.663537
v 0.708288 -0.014109 1.538076
v 0.708288 0.113792 1.538076
v 0.305426 0.113792 1.663537
v 0.305426 0.113792 1.663537
v 0.310353 0.146824 1.621580
v -0.053976 0.146824 1.608079
v -0.055241 0.113792 1.643952
v 1.423915 0.113792 -0.595467
v 1.533557 0.113792 -0.021469
v 1.568514 0.146824 -0.012727
v 1.452635 0.146824 -0.617229
v 0.276246 0.113792 1.518487
v 0.291341 0.146824 1.551206
v 0.658301 0.146824 1.429730
v 0.643205 0.113792 1.397011
v 1.069250 0.113792 1.297903
v 1.034132 0.146824 1.274422
v 0.693193 0.146824 1.505357
v 0.708288 0.113792 1.538076
v -0.050570 0.113792 1.511524
v -0.051873 0.146824 1.548458
v 0.291341 0.146824 1.551206
v 0.276246 0.113792 1.518487
v 0.708288 0.113792 1.538076
v 0.693193 0.146824 1.505357
v 0.310353 0.146824 1.621580
v 0.305426 0.113792 1.663537
v 0.708288 0.113792 1.538076
v 0.708288 -0.014109 1.538076
v 1.069249 -0.014109 1.297903
v 1.069250 0.113792 1.297903
v 0.643205 0.113792 1.397011
v 0.658301 0.146824 1.429730
v 0.992929 0.146824 1.214286
v 0.977833 0.113792 1.181567
v 1.487724 0.113792 0.804561
v 1.458117 0.146824 0.774427
v 1.034132 0.146824 1.274422
v 1.069250 0.113792 1.297903
v 1.487724 -0.014109 0.804561
v 1.642438 -0.014109 0.412003
v 1.642438 0.113792 0.412003
v 1.487724 0.113792 0.804561
v 1.559332 0.113792 -0.655076
v 1.517295 0.146824 -0.650890
v 1.641197 0.146824 -0.007146
v 1.681504 0.113792 -0.019795
v 1.356406 0.113792 0.736395
v 1.391363 0.146824 0.745137
v 1.526682 0.146824 0.383054
v 1.491725 0.113792 0.374312
v 1.681504 0.113792 -0.019795
v 1.641197 0.146824 -0.007146
v 1.607481 0.146824 0.403261
v 1.642438 0.113792 0.412003
v 1.642438 0.113792 0.412003
v 1.607481 0.146824 0.403261
v 1.458117 0.146824 0.774427
v 1.487724 0.113792 0.804561
v 1.642438 0.113792 0.412003
v 1.642438 -0.014109 0.412003
v 1.681504 -0.014109 -0.019795
v 1.681504 0.113792 -0.019795
v 1.491725 0.113792 0.374312
v 1.526682 0.146824 0.383054
v 1.568514 0.146824 -0.012727
v 1.533557 0.113792 -0.021469
v 0.977833 0.113792 1.181567
v 0.992929 0.146824 1.214286
v 1.391363 0.146824 0.745137
v 1.356406 0.113792 0.736395
v 1.559332 -0.014109 -0.655076
v 1.350394 -0.014109 -1.021658
v 1.350394 0.113792 -1.021659
v 1.559332 0.113792 -0.655076
v 1.423915 0.113792 -0.595467
v 1.452635 0.146824 -0.617229
v 1.255289 0.146824 -0.949599
v 1.226569 0.113792 -0.927838
v 1.038399 0.113792 -1.322715
v 1.022995 0.146824 -1.283379
v 1.321673 0.146824 -0.999897
v 1.350394 0.113792 -1.021659
v 1.350394 0.113792 -1.021659
v 1.321673 0.146824 -0.999897
v 1.517295 0.146824 -0.650890
v 1.559332 0.113792 -0.655076
v 1.350394 0.113792 -1.021659
v 1.350394 -0.014109 -1.021658
v 1.038399 -0.014109 -1.322715
v 1.038399 0.113792 -1.322715
v 1.226569 0.113792 -0.927838
v 1.255289 0.146824 -0.949599
v 0.973094 0.146824 -1.230238
v 0.944374 0.113792 -1.208477
v -1.654187 -0.014109 0.361959
v -1.690333 -0.014109 -0.058436
v -1.535127 -0.014109 -0.686463
v -1.497013 -0.014109 0.766029
v -1.318760 -0.014109 -1.062177
v -1.104894 -0.014109 1.280567
v -1.013822 -0.014109 -1.353812
v -0.754648 -0.014109 1.515868
v -0.427162 -0.014109 -1.626462
v -0.055241 -0.014109 1.643952
v 0.001213 -0.014109 -1.693325
v 0.305426 -0.014109 1.663537
v 0.419579 -0.014109 -1.638473
v 0.708288 -0.014109 1.538076
v 0.781060 -0.014109 -1.447611
v 1.069249 -0.014109 1.297903
v 1.038399 -0.014109 -1.322715
v 1.350394 -0.014109 -1.021658
v 1.487724 -0.014109 0.804561
v 1.559332 -0.014109 -0.655076
v 1.642438 -0.014109 0.412003
v 1.681504 -0.014109 -0.019795
v -1.497013 0.113792 0.766029
v -1.497013 -0.014109 0.766029
v -1.104894 -0.014109 1.280567
v -1.104893 0.113792 1.280567
v -0.392892 0.113792 -1.482530
v -0.392892 0.146824 -1.518563
v -0.951219 0.146824 -1.259485
v -0.923140 0.113792 -1.236902
v 1.013530 0.146824 1.244354
v 0.992929 0.146824 1.214286
v 0.658301 0.146824 1.429730
v 1.391363 0.146824 0.745137
v 0.675747 0.146824 1.467543
v 0.291341 0.146824 1.551206
v 0.300847 0.146824 1.586393
v -0.051873 0.146824 1.548458
v -0.052924 0.146824 1.578269
v -0.701548 0.146824 1.409014
v -0.720080 0.146824 1.446306
v -1.026187 0.146824 1.199192
v -1.047649 0.146824 1.228651
v -1.398974 0.146824 0.709416
v -1.432760 0.146824 0.723090
v -1.537643 0.146824 0.336370
v -1.578317 0.146824 0.345301
v -1.577595 0.146824 -0.048103
v -1.614002 0.146824 -0.046364
v -1.429569 0.146824 -0.645546
v -1.461399 0.146824 -0.663304
v -1.225780 0.146824 -0.987397
v -1.258231 0.146824 -1.013496
v -0.951219 0.146824 -1.259485
v -0.975391 0.146824 -1.286766
v -0.392892 0.146824 -1.518563
v -0.399002 0.146824 -1.554496
v 0.001213 0.146824 -1.574004
v 0.001213 0.146824 -1.615648
v 0.385308 0.146824 -1.530574
v 0.391418 0.146824 -1.566507
v 0.735547 0.146824 -1.363592
v 0.749755 0.146824 -1.389820
v 0.973094 0.146824 -1.230238
v 0.998044 0.146824 -1.256808
v 1.255289 0.146824 -0.949599
v 1.288481 0.146824 -0.974748
v 1.452635 0.146824 -0.617229
v 1.484965 0.146824 -0.634059
v 1.568514 0.146824 -0.012727
v 1.604855 0.146824 -0.009937
v 1.526682 0.146824 0.383054
v 1.567082 0.146824 0.393157
v 1.424740 0.146824 0.759782
v 0.397528 0.146824 -1.602440
v 0.763963 0.146824 -1.416048
v 0.001213 0.146824 -1.657291
v 1.022995 0.146824 -1.283379
v -0.405112 0.146824 -1.590429
v 1.321673 0.146824 -0.999897
v -0.999562 0.146824 -1.314047
v 1.517295 0.146824 -0.650890
v -1.290681 0.146824 -1.039595
v 1.641197 0.146824 -0.007146
v -1.493229 0.146824 -0.681063
v 1.607481 0.146824 0.403261
v -1.650410 0.146824 -0.044626
v 1.458117 0.146824 0.774427
v -1.618992 0.146824 0.354232
v 1.034132 0.146824 1.274422
v -1.466547 0.146824 0.736764
v 0.693193 0.146824 1.505357
v -1.069111 0.146824 1.258111
v 0.310353 0.146824 1.621580
v -0.738612 0.146824 1.483599
v -0.053976 0.146824 1.608079
v -0.244160 0.087076 -0.915161
v -0.318526 0.109002 -1.198846
v -0.738368 0.111521 -0.995434
v -0.548398 0.088357 -0.749785
v -0.980520 0.112985 -0.790146
v -0.699036 0.091816 -0.567567
v -1.133824 0.109002 -0.503124
v -0.866157 0.087076 -0.383285
v -0.567914 0.073754 -0.232841
v -0.927958 0.088357 -0.042563
v -0.472777 0.073754 -0.357576
v -0.342278 0.073754 -0.455494
v -0.149009 0.073754 -0.584029
v -0.244160 0.087076 -0.915161
v -0.588878 0.073754 -0.001682
v 0.004180 0.091816 -0.900425
v 0.007814 0.073754 -0.588067
v -0.318526 0.109002 -1.198846
v 0.001213 0.112985 -1.259265
v 0.173389 0.073754 -0.603890
v 0.240579 0.088357 -0.897240
v 0.312944 0.111521 -1.199225
v 0.422605 0.087446 -0.789749
v 0.308489 0.073754 -0.541549
v 0.544408 0.102517 -1.014600
v -0.880372 0.091816 0.189019
v -0.594361 0.073754 0.161377
v -0.556786 0.073754 0.313685
v 0.581976 0.087076 -0.747287
v 0.544408 0.102517 -1.014600
v 0.763175 0.109002 -0.977882
v 0.717944 0.113792 -1.331097
v 0.385308 0.113792 -1.494541
v 0.312944 0.111521 -1.199225
v 0.001213 0.113792 -1.537970
v 0.001213 0.112985 -1.259265
v -0.392892 0.113792 -1.482530
v -0.318526 0.109002 -1.198846
v -0.923140 0.113792 -1.236902
v -0.738368 0.111521 -0.995434
v -1.197701 0.113792 -0.964814
v -0.980520 0.112985 -0.790146
v -1.401490 0.113792 -0.622963
v -1.133824 0.109002 -0.503124
v -1.542400 0.113792 -0.055830
v -1.238436 0.111521 -0.048482
v -1.502447 0.113792 0.328643
v -1.230227 0.112985 0.268873
v -1.363778 0.113792 0.701689
v -1.102643 0.109002 0.568215
v -1.010151 0.113792 1.166923
v -0.813926 0.111521 0.934665
v -0.685512 0.113792 1.376745
v -0.561483 0.112985 1.127159
v -0.050570 0.113792 1.511524
v -0.036013 0.102518 1.150868
v 0.276246 0.113792 1.518487
v 0.218237 0.111521 1.220019
v 0.643205 0.113792 1.397011
v 0.526447 0.112985 1.143942
v 0.977833 0.113792 1.181567
v 0.791463 0.109003 0.955131
v 1.356406 0.113792 0.736395
v 1.087470 0.111521 0.594544
v 1.491725 0.113792 0.374312
v 1.221347 0.112985 0.306693
v 1.533557 0.113792 -0.021469
v 1.240306 0.109002 -0.018151
v 1.423915 0.113792 -0.595467
v 1.144832 0.111521 -0.474800
v 1.226569 0.113792 -0.927838
v 1.004427 0.112985 -0.759523
v 0.944374 0.113792 -1.208477
v 0.720206 0.091816 -0.540450
v 1.004427 0.112985 -0.759523
v 0.401679 0.073754 -0.466516
v 0.860433 0.088357 -0.350104
v 1.144832 0.111521 -0.474800
v 0.947056 0.087076 -0.014833
v 1.240306 0.109002 -0.018151
v 0.499605 0.073754 -0.343959
v 0.562936 0.073754 -0.193603
v 0.640741 0.073754 0.025077
v 0.947056 0.087076 -0.014833
v 0.872509 0.091816 0.222512
v 0.606611 0.073754 0.178194
v 1.240306 0.109002 -0.018151
v 1.221347 0.112985 0.306693
v 0.529136 0.073754 0.321776
v 0.812064 0.088357 0.451076
v 1.087470 0.111521 0.594544
v 0.791463 0.109003 0.955131
v 0.605092 0.087076 0.728696
v 0.605092 0.087076 0.728696
v 0.407492 0.073754 0.519454
v 0.373423 0.091816 0.819352
v 0.266785 0.073754 0.588819
v 0.791463 0.109003 0.955131
v 0.526447 0.112985 1.143942
v 0.106345 0.073754 0.618432
v 0.157433 0.088357 0.915496
v 0.218237 0.111521 1.220019
v -0.026998 0.087446 0.895304
v -0.036013 0.102518 1.150868
v -0.007088 0.073754 0.673251
v -0.404450 0.091816 0.804490
v -0.266167 0.073754 0.581356
v -0.561483 0.112985 1.127159
v -0.389794 0.073754 0.474892
v -0.614733 0.088357 0.696435
v -0.813926 0.111521 0.934665
v -0.841507 0.087076 0.434741
v -1.102643 0.109002 0.568215
v -0.841507 0.087076 0.434741
v -1.102643 0.109002 0.568215
v -1.230227 0.112985 0.268873
v -1.238436 0.111521 -0.048482
v -0.866157 0.087076 -0.383285
v -1.133824 0.109002 -0.503124
v 0.106345 0.073754 0.618432
v -0.266167 0.073754 0.581356
v -0.007088 0.073754 0.673251
v -0.166341 0.073754 0.392351
v 0.266785 0.073754 0.588819
v -0.389794 0.073754 0.474892
v -0.025261 0.073754 0.303377
v 0.407492 0.073754 0.519454
v -0.290808 0.073754 0.254738
v -0.556786 0.073754 0.313685
v 0.138455 0.073754 0.212322
v 0.529136 0.073754 0.321776
v -0.152997 0.073754 0.135258
v -0.458214 0.073754 0.074112
v -0.594361 0.073754 0.161377
v 0.302321 0.073754 0.026451
v 0.606611 0.073754 0.178194
v 0.018401 0.073754 0.023903
v -0.329174 0.073754 -0.064159
v -0.497236 0.073754 -0.072840
v -0.588878 0.073754 -0.001682
v -0.567914 0.073754 -0.232841
v -0.382276 0.073754 -0.207911
v -0.472777 0.073754 -0.357576
v 0.424399 0.073754 -0.079479
v 0.640741 0.073754 0.025077
v 0.562936 0.073754 -0.193603
v 0.202892 0.073754 -0.162273
v -0.149102 0.073754 -0.175305
v -0.224131 0.073754 -0.317532
v -0.342278 0.073754 -0.455494
v 0.346631 0.073754 -0.246866
v 0.499605 0.073754 -0.343959
v 0.060403 0.073754 -0.343135
v -0.023763 0.073754 -0.465332
v -0.149009 0.073754 -0.584029
v 0.228853 0.073754 -0.396317
v 0.139261 0.073754 -0.492475
v 0.007814 0.073754 -0.588067
v 0.173389 0.073754 -0.603890
v -0.155327 0.105950 -0.777056
v -0.233987 0.105563 -0.776638
v -0.240108 0.073792 -0.759634
v -0.148949 0.074239 -0.760119
v -0.120315 0.070991 -0.541355
v -0.162023 0.068037 -0.468248
v -0.145413 0.096735 -0.465232
v -0.109424 0.099283 -0.528314
v 0.063829 0.097762 -0.466344
v 0.051603 0.095005 -0.394763
v 0.066301 0.066033 -0.386580
v 0.080469 0.069228 -0.469537
v -0.269651 0.112781 -0.972464
v -0.308606 0.110022 -0.904181
v -0.294521 0.107172 -0.826844
v -0.233987 0.105563 -0.776638
v -0.195883 0.114157 -0.999741
v -0.155327 0.105950 -0.777056
v -0.121819 0.113506 -0.973250
v -0.095348 0.108150 -0.827902
v -0.082115 0.111134 -0.905385
v -0.082115 0.111134 -0.905385
v -0.095348 0.108150 -0.827902
v -0.079439 0.076789 -0.819045
v -0.064102 0.080248 -0.908841
v -0.109424 0.099283 -0.528314
v -0.145413 0.096735 -0.465232
v -0.132401 0.094102 -0.393784
v -0.076476 0.092616 -0.347402
v -0.041275 0.100555 -0.553514
v -0.003807 0.092972 -0.347789
v 0.027148 0.099954 -0.529041
v 0.051603 0.095005 -0.394763
v 0.063829 0.097762 -0.466344
v -0.003807 0.092972 -0.347789
v -0.076476 0.092616 -0.347402
v -0.082131 0.063264 -0.331694
v 0.002085 0.063677 -0.332141
v -0.146943 0.064986 -0.385446
v -0.162023 0.068037 -0.468248
v -0.120315 0.070991 -0.541355
v -0.082131 0.063264 -0.331694
v -0.041336 0.072464 -0.570559
v 0.002085 0.063677 -0.332141
v 0.037960 0.071768 -0.542196
v 0.066301 0.066033 -0.386580
v 0.080469 0.069228 -0.469537
v -0.162023 0.068037 -0.468248
v -0.146943 0.064986 -0.385446
v -0.132401 0.094102 -0.393784
v -0.145413 0.096735 -0.465232
v -0.076476 0.092616 -0.347402
v -0.132401 0.094102 -0.393784
v -0.146943 0.064986 -0.385446
v -0.082131 0.063264 -0.331694
v -0.281439 0.082156 -0.986579
v -0.326585 0.078959 -0.907446
v -0.308606 0.110022 -0.904181
v -0.269651 0.112781 -0.972464
v 0.027148 0.099954 -0.529041
v 0.063829 0.097762 -0.466344
v 0.080469 0.069228 -0.469537
v 0.037960 0.071768 -0.542196
v -0.041275 0.100555 -0.553514
v 0.027148 0.099954 -0.529041
v 0.037960 0.071768 -0.542196
v -0.041336 0.072464 -0.570559
v -0.109424 0.099283 -0.528314
v -0.041275 0.100555 -0.553514
v -0.041336 0.072464 -0.570559
v -0.120315 0.070991 -0.541355
v 0.002085 0.063677 -0.332141
v 0.066301 0.066033 -0.386580
v 0.051603 0.095005 -0.394763
v -0.003807 0.092972 -0.347789
v -0.310262 0.075656 -0.817818
v -0.326585 0.078959 -0.907446
v -0.281439 0.082156 -0.986579
v -0.240108 0.073792 -0.759634
v -0.195949 0.083751 -1.018191
v -0.148949 0.074239 -0.760119
v -0.110116 0.082997 -0.987490
v -0.079439 0.076789 -0.819045
v -0.064102 0.080248 -0.908841
v -0.326585 0.078959 -0.907446
v -0.310262 0.075656 -0.817818
v -0.294521 0.107172 -0.826844
v -0.308606 0.110022 -0.904181
v -0.233987 0.105563 -0.776638
v -0.294521 0.107172 -0.826844
v -0.310262 0.075656 -0.817818
v -0.240108 0.073792 -0.759634
v -0.121819 0.113506 -0.973250
v -0.082115 0.111134 -0.905385
v -0.064102 0.080248 -0.908841
v -0.110116 0.082997 -0.987490
v -0.195883 0.114157 -0.999741
v -0.121819 0.113506 -0.973250
v -0.110116 0.082997 -0.987490
v -0.195949 0.083751 -1.018191
v -0.269651 0.112781 -0.972464
v -0.195883 0.114157 -0.999741
v -0.195949 0.083751 -1.018191
v -0.281439 0.082156 -0.986579
v -0.148949 0.074239 -0.760119
v -0.079439 0.076789 -0.819045
v -0.095348 0.108150 -0.827902
v -0.155327 0.105950 -0.777056
v 0.371450 0.114569 -1.088590
v 0.292790 0.114183 -1.088172
v 0.286669 0.082411 -1.071168
v 0.377828 0.082859 -1.071653
v 0.257126 0.121400 -1.283999
v 0.218171 0.118642 -1.215716
v 0.232256 0.115791 -1.138378
v 0.292790 0.114183 -1.088172
v 0.330894 0.122776 -1.311276
v 0.371450 0.114569 -1.088590
v 0.404958 0.122126 -1.284784
v 0.431429 0.116769 -1.139437
v 0.444662 0.119754 -1.216920
v 0.444662 0.119754 -1.216920
v 0.431429 0.116769 -1.139437
v 0.447338 0.085408 -1.130580
v 0.462674 0.088867 -1.220375
v 0.245337 0.090775 -1.298114
v 0.200192 0.087578 -1.218980
v 0.218171 0.118642 -1.215716
v 0.257126 0.121400 -1.283999
v 0.216515 0.084275 -1.129353
v 0.200192 0.087578 -1.218980
v 0.245337 0.090775 -1.298114
v 0.286669 0.082411 -1.071168
v 0.330828 0.092370 -1.329725
v 0.377828 0.082859 -1.071653
v 0.416661 0.091616 -1.299024
v 0.447338 0.085408 -1.130580
v 0.462674 0.088867 -1.220375
v 0.200192 0.087578 -1.218980
v 0.216515 0.084275 -1.129353
v 0.232256 0.115791 -1.138378
v 0.218171 0.118642 -1.215716
v 0.292790 0.114183 -1.088172
v 0.232256 0.115791 -1.138378
v 0.216515 0.084275 -1.129353
v 0.286669 0.082411 -1.071168
v 0.404958 0.122126 -1.284784
v 0.444662 0.119754 -1.216920
v 0.462674 0.088867 -1.220375
v 0.416661 0.091616 -1.299024
v 0.330894 0.122776 -1.311276
v 0.404958 0.122126 -1.284784
v 0.416661 0.091616 -1.299024
v 0.330828 0.092370 -1.329725
v 0.257126 0.121400 -1.283999
v 0.330894 0.122776 -1.311276
v 0.330828 0.092370 -1.329725
v 0.245337 0.090775 -1.298114
v 0.377828 0.082859 -1.071653
v 0.447338 0.085408 -1.130580
v 0.431429 0.116769 -1.139437
v 0.371450 0.114569 -1.088590
v -0.497253 0.070991 -0.245520
v -0.466423 0.068038 -0.167202
v -0.453664 0.096735 -0.178256
v -0.480266 0.099283 -0.245834
v -0.323396 0.097762 -0.342004
v -0.275278 0.095005 -0.287615
v -0.259690 0.066033 -0.293941
v -0.315455 0.069228 -0.356972
v -0.457192 0.100555 -0.314733
v -0.480266 0.099283 -0.245834
v -0.453664 0.096735 -0.178256
v -0.395240 0.099954 -0.352713
v -0.389833 0.094102 -0.143618
v -0.323396 0.097762 -0.342004
v -0.318642 0.092616 -0.158128
v -0.275278 0.095005 -0.287615
v -0.273400 0.092972 -0.214998
v -0.273400 0.092972 -0.214998
v -0.318642 0.092616 -0.158128
v -0.309945 0.063264 -0.143877
v -0.257514 0.063677 -0.209783
v -0.466423 0.068038 -0.167202
v -0.497253 0.070991 -0.245520
v -0.470513 0.072464 -0.325367
v -0.398715 0.071768 -0.369383
v -0.392450 0.064986 -0.127060
v -0.315455 0.069228 -0.356972
v -0.309945 0.063264 -0.143877
v -0.259690 0.066033 -0.293941
v -0.257514 0.063677 -0.209783
v -0.466423 0.068038 -0.167202
v -0.392450 0.064986 -0.127060
v -0.389833 0.094102 -0.143618
v -0.453664 0.096735 -0.178256
v -0.318642 0.092616 -0.158128
v -0.389833 0.094102 -0.143618
v -0.392450 0.064986 -0.127060
v -0.309945 0.063264 -0.143877
v -0.395240 0.099954 -0.352713
v -0.323396 0.097762 -0.342004
v -0.315455 0.069228 -0.356972
v -0.398715 0.071768 -0.369383
v -0.457192 0.100555 -0.314733
v -0.395240 0.099954 -0.352713
v -0.398715 0.071768 -0.369383
v -0.470513 0.072464 -0.325367
v -0.480266 0.099283 -0.245834
v -0.457192 0.100555 -0.314733
v -0.470513 0.072464 -0.325367
v -0.497253 0.070991 -0.245520
v -0.257514 0.063677 -0.209783
v -0.259690 0.066033 -0.293941
v -0.275278 0.095005 -0.287615
v -0.273400 0.092972 -0.214998
v -0.615489 0.114569 -0.971688
v -0.664460 0.114183 -0.910131
v -0.655046 0.082411 -0.894704
v -0.598293 0.082859 -0.966043
v -0.814433 0.122776 -1.079645
v -0.839409 0.121400 -1.005067
v -0.810614 0.118642 -0.931917
v -0.747373 0.122126 -1.120757
v -0.741521 0.115791 -0.894424
v -0.669607 0.119754 -1.109164
v -0.664460 0.114183 -0.910131
v -0.617521 0.116769 -1.050292
v -0.615489 0.114569 -0.971688
v -0.669607 0.119754 -1.109164
v -0.617521 0.116769 -1.050292
v -0.600649 0.085408 -1.057139
v -0.661011 0.088867 -1.125366
v -0.857796 0.090775 -1.004726
v -0.824425 0.087578 -0.919953
v -0.810614 0.118642 -0.931917
v -0.839409 0.121400 -1.005067
v -0.824425 0.087578 -0.919953
v -0.857796 0.090775 -1.004726
v -0.828852 0.092370 -1.091156
v -0.751135 0.091616 -1.138801
v -0.744353 0.084275 -0.876501
v -0.661011 0.088867 -1.125366
v -0.655046 0.082411 -0.894704
v -0.600649 0.085408 -1.057139
v -0.598293 0.082859 -0.966043
v -0.824425 0.087578 -0.919953
v -0.744353 0.084275 -0.876501
v -0.741521 0.115791 -0.894424
v -0.810614 0.118642 -0.931917
v -0.664460 0.114183 -0.910131
v -0.741521 0.115791 -0.894424
v -0.744353 0.084275 -0.876501
v -0.655046 0.082411 -0.894704
v -0.747373 0.122126 -1.120757
v -0.669607 0.119754 -1.109164
v -0.661011 0.088867 -1.125366
v -0.751135 0.091616 -1.138801
v -0.814433 0.122776 -1.079645
v -0.747373 0.122126 -1.120757
v -0.751135 0.091616 -1.138801
v -0.828852 0.092370 -1.091156
v -0.839409 0.121400 -1.005067
v -0.814433 0.122776 -1.079645
v -0.828852 0.092370 -1.091156
v -0.857796 0.090775 -1.004726
v -0.598293 0.082859 -0.966043
v -0.600649 0.085408 -1.057139
v -0.617521 0.116769 -1.050292
v -0.615489 0.114569 -0.971688
v -1.003107 0.123530 -0.664814
v -1.053271 0.124102 -0.604226
v -1.043809 0.092834 -0.587830
v -0.985673 0.092172 -0.658046
v -1.199971 0.126744 -0.776774
v -1.226391 0.126928 -0.702682
v -1.199009 0.126319 -0.628943
v -1.132113 0.125854 -0.816551
v -1.130639 0.125203 -0.590059
v -1.054568 0.124674 -0.803399
v -1.053271 0.124102 -0.604226
v -1.003620 0.123757 -0.743474
v -1.003107 0.123530 -0.664814
v -1.054568 0.124674 -0.803399
v -1.003620 0.123757 -0.743474
v -0.986267 0.092434 -0.749205
v -1.045312 0.093497 -0.818654
v -1.244439 0.096109 -0.701932
v -1.212706 0.095404 -0.616474
v -1.199009 0.126319 -0.628943
v -1.226391 0.126928 -0.702682
v -1.212706 0.095404 -0.616474
v -1.244439 0.096109 -0.701932
v -1.213821 0.095896 -0.787798
v -1.135180 0.094865 -0.833895
v -1.133471 0.094110 -0.571412
v -1.045312 0.093497 -0.818654
v -1.043809 0.092834 -0.587830
v -0.986267 0.092434 -0.749205
v -0.985673 0.092172 -0.658046
v -1.212706 0.095404 -0.616474
v -1.133471 0.094110 -0.571412
v -1.130639 0.125203 -0.590059
v -1.199009 0.126319 -0.628943
v -1.053271 0.124102 -0.604226
v -1.130639 0.125203 -0.590059
v -1.133471 0.094110 -0.571412
v -1.043809 0.092834 -0.587830
v -1.132113 0.125854 -0.816551
v -1.054568 0.124674 -0.803399
v -1.045312 0.093497 -0.818654
v -1.135180 0.094865 -0.833895
v -1.199971 0.126744 -0.776774
v -1.132113 0.125854 -0.816551
v -1.135180 0.094865 -0.833895
v -1.213821 0.095896 -0.787798
v -1.226391 0.126928 -0.702682
v -1.199971 0.126744 -0.776774
v -1.213821 0.095896 -0.787798
v -1.244439 0.096109 -0.701932
v -0.985673 0.092172 -0.658046
v -0.986267 0.092434 -0.749205
v -1.003620 0.123757 -0.743474
v -1.003107 0.123530 -0.664814
v -0.725666 0.105950 0.318357
v -0.708388 0.105564 0.395097
v -0.690468 0.073792 0.397429
v -0.710490 0.074239 0.308495
v -0.590137 0.066124 0.133650
v -0.512063 0.063371 0.141269
v -0.515827 0.090117 0.125993
v -0.583195 0.092493 0.119418
v -0.596500 0.091075 -0.051556
v -0.530957 0.088505 -0.068433
v -0.529598 0.061503 -0.084052
v -0.605556 0.064481 -0.064494
v -0.924481 0.113507 0.327704
v -0.934472 0.114157 0.405726
v -0.892010 0.112781 0.471928
v -0.866710 0.111134 0.274370
v -0.816962 0.110022 0.495333
v -0.788192 0.108150 0.270679
v -0.744444 0.107172 0.464990
v -0.725666 0.105950 0.318357
v -0.708388 0.105564 0.395097
v -0.866710 0.111134 0.274370
v -0.788192 0.108150 0.270679
v -0.782953 0.076789 0.253239
v -0.873948 0.080248 0.257517
v -0.596500 0.091075 -0.051556
v -0.635851 0.093117 0.003532
v -0.630596 0.093677 0.071055
v -0.583195 0.092493 0.119418
v -0.530957 0.088505 -0.068433
v -0.515827 0.090117 0.125993
v -0.469890 0.086611 -0.039201
v -0.460014 0.087663 0.087701
v -0.441872 0.086278 0.022461
v -0.469890 0.086611 -0.039201
v -0.441872 0.086278 0.022461
v -0.426356 0.058922 0.021286
v -0.458826 0.059307 -0.050175
v -0.645070 0.067497 0.077601
v -0.651160 0.066848 -0.000652
v -0.605556 0.064481 -0.064494
v -0.590137 0.066124 0.133650
v -0.529598 0.061503 -0.084052
v -0.512063 0.063371 0.141269
v -0.458826 0.059307 -0.050175
v -0.447381 0.060527 0.096893
v -0.426356 0.058922 0.021286
v -0.512063 0.063371 0.141269
v -0.447381 0.060527 0.096893
v -0.460014 0.087663 0.087701
v -0.515827 0.090117 0.125993
v -0.441872 0.086278 0.022461
v -0.460014 0.087663 0.087701
v -0.447381 0.060527 0.096893
v -0.426356 0.058922 0.021286
v -0.903269 0.082156 0.486469
v -0.816294 0.078959 0.513594
v -0.816962 0.110022 0.495333
v -0.892010 0.112781 0.471928
v -0.635851 0.093117 0.003532
v -0.596500 0.091075 -0.051556
v -0.605556 0.064481 -0.064494
v -0.651160 0.066848 -0.000652
v -0.630596 0.093677 0.071055
v -0.635851 0.093117 0.003532
v -0.651160 0.066848 -0.000652
v -0.645070 0.067497 0.077601
v -0.583195 0.092493 0.119418
v -0.630596 0.093677 0.071055
v -0.645070 0.067497 0.077601
v -0.590137 0.066124 0.133650
v -0.458826 0.059307 -0.050175
v -0.529598 0.061503 -0.084052
v -0.530957 0.088505 -0.068433
v -0.469890 0.086611 -0.039201
v -0.903269 0.082156 0.486469
v -0.952479 0.083751 0.409747
v -0.940899 0.082997 0.319327
v -0.873948 0.080248 0.257517
v -0.816294 0.078959 0.513594
v -0.782953 0.076789 0.253239
v -0.732253 0.075656 0.478429
v -0.710490 0.074239 0.308495
v -0.690468 0.073792 0.397429
v -0.816294 0.078959 0.513594
v -0.732253 0.075656 0.478429
v -0.744444 0.107172 0.464990
v -0.816962 0.110022 0.495333
v -0.708388 0.105564 0.395097
v -0.744444 0.107172 0.464990
v -0.732253 0.075656 0.478429
v -0.690468 0.073792 0.397429
v -0.924481 0.113507 0.327704
v -0.866710 0.111134 0.274370
v -0.873948 0.080248 0.257517
v -0.940899 0.082997 0.319327
v -0.934472 0.114157 0.405726
v -0.924481 0.113507 0.327704
v -0.940899 0.082997 0.319327
v -0.952479 0.083751 0.409747
v -0.892010 0.112781 0.471928
v -0.934472 0.114157 0.405726
v -0.952479 0.083751 0.409747
v -0.903269 0.082156 0.486469
v -0.710490 0.074239 0.308495
v -0.782953 0.076789 0.253239
v -0.788192 0.108150 0.270679
v -0.725666 0.105950 0.318357
v -1.142923 0.114569 -0.129353
v -1.125645 0.114183 -0.052613
v -1.107724 0.082411 -0.050281
v -1.127747 0.082859 -0.139215
v -1.341738 0.122126 -0.120006
v -1.351729 0.122776 -0.041984
v -1.309267 0.121400 0.024218
v -1.283967 0.119754 -0.173340
v -1.234219 0.118642 0.047623
v -1.205449 0.116769 -0.177032
v -1.161701 0.115791 0.017280
v -1.142923 0.114569 -0.129353
v -1.125645 0.114183 -0.052613
v -1.283967 0.119754 -0.173340
v -1.205449 0.116769 -0.177032
v -1.200210 0.085408 -0.194471
v -1.291205 0.088867 -0.190193
v -1.320525 0.090776 0.038759
v -1.233551 0.087579 0.065884
v -1.234219 0.118642 0.047623
v -1.309267 0.121400 0.024218
v -1.320525 0.090776 0.038759
v -1.369736 0.092370 -0.037963
v -1.358156 0.091617 -0.128383
v -1.291205 0.088867 -0.190193
v -1.233551 0.087579 0.065884
v -1.200210 0.085408 -0.194471
v -1.149510 0.084275 0.030719
v -1.127747 0.082859 -0.139215
v -1.107724 0.082411 -0.050281
v -1.233551 0.087579 0.065884
v -1.149510 0.084275 0.030719
v -1.161701 0.115791 0.017280
v -1.234219 0.118642 0.047623
v -1.125645 0.114183 -0.052613
v -1.161701 0.115791 0.017280
v -1.149510 0.084275 0.030719
v -1.107724 0.082411 -0.050281
v -1.341738 0.122126 -0.120006
v -1.283967 0.119754 -0.173340
v -1.291205 0.088867 -0.190193
v -1.358156 0.091617 -0.128383
v -1.351729 0.122776 -0.041984
v -1.341738 0.122126 -0.120006
v -1.358156 0.091617 -0.128383
v -1.369736 0.092370 -0.037963
v -1.309267 0.121400 0.024218
v -1.351729 0.122776 -0.041984
v -1.369736 0.092370 -0.037963
v -1.320525 0.090776 0.038759
v -1.127747 0.082859 -0.139215
v -1.200210 0.085408 -0.194471
v -1.205449 0.116769 -0.177032
v -1.142923 0.114569 -0.129353
v -1.146718 0.123531 0.365021
v -1.130943 0.124102 0.442082
v -1.112236 0.092834 0.444984
v -1.130518 0.092172 0.355677
v -1.345808 0.125854 0.370453
v -1.357340 0.126744 0.448259
v -1.316162 0.126928 0.515281
v -1.286961 0.124674 0.318268
v -1.241540 0.126319 0.540158
v -1.208334 0.123757 0.316123
v -1.168391 0.125203 0.511249
v -1.146718 0.123531 0.365021
v -1.130943 0.124102 0.442082
v -1.286961 0.124674 0.318268
v -1.208334 0.123757 0.316123
v -1.201926 0.092434 0.299009
v -1.293047 0.093498 0.301495
v -1.326888 0.096109 0.529815
v -1.240408 0.095404 0.558645
v -1.241540 0.126319 0.540158
v -1.316162 0.126928 0.515281
v -1.326888 0.096109 0.529815
v -1.374611 0.095896 0.452143
v -1.361246 0.094865 0.361972
v -1.293047 0.093498 0.301495
v -1.240408 0.095404 0.558645
v -1.201926 0.092434 0.299009
v -1.155635 0.094110 0.525143
v -1.130518 0.092172 0.355677
v -1.112236 0.092834 0.444984
v -1.240408 0.095404 0.558645
v -1.155635 0.094110 0.525143
v -1.168391 0.125203 0.511249
v -1.241540 0.126319 0.540158
v -1.130943 0.124102 0.442082
v -1.168391 0.125203 0.511249
v -1.155635 0.094110 0.525143
v -1.112236 0.092834 0.444984
v -1.345808 0.125854 0.370453
v -1.286961 0.124674 0.318268
v -1.293047 0.093498 0.301495
v -1.361246 0.094865 0.361972
v -1.357340 0.126744 0.448259
v -1.345808 0.125854 0.370453
v -1.361246 0.094865 0.361972
v -1.374611 0.095896 0.452143
v -1.316162 0.126928 0.515281
v -1.357340 0.126744 0.448259
v -1.374611 0.095896 0.452143
v -1.326888 0.096109 0.529815
v -1.130518 0.092172 0.355677
v -1.201926 0.092434 0.299009
v -1.208334 0.123757 0.316123
v -1.146718 0.123531 0.365021
v 0.026290 0.073289 0.565288
v 0.096174 0.070335 0.518380
v 0.082642 0.099033 0.508287
v 0.022340 0.101581 0.548763
v -0.105233 0.100060 0.416167
v -0.062430 0.097303 0.357505
v -0.071951 0.068330 0.343636
v -0.121556 0.071526 0.411621
v -0.062430 0.097303 0.357505
v -0.105233 0.100060 0.416167
v -0.100286 0.102252 0.488636
v -0.049903 0.102852 0.541002
v 0.008096 0.095270 0.340097
v 0.022340 0.101581 0.548763
v 0.073344 0.094914 0.372090
v 0.082642 0.099033 0.508287
v 0.102785 0.096399 0.438514
v 0.008096 0.095270 0.340097
v 0.073344 0.094914 0.372090
v 0.085399 0.065562 0.360539
v 0.009782 0.065975 0.323462
v -0.115823 0.074066 0.495605
v -0.121556 0.071526 0.411621
v -0.071951 0.068330 0.343636
v -0.057434 0.074762 0.556293
v 0.009782 0.065975 0.323462
v 0.026290 0.073289 0.565288
v 0.085399 0.065562 0.360539
v 0.096174 0.070335 0.518380
v 0.119518 0.067284 0.437518
v 0.096174 0.070335 0.518380
v 0.119518 0.067284 0.437518
v 0.102785 0.096399 0.438514
v 0.082642 0.099033 0.508287
v 0.073344 0.094914 0.372090
v 0.102785 0.096399 0.438514
v 0.119518 0.067284 0.437518
v 0.085399 0.065562 0.360539
v -0.100286 0.102252 0.488636
v -0.105233 0.100060 0.416167
v -0.121556 0.071526 0.411621
v -0.115823 0.074066 0.495605
v -0.049903 0.102852 0.541002
v -0.100286 0.102252 0.488636
v -0.115823 0.074066 0.495605
v -0.057434 0.074762 0.556293
v 0.022340 0.101581 0.548763
v -0.049903 0.102852 0.541002
v -0.057434 0.074762 0.556293
v 0.026290 0.073289 0.565288
v 0.009782 0.065975 0.323462
v -0.071951 0.068330 0.343636
v -0.062430 0.097303 0.357505
v 0.008096 0.095270 0.340097
v -0.817085 0.114569 0.809553
v -0.746457 0.114183 0.844184
v -0.733409 0.082411 0.831681
v -0.815260 0.082859 0.791547
v -0.893425 0.116769 0.828396
v -0.939757 0.119754 0.891894
v -0.934402 0.122126 0.970337
v -0.879866 0.122777 1.027021
v -0.817085 0.114569 0.809553
v -0.801666 0.121400 1.035421
v -0.746457 0.114183 0.844184
v -0.736394 0.118642 0.991609
v -0.714590 0.115792 0.916083
v -0.939757 0.119754 0.891894
v -0.893425 0.116769 0.828396
v -0.903731 0.085409 0.813384
v -0.957425 0.088867 0.886973
v -0.797391 0.090776 1.053308
v -0.721746 0.087579 1.002533
v -0.736394 0.118642 0.991609
v -0.801666 0.121400 1.035421
v -0.951219 0.091617 0.977881
v -0.957425 0.088867 0.886973
v -0.903731 0.085409 0.813384
v -0.888017 0.092370 1.043572
v -0.815260 0.082859 0.791547
v -0.797391 0.090776 1.053308
v -0.733409 0.082411 0.831681
v -0.721746 0.087579 1.002533
v -0.696477 0.084275 0.915006
v -0.721746 0.087579 1.002533
v -0.696477 0.084275 0.915006
v -0.714590 0.115792 0.916083
v -0.736394 0.118642 0.991609
v -0.746457 0.114183 0.844184
v -0.714590 0.115792 0.916083
v -0.696477 0.084275 0.915006
v -0.733409 0.082411 0.831681
v -0.934402 0.122126 0.970337
v -0.939757 0.119754 0.891894
v -0.957425 0.088867 0.886973
v -0.951219 0.091617 0.977881
v -0.879866 0.122777 1.027021
v -0.934402 0.122126 0.970337
v -0.951219 0.091617 0.977881
v -0.888017 0.092370 1.043572
v -0.801666 0.121400 1.035421
v -0.879866 0.122777 1.027021
v -0.888017 0.092370 1.043572
v -0.797391 0.090776 1.053308
v -0.815260 0.082859 0.791547
v -0.903731 0.085409 0.813384
v -0.893425 0.116769 0.828396
v -0.817085 0.114569 0.809553
v -0.434224 0.123531 1.122342
v -0.364287 0.124102 1.158345
v -0.350302 0.092834 1.145587
v -0.431352 0.092172 1.103862
v -0.510943 0.123757 1.139711
v -0.558548 0.124674 1.202326
v -0.554764 0.125854 1.280887
v -0.501361 0.126744 1.338636
v -0.434224 0.123531 1.122342
v -0.423327 0.126928 1.348551
v -0.364287 0.124102 1.158345
v -0.357175 0.126319 1.305993
v -0.333858 0.125203 1.230875
v -0.558548 0.124674 1.202326
v -0.510943 0.123757 1.139711
v -0.520263 0.092434 1.123992
v -0.575433 0.093498 1.196556
v -0.418723 0.096109 1.366019
v -0.342059 0.095404 1.316697
v -0.357175 0.126319 1.305993
v -0.423327 0.126928 1.348551
v -0.571047 0.094865 1.287602
v -0.575433 0.093498 1.196556
v -0.520263 0.092434 1.123992
v -0.509158 0.095896 1.354528
v -0.431352 0.092172 1.103862
v -0.418723 0.096109 1.366019
v -0.350302 0.092834 1.145587
v -0.342059 0.095404 1.316697
v -0.315038 0.094110 1.229642
v -0.342059 0.095404 1.316697
v -0.315038 0.094110 1.229642
v -0.333858 0.125203 1.230875
v -0.357175 0.126319 1.305993
v -0.364287 0.124102 1.158345
v -0.333858 0.125203 1.230875
v -0.315038 0.094110 1.229642
v -0.350302 0.092834 1.145587
v -0.554764 0.125854 1.280887
v -0.558548 0.124674 1.202326
v -0.575433 0.093498 1.196556
v -0.571047 0.094865 1.287602
v -0.501361 0.126744 1.338636
v -0.554764 0.125854 1.280887
v -0.571047 0.094865 1.287602
v -0.509158 0.095896 1.354528
v -0.423327 0.126928 1.348551
v -0.501361 0.126744 1.338636
v -0.509158 0.095896 1.354528
v -0.418723 0.096109 1.366019
v -0.431352 0.092172 1.103862
v -0.520263 0.092434 1.123992
v -0.510943 0.123757 1.139711
v -0.434224 0.123531 1.122342
v 0.466574 0.105950 0.640508
v 0.537823 0.105564 0.607176
v 0.536258 0.073792 0.589172
v 0.453686 0.074239 0.627801
v 0.187872 0.069076 0.130784
v 0.195117 0.066123 0.046930
v 0.178771 0.094820 0.051150
v 0.172520 0.097369 0.123506
v -0.010757 0.095847 0.139818
v -0.029644 0.093090 0.069699
v -0.046419 0.064118 0.068426
v -0.024530 0.067313 0.149688
v 0.466574 0.105950 0.640508
v 0.433413 0.108150 0.711805
v 0.453858 0.111134 0.787705
v 0.518340 0.113507 0.832693
v 0.537823 0.105564 0.607176
v 0.596689 0.114157 0.825720
v 0.613822 0.107172 0.627403
v 0.652245 0.112781 0.770048
v 0.659011 0.110022 0.691727
v 0.453858 0.111134 0.787705
v 0.433413 0.108150 0.711805
v 0.415257 0.076789 0.710427
v 0.438949 0.080248 0.798388
v 0.000990 0.091058 0.003832
v -0.029644 0.093090 0.069699
v -0.010757 0.095847 0.139818
v 0.048814 0.098039 0.181380
v 0.066813 0.090701 -0.026962
v 0.121196 0.098640 0.174938
v 0.137024 0.092187 -0.008275
v 0.172520 0.097369 0.123506
v 0.178771 0.094820 0.051150
v 0.000990 0.091058 0.003832
v 0.066813 0.090701 -0.026962
v 0.065367 0.061349 -0.043595
v -0.010915 0.061763 -0.007907
v -0.024530 0.067313 0.149688
v -0.046419 0.064118 0.068426
v -0.010915 0.061763 -0.007907
v 0.044508 0.069853 0.197855
v 0.065367 0.061349 -0.043595
v 0.128392 0.070550 0.190389
v 0.146736 0.063071 -0.021938
v 0.187872 0.069076 0.130784
v 0.195117 0.066123 0.046930
v 0.195117 0.066123 0.046930
v 0.146736 0.063071 -0.021938
v 0.137024 0.092187 -0.008275
v 0.178771 0.094820 0.051150
v 0.066813 0.090701 -0.026962
v 0.137024 0.092187 -0.008275
v 0.146736 0.063071 -0.021938
v 0.065367 0.061349 -0.043595
v 0.668862 0.082156 0.777927
v 0.676704 0.078959 0.687159
v 0.659011 0.110022 0.691727
v 0.652245 0.112781 0.770048
v 0.048814 0.098039 0.181380
v -0.010757 0.095847 0.139818
v -0.024530 0.067313 0.149688
v 0.044508 0.069853 0.197855
v 0.121196 0.098640 0.174938
v 0.048814 0.098039 0.181380
v 0.044508 0.069853 0.197855
v 0.128392 0.070550 0.190389
v 0.172520 0.097369 0.123506
v 0.121196 0.098640 0.174938
v 0.128392 0.070550 0.190389
v 0.187872 0.069076 0.130784
v -0.010915 0.061763 -0.007907
v -0.046419 0.064118 0.068426
v -0.029644 0.093090 0.069699
v 0.000990 0.091058 0.003832
v 0.438949 0.080248 0.798388
v 0.415257 0.076789 0.710427
v 0.453686 0.074239 0.627801
v 0.513679 0.082997 0.850527
v 0.536258 0.073792 0.589172
v 0.604479 0.083751 0.842445
v 0.624334 0.075656 0.612614
v 0.668862 0.082156 0.777927
v 0.676704 0.078959 0.687159
v 0.676704 0.078959 0.687159
v 0.624334 0.075656 0.612614
v 0.613822 0.107172 0.627403
v 0.659011 0.110022 0.691727
v 0.537823 0.105564 0.607176
v 0.613822 0.107172 0.627403
v 0.624334 0.075656 0.612614
v 0.536258 0.073792 0.589172
v 0.518340 0.113507 0.832693
v 0.453858 0.111134 0.787705
v 0.438949 0.080248 0.798388
v 0.513679 0.082997 0.850527
v 0.596689 0.114157 0.825720
v 0.518340 0.113507 0.832693
v 0.513679 0.082997 0.850527
v 0.604479 0.083751 0.842445
v 0.652245 0.112781 0.770048
v 0.596689 0.114157 0.825720
v 0.604479 0.083751 0.842445
v 0.668862 0.082156 0.777927
v 0.453686 0.074239 0.627801
v 0.415257 0.076789 0.710427
v 0.433413 0.108150 0.711805
v 0.466574 0.105950 0.640508
v 0.118764 0.114569 1.144071
v 0.190013 0.114183 1.110738
v 0.188447 0.082411 1.092734
v 0.105876 0.082859 1.131364
v 0.118764 0.114569 1.144071
v 0.085603 0.116769 1.215368
v 0.106047 0.119754 1.291267
v 0.170530 0.122126 1.336256
v 0.190013 0.114183 1.110738
v 0.248879 0.122777 1.329283
v 0.266012 0.115792 1.130966
v 0.304434 0.121400 1.273611
v 0.311201 0.118642 1.195290
v 0.106047 0.119754 1.291267
v 0.085603 0.116769 1.215368
v 0.067446 0.085409 1.213990
v 0.091139 0.088867 1.301951
v 0.321052 0.090776 1.281489
v 0.328893 0.087579 1.190722
v 0.311201 0.118642 1.195290
v 0.304434 0.121400 1.273611
v 0.091139 0.088867 1.301951
v 0.067446 0.085409 1.213990
v 0.105876 0.082859 1.131364
v 0.165869 0.091617 1.354089
v 0.188447 0.082411 1.092734
v 0.256668 0.092370 1.346008
v 0.276524 0.084275 1.116177
v 0.321052 0.090776 1.281489
v 0.328893 0.087579 1.190722
v 0.328893 0.087579 1.190722
v 0.276524 0.084275 1.116177
v 0.266012 0.115792 1.130966
v 0.311201 0.118642 1.195290
v 0.190013 0.114183 1.110738
v 0.266012 0.115792 1.130966
v 0.276524 0.084275 1.116177
v 0.188447 0.082411 1.092734
v 0.170530 0.122126 1.336256
v 0.106047 0.119754 1.291267
v 0.091139 0.088867 1.301951
v 0.165869 0.091617 1.354089
v 0.248879 0.122777 1.329283
v 0.170530 0.122126 1.336256
v 0.165869 0.091617 1.354089
v 0.256668 0.092370 1.346008
v 0.304434 0.121400 1.273611
v 0.248879 0.122777 1.329283
v 0.256668 0.092370 1.346008
v 0.321052 0.090776 1.281489
v 0.105876 0.082859 1.131364
v 0.067446 0.085409 1.213990
v 0.085603 0.116769 1.215368
v 0.118764 0.114569 1.144071
v 0.791524 0.105950 0.037839
v 0.810202 0.105564 -0.038571
v 0.795192 0.073792 -0.048635
v 0.773545 0.074239 0.039918
v 0.554370 0.070991 0.014621
v 0.493567 0.068038 -0.043578
v 0.486612 0.096735 -0.028196
v 0.539078 0.099283 0.022022
v 0.436925 0.097762 0.175064
v 0.370448 0.095005 0.145837
v 0.358944 0.066033 0.158111
v 0.435985 0.069228 0.191982
v 0.810202 0.105564 -0.038571
v 0.791524 0.105950 0.037839
v 0.826300 0.108150 0.108362
v 0.873595 0.107172 -0.085117
v 0.898257 0.111134 0.139999
v 0.952039 0.110022 -0.080017
v 0.973727 0.113507 0.117946
v 1.008830 0.112781 -0.025659
v 1.017395 0.114157 0.052522
v 0.898257 0.111134 0.139999
v 0.826300 0.108150 0.108362
v 0.813847 0.076789 0.121648
v 0.897239 0.080248 0.158312
v 0.355577 0.092616 0.010094
v 0.338321 0.092973 0.080685
v 0.370448 0.095005 0.145837
v 0.414142 0.094102 -0.032907
v 0.436925 0.097762 0.175064
v 0.486612 0.096735 -0.028196
v 0.506647 0.099954 0.154691
v 0.539078 0.099283 0.022022
v 0.546990 0.100555 0.094250
v 0.338321 0.092973 0.080685
v 0.355577 0.092616 0.010094
v 0.341710 0.063264 0.000797
v 0.321712 0.063677 0.082605
v 0.358944 0.066033 0.158111
v 0.321712 0.063677 0.082605
v 0.341710 0.063264 0.000797
v 0.409581 0.064986 -0.049037
v 0.435985 0.069228 0.191982
v 0.493567 0.068038 -0.043578
v 0.516787 0.071768 0.168371
v 0.554370 0.070991 0.014621
v 0.563540 0.072464 0.098326
v 0.493567 0.068038 -0.043578
v 0.409581 0.064986 -0.049037
v 0.414142 0.094102 -0.032907
v 0.486612 0.096735 -0.028196
v 0.355577 0.092616 0.010094
v 0.414142 0.094102 -0.032907
v 0.409581 0.064986 -0.049037
v 0.341710 0.063264 0.000797
v 1.025384 0.082156 -0.033671
v 0.959568 0.078959 -0.096667
v 0.952039 0.110022 -0.080017
v 1.008830 0.112781 -0.025659
v 0.506647 0.099954 0.154691
v 0.436925 0.097762 0.175064
v 0.435985 0.069228 0.191982
v 0.516787 0.071768 0.168371
v 0.546990 0.100555 0.094250
v 0.506647 0.099954 0.154691
v 0.516787 0.071768 0.168371
v 0.563540 0.072464 0.098326
v 0.539078 0.099283 0.022022
v 0.546990 0.100555 0.094250
v 0.563540 0.072464 0.098326
v 0.554370 0.070991 0.014621
v 0.321712 0.063677 0.082605
v 0.358944 0.066033 0.158111
v 0.370448 0.095005 0.145837
v 0.338321 0.092973 0.080685
v 0.813847 0.076789 0.121648
v 0.773545 0.074239 0.039918
v 0.795192 0.073792 -0.048635
v 0.868658 0.075656 -0.102577
v 0.897239 0.080248 0.158312
v 0.959568 0.078959 -0.096667
v 0.984702 0.082997 0.132754
v 1.025384 0.082156 -0.033671
v 1.035310 0.083751 0.056934
v 0.959568 0.078959 -0.096667
v 0.868658 0.075656 -0.102577
v 0.873595 0.107172 -0.085117
v 0.952039 0.110022 -0.080017
v 0.810202 0.105564 -0.038571
v 0.873595 0.107172 -0.085117
v 0.868658 0.075656 -0.102577
v 0.795192 0.073792 -0.048635
v 0.973727 0.113507 0.117946
v 0.898257 0.111134 0.139999
v 0.897239 0.080248 0.158312
v 0.984702 0.082997 0.132754
v 1.017395 0.114157 0.052522
v 0.973727 0.113507 0.117946
v 0.984702 0.082997 0.132754
v 1.035310 0.083751 0.056934
v 1.008830 0.112781 -0.025659
v 1.017395 0.114157 0.052522
v 1.035310 0.083751 0.056934
v 1.025384 0.082156 -0.033671
v 0.773545 0.074239 0.039918
v 0.813847 0.076789 0.121648
v 0.826300 0.108150 0.108362
v 0.791524 0.105950 0.037839
v 0.909862 0.117277 0.744722
v 0.929067 0.115389 0.668465
v 0.913748 0.083633 0.658825
v 0.891491 0.085821 0.747201
v 0.929067 0.115389 0.668465
v 0.909862 0.117277 0.744722
v 0.944169 0.120247 0.815446
v 0.992797 0.115466 0.622355
v 1.015935 0.122908 0.847544
v 1.071233 0.117472 0.627968
v 1.091579 0.124017 0.825996
v 1.127672 0.120468 0.682679
v 1.135708 0.123053 0.760886
v 1.015935 0.122908 0.847544
v 0.944169 0.120247 0.815446
v 0.931250 0.089263 0.829163
v 1.014420 0.092347 0.866361
v 1.143914 0.089519 0.675297
v 1.078505 0.086047 0.611893
v 1.071233 0.117472 0.627968
v 1.127672 0.120468 0.682679
v 0.931250 0.089263 0.829163
v 0.891491 0.085821 0.747201
v 0.913748 0.083633 0.658825
v 0.987605 0.083722 0.605388
v 1.014420 0.092347 0.866361
v 1.078505 0.086047 0.611893
v 1.102085 0.093632 0.841390
v 1.143914 0.089519 0.675297
v 1.153226 0.092515 0.765933
v 1.078505 0.086047 0.611893
v 0.987605 0.083722 0.605388
v 0.992797 0.115466 0.622355
v 1.071233 0.117472 0.627968
v 0.929067 0.115389 0.668465
v 0.992797 0.115466 0.622355
v 0.987605 0.083722 0.605388
v 0.913748 0.083633 0.658825
v 1.091579 0.124017 0.825996
v 1.015935 0.122908 0.847544
v 1.014420 0.092347 0.866361
v 1.102085 0.093632 0.841390
v 1.135708 0.123053 0.760886
v 1.091579 0.124017 0.825996
v 1.102085 0.093632 0.841390
v 1.153226 0.092515 0.765933
v 1.127672 0.120468 0.682679
v 1.135708 0.123053 0.760886
v 1.153226 0.092515 0.765933
v 1.143914 0.089519 0.675297
v 0.891491 0.085821 0.747201
v 0.931250 0.089263 0.829163
v 0.944169 0.120247 0.815446
v 0.909862 0.117277 0.744722
v 1.107852 0.123531 0.280451
v 1.128019 0.124102 0.204420
v 1.112558 0.092834 0.193497
v 1.089186 0.092172 0.281609
v 1.128019 0.124102 0.204420
v 1.107852 0.123531 0.280451
v 1.141270 0.123757 0.351660
v 1.192335 0.125203 0.159145
v 1.212637 0.124674 0.384730
v 1.270706 0.126319 0.165809
v 1.288559 0.125854 0.364185
v 1.326461 0.126928 0.221295
v 1.333511 0.126744 0.299640
v 1.212637 0.124674 0.384730
v 1.141270 0.123757 0.351660
v 1.127915 0.092434 0.364134
v 1.210623 0.093498 0.402459
v 1.342535 0.096109 0.213053
v 1.277920 0.095404 0.148750
v 1.270706 0.126319 0.165809
v 1.326461 0.126928 0.221295
v 1.127915 0.092434 0.364134
v 1.089186 0.092172 0.281609
v 1.112558 0.092834 0.193497
v 1.187095 0.094110 0.141026
v 1.210623 0.093498 0.402459
v 1.277920 0.095404 0.148750
v 1.298610 0.094865 0.378650
v 1.342535 0.096109 0.213053
v 1.350706 0.095896 0.303847
v 1.277920 0.095404 0.148750
v 1.187095 0.094110 0.141026
v 1.192335 0.125203 0.159145
v 1.270706 0.126319 0.165809
v 1.128019 0.124102 0.204420
v 1.192335 0.125203 0.159145
v 1.187095 0.094110 0.141026
v 1.112558 0.092834 0.193497
v 1.288559 0.125854 0.364185
v 1.212637 0.124674 0.384730
v 1.210623 0.093498 0.402459
v 1.298610 0.094865 0.378650
v 1.333511 0.126744 0.299640
v 1.288559 0.125854 0.364185
v 1.298610 0.094865 0.378650
v 1.350706 0.095896 0.303847
v 1.326461 0.126928 0.221295
v 1.333511 0.126744 0.299640
v 1.350706 0.095896 0.303847
v 1.342535 0.096109 0.213053
v 1.089186 0.092172 0.281609
v 1.127915 0.092434 0.364134
v 1.141270 0.123757 0.351660
v 1.107852 0.123531 0.280451
v 0.358825 0.070991 -0.422829
v 0.275368 0.068037 -0.411922
v 0.282996 0.096735 -0.396862
v 0.355009 0.099283 -0.406274
v 0.410246 0.097762 -0.230758
v 0.345809 0.095005 -0.197273
v 0.348163 0.066033 -0.180616
v 0.422840 0.069228 -0.219423
v 0.233906 0.094102 -0.343342
v 0.230711 0.092616 -0.270757
v 0.274905 0.092972 -0.213070
v 0.282996 0.096735 -0.396862
v 0.345809 0.095005 -0.197273
v 0.355009 0.099283 -0.406274
v 0.410246 0.097762 -0.230758
v 0.416251 0.100555 -0.367174
v 0.438066 0.099954 -0.297857
v 0.274905 0.092972 -0.213070
v 0.230711 0.092616 -0.270757
v 0.214775 0.063264 -0.265778
v 0.265992 0.063677 -0.198923
v 0.265992 0.063677 -0.198923
v 0.214775 0.063264 -0.265778
v 0.218478 0.064986 -0.349897
v 0.275368 0.068037 -0.411922
v 0.348163 0.066033 -0.180616
v 0.358825 0.070991 -0.422829
v 0.422840 0.069228 -0.219423
v 0.429799 0.072464 -0.377516
v 0.455081 0.071768 -0.297184
v 0.275368 0.068037 -0.411922
v 0.218478 0.064986 -0.349897
v 0.233906 0.094102 -0.343342
v 0.282996 0.096735 -0.396862
v 0.230711 0.092616 -0.270757
v 0.233906 0.094102 -0.343342
v 0.218478 0.064986 -0.349897
v 0.214775 0.063264 -0.265778
v 0.438066 0.099954 -0.297857
v 0.410246 0.097762 -0.230758
v 0.422840 0.069228 -0.219423
v 0.455081 0.071768 -0.297184
v 0.416251 0.100555 -0.367174
v 0.438066 0.099954 -0.297857
v 0.455081 0.071768 -0.297184
v 0.429799 0.072464 -0.377516
v 0.355009 0.099283 -0.406274
v 0.416251 0.100555 -0.367174
v 0.429799 0.072464 -0.377516
v 0.358825 0.070991 -0.422829
v 0.265992 0.063677 -0.198923
v 0.348163 0.066033 -0.180616
v 0.345809 0.095005 -0.197273
v 0.274905 0.092972 -0.213070
v 1.091983 0.114569 -0.361353
v 1.044146 0.114183 -0.423796
v 1.026897 0.082411 -0.418406
v 1.082335 0.082859 -0.346041
v 1.047605 0.115791 -0.502365
v 1.044146 0.114183 -0.423796
v 1.091983 0.114569 -0.361353
v 1.100741 0.118642 -0.560297
v 1.168732 0.116769 -0.344254
v 1.178691 0.121400 -0.570485
v 1.238482 0.119754 -0.380500
v 1.244982 0.122776 -0.528162
v 1.268595 0.122126 -0.453131
v 1.238482 0.119754 -0.380500
v 1.168732 0.116769 -0.344254
v 1.171281 0.085408 -0.326225
v 1.252114 0.088867 -0.368230
v 1.182822 0.090775 -0.588405
v 1.092485 0.087579 -0.576599
v 1.100741 0.118642 -0.560297
v 1.178691 0.121400 -0.570485
v 1.082335 0.082859 -0.346041
v 1.026897 0.082411 -0.418406
v 1.030905 0.084275 -0.509461
v 1.092485 0.087579 -0.576599
v 1.171281 0.085408 -0.326225
v 1.182822 0.090775 -0.588405
v 1.252114 0.088867 -0.368230
v 1.259647 0.092370 -0.539356
v 1.287013 0.091617 -0.452402
v 1.092485 0.087579 -0.576599
v 1.030905 0.084275 -0.509461
v 1.047605 0.115791 -0.502365
v 1.100741 0.118642 -0.560297
v 1.044146 0.114183 -0.423796
v 1.047605 0.115791 -0.502365
v 1.030905 0.084275 -0.509461
v 1.026897 0.082411 -0.418406
v 1.268595 0.122126 -0.453131
v 1.238482 0.119754 -0.380500
v 1.252114 0.088867 -0.368230
v 1.287013 0.091617 -0.452402
v 1.244982 0.122776 -0.528162
v 1.268595 0.122126 -0.453131
v 1.287013 0.091617 -0.452402
v 1.259647 0.092370 -0.539356
v 1.178691 0.121400 -0.570485
v 1.244982 0.122776 -0.528162
v 1.259647 0.092370 -0.539356
v 1.182822 0.090775 -0.588405
v 1.082335 0.082859 -0.346041
v 1.171281 0.085408 -0.326225
v 1.168732 0.116769 -0.344254
v 1.091983 0.114569 -0.361353
v 0.888320 0.123530 -0.811843
v 0.841713 0.124102 -0.875207
v 0.823511 0.092834 -0.870006
v 0.877524 0.092172 -0.796572
v 0.846740 0.125203 -0.953701
v 0.841713 0.124102 -0.875207
v 0.888320 0.123530 -0.811843
v 0.901050 0.126319 -1.010594
v 0.964754 0.123757 -0.793256
v 0.979229 0.126927 -1.019267
v 1.035250 0.124674 -0.828143
v 1.044698 0.126744 -0.975662
v 1.066822 0.125854 -0.900181
v 1.035250 0.124674 -0.828143
v 0.964754 0.123757 -0.793256
v 0.966104 0.092434 -0.775031
v 1.047803 0.093497 -0.815463
v 0.982880 0.096109 -1.036958
v 0.892277 0.095403 -1.026907
v 0.901050 0.126319 -1.010594
v 0.979229 0.126927 -1.019267
v 0.877524 0.092172 -0.796572
v 0.823511 0.092834 -0.870006
v 0.829337 0.094110 -0.960972
v 0.892277 0.095403 -1.026907
v 0.966104 0.092434 -0.775031
v 0.982880 0.096109 -1.036958
v 1.047803 0.093497 -0.815463
v 1.058752 0.095896 -0.986423
v 1.084392 0.094865 -0.898948
v 0.892277 0.095403 -1.026907
v 0.829337 0.094110 -0.960972
v 0.846740 0.125203 -0.953701
v 0.901050 0.126319 -1.010594
v 0.841713 0.124102 -0.875207
v 0.846740 0.125203 -0.953701
v 0.829337 0.094110 -0.960972
v 0.823511 0.092834 -0.870006
v 1.066822 0.125854 -0.900181
v 1.035250 0.124674 -0.828143
v 1.047803 0.093497 -0.815463
v 1.084392 0.094865 -0.898948
v 1.044698 0.126744 -0.975662
v 1.066822 0.125854 -0.900181
v 1.084392 0.094865 -0.898948
v 1.058752 0.095896 -0.986423
v 0.979229 0.126927 -1.019267
v 1.044698 0.126744 -0.975662
v 1.058752 0.095896 -0.986423
v 0.982880 0.096109 -1.036958
v 0.877524 0.092172 -0.796572
v 0.966104 0.092434 -0.775031
v 0.964754 0.123757 -0.793256
v 0.888320 0.123530 -0.811843
v -0.892093 0.108554 -0.486713
v -0.869758 0.111056 -0.562096
v -0.886728 0.081261 -0.574757
v -0.912613 0.078361 -0.487396
v -0.869758 0.111056 -0.562096
v -0.892093 0.108554 -0.486713
v -0.860774 0.103806 -0.414712
v -0.804220 0.110140 -0.605587
v -0.790455 0.099032 -0.379782
v -0.726144 0.106236 -0.596838
v -0.714039 0.096467 -0.398268
v -0.672063 0.101169 -0.539941
v -0.667283 0.097311 -0.461520
v -0.790455 0.099032 -0.379782
v -0.860774 0.103806 -0.414712
v -0.876316 0.072858 -0.403953
v -0.794823 0.067326 -0.363472
v -0.657617 0.069803 -0.549081
v -0.720292 0.075674 -0.615020
v -0.726144 0.106236 -0.596838
v -0.672063 0.101169 -0.539941
v -0.876316 0.072858 -0.403953
v -0.912613 0.078361 -0.487396
v -0.886728 0.081261 -0.574757
v -0.810775 0.080200 -0.625160
v -0.794823 0.067326 -0.363472
v -0.720292 0.075674 -0.615020
v -0.706264 0.064354 -0.384895
v -0.657617 0.069803 -0.549081
v -0.652077 0.065332 -0.458198
v -0.720292 0.075674 -0.615020
v -0.810775 0.080200 -0.625160
v -0.804220 0.110140 -0.605587
v -0.726144 0.106236 -0.596838
v -0.869758 0.111056 -0.562096
v -0.804220 0.110140 -0.605587
v -0.810775 0.080200 -0.625160
v -0.886728 0.081261 -0.574757
v -0.714039 0.096467 -0.398268
v -0.790455 0.099032 -0.379782
v -0.794823 0.067326 -0.363472
v -0.706264 0.064354 -0.384895
v -0.667283 0.097311 -0.461520
v -0.714039 0.096467 -0.398268
v -0.706264 0.064354 -0.384895
v -0.652077 0.065332 -0.458198
v -0.672063 0.101169 -0.539941
v -0.667283 0.097311 -0.461520
v -0.652077 0.065332 -0.458198
v -0.657617 0.069803 -0.549081
v -0.912613 0.078361 -0.487396
v -0.876316 0.072858 -0.403953
v -0.860774 0.103806 -0.414712
v -0.892093 0.108554 -0.486713
vn 0.466913 0.000001 -0.884303
vn 0.466913 0.000001 -0.884303
vn 0.466913 0.000001 -0.884303
vn 0.466913 0.000001 -0.884303
vn 0.436629 0.000000 -0.899642
vn 0.436629 0.000000 -0.899642
vn 0.129996 -0.000001 -0.991515
vn 0.129996 -0.000001 -0.991515
vn 0.129996 -0.000001 -0.991515
vn 0.129996 -0.000001 -0.991515
vn 0.297331 0.763191 -0.573702
vn 0.297331 0.763191 -0.573702
vn 0.297331 0.763191 -0.573702
vn 0.297331 0.763191 -0.573702
vn 0.288586 0.762878 -0.578563
vn 0.288586 0.762878 -0.578563
vn -0.076184 0.734998 0.673776
vn -0.076184 0.734998 0.673776
vn -0.076184 0.734998 0.673776
vn -0.076184 0.734998 0.673776
vn -0.104839 0.748847 -0.654398
vn -0.104839 0.748847 -0.654398
vn -0.104839 0.748847 -0.654398
vn -0.104839 0.748847 -0.654398
vn -0.300420 0.724071 0.620862
vn -0.300420 0.724071 0.620862
vn -0.300420 0.724071 0.620862
vn -0.300420 0.724071 0.620862
vn -0.331848 0.726684 0.601504
vn -0.331848 0.726684 0.601504
vn 0.088632 0.747598 -0.658211
vn 0.088632 0.747598 -0.658211
vn 0.088632 0.747598 -0.658211
vn 0.088632 0.747598 -0.658211
vn -0.154216 0.000000 -0.988037
vn -0.154216 0.000000 -0.988037
vn -0.154216 0.000000 -0.988037
vn -0.154216 0.000000 -0.988037
vn 0.094633 0.733832 0.672708
vn 0.094633 0.733832 0.672708
vn 0.094633 0.733832 0.672708
vn 0.094633 0.733832 0.672708
vn -0.421458 0.000000 -0.906848
vn -0.421458 0.000000 -0.906848
vn -0.421458 0.000000 -0.906848
vn -0.421458 0.000000 -0.906848
vn -0.970794 -0.000001 -0.239915
vn -0.970794 -0.000001 -0.239915
vn -0.970794 -0.000001 -0.239915
vn -0.970794 -0.000001 -0.239915
vn -0.260508 0.786171 -0.560420
vn -0.260508 0.786171 -0.560420
vn -0.260508 0.786171 -0.560420
vn -0.260508 0.786171 -0.560420
vn -0.691166 0.000000 -0.722696
vn -0.691166 0.000000 -0.722696
vn -0.691166 0.000000 -0.722696
vn -0.691166 0.000000 -0.722696
vn -0.599968 0.786173 -0.148223
vn -0.599968 0.786173 -0.148223
vn -0.599968 0.786173 -0.148223
vn -0.599968 0.786173 -0.148223
vn 0.477294 0.734998 0.481632
vn 0.477294 0.734998 0.481632
vn 0.477294 0.734998 0.481632
vn 0.477294 0.734998 0.481632
vn -0.575643 0.748847 -0.328426
vn -0.575643 0.748847 -0.328426
vn -0.575643 0.748847 -0.328426
vn -0.575643 0.748847 -0.328426
vn -0.457365 0.747596 -0.481579
vn -0.457365 0.747596 -0.481579
vn -0.457365 0.747596 -0.481579
vn -0.457365 0.747596 -0.481579
vn -0.866576 0.000000 -0.499046
vn -0.866576 0.000000 -0.499046
vn -0.866576 0.000000 -0.499046
vn -0.866576 0.000000 -0.499046
vn 0.583515 0.733831 0.347854
vn 0.583515 0.733831 0.347854
vn 0.583515 0.733831 0.347854
vn 0.583515 0.733831 0.347854
vn 0.691907 0.701282 0.171664
vn 0.691907 0.701282 0.171664
vn 0.691907 0.701282 0.171664
vn 0.691907 0.701282 0.171664
vn -0.123084 0.727946 0.674496
vn -0.123084 0.727946 0.674496
vn -0.123084 0.727946 0.674496
vn -0.123084 0.727946 0.674496
vn -0.996324 0.000000 0.085665
vn -0.996324 0.000000 0.085665
vn -0.996324 0.000000 0.085665
vn -0.996324 0.000000 0.085665
vn -0.491513 0.786172 0.374632
vn -0.491513 0.786172 0.374632
vn -0.491513 0.786172 0.374632
vn -0.491513 0.786172 0.374632
vn 0.674439 0.734997 -0.070085
vn 0.674439 0.734997 -0.070085
vn 0.674439 0.734997 -0.070085
vn 0.674439 0.734997 -0.070085
vn -0.616690 0.748847 0.242740
vn -0.616690 0.748847 0.242740
vn -0.616690 0.748847 0.242740
vn -0.616690 0.748847 0.242740
vn -0.661905 0.747597 0.054587
vn -0.661905 0.747597 0.054587
vn -0.661905 0.747597 0.054587
vn -0.661905 0.747597 0.054587
vn -0.931977 0.000000 0.362519
vn -0.931977 0.000000 0.362519
vn -0.931977 0.000000 0.362519
vn -0.931977 0.000000 0.362519
vn 0.636762 0.733832 -0.236698
vn 0.636762 0.733832 -0.236698
vn 0.636762 0.733832 -0.236698
vn 0.636762 0.733832 -0.236698
vn 0.567396 0.701284 -0.431582
vn 0.567396 0.701284 -0.431582
vn 0.567396 0.701284 -0.431582
vn 0.567396 0.701284 -0.431582
vn -0.557657 0.000000 0.830072
vn -0.557657 0.000000 0.830072
vn -0.557657 0.000000 0.830072
vn -0.557657 0.000000 0.830072
vn -0.180137 0.000000 0.983641
vn -0.180137 0.000000 0.983641
vn -0.180137 0.000000 0.983641
vn -0.180137 0.000000 0.983641
vn 0.368068 0.734998 -0.569478
vn 0.368068 0.734998 -0.569478
vn 0.368068 0.734998 -0.569478
vn 0.368068 0.734998 -0.569478
vn 0.141891 0.733515 -0.664698
vn 0.141891 0.733515 -0.664698
vn 0.141891 0.733515 -0.664698
vn 0.141891 0.733515 -0.664698
vn -0.372289 0.747598 0.549999
vn -0.372289 0.747598 0.549999
vn -0.372289 0.747598 0.549999
vn -0.372289 0.747598 0.549999
vn 0.982006 0.000001 -0.188851
vn 0.982006 0.000001 -0.188851
vn 0.982006 0.000001 -0.188851
vn 0.982006 0.000001 -0.188851
vn 0.762600 0.000000 0.646871
vn 0.762600 0.000000 0.646871
vn 0.762600 0.000000 0.646871
vn 0.762600 0.000000 0.646871
vn -0.054221 0.000000 0.998529
vn -0.054221 0.000000 0.998529
vn -0.054221 0.000000 0.998529
vn -0.054221 0.000000 0.998529
vn 0.297340 -0.000001 0.954772
vn 0.297340 -0.000001 0.954772
vn 0.297340 -0.000001 0.954772
vn 0.297340 -0.000001 0.954772
vn -0.029458 0.763202 0.645488
vn -0.029458 0.763202 0.645488
vn -0.029458 0.763202 0.645488
vn -0.029458 0.763202 0.645488
vn -0.700178 0.701283 0.133988
vn -0.700178 0.701283 0.133988
vn -0.700178 0.701283 0.133988
vn -0.700178 0.701283 0.133988
vn -0.213092 0.734996 -0.643718
vn -0.213092 0.734996 -0.643718
vn -0.213092 0.734996 -0.643718
vn -0.213092 0.734996 -0.643718
vn 0.369345 0.748847 0.550285
vn 0.369345 0.748847 0.550285
vn 0.369345 0.748847 0.550285
vn 0.369345 0.748847 0.550285
vn 0.009988 0.724527 -0.689174
vn 0.009988 0.724527 -0.689174
vn 0.009988 0.724527 -0.689174
vn 0.009988 0.724527 -0.689174
vn 0.195267 0.747597 0.634799
vn 0.195267 0.747597 0.634799
vn 0.195267 0.747597 0.634799
vn 0.195267 0.747597 0.634799
vn 0.553952 0.000000 0.832549
vn 0.553952 0.000000 0.832549
vn 0.553952 0.000000 0.832549
vn 0.553952 0.000000 0.832549
vn -0.367748 0.733831 -0.571186
vn -0.367748 0.733831 -0.571186
vn -0.367748 0.733831 -0.571186
vn -0.367748 0.733831 -0.571186
vn 0.471323 0.786173 0.399734
vn 0.471323 0.786173 0.399734
vn 0.471323 0.786173 0.399734
vn 0.471323 0.786173 0.399734
vn 0.930352 0.000000 0.366668
vn 0.930352 0.000000 0.366668
vn 0.930352 0.000000 0.366668
vn 0.930352 0.000000 0.366668
vn 0.606879 0.786172 -0.116759
vn 0.606879 0.786172 -0.116759
vn 0.606879 0.786172 -0.116759
vn 0.606879 0.786172 -0.116759
vn -0.635163 0.734997 -0.237376
vn -0.635163 0.734997 -0.237376
vn -0.635163 0.734997 -0.237376
vn -0.635163 0.734997 -0.237376
vn 0.660283 0.748846 0.057061
vn 0.660283 0.748846 0.057061
vn 0.660283 0.748846 0.057061
vn 0.660283 0.748846 0.057061
vn 0.617043 0.747597 0.245677
vn 0.617043 0.747597 0.245677
vn 0.617043 0.747597 0.245677
vn 0.617043 0.747597 0.245677
vn 0.995932 0.000000 0.090105
vn 0.995932 0.000000 0.090105
vn 0.995932 0.000000 0.090105
vn 0.995932 0.000000 0.090105
vn -0.675568 0.733832 -0.071403
vn -0.675568 0.733832 -0.071403
vn -0.675568 0.733832 -0.071403
vn -0.675568 0.733832 -0.071403
vn -0.543223 0.701282 -0.461641
vn -0.543223 0.701282 -0.461641
vn -0.543223 0.701282 -0.461641
vn -0.543223 0.701282 -0.461641
vn 0.868791 0.000001 -0.495179
vn 0.868791 0.000001 -0.495179
vn 0.868791 0.000001 -0.495179
vn 0.868791 0.000001 -0.495179
vn -0.583041 0.734997 0.346183
vn -0.583041 0.734997 0.346183
vn -0.583041 0.734997 0.346183
vn -0.583041 0.734997 0.346183
vn 0.458274 0.748846 -0.478764
vn 0.458274 0.748846 -0.478764
vn 0.458274 0.748846 -0.478764
vn 0.458274 0.748846 -0.478764
vn 0.578154 0.747596 -0.326861
vn 0.578154 0.747596 -0.326861
vn 0.578154 0.747596 -0.326861
vn 0.578154 0.747596 -0.326861
vn 0.694380 0.000000 -0.719609
vn 0.694380 0.000000 -0.719609
vn 0.694380 0.000000 -0.719609
vn 0.694380 0.000000 -0.719609
vn -0.479031 0.733830 0.481687
vn -0.479031 0.733830 0.481687
vn -0.479031 0.733830 0.481687
vn -0.479031 0.733830 0.481687
vn 0.000000 -1.000000 0.000000
vn 0.000000 -1.000000 0.000000
vn 0.000000 -1.000000 0.000000
vn 0.000000 -1.000000 0.000000
vn 0.000000 -1.000000 0.000000
vn 0.000000 -1.000000 0.000000
vn 0.000000 -1.000000 0.000000
vn 0.000000 -1.000000 0.000000
vn 0.000000 -1.000000 0.000000
vn 0.000000 -1.000000 0.000000
vn 0.000000 -1.000000 0.000000
vn 0.000000 -1.000000 0.000000
vn 0.000000 -1.000000 0.000000
vn 0.000000 -1.000000 0.000000
vn 0.000000 -1.000000 0.000000
vn 0.000000 -1.000000 0.000000
vn 0.000000 -1.000000 0.000000
vn 0.000000 -1.000000 0.000000
vn 0.000000 -1.000000 0.000000
vn 0.000000 -1.000000 0.000000
vn 0.000000 -1.000000 0.000000
vn 0.000000 -1.000000 0.000000
vn -0.795365 0.000001 0.606131
vn -0.795365 0.000001 0.606131
vn -0.795365 0.000001 0.606131
vn -0.795365 0.000001 0.606131
vn 0.299859 0.701284 0.646750
vn 0.299859 0.701284 0.646750
vn 0.299859 0.701284 0.646750
vn 0.299859 0.701284 0.646750
vn 0.000000 1.000000 0.000000
vn 0.000000 1.000000 0.000000
vn 0.000000 1.000000 0.000000
vn 0.000000 1.000000 0.000000
vn 0.000000 1.000000 0.000000
vn 0.000000 1.000000 0.000000
vn 0.000000 1.000000 0.000000
vn 0.000000 1.000000 0.000000
vn 0.000000 1.000000 0.000000
vn 0.000000 1.000000 0.000000
vn 0.000000 1.000000 0.000000
vn 0.000000 1.000000 0.000000
vn 0.000000 1.000000 0.000000
vn 0.000000 1.000000 0.000000
vn 0.000000 1.000000 0.000000
vn 0.000000 1.000000 0.000000
vn 0.000000 1.000000 0.000000
vn 0.000000 1.000000 0.000000
vn 0.000000 1.000000 0.000000
vn 0.000000 1.000000 0.000000
vn 0.000000 1.000000 0.000000
vn 0.000000 1.000000 0.000000
vn 0.000000 1.000000 0.000000
vn 0.000000 1.000000 0.000000
vn 0.000000 1.000000 0.000000
vn 0.000000 1.000000 0.000000
vn 0.000000 1.000000 0.000000
vn 0.000000 1.000000 0.000000
vn 0.000000 1.000000 0.000000
vn 0.000000 1.000000 0.000000
vn 0.000000 1.000000 0.000000
vn 0.000000 1.000000 0.000000
vn 0.000000 1.000000 0.000000
vn 0.000000 1.000000 0.000000
vn 0.000000 1.000000 0.000000
vn 0.000000 1.000000 0.000000
vn 0.000000 1.000000 0.000000
vn 0.000000 1.000000 0.000000
vn 0.000000 1.000000 0.000000
vn 0.000000 1.000000 0.000000
vn 0.000000 1.000000 0.000000
vn 0.000000 1.000000 0.000000
vn 0.000000 1.000000 0.000000
vn 0.000000 1.000000 0.000000
vn 0.000000 1.000000 0.000000
vn 0.000000 1.000000 0.000000
vn 0.000000 1.000000 0.000000
vn 0.000000 1.000000 0.000000
vn 0.000000 1.000000 0.000000
vn 0.000000 1.000000 0.000000
vn 0.000000 1.000000 0.000000
vn 0.000000 1.000000 0.000000
vn 0.000000 1.000000 0.000000
vn 0.000000 1.000000 0.000000
vn 0.000000 1.000000 0.000000
vn 0.000000 1.000000 0.000000
vn 0.000000 1.000000 0.000000
vn 0.000000 1.000000 0.000000
vn 0.000000 1.000000 0.000000
vn 0.000000 1.000000 0.000000
vn 0.000000 1.000000 0.000000
vn 0.000000 1.000000 0.000000
vn 0.000000 1.000000 0.000000
vn 0.000000 1.000000 0.000000
vn 0.000000 1.000000 0.000000
vn 0.000000 1.000000 0.000000
vn 0.038660 0.997095 0.065631
vn 0.038660 0.997095 0.065631
vn 0.038660 0.997095 0.065631
vn 0.038660 0.997095 0.065631
vn 0.053029 0.997748 0.041077
vn 0.041387 0.998716 0.029204
vn 0.046898 0.997630 0.050348
vn 0.031093 0.998646 0.041706
vn 0.031093 0.998646 0.041706
vn 0.075372 0.997095 0.011006
vn 0.041387 0.998716 0.029204
vn 0.041387 0.998716 0.029204
vn -0.013021 0.998629 0.050702
vn -0.013021 0.998629 0.050702
vn 0.052481 0.998519 -0.014350
vn 0.010318 0.998437 0.054925
vn 0.010318 0.998437 0.054925
vn -0.009842 0.997630 0.068098
vn 0.001225 0.997748 0.067066
vn 0.010318 0.998437 0.054925
vn 0.010318 0.998437 0.054925
vn -0.021606 0.997687 0.064446
vn -0.021606 0.997687 0.064446
vn -0.017690 0.998996 0.041170
vn 0.001843 0.999737 0.022874
vn 0.052481 0.998519 -0.014350
vn 0.052481 0.998519 -0.014350
vn 0.055237 0.998473 0.001282
vn -0.017690 0.998996 0.041170
vn -0.029056 0.997671 0.061715
vn -0.020345 0.999662 0.016160
vn 0.001843 0.999737 0.022874
vn 0.001283 0.999984 0.005522
vn 0.001283 0.999984 0.005522
vn 0.001283 0.999984 0.005522
vn 0.001283 0.999984 0.005522
vn 0.007301 0.999925 0.009839
vn 0.007301 0.999925 0.009839
vn 0.007301 0.999925 0.009839
vn 0.007301 0.999925 0.009839
vn 0.005107 0.999984 0.002461
vn 0.005107 0.999984 0.002461
vn 0.012243 0.999925 0.000477
vn 0.012243 0.999925 0.000477
vn 0.012243 0.999925 0.000477
vn 0.012243 0.999925 0.000477
vn 0.005119 0.999984 -0.002437
vn 0.005119 0.999984 -0.002437
vn 0.008045 0.999925 -0.009242
vn 0.008045 0.999925 -0.009242
vn 0.008045 0.999925 -0.009242
vn 0.008045 0.999925 -0.009242
vn 0.001309 0.999984 -0.005516
vn 0.001309 0.999984 -0.005516
vn 0.011369 0.999787 -0.017211
vn 0.011369 0.999787 -0.017211
vn -0.003478 0.999984 -0.004477
vn -0.003478 0.999984 -0.004477
vn -0.003478 0.999984 -0.004477
vn -0.003478 0.999984 -0.004477
vn -0.010752 0.999925 -0.005876
vn -0.010752 0.999925 -0.005876
vn -0.010752 0.999925 -0.005876
vn -0.010752 0.999925 -0.005876
vn -0.005668 0.999984 -0.000096
vn -0.005668 0.999984 -0.000096
vn -0.011317 0.999925 0.004696
vn -0.011317 0.999925 0.004696
vn -0.011317 0.999925 0.004696
vn -0.011317 0.999925 0.004696
vn -0.003627 0.999984 0.004357
vn -0.003627 0.999984 0.004357
vn -0.020345 0.999662 0.016160
vn -0.039836 0.998630 0.033939
vn -0.052715 0.997748 0.041478
vn -0.017690 0.998996 0.041170
vn -0.073050 0.997095 0.021582
vn -0.073050 0.997095 0.021582
vn -0.073050 0.997095 0.021582
vn -0.073050 0.997095 0.021582
vn -0.039836 0.998630 0.033939
vn -0.039836 0.998630 0.033939
vn -0.054532 0.998139 -0.027295
vn -0.054532 0.998139 -0.027295
vn -0.055811 0.998376 -0.011405
vn -0.055811 0.998376 -0.011405
vn -0.063676 0.997630 -0.026070
vn -0.065359 0.997748 -0.015083
vn -0.055811 0.998376 -0.011405
vn -0.062599 0.997095 -0.043398
vn -0.062599 0.997095 -0.043398
vn -0.062599 0.997095 -0.043398
vn -0.062599 0.997095 -0.043398
vn -0.013799 0.998001 -0.061672
vn -0.013799 0.998001 -0.061672
vn -0.027110 0.998189 -0.053694
vn -0.027110 0.998189 -0.053694
vn -0.019592 0.997630 -0.065958
vn -0.029208 0.997748 -0.060384
vn -0.027110 0.998189 -0.053694
vn -0.027110 0.998189 -0.053694
vn -0.008845 0.997694 -0.067293
vn 0.023482 0.998165 -0.055817
vn -0.008845 0.997694 -0.067293
vn 0.024752 0.997746 -0.062369
vn 0.024115 0.998270 -0.053631
vn 0.024115 0.998270 -0.053631
vn 0.023482 0.998165 -0.055817
vn 0.024115 0.998270 -0.053631
vn 0.055813 0.997095 -0.051836
vn 0.055813 0.997095 -0.051836
vn 0.055813 0.997095 -0.051836
vn 0.055813 0.997095 -0.051836
vn 0.055237 0.998473 0.001282
vn 0.068625 0.997630 -0.004991
vn 0.065243 0.997748 -0.015579
vn 0.075372 0.997095 0.011006
vn 0.075372 0.997095 0.011006
vn 0.075372 0.997095 0.011006
vn 0.000000 1.000000 0.000000
vn 0.000000 1.000000 0.000000
vn 0.000000 1.000000 0.000000
vn 0.000000 1.000000 0.000000
vn 0.000000 1.000000 0.000000
vn 0.000000 1.000000 0.000000
vn 0.000000 1.000000 0.000000
vn 0.000000 1.000000 0.000000
vn 0.000000 1.000000 0.000000
vn 0.000000 1.000000 0.000000
vn 0.000000 1.000000 0.000000
vn 0.000000 1.000000 0.000000
vn 0.000000 1.000000 0.000000
vn 0.000000 1.000000 0.000000
vn 0.000000 1.000000 0.000000
vn 0.000000 1.000000 0.000000
vn 0.000000 1.000000 0.000000
vn 0.000000 1.000000 0.000000
vn 0.000000 1.000000 0.000000
vn 0.000000 1.000000 0.000000
vn 0.000000 1.000000 0.000000
vn 0.000000 1.000000 0.000000
vn 0.000000 1.000000 0.000000
vn 0.000000 1.000000 0.000000
vn 0.000000 1.000000 0.000000
vn 0.000000 1.000000 0.000000
vn 0.000000 1.000000 0.000000
vn 0.000000 1.000000 0.000000
vn 0.000000 1.000000 0.000000
vn 0.000000 1.000000 0.000000
vn 0.000000 1.000000 0.000000
vn 0.000000 1.000000 0.000000
vn 0.000000 1.000000 0.000000
vn 0.000000 1.000000 0.000000
vn 0.000000 1.000000 0.000000
vn 0.000000 1.000000 0.000000
vn 0.000000 1.000000 0.000000
vn 0.000000 1.000000 0.000000
vn 0.000000 1.000000 0.000000
vn 0.000000 1.000000 0.000000
vn 0.002373 0.471503 0.881862
vn 0.002373 0.471503 0.881862
vn 0.002373 0.471503 0.881862
vn 0.002373 0.471503 0.881862
vn -0.766657 0.487629 -0.417679
vn -0.766657 0.487629 -0.417679
vn -0.766657 0.487629 -0.417679
vn -0.766657 0.487629 -0.417679
vn 0.859871 0.482956 0.165458
vn 0.859871 0.482956 0.165458
vn 0.859871 0.482956 0.165458
vn 0.859871 0.482956 0.165458
vn -0.004705 0.999279 0.037686
vn -0.004705 0.999279 0.037686
vn -0.004705 0.999279 0.037686
vn -0.004705 0.999279 0.037686
vn -0.004705 0.999279 0.037686
vn -0.004705 0.999279 0.037686
vn -0.004705 0.999279 0.037686
vn -0.004705 0.999279 0.037686
vn -0.004705 0.999279 0.037686
vn 0.859870 0.482956 0.165458
vn 0.859870 0.482956 0.165458
vn 0.859870 0.482956 0.165458
vn 0.859870 0.482956 0.165458
vn -0.004705 0.999279 0.037686
vn -0.004705 0.999279 0.037686
vn -0.004705 0.999279 0.037686
vn -0.004705 0.999279 0.037686
vn -0.004705 0.999279 0.037686
vn -0.004705 0.999279 0.037686
vn -0.004705 0.999279 0.037686
vn -0.004705 0.999279 0.037686
vn -0.004705 0.999279 0.037686
vn 0.002374 0.471503 0.881861
vn 0.002374 0.471503 0.881861
vn 0.002374 0.471503 0.881861
vn 0.002374 0.471503 0.881861
vn 0.004705 -0.999279 -0.037686
vn 0.004705 -0.999279 -0.037686
vn 0.004705 -0.999279 -0.037686
vn 0.004705 -0.999279 -0.037686
vn 0.004705 -0.999279 -0.037686
vn 0.004705 -0.999279 -0.037686
vn 0.004705 -0.999279 -0.037686
vn 0.004705 -0.999279 -0.037686
vn 0.004705 -0.999279 -0.037686
vn -0.860066 0.479483 0.174308
vn -0.860066 0.479483 0.174308
vn -0.860066 0.479483 0.174308
vn -0.860066 0.479483 0.174308
vn -0.554934 0.473119 0.684256
vn -0.554934 0.473119 0.684256
vn -0.554934 0.473119 0.684256
vn -0.554934 0.473119 0.684256
vn -0.766659 0.487626 -0.417679
vn -0.766659 0.487626 -0.417679
vn -0.766659 0.487626 -0.417679
vn -0.766659 0.487626 -0.417679
vn 0.759445 0.490692 -0.427159
vn 0.759445 0.490692 -0.427159
vn 0.759445 0.490692 -0.427159
vn 0.759445 0.490692 -0.427159
vn 0.296490 0.494953 -0.816771
vn 0.296490 0.494953 -0.816771
vn 0.296490 0.494953 -0.816771
vn 0.296490 0.494953 -0.816771
vn -0.309684 0.493741 -0.812598
vn -0.309684 0.493741 -0.812598
vn -0.309684 0.493741 -0.812598
vn -0.309684 0.493741 -0.812598
vn 0.558698 0.475380 0.679611
vn 0.558698 0.475380 0.679611
vn 0.558698 0.475380 0.679611
vn 0.558698 0.475380 0.679611
vn 0.004705 -0.999279 -0.037686
vn 0.004705 -0.999279 -0.037686
vn 0.004705 -0.999279 -0.037686
vn 0.004705 -0.999279 -0.037686
vn 0.004705 -0.999279 -0.037686
vn 0.004705 -0.999279 -0.037686
vn 0.004705 -0.999279 -0.037686
vn 0.004705 -0.999279 -0.037686
vn 0.004705 -0.999279 -0.037686
vn -0.860065 0.479484 0.174308
vn -0.860065 0.479484 0.174308
vn -0.860065 0.479484 0.174308
vn -0.860065 0.479484 0.174308
vn -0.554933 0.473121 0.684256
vn -0.554933 0.473121 0.684256
vn -0.554933 0.473121 0.684256
vn -0.554933 0.473121 0.684256
vn 0.759445 0.490691 -0.427160
vn 0.759445 0.490691 -0.427160
vn 0.759445 0.490691 -0.427160
vn 0.759445 0.490691 -0.427160
vn 0.296492 0.494951 -0.816772
vn 0.296492 0.494951 -0.816772
vn 0.296492 0.494951 -0.816772
vn 0.296492 0.494951 -0.816772
vn -0.309684 0.493740 -0.812598
vn -0.309684 0.493740 -0.812598
vn -0.309684 0.493740 -0.812598
vn -0.309684 0.493740 -0.812598
vn 0.558698 0.475380 0.679611
vn 0.558698 0.475380 0.679611
vn 0.558698 0.475380 0.679611
vn 0.558698 0.475380 0.679611
vn 0.002374 0.471502 0.881862
vn 0.002374 0.471502 0.881862
vn 0.002374 0.471502 0.881862
vn 0.002374 0.471502 0.881862
vn -0.004705 0.999279 0.037686
vn -0.004705 0.999279 0.037686
vn -0.004705 0.999279 0.037686
vn -0.004705 0.999279 0.037686
vn -0.004705 0.999279 0.037686
vn -0.004705 0.999279 0.037686
vn -0.004705 0.999279 0.037686
vn -0.004705 0.999279 0.037686
vn -0.004705 0.999279 0.037686
vn 0.859871 0.482954 0.165458
vn 0.859871 0.482954 0.165458
vn 0.859871 0.482954 0.165458
vn 0.859871 0.482954 0.165458
vn -0.766658 0.487627 -0.417678
vn -0.766658 0.487627 -0.417678
vn -0.766658 0.487627 -0.417678
vn -0.766658 0.487627 -0.417678
vn 0.004705 -0.999279 -0.037686
vn 0.004705 -0.999279 -0.037686
vn 0.004705 -0.999279 -0.037686
vn 0.004705 -0.999279 -0.037686
vn 0.004705 -0.999279 -0.037686
vn 0.004705 -0.999279 -0.037686
vn 0.004705 -0.999279 -0.037686
vn 0.004705 -0.999279 -0.037686
vn 0.004705 -0.999279 -0.037686
vn -0.860066 0.479483 0.174308
vn -0.860066 0.479483 0.174308
vn -0.860066 0.479483 0.174308
vn -0.860066 0.479483 0.174308
vn -0.554933 0.473122 0.684255
vn -0.554933 0.473122 0.684255
vn -0.554933 0.473122 0.684255
vn -0.554933 0.473122 0.684255
vn 0.759445 0.490692 -0.427159
vn 0.759445 0.490692 -0.427159
vn 0.759445 0.490692 -0.427159
vn 0.759445 0.490692 -0.427159
vn 0.296491 0.494950 -0.816773
vn 0.296491 0.494950 -0.816773
vn 0.296491 0.494950 -0.816773
vn 0.296491 0.494950 -0.816773
vn -0.309684 0.493739 -0.812600
vn -0.309684 0.493739 -0.812600
vn -0.309684 0.493739 -0.812600
vn -0.309684 0.493739 -0.812600
vn 0.558697 0.475379 0.679611
vn 0.558697 0.475379 0.679611
vn 0.558697 0.475379 0.679611
vn 0.558697 0.475379 0.679611
vn -0.805951 0.487628 0.335651
vn -0.805951 0.487628 0.335651
vn -0.805951 0.487628 0.335651
vn -0.805951 0.487628 0.335651
vn 0.667828 0.482955 -0.566358
vn 0.667828 0.482955 -0.566358
vn 0.667828 0.482955 -0.566358
vn 0.667828 0.482955 -0.566358
vn 0.026418 0.999279 0.027285
vn 0.026418 0.999279 0.027285
vn 0.026418 0.999279 0.027285
vn 0.026418 0.999279 0.027285
vn 0.026418 0.999279 0.027285
vn 0.026418 0.999279 0.027285
vn 0.026418 0.999279 0.027285
vn 0.026418 0.999279 0.027285
vn 0.026418 0.999279 0.027285
vn 0.688677 0.471503 0.550827
vn 0.688677 0.471503 0.550827
vn 0.688677 0.471503 0.550827
vn 0.688677 0.471503 0.550827
vn -0.026418 -0.999279 -0.027285
vn -0.026418 -0.999279 -0.027285
vn -0.026418 -0.999279 -0.027285
vn -0.026418 -0.999279 -0.027285
vn -0.026418 -0.999279 -0.027285
vn -0.026418 -0.999279 -0.027285
vn -0.026418 -0.999279 -0.027285
vn -0.026418 -0.999279 -0.027285
vn -0.026418 -0.999279 -0.027285
vn -0.403187 0.479483 0.779446
vn -0.403187 0.479483 0.779446
vn -0.403187 0.479483 0.779446
vn -0.403187 0.479483 0.779446
vn 0.185420 0.473120 0.861265
vn 0.185420 0.473120 0.861265
vn 0.185420 0.473120 0.861265
vn 0.185420 0.473120 0.861265
vn 0.143093 0.490692 -0.859504
vn 0.143093 0.490692 -0.859504
vn 0.143093 0.490692 -0.859504
vn 0.143093 0.490692 -0.859504
vn -0.450653 0.494952 -0.742923
vn -0.450653 0.494952 -0.742923
vn -0.450653 0.494952 -0.742923
vn -0.450653 0.494952 -0.742923
vn -0.827300 0.493741 -0.267947
vn -0.827300 0.493741 -0.267947
vn -0.827300 0.493741 -0.267947
vn -0.827300 0.493741 -0.267947
vn 0.879731 0.475379 -0.009442
vn 0.879731 0.475379 -0.009442
vn 0.879731 0.475379 -0.009442
vn 0.879731 0.475379 -0.009442
vn 0.688678 0.471501 0.550826
vn 0.688678 0.471501 0.550826
vn 0.688678 0.471501 0.550826
vn 0.688678 0.471501 0.550826
vn 0.026418 0.999279 0.027285
vn 0.026418 0.999279 0.027285
vn 0.026418 0.999279 0.027285
vn 0.026418 0.999279 0.027285
vn 0.026418 0.999279 0.027285
vn 0.026418 0.999279 0.027285
vn 0.026418 0.999279 0.027285
vn 0.026418 0.999279 0.027285
vn 0.026418 0.999279 0.027285
vn 0.667829 0.482953 -0.566358
vn 0.667829 0.482953 -0.566358
vn 0.667829 0.482953 -0.566358
vn 0.667829 0.482953 -0.566358
vn -0.805952 0.487627 0.335652
vn -0.805952 0.487627 0.335652
vn -0.805952 0.487627 0.335652
vn -0.805952 0.487627 0.335652
vn -0.026418 -0.999279 -0.027285
vn -0.026418 -0.999279 -0.027285
vn -0.026418 -0.999279 -0.027285
vn -0.026418 -0.999279 -0.027285
vn -0.026418 -0.999279 -0.027285
vn -0.026418 -0.999279 -0.027285
vn -0.026418 -0.999279 -0.027285
vn -0.026418 -0.999279 -0.027285
vn -0.026418 -0.999279 -0.027285
vn -0.403188 0.479481 0.779447
vn -0.403188 0.479481 0.779447
vn -0.403188 0.479481 0.779447
vn -0.403188 0.479481 0.779447
vn 0.185419 0.473121 0.861265
vn 0.185419 0.473121 0.861265
vn 0.185419 0.473121 0.861265
vn 0.185419 0.473121 0.861265
vn 0.143093 0.490687 -0.859506
vn 0.143093 0.490687 -0.859506
vn 0.143093 0.490687 -0.859506
vn 0.143093 0.490687 -0.859506
vn -0.450652 0.494953 -0.742923
vn -0.450652 0.494953 -0.742923
vn -0.450652 0.494953 -0.742923
vn -0.450652 0.494953 -0.742923
vn -0.827302 0.493737 -0.267948
vn -0.827302 0.493737 -0.267948
vn -0.827302 0.493737 -0.267948
vn -0.827302 0.493737 -0.267948
vn 0.879732 0.475376 -0.009441
vn 0.879732 0.475376 -0.009441
vn 0.879732 0.475376 -0.009441
vn 0.879732 0.475376 -0.009441
vn 0.672426 0.492996 0.552086
vn 0.672426 0.492996 0.552086
vn 0.672426 0.492996 0.552086
vn 0.672426 0.492996 0.552086
vn 0.014741 0.999888 0.002779
vn 0.014741 0.999888 0.002779
vn 0.014741 0.999888 0.002779
vn 0.014741 0.999888 0.002779
vn 0.014741 0.999888 0.002779
vn 0.014741 0.999888 0.002779
vn 0.014741 0.999888 0.002779
vn 0.014741 0.999888 0.002779
vn 0.014741 0.999888 0.002779
vn 0.673403 0.476492 -0.565229
vn 0.673403 0.476492 -0.565229
vn 0.673403 0.476492 -0.565229
vn 0.673403 0.476492 -0.565229
vn -0.817773 0.486397 0.307677
vn -0.817773 0.486397 0.307677
vn -0.817773 0.486397 0.307677
vn -0.817773 0.486397 0.307677
vn -0.014742 -0.999888 -0.002779
vn -0.014742 -0.999888 -0.002779
vn -0.014742 -0.999888 -0.002779
vn -0.014742 -0.999888 -0.002779
vn -0.014742 -0.999888 -0.002779
vn -0.014742 -0.999888 -0.002779
vn -0.014742 -0.999888 -0.002779
vn -0.014742 -0.999888 -0.002779
vn -0.014742 -0.999888 -0.002779
vn -0.423739 0.493946 0.759252
vn -0.423739 0.493946 0.759252
vn -0.423739 0.493946 0.759252
vn -0.423739 0.493946 0.759252
vn 0.163182 0.496458 0.852585
vn 0.163182 0.496458 0.852585
vn 0.163182 0.496458 0.852585
vn 0.163182 0.496458 0.852585
vn 0.154475 0.470853 -0.868582
vn 0.154475 0.470853 -0.868582
vn 0.154475 0.470853 -0.868582
vn 0.154475 0.470853 -0.868582
vn -0.441457 0.471104 -0.763661
vn -0.441457 0.471104 -0.763661
vn -0.441457 0.471104 -0.763661
vn -0.441457 0.471104 -0.763661
vn -0.827326 0.477292 -0.296184
vn -0.827326 0.477292 -0.296184
vn -0.827326 0.477292 -0.296184
vn -0.827326 0.477292 -0.296184
vn 0.874395 0.485195 -0.004300
vn 0.874395 0.485195 -0.004300
vn 0.874395 0.485195 -0.004300
vn 0.874395 0.485195 -0.004300
vn 0.860835 0.471502 -0.191438
vn 0.860835 0.471502 -0.191438
vn 0.860835 0.471502 -0.191438
vn 0.860835 0.471502 -0.191438
vn -0.067749 0.487628 0.870419
vn -0.067749 0.487628 0.870419
vn -0.067749 0.487628 0.870419
vn -0.067749 0.487628 0.870419
vn -0.200538 0.482956 -0.852372
vn -0.200538 0.482956 -0.852372
vn -0.200538 0.482956 -0.852372
vn -0.200538 0.482956 -0.852372
vn 0.037818 0.999279 -0.003486
vn 0.037818 0.999279 -0.003486
vn 0.037818 0.999279 -0.003486
vn 0.037818 0.999279 -0.003486
vn 0.037818 0.999279 -0.003486
vn 0.037818 0.999279 -0.003486
vn 0.037818 0.999279 -0.003486
vn 0.037818 0.999279 -0.003486
vn 0.037818 0.999279 -0.003486
vn -0.022795 0.482956 -0.875348
vn -0.022795 0.482956 -0.875348
vn -0.022795 0.482956 -0.875348
vn -0.022795 0.482956 -0.875348
vn 0.036316 0.999279 -0.011113
vn 0.036316 0.999279 -0.011113
vn 0.036316 0.999279 -0.011113
vn 0.036316 0.999279 -0.011113
vn 0.036316 0.999279 -0.011113
vn 0.036316 0.999279 -0.011113
vn 0.036316 0.999279 -0.011113
vn 0.036316 0.999279 -0.011113
vn 0.036316 0.999279 -0.011113
vn 0.803828 0.471503 -0.362693
vn 0.803828 0.471503 -0.362693
vn 0.803828 0.471503 -0.362693
vn 0.803828 0.471503 -0.362693
vn -0.036316 -0.999279 0.011113
vn -0.036316 -0.999279 0.011113
vn -0.036316 -0.999279 0.011113
vn -0.036316 -0.999279 0.011113
vn -0.036316 -0.999279 0.011113
vn -0.036316 -0.999279 0.011113
vn -0.036316 -0.999279 0.011113
vn -0.036316 -0.999279 0.011113
vn -0.036316 -0.999279 0.011113
vn 0.510692 0.479484 0.713645
vn 0.510692 0.479484 0.713645
vn 0.510692 0.479484 0.713645
vn 0.510692 0.479484 0.713645
vn 0.851332 0.473120 0.226697
vn 0.851332 0.473120 0.226697
vn 0.851332 0.473120 0.226697
vn 0.851332 0.473120 0.226697
vn -0.243546 0.487628 0.838394
vn -0.243546 0.487628 0.838394
vn -0.243546 0.487628 0.838394
vn -0.243546 0.487628 0.838394
vn -0.700312 0.490691 -0.518446
vn -0.700312 0.490691 -0.518446
vn -0.700312 0.490691 -0.518446
vn -0.700312 0.490691 -0.518446
vn -0.866609 0.494952 0.063336
vn -0.866609 0.494952 0.063336
vn -0.866609 0.494952 0.063336
vn -0.866609 0.494952 0.063336
vn -0.614981 0.493741 0.614832
vn -0.614981 0.493741 0.614832
vn -0.614981 0.493741 0.614832
vn -0.614981 0.493741 0.614832
vn 0.391811 0.475379 -0.787717
vn 0.391811 0.475379 -0.787717
vn 0.391811 0.475379 -0.787717
vn 0.391811 0.475379 -0.787717
vn -0.037818 -0.999279 0.003486
vn -0.037818 -0.999279 0.003486
vn -0.037818 -0.999279 0.003486
vn -0.037818 -0.999279 0.003486
vn -0.037818 -0.999279 0.003486
vn -0.037818 -0.999279 0.003486
vn -0.037818 -0.999279 0.003486
vn -0.037818 -0.999279 0.003486
vn -0.037818 -0.999279 0.003486
vn 0.354699 0.479484 0.802673
vn 0.354699 0.479484 0.802673
vn 0.354699 0.479484 0.802673
vn 0.354699 0.479484 0.802673
vn 0.787344 0.473121 0.395279
vn 0.787344 0.473121 0.395279
vn 0.787344 0.473121 0.395279
vn 0.787344 0.473121 0.395279
vn -0.580088 0.490693 -0.650168
vn -0.580088 0.490693 -0.650168
vn -0.580088 0.490693 -0.650168
vn -0.580088 0.490693 -0.650168
vn -0.861352 0.494954 -0.114431
vn -0.861352 0.494954 -0.114431
vn -0.861352 0.494954 -0.114431
vn -0.861352 0.494954 -0.114431
vn -0.727278 0.493741 0.476745
vn -0.727278 0.493741 0.476745
vn -0.727278 0.493741 0.476745
vn -0.727278 0.493741 0.476745
vn 0.543982 0.475380 -0.691446
vn 0.543982 0.475380 -0.691446
vn 0.543982 0.475380 -0.691446
vn 0.543982 0.475380 -0.691446
vn 0.860834 0.471504 -0.191440
vn 0.860834 0.471504 -0.191440
vn 0.860834 0.471504 -0.191440
vn 0.860834 0.471504 -0.191440
vn 0.037818 0.999279 -0.003486
vn 0.037818 0.999279 -0.003486
vn 0.037818 0.999279 -0.003486
vn 0.037818 0.999279 -0.003486
vn 0.037818 0.999279 -0.003486
vn 0.037818 0.999279 -0.003486
vn 0.037818 0.999279 -0.003486
vn 0.037818 0.999279 -0.003486
vn 0.037818 0.999279 -0.003486
vn -0.022796 0.482955 -0.875349
vn -0.022796 0.482955 -0.875349
vn -0.022796 0.482955 -0.875349
vn -0.022796 0.482955 -0.875349
vn -0.243546 0.487627 0.838394
vn -0.243546 0.487627 0.838394
vn -0.243546 0.487627 0.838394
vn -0.243546 0.487627 0.838394
vn -0.037818 -0.999279 0.003486
vn -0.037818 -0.999279 0.003486
vn -0.037818 -0.999279 0.003486
vn -0.037818 -0.999279 0.003486
vn -0.037818 -0.999279 0.003486
vn -0.037818 -0.999279 0.003486
vn -0.037818 -0.999279 0.003486
vn -0.037818 -0.999279 0.003486
vn -0.037818 -0.999279 0.003486
vn 0.354698 0.479485 0.802673
vn 0.354698 0.479485 0.802673
vn 0.354698 0.479485 0.802673
vn 0.354698 0.479485 0.802673
vn 0.787343 0.473122 0.395280
vn 0.787343 0.473122 0.395280
vn 0.787343 0.473122 0.395280
vn 0.787343 0.473122 0.395280
vn -0.580089 0.490692 -0.650168
vn -0.580089 0.490692 -0.650168
vn -0.580089 0.490692 -0.650168
vn -0.580089 0.490692 -0.650168
vn -0.861352 0.494952 -0.114432
vn -0.861352 0.494952 -0.114432
vn -0.861352 0.494952 -0.114432
vn -0.861352 0.494952 -0.114432
vn -0.727279 0.493739 0.476746
vn -0.727279 0.493739 0.476746
vn -0.727279 0.493739 0.476746
vn -0.727279 0.493739 0.476746
vn 0.543984 0.475378 -0.691446
vn 0.543984 0.475378 -0.691446
vn 0.543984 0.475378 -0.691446
vn 0.543984 0.475378 -0.691446
vn 0.851630 0.492998 -0.177986
vn 0.851630 0.492998 -0.177986
vn 0.851630 0.492998 -0.177986
vn 0.851630 0.492998 -0.177986
vn 0.011404 0.999888 -0.009746
vn 0.011404 0.999888 -0.009746
vn 0.011404 0.999888 -0.009746
vn 0.011404 0.999888 -0.009746
vn 0.011404 0.999888 -0.009746
vn 0.011404 0.999888 -0.009746
vn 0.011404 0.999888 -0.009746
vn 0.011404 0.999888 -0.009746
vn 0.011404 0.999888 -0.009746
vn -0.018422 0.476494 -0.878985
vn -0.018422 0.476494 -0.878985
vn -0.018422 0.476494 -0.878985
vn -0.018422 0.476494 -0.878985
vn -0.272754 0.486397 0.830074
vn -0.272754 0.486397 0.830074
vn -0.272754 0.486397 0.830074
vn -0.272754 0.486397 0.830074
vn -0.011404 -0.999888 0.009746
vn -0.011404 -0.999888 0.009746
vn -0.011404 -0.999888 0.009746
vn -0.011404 -0.999888 0.009746
vn -0.011404 -0.999888 0.009746
vn -0.011404 -0.999888 0.009746
vn -0.011404 -0.999888 0.009746
vn -0.011404 -0.999888 0.009746
vn -0.011404 -0.999888 0.009746
vn 0.326081 0.493946 0.806033
vn 0.326081 0.493946 0.806033
vn 0.326081 0.493946 0.806033
vn 0.326081 0.493946 0.806033
vn 0.766642 0.496462 0.407168
vn 0.766642 0.496462 0.407168
vn 0.766642 0.496462 0.407168
vn 0.766642 0.496462 0.407168
vn -0.580028 0.470855 -0.664728
vn -0.580028 0.470855 -0.664728
vn -0.580028 0.470855 -0.664728
vn -0.580028 0.470855 -0.664728
vn -0.871748 0.471104 -0.134595
vn -0.871748 0.471104 -0.134595
vn -0.871748 0.471104 -0.134595
vn -0.871748 0.471104 -0.134595
vn -0.749297 0.477295 0.459068
vn -0.749297 0.477295 0.459068
vn -0.749297 0.477295 0.459068
vn -0.749297 0.477295 0.459068
vn 0.544647 0.485197 -0.684064
vn 0.544647 0.485197 -0.684064
vn 0.544647 0.485197 -0.684064
vn 0.544647 0.485197 -0.684064
vn 0.500682 0.487630 0.715216
vn 0.500682 0.487630 0.715216
vn 0.500682 0.487630 0.715216
vn 0.500682 0.487630 0.715216
vn -0.696400 0.482955 -0.530831
vn -0.696400 0.482955 -0.530831
vn -0.696400 0.482955 -0.530831
vn -0.696400 0.482955 -0.530831
vn 0.020985 0.999279 -0.031655
vn 0.020985 0.999279 -0.031655
vn 0.020985 0.999279 -0.031655
vn 0.020985 0.999279 -0.031655
vn 0.020985 0.999279 -0.031655
vn 0.020985 0.999279 -0.031655
vn 0.020985 0.999279 -0.031655
vn 0.020985 0.999279 -0.031655
vn 0.020985 0.999279 -0.031655
vn 0.390320 0.471503 -0.790782
vn 0.390320 0.471503 -0.790782
vn 0.390320 0.471503 -0.790782
vn 0.390320 0.471503 -0.790782
vn -0.020985 -0.999279 0.031655
vn -0.020985 -0.999279 0.031655
vn -0.020985 -0.999279 0.031655
vn -0.020985 -0.999279 0.031655
vn -0.020985 -0.999279 0.031655
vn -0.020985 -0.999279 0.031655
vn -0.020985 -0.999279 0.031655
vn -0.020985 -0.999279 0.031655
vn -0.020985 -0.999279 0.031655
vn 0.847777 0.479483 0.226649
vn 0.847777 0.479483 0.226649
vn 0.847777 0.479483 0.226649
vn 0.847777 0.479483 0.226649
vn 0.801462 0.473119 -0.365810
vn 0.801462 0.473119 -0.365810
vn 0.801462 0.473119 -0.365810
vn 0.801462 0.473119 -0.365810
vn -0.870193 0.490692 0.044562
vn -0.870193 0.490692 0.044562
vn -0.870193 0.490692 0.044562
vn -0.870193 0.490692 0.044562
vn -0.628993 0.494951 0.599493
vn -0.628993 0.494951 0.599493
vn -0.628993 0.494951 0.599493
vn -0.628993 0.494951 0.599493
vn -0.084294 0.493740 0.865514
vn -0.084294 0.493740 0.865514
vn -0.084294 0.493740 0.865514
vn -0.084294 0.493740 0.865514
vn -0.197886 0.475380 -0.857237
vn -0.197886 0.475380 -0.857237
vn -0.197886 0.475380 -0.857237
vn -0.197886 0.475380 -0.857237
vn 0.390319 0.471502 -0.790782
vn 0.390319 0.471502 -0.790782
vn 0.390319 0.471502 -0.790782
vn 0.390319 0.471502 -0.790782
vn 0.020985 0.999279 -0.031655
vn 0.020985 0.999279 -0.031655
vn 0.020985 0.999279 -0.031655
vn 0.020985 0.999279 -0.031655
vn 0.020985 0.999279 -0.031655
vn 0.020985 0.999279 -0.031655
vn 0.020985 0.999279 -0.031655
vn 0.020985 0.999279 -0.031655
vn 0.020985 0.999279 -0.031655
vn -0.696400 0.482955 -0.530832
vn -0.696400 0.482955 -0.530832
vn -0.696400 0.482955 -0.530832
vn -0.696400 0.482955 -0.530832
vn 0.500682 0.487629 0.715217
vn 0.500682 0.487629 0.715217
vn 0.500682 0.487629 0.715217
vn 0.500682 0.487629 0.715217
vn -0.020985 -0.999279 0.031655
vn -0.020985 -0.999279 0.031655
vn -0.020985 -0.999279 0.031655
vn -0.020985 -0.999279 0.031655
vn -0.020985 -0.999279 0.031655
vn -0.020985 -0.999279 0.031655
vn -0.020985 -0.999279 0.031655
vn -0.020985 -0.999279 0.031655
vn -0.020985 -0.999279 0.031655
vn 0.847778 0.479482 0.226649
vn 0.847778 0.479482 0.226649
vn 0.847778 0.479482 0.226649
vn 0.847778 0.479482 0.226649
vn 0.801462 0.473120 -0.365808
vn 0.801462 0.473120 -0.365808
vn 0.801462 0.473120 -0.365808
vn 0.801462 0.473120 -0.365808
vn -0.870194 0.490690 0.044562
vn -0.870194 0.490690 0.044562
vn -0.870194 0.490690 0.044562
vn -0.870194 0.490690 0.044562
vn -0.628994 0.494953 0.599491
vn -0.628994 0.494953 0.599491
vn -0.628994 0.494953 0.599491
vn -0.628994 0.494953 0.599491
vn -0.084293 0.493740 0.865514
vn -0.084293 0.493740 0.865514
vn -0.084293 0.493740 0.865514
vn -0.084293 0.493740 0.865514
vn -0.197886 0.475377 -0.857239
vn -0.197886 0.475377 -0.857239
vn -0.197886 0.475377 -0.857239
vn -0.197886 0.475377 -0.857239
vn 0.395036 0.492996 -0.775178
vn 0.395036 0.492996 -0.775178
vn 0.395036 0.492996 -0.775178
vn 0.395036 0.492996 -0.775178
vn -0.000447 0.999888 -0.014994
vn -0.000447 0.999888 -0.014994
vn -0.000447 0.999888 -0.014994
vn -0.000447 0.999888 -0.014994
vn -0.000447 0.999888 -0.014994
vn -0.000447 0.999888 -0.014994
vn -0.000447 0.999888 -0.014994
vn -0.000447 0.999888 -0.014994
vn -0.000447 0.999888 -0.014994
vn -0.696493 0.476492 -0.536519
vn -0.696493 0.476492 -0.536519
vn -0.696493 0.476492 -0.536519
vn -0.696493 0.476492 -0.536519
vn 0.475897 0.486396 0.732763
vn 0.475897 0.486396 0.732763
vn 0.475897 0.486396 0.732763
vn 0.475897 0.486396 0.732763
vn 0.000447 -0.999888 0.014995
vn 0.000447 -0.999888 0.014995
vn 0.000447 -0.999888 0.014995
vn 0.000447 -0.999888 0.014995
vn 0.000447 -0.999888 0.014995
vn 0.000447 -0.999888 0.014995
vn 0.000447 -0.999888 0.014995
vn 0.000447 -0.999888 0.014995
vn 0.000447 -0.999888 0.014995
vn 0.832459 0.493947 0.251054
vn 0.832459 0.493947 0.251054
vn 0.832459 0.493947 0.251054
vn 0.832459 0.493947 0.251054
vn 0.797752 0.496460 -0.342227
vn 0.797752 0.496460 -0.342227
vn 0.797752 0.496460 -0.342227
vn 0.797752 0.496460 -0.342227
vn -0.881500 0.470855 0.035391
vn -0.881500 0.470855 0.035391
vn -0.881500 0.470855 0.035391
vn -0.881500 0.470855 0.035391
vn -0.651221 0.471103 0.594957
vn -0.651221 0.471103 0.594957
vn -0.651221 0.471103 0.594957
vn -0.651221 0.471103 0.594957
vn -0.111868 0.477293 0.871595
vn -0.111868 0.477293 0.871595
vn -0.111868 0.477293 0.871595
vn -0.111868 0.477293 0.871595
vn -0.191719 0.485199 -0.853127
vn -0.191719 0.485199 -0.853127
vn -0.191719 0.485199 -0.853127
vn -0.191719 0.485199 -0.853127
vn -0.371595 0.471504 -0.799751
vn -0.371595 0.471504 -0.799751
vn -0.371595 0.471504 -0.799751
vn -0.371595 0.471504 -0.799751
vn 0.871117 0.487629 0.058081
vn 0.871117 0.487629 0.058081
vn 0.871117 0.487629 0.058081
vn 0.871117 0.487629 0.058081
vn -0.850093 0.482956 0.209989
vn -0.850093 0.482956 0.209989
vn -0.850093 0.482956 0.209989
vn -0.850093 0.482956 0.209989
vn -0.011515 0.999279 -0.036191
vn -0.011515 0.999279 -0.036191
vn -0.011515 0.999279 -0.036191
vn -0.011515 0.999279 -0.036191
vn -0.011515 0.999279 -0.036191
vn -0.011515 0.999279 -0.036191
vn -0.011515 0.999279 -0.036191
vn -0.011515 0.999279 -0.036191
vn -0.011515 0.999279 -0.036191
vn -0.850094 0.482955 0.209989
vn -0.850094 0.482955 0.209989
vn -0.850094 0.482955 0.209989
vn -0.850094 0.482955 0.209989
vn -0.011515 0.999279 -0.036191
vn -0.011515 0.999279 -0.036191
vn -0.011515 0.999279 -0.036191
vn -0.011515 0.999279 -0.036191
vn -0.011515 0.999279 -0.036191
vn -0.011515 0.999279 -0.036191
vn -0.011515 0.999279 -0.036191
vn -0.011515 0.999279 -0.036191
vn -0.011515 0.999279 -0.036191
vn -0.371596 0.471502 -0.799751
vn -0.371596 0.471502 -0.799751
vn -0.371596 0.471502 -0.799751
vn -0.371596 0.471502 -0.799751
vn 0.011515 -0.999279 0.036191
vn 0.011515 -0.999279 0.036191
vn 0.011515 -0.999279 0.036191
vn 0.011515 -0.999279 0.036191
vn 0.011515 -0.999279 0.036191
vn 0.011515 -0.999279 0.036191
vn 0.011515 -0.999279 0.036191
vn 0.011515 -0.999279 0.036191
vn 0.011515 -0.999279 0.036191
vn 0.707931 0.479484 -0.518584
vn 0.707931 0.479484 -0.518584
vn 0.707931 0.479484 -0.518584
vn 0.707931 0.479484 -0.518584
vn 0.217232 0.473120 -0.853796
vn 0.217232 0.473120 -0.853796
vn 0.217232 0.473120 -0.853796
vn 0.217232 0.473120 -0.853796
vn 0.871118 0.487628 0.058082
vn 0.871118 0.487628 0.058082
vn 0.871118 0.487628 0.058082
vn 0.871118 0.487628 0.058082
vn -0.510639 0.490691 0.706024
vn -0.510639 0.490691 0.706024
vn -0.510639 0.490691 0.706024
vn -0.510639 0.490691 0.706024
vn 0.072954 0.494952 0.865853
vn 0.072954 0.494952 0.865853
vn 0.072954 0.494952 0.865853
vn 0.072954 0.494952 0.865853
vn 0.621622 0.493741 0.608116
vn 0.621622 0.493741 0.608116
vn 0.621622 0.493741 0.608116
vn 0.621622 0.493741 0.608116
vn -0.792019 0.475379 -0.383042
vn -0.792019 0.475379 -0.383042
vn -0.792019 0.475379 -0.383042
vn -0.792019 0.475379 -0.383042
vn 0.011515 -0.999279 0.036191
vn 0.011515 -0.999279 0.036191
vn 0.011515 -0.999279 0.036191
vn 0.011515 -0.999279 0.036191
vn 0.011515 -0.999279 0.036191
vn 0.011515 -0.999279 0.036191
vn 0.011515 -0.999279 0.036191
vn 0.011515 -0.999279 0.036191
vn 0.011515 -0.999279 0.036191
vn 0.707931 0.479483 -0.518585
vn 0.707931 0.479483 -0.518585
vn 0.707931 0.479483 -0.518585
vn 0.707931 0.479483 -0.518585
vn 0.217232 0.473122 -0.853795
vn 0.217232 0.473122 -0.853795
vn 0.217232 0.473122 -0.853795
vn 0.217232 0.473122 -0.853795
vn -0.510638 0.490693 0.706024
vn -0.510638 0.490693 0.706024
vn -0.510638 0.490693 0.706024
vn -0.510638 0.490693 0.706024
vn 0.072954 0.494955 0.865850
vn 0.072954 0.494955 0.865850
vn 0.072954 0.494955 0.865850
vn 0.072954 0.494955 0.865850
vn 0.621623 0.493742 0.608116
vn 0.621623 0.493742 0.608116
vn 0.621623 0.493742 0.608116
vn 0.621623 0.493742 0.608116
vn -0.792019 0.475379 -0.383042
vn -0.792019 0.475379 -0.383042
vn -0.792019 0.475379 -0.383042
vn -0.792019 0.475379 -0.383042
vn -0.371597 0.471500 -0.799752
vn -0.371597 0.471500 -0.799752
vn -0.371597 0.471500 -0.799752
vn -0.371597 0.471500 -0.799752
vn -0.011515 0.999279 -0.036191
vn -0.011515 0.999279 -0.036191
vn -0.011515 0.999279 -0.036191
vn -0.011515 0.999279 -0.036191
vn -0.011515 0.999279 -0.036191
vn -0.011515 0.999279 -0.036191
vn -0.011515 0.999279 -0.036191
vn -0.011515 0.999279 -0.036191
vn -0.011515 0.999279 -0.036191
vn -0.850094 0.482954 0.209989
vn -0.850094 0.482954 0.209989
vn -0.850094 0.482954 0.209989
vn -0.850094 0.482954 0.209989
vn 0.871117 0.487629 0.058081
vn 0.871117 0.487629 0.058081
vn 0.871117 0.487629 0.058081
vn 0.871117 0.487629 0.058081
vn 0.011515 -0.999279 0.036191
vn 0.011515 -0.999279 0.036191
vn 0.011515 -0.999279 0.036191
vn 0.011515 -0.999279 0.036191
vn 0.011515 -0.999279 0.036191
vn 0.011515 -0.999279 0.036191
vn 0.011515 -0.999279 0.036191
vn 0.011515 -0.999279 0.036191
vn 0.011515 -0.999279 0.036191
vn 0.707932 0.479482 -0.518584
vn 0.707932 0.479482 -0.518584
vn 0.707932 0.479482 -0.518584
vn 0.707932 0.479482 -0.518584
vn 0.217232 0.473120 -0.853796
vn 0.217232 0.473120 -0.853796
vn 0.217232 0.473120 -0.853796
vn 0.217232 0.473120 -0.853796
vn -0.510638 0.490692 0.706024
vn -0.510638 0.490692 0.706024
vn -0.510638 0.490692 0.706024
vn -0.510638 0.490692 0.706024
vn 0.072954 0.494952 0.865852
vn 0.072954 0.494952 0.865852
vn 0.072954 0.494952 0.865852
vn 0.072954 0.494952 0.865852
vn 0.621624 0.493738 0.608117
vn 0.621624 0.493738 0.608117
vn 0.621624 0.493738 0.608117
vn 0.621624 0.493738 0.608117
vn -0.792020 0.475378 -0.383042
vn -0.792020 0.475378 -0.383042
vn -0.792020 0.475378 -0.383042
vn -0.792020 0.475378 -0.383042
vn -0.856089 0.471503 -0.211652
vn -0.856089 0.471503 -0.211652
vn -0.856089 0.471503 -0.211652
vn -0.856089 0.471503 -0.211652
vn 0.591202 0.487627 -0.642417
vn 0.591202 0.487627 -0.642417
vn 0.591202 0.487627 -0.642417
vn 0.591202 0.487627 -0.642417
vn -0.369133 0.482956 0.794037
vn -0.369133 0.482956 0.794037
vn -0.369133 0.482956 0.794037
vn -0.369133 0.482956 0.794037
vn -0.035418 0.999279 -0.013708
vn -0.035418 0.999279 -0.013708
vn -0.035418 0.999279 -0.013708
vn -0.035418 0.999279 -0.013708
vn -0.035418 0.999279 -0.013708
vn -0.035418 0.999279 -0.013708
vn -0.035418 0.999279 -0.013708
vn -0.035418 0.999279 -0.013708
vn -0.035418 0.999279 -0.013708
vn -0.369133 0.482956 0.794037
vn -0.369133 0.482956 0.794037
vn -0.369133 0.482956 0.794037
vn -0.369133 0.482956 0.794037
vn -0.035418 0.999279 -0.013708
vn -0.035418 0.999279 -0.013708
vn -0.035418 0.999279 -0.013708
vn -0.035418 0.999279 -0.013708
vn -0.035418 0.999279 -0.013708
vn -0.035418 0.999279 -0.013708
vn -0.035418 0.999279 -0.013708
vn -0.035418 0.999279 -0.013708
vn -0.035418 0.999279 -0.013708
vn -0.856090 0.471503 -0.211651
vn -0.856090 0.471503 -0.211651
vn -0.856090 0.471503 -0.211651
vn -0.856090 0.471503 -0.211651
vn 0.035418 -0.999279 0.013708
vn 0.035418 -0.999279 0.013708
vn 0.035418 -0.999279 0.013708
vn 0.035418 -0.999279 0.013708
vn 0.035418 -0.999279 0.013708
vn 0.035418 -0.999279 0.013708
vn 0.035418 -0.999279 0.013708
vn 0.035418 -0.999279 0.013708
vn 0.035418 -0.999279 0.013708
vn 0.039565 0.479483 -0.876659
vn 0.039565 0.479483 -0.876659
vn 0.039565 0.479483 -0.876659
vn 0.039565 0.479483 -0.876659
vn -0.529177 0.473120 -0.704364
vn -0.529177 0.473120 -0.704364
vn -0.529177 0.473120 -0.704364
vn -0.529177 0.473120 -0.704364
vn 0.591202 0.487627 -0.642417
vn 0.591202 0.487627 -0.642417
vn 0.591202 0.487627 -0.642417
vn 0.591202 0.487627 -0.642417
vn 0.230144 0.490692 0.840390
vn 0.230144 0.490692 0.840390
vn 0.230144 0.490692 0.840390
vn 0.230144 0.490692 0.840390
vn 0.720436 0.494951 0.485794
vn 0.720436 0.494951 0.485794
vn 0.720436 0.494951 0.485794
vn 0.720436 0.494951 0.485794
vn 0.863455 0.493738 -0.103283
vn 0.863455 0.493738 -0.103283
vn 0.863455 0.493738 -0.103283
vn 0.863455 0.493738 -0.103283
vn -0.794855 0.475379 0.377121
vn -0.794855 0.475379 0.377121
vn -0.794855 0.475379 0.377121
vn -0.794855 0.475379 0.377121
vn 0.035418 -0.999279 0.013708
vn 0.035418 -0.999279 0.013708
vn 0.035418 -0.999279 0.013708
vn 0.035418 -0.999279 0.013708
vn 0.035418 -0.999279 0.013708
vn 0.035418 -0.999279 0.013708
vn 0.035418 -0.999279 0.013708
vn 0.035418 -0.999279 0.013708
vn 0.035418 -0.999279 0.013708
vn 0.039565 0.479484 -0.876658
vn 0.039565 0.479484 -0.876658
vn 0.039565 0.479484 -0.876658
vn 0.039565 0.479484 -0.876658
vn -0.529176 0.473121 -0.704365
vn -0.529176 0.473121 -0.704365
vn -0.529176 0.473121 -0.704365
vn -0.529176 0.473121 -0.704365
vn 0.230144 0.490692 0.840390
vn 0.230144 0.490692 0.840390
vn 0.230144 0.490692 0.840390
vn 0.230144 0.490692 0.840390
vn 0.720434 0.494952 0.485795
vn 0.720434 0.494952 0.485795
vn 0.720434 0.494952 0.485795
vn 0.720434 0.494952 0.485795
vn 0.863453 0.493742 -0.103283
vn 0.863453 0.493742 -0.103283
vn 0.863453 0.493742 -0.103283
vn 0.863453 0.493742 -0.103283
vn -0.794854 0.475381 0.377121
vn -0.794854 0.475381 0.377121
vn -0.794854 0.475381 0.377121
vn -0.794854 0.475381 0.377121
vn -0.848891 0.477997 -0.225619
vn -0.848891 0.477997 -0.225619
vn -0.848891 0.477997 -0.225619
vn -0.848891 0.477997 -0.225619
vn -0.023362 0.999258 -0.030626
vn -0.023362 0.999258 -0.030626
vn -0.023362 0.999258 -0.030626
vn -0.023362 0.999258 -0.030626
vn -0.023362 0.999258 -0.030626
vn -0.023362 0.999258 -0.030626
vn -0.023362 0.999258 -0.030626
vn -0.023362 0.999258 -0.030626
vn -0.023362 0.999258 -0.030626
vn -0.368856 0.500534 0.783206
vn -0.368856 0.500534 0.783206
vn -0.368856 0.500534 0.783206
vn -0.368856 0.500534 0.783206
vn 0.601460 0.469752 -0.646204
vn 0.601460 0.469752 -0.646204
vn 0.601460 0.469752 -0.646204
vn 0.601460 0.469752 -0.646204
vn 0.023362 -0.999258 0.030626
vn 0.023362 -0.999258 0.030626
vn 0.023362 -0.999258 0.030626
vn 0.023362 -0.999258 0.030626
vn 0.023362 -0.999258 0.030626
vn 0.023362 -0.999258 0.030626
vn 0.023362 -0.999258 0.030626
vn 0.023362 -0.999258 0.030626
vn 0.023362 -0.999258 0.030626
vn 0.051411 0.464218 -0.884228
vn 0.051411 0.464218 -0.884228
vn 0.051411 0.464218 -0.884228
vn 0.051411 0.464218 -0.884228
vn -0.518553 0.467483 -0.715935
vn -0.518553 0.467483 -0.715935
vn -0.518553 0.467483 -0.715935
vn -0.518553 0.467483 -0.715935
vn 0.230134 0.501946 0.833720
vn 0.230134 0.501946 0.833720
vn 0.230134 0.501946 0.833720
vn 0.230134 0.501946 0.833720
vn 0.722902 0.494453 0.482627
vn 0.722902 0.494453 0.482627
vn 0.722902 0.494453 0.482627
vn 0.722902 0.494453 0.482627
vn 0.870000 0.481674 -0.105308
vn 0.870000 0.481674 -0.105308
vn 0.870000 0.481674 -0.105308
vn 0.870000 0.481674 -0.105308
vn -0.791721 0.491016 0.363431
vn -0.791721 0.491016 0.363431
vn -0.791721 0.491016 0.363431
vn -0.791721 0.491016 0.363431
vn -0.841861 0.492996 -0.219602
vn -0.841861 0.492996 -0.219602
vn -0.841861 0.492996 -0.219602
vn -0.841861 0.492996 -0.219602
vn -0.014550 0.999888 0.003652
vn -0.014550 0.999888 0.003652
vn -0.014550 0.999888 0.003652
vn -0.014550 0.999888 0.003652
vn -0.014550 0.999888 0.003652
vn -0.014550 0.999888 0.003652
vn -0.014550 0.999888 0.003652
vn -0.014550 0.999888 0.003652
vn -0.014550 0.999888 0.003652
vn -0.374668 0.476493 0.795348
vn -0.374668 0.476493 0.795348
vn -0.374668 0.476493 0.795348
vn -0.374668 0.476493 0.795348
vn 0.613655 0.486397 -0.621970
vn 0.613655 0.486397 -0.621970
vn 0.613655 0.486397 -0.621970
vn 0.613655 0.486397 -0.621970
vn 0.014550 -0.999888 -0.003652
vn 0.014550 -0.999888 -0.003652
vn 0.014550 -0.999888 -0.003652
vn 0.014550 -0.999888 -0.003652
vn 0.014550 -0.999888 -0.003652
vn 0.014550 -0.999888 -0.003652
vn 0.014550 -0.999888 -0.003652
vn 0.014550 -0.999888 -0.003652
vn 0.014550 -0.999888 -0.003652
vn 0.066687 0.493946 -0.866932
vn 0.066687 0.493946 -0.866932
vn 0.066687 0.493946 -0.866932
vn 0.066687 0.493946 -0.866932
vn -0.505347 0.496460 -0.705799
vn -0.505347 0.496460 -0.705799
vn -0.505347 0.496460 -0.705799
vn -0.505347 0.496460 -0.705799
vn 0.223612 0.470856 0.853401
vn 0.223612 0.470856 0.853401
vn 0.223612 0.470856 0.853401
vn 0.223612 0.470856 0.853401
vn 0.720774 0.471103 0.508476
vn 0.720774 0.471103 0.508476
vn 0.720774 0.471103 0.508476
vn 0.720774 0.471103 0.508476
vn 0.875307 0.477292 -0.077651
vn 0.875307 0.477292 -0.077651
vn 0.875307 0.477292 -0.077651
vn 0.875307 0.477292 -0.077651
vn -0.792165 0.485197 0.370216
vn -0.792165 0.485197 0.370216
vn -0.792165 0.485197 0.370216
vn -0.792165 0.485197 0.370216
vn -0.130087 0.487627 -0.863306
vn -0.130087 0.487627 -0.863306
vn -0.130087 0.487627 -0.863306
vn -0.130087 0.487627 -0.863306
vn 0.387411 0.482956 0.785281
vn 0.387411 0.482956 0.785281
vn 0.387411 0.482956 0.785281
vn 0.387411 0.482956 0.785281
vn -0.032879 0.999279 0.019009
vn -0.032879 0.999279 0.019009
vn -0.032879 0.999279 0.019009
vn -0.032879 0.999279 0.019009
vn -0.032879 0.999279 0.019009
vn -0.032879 0.999279 0.019009
vn -0.032879 0.999279 0.019009
vn -0.032879 0.999279 0.019009
vn -0.032879 0.999279 0.019009
vn -0.701453 0.471503 0.534462
vn -0.701453 0.471503 0.534462
vn -0.701453 0.471503 0.534462
vn -0.701453 0.471503 0.534462
vn 0.032879 -0.999279 -0.019009
vn 0.032879 -0.999279 -0.019009
vn 0.032879 -0.999279 -0.019009
vn 0.032879 -0.999279 -0.019009
vn 0.032879 -0.999279 -0.019009
vn 0.032879 -0.999279 -0.019009
vn 0.032879 -0.999279 -0.019009
vn 0.032879 -0.999279 -0.019009
vn 0.032879 -0.999279 -0.019009
vn -0.658339 0.479483 -0.580247
vn -0.658339 0.479483 -0.580247
vn -0.658339 0.479483 -0.580247
vn -0.658339 0.479483 -0.580247
vn -0.880518 0.473120 -0.029076
vn -0.880518 0.473120 -0.029076
vn -0.880518 0.473120 -0.029076
vn -0.880518 0.473120 -0.029076
vn 0.799108 0.490691 0.347346
vn 0.799108 0.490691 0.347346
vn 0.799108 0.490691 0.347346
vn 0.799108 0.490691 0.347346
vn 0.830062 0.494951 -0.256944
vn 0.830062 0.494951 -0.256944
vn 0.830062 0.494951 -0.256944
vn 0.830062 0.494951 -0.256944
vn 0.460658 0.493740 -0.737574
vn 0.460658 0.493740 -0.737574
vn 0.460658 0.493740 -0.737574
vn 0.460658 0.493740 -0.737574
vn -0.204276 0.475379 0.855737
vn -0.204276 0.475379 0.855737
vn -0.204276 0.475379 0.855737
vn -0.204276 0.475379 0.855737
vn -0.701452 0.471504 0.534462
vn -0.701452 0.471504 0.534462
vn -0.701452 0.471504 0.534462
vn -0.701452 0.471504 0.534462
vn -0.032879 0.999279 0.019009
vn -0.032879 0.999279 0.019009
vn -0.032879 0.999279 0.019009
vn -0.032879 0.999279 0.019009
vn -0.032879 0.999279 0.019009
vn -0.032879 0.999279 0.019009
vn -0.032879 0.999279 0.019009
vn -0.032879 0.999279 0.019009
vn -0.032879 0.999279 0.019009
vn 0.387412 0.482955 0.785281
vn 0.387412 0.482955 0.785281
vn 0.387412 0.482955 0.785281
vn 0.387412 0.482955 0.785281
vn -0.130087 0.487629 -0.863305
vn -0.130087 0.487629 -0.863305
vn -0.130087 0.487629 -0.863305
vn -0.130087 0.487629 -0.863305
vn 0.032879 -0.999279 -0.019009
vn 0.032879 -0.999279 -0.019009
vn 0.032879 -0.999279 -0.019009
vn 0.032879 -0.999279 -0.019009
vn 0.032879 -0.999279 -0.019009
vn 0.032879 -0.999279 -0.019009
vn 0.032879 -0.999279 -0.019009
vn 0.032879 -0.999279 -0.019009
vn 0.032879 -0.999279 -0.019009
vn -0.658339 0.479483 -0.580246
vn -0.658339 0.479483 -0.580246
vn -0.658339 0.479483 -0.580246
vn -0.658339 0.479483 -0.580246
vn -0.880517 0.473122 -0.029079
vn -0.880517 0.473122 -0.029079
vn -0.880517 0.473122 -0.029079
vn -0.880517 0.473122 -0.029079
vn 0.799107 0.490693 0.347346
vn 0.799107 0.490693 0.347346
vn 0.799107 0.490693 0.347346
vn 0.799107 0.490693 0.347346
vn 0.830062 0.494951 -0.256943
vn 0.830062 0.494951 -0.256943
vn 0.830062 0.494951 -0.256943
vn 0.830062 0.494951 -0.256943
vn 0.460657 0.493738 -0.737575
vn 0.460657 0.493738 -0.737575
vn 0.460657 0.493738 -0.737575
vn 0.460657 0.493738 -0.737575
vn -0.204277 0.475378 0.855738
vn -0.204277 0.475378 0.855738
vn -0.204277 0.475378 0.855738
vn -0.204277 0.475378 0.855738
vn -0.698732 0.492995 0.518391
vn -0.698732 0.492995 0.518391
vn -0.698732 0.492995 0.518391
vn -0.698732 0.492995 0.518391
vn -0.006272 0.999888 0.013627
vn -0.006272 0.999888 0.013627
vn -0.006272 0.999888 0.013627
vn -0.006272 0.999888 0.013627
vn -0.006272 0.999888 0.013627
vn -0.006272 0.999888 0.013627
vn -0.006272 0.999888 0.013627
vn -0.006272 0.999888 0.013627
vn -0.006272 0.999888 0.013627
vn 0.384963 0.476493 0.790417
vn 0.384963 0.476493 0.790417
vn 0.384963 0.476493 0.790417
vn 0.384963 0.476493 0.790417
vn -0.100080 0.486397 -0.867987
vn -0.100080 0.486397 -0.867987
vn -0.100080 0.486397 -0.867987
vn -0.100080 0.486397 -0.867987
vn 0.006272 -0.999888 -0.013627
vn 0.006272 -0.999888 -0.013627
vn 0.006272 -0.999888 -0.013627
vn 0.006272 -0.999888 -0.013627
vn 0.006272 -0.999888 -0.013627
vn 0.006272 -0.999888 -0.013627
vn 0.006272 -0.999888 -0.013627
vn 0.006272 -0.999888 -0.013627
vn 0.006272 -0.999888 -0.013627
vn -0.633760 0.493947 -0.595285
vn -0.633760 0.493947 -0.595285
vn -0.633760 0.493947 -0.595285
vn -0.633760 0.493947 -0.595285
vn -0.866701 0.496461 -0.048544
vn -0.866701 0.496461 -0.048544
vn -0.866701 0.496461 -0.048544
vn -0.866701 0.496461 -0.048544
vn 0.805151 0.470857 0.360591
vn 0.805151 0.470857 0.360591
vn 0.805151 0.470857 0.360591
vn 0.805151 0.470857 0.360591
vn 0.847948 0.471104 -0.242991
vn 0.847948 0.471104 -0.242991
vn 0.847948 0.471104 -0.242991
vn 0.847948 0.471104 -0.242991
vn 0.488058 0.477291 -0.730748
vn 0.488058 0.477291 -0.730748
vn 0.488058 0.477291 -0.730748
vn 0.488058 0.477291 -0.730748
vn -0.207970 0.485196 0.849313
vn -0.207970 0.485196 0.849313
vn -0.207970 0.485196 0.849313
vn -0.207970 0.485196 0.849313
vn -0.804487 0.551705 -0.220050
vn -0.804487 0.551705 -0.220050
vn -0.804487 0.551705 -0.220050
vn -0.804487 0.551705 -0.220050
vn 0.044711 0.997923 0.046366
vn 0.044711 0.997923 0.046366
vn 0.044711 0.997923 0.046366
vn 0.044711 0.997923 0.046366
vn 0.044711 0.997923 0.046366
vn 0.044711 0.997923 0.046366
vn 0.044711 0.997923 0.046366
vn 0.044711 0.997923 0.046366
vn 0.044711 0.997923 0.046366
vn -0.368359 0.464902 0.805095
vn -0.368359 0.464902 0.805095
vn -0.368359 0.464902 0.805095
vn -0.368359 0.464902 0.805095
vn 0.658999 0.473749 -0.584194
vn 0.658999 0.473749 -0.584194
vn 0.658999 0.473749 -0.584194
vn 0.658999 0.473749 -0.584194
vn -0.044711 -0.997923 -0.046366
vn -0.044711 -0.997923 -0.046366
vn -0.044711 -0.997923 -0.046366
vn -0.044711 -0.997923 -0.046366
vn -0.044711 -0.997923 -0.046366
vn -0.044711 -0.997923 -0.046366
vn -0.044711 -0.997923 -0.046366
vn -0.044711 -0.997923 -0.046366
vn -0.044711 -0.997923 -0.046366
vn 0.120682 0.524525 -0.842799
vn 0.120682 0.524525 -0.842799
vn 0.120682 0.524525 -0.842799
vn 0.120682 0.524525 -0.842799
vn -0.454575 0.554958 -0.696695
vn -0.454575 0.554958 -0.696695
vn -0.454575 0.554958 -0.696695
vn -0.454575 0.554958 -0.696695
vn 0.226625 0.420676 0.878449
vn 0.226625 0.420676 0.878449
vn 0.226625 0.420676 0.878449
vn 0.226625 0.420676 0.878449
vn 0.732599 0.405145 0.546952
vn 0.732599 0.405145 0.546952
vn 0.732599 0.405145 0.546952
vn 0.732599 0.405145 0.546952
vn 0.903952 0.426269 -0.034134
vn 0.903952 0.426269 -0.034134
vn 0.903952 0.426269 -0.034134
vn 0.903952 0.426269 -0.034134
vn -0.772253 0.516467 0.369982
vn -0.772253 0.516467 0.369982
vn -0.772253 0.516467 0.369982
vn -0.772253 0.516467 0.369982
g Pizza_LightYellow
usemtl LightYellow
f 1 2 3
f 1 3 4
f 5 1 4
f 5 4 6
f 7 8 9
f 7 9 10
f 11 12 13
f 11 13 14
f 14 13 15
f 14 15 16
f 17 18 19
f 17 19 20
f 21 22 23
f 21 23 24
f 25 26 27
f 25 28 26
f 29 28 25
f 29 30 28
f 31 32 33
f 31 33 34
f 35 36 37
f 35 37 38
f 39 40 41
f 39 41 42
f 43 44 45
f 43 45 46
f 47 48 49
f 47 49 50
f 51 52 53
f 51 53 54
f 55 56 57
f 55 57 58
f 59 60 61
f 59 61 62
f 63 64 65
f 63 65 66
f 67 68 69
f 67 69 70
f 71 72 73
f 71 73 74
f 75 76 77
f 75 77 78
f 79 80 81
f 79 81 82
f 83 84 85
f 83 85 86
f 87 88 89
f 87 89 90
f 91 92 93
f 91 93 94
f 95 96 97
f 95 97 98
f 99 100 101
f 99 101 102
f 103 104 105
f 103 105 106
f 107 108 109
f 107 109 110
f 111 112 113
f 111 113 114
f 115 116 117
f 115 117 118
f 119 120 121
f 119 121 122
f 123 124 125
f 123 125 126
f 127 128 129
f 127 129 130
f 131 132 133
f 131 133 134
f 135 136 137
f 135 137 138
f 139 140 141
f 139 141 142
f 143 144 145
f 143 145 146
f 147 148 149
f 147 149 150
f 151 152 153
f 151 153 154
f 155 156 157
f 155 157 158
f 159 160 161
f 159 161 162
f 163 164 165
f 163 165 166
f 167 168 169
f 167 169 170
f 171 172 173
f 171 173 174
f 175 176 177
f 175 177 178
f 179 180 181
f 179 181 182
f 183 184 185
f 183 185 186
f 187 188 189
f 187 189 190
f 191 192 193
f 191 193 194
f 195 196 197
f 195 197 198
f 199 200 201
f 199 201 202
f 203 204 205
f 203 205 206
f 207 208 209
f 207 209 210
f 211 212 213
f 211 213 214
f 215 216 217
f 215 217 218
f 219 220 221
f 219 221 222
f 223 224 225
f 223 225 226
f 227 228 229
f 227 229 230
f 231 232 233
f 231 233 234
f 235 236 237
f 235 237 238
f 239 240 241
f 239 241 242
f 243 244 245
f 243 245 246
f 247 248 249
f 247 249 250
f 251 252 253
f 253 254 251
f 253 255 254
f 255 256 254
f 255 257 256
f 257 258 256
f 257 259 258
f 259 260 258
f 259 261 260
f 261 262 260
f 261 263 262
f 263 264 262
f 263 265 264
f 265 266 264
f 265 267 266
f 267 268 266
f 268 269 266
f 268 270 269
f 270 271 269
f 270 272 271
f 273 274 275
f 273 275 276
f 277 278 279
f 277 279 280
f 281 282 283
f 284 282 281
f 281 283 285
f 286 285 283
f 286 287 285
f 288 287 286
f 288 289 287
f 289 288 290
f 289 290 291
f 292 291 290
f 292 293 291
f 294 293 292
f 294 295 293
f 295 294 296
f 295 296 297
f 298 297 296
f 298 299 297
f 300 299 298
f 300 301 299
f 301 300 302
f 301 302 303
f 304 303 302
f 304 305 303
f 306 305 304
f 306 307 305
f 307 306 308
f 307 308 309
f 310 309 308
f 310 311 309
f 312 311 310
f 312 313 311
f 313 312 314
f 313 314 315
f 315 314 316
f 315 316 317
f 318 317 316
f 318 319 317
f 320 319 318
f 320 321 319
f 321 320 322
f 321 322 323
f 284 323 322
f 284 324 323
f 284 281 324
f 313 325 311
f 313 326 325
f 326 313 315
f 311 325 327
f 326 315 328
f 311 327 309
f 328 315 317
f 329 309 327
f 328 317 330
f 329 307 309
f 319 330 317
f 307 329 331
f 319 332 330
f 307 331 305
f 321 332 319
f 305 331 333
f 321 334 332
f 305 333 303
f 334 321 323
f 335 303 333
f 334 323 336
f 335 301 303
f 324 336 323
f 301 335 337
f 324 338 336
f 301 337 299
f 281 338 324
f 299 337 339
f 281 340 338
f 299 339 297
f 340 281 285
f 341 297 339
f 340 285 342
f 341 295 297
f 287 342 285
f 295 341 343
f 287 344 342
f 295 343 293
f 289 344 287
f 293 343 345
f 289 346 344
f 293 345 291
f 346 289 291
f 346 291 345
g Pizza_Yellow
usemtl Yellow
f 347 348 349
f 347 349 350
f 350 349 351
f 350 351 352
f 353 352 351
f 353 354 352
f 352 354 355
f 355 354 356
f 352 355 357
f 352 357 358
f 352 358 350
f 359 350 358
f 359 360 350
f 355 356 361
f 362 360 359
f 362 359 363
f 364 360 362
f 364 362 365
f 362 363 366
f 367 365 362
f 362 366 367
f 367 368 365
f 366 369 367
f 369 368 367
f 366 370 369
f 369 371 368
f 372 361 356
f 372 373 361
f 372 374 373
f 375 369 370
f 376 369 375
f 376 375 377
f 378 371 377
f 371 378 379
f 371 379 380
f 380 379 381
f 380 381 382
f 383 382 381
f 383 384 382
f 384 383 385
f 384 385 386
f 386 385 387
f 386 387 388
f 389 388 387
f 389 390 388
f 390 389 391
f 390 391 392
f 392 391 393
f 392 393 394
f 395 394 393
f 395 396 394
f 396 395 397
f 396 397 398
f 398 397 399
f 398 399 400
f 401 400 399
f 401 402 400
f 402 401 403
f 402 403 404
f 404 403 405
f 404 405 406
f 407 406 405
f 407 408 406
f 408 407 409
f 408 409 410
f 410 409 411
f 410 411 412
f 413 412 411
f 413 414 412
f 414 413 415
f 414 415 416
f 416 415 417
f 416 417 418
f 419 418 417
f 419 377 418
f 378 377 419
f 377 375 420
f 377 420 421
f 420 375 422
f 375 370 422
f 423 421 420
f 423 424 421
f 425 424 423
f 425 426 424
f 420 422 427
f 420 427 428
f 420 428 423
f 429 423 428
f 429 430 423
f 431 430 429
f 431 429 432
f 433 430 431
f 433 431 434
f 431 432 435
f 436 434 431
f 431 435 436
f 436 437 434
f 436 438 437
f 436 439 438
f 435 440 436
f 435 441 440
f 442 440 441
f 442 441 443
f 444 440 442
f 444 442 445
f 442 443 446
f 447 445 442
f 442 446 447
f 447 448 445
f 446 449 447
f 449 448 447
f 449 450 448
f 446 451 449
f 452 449 451
f 402 449 452
f 452 451 453
f 402 452 454
f 452 453 455
f 456 454 452
f 452 455 456
f 456 457 454
f 374 456 455
f 458 457 456
f 458 459 457
f 374 460 456
f 372 460 374
f 461 460 372
f 461 372 462
f 356 462 372
f 356 463 462
f 464 463 356
f 464 465 463
f 466 467 468
f 466 469 467
f 470 469 466
f 469 471 467
f 470 472 469
f 473 472 470
f 469 474 471
f 472 474 469
f 474 475 471
f 473 476 472
f 477 476 473
f 472 478 474
f 476 478 472
f 474 479 475
f 478 479 474
f 479 480 475
f 477 481 476
f 482 481 477
f 476 483 478
f 481 483 476
f 478 484 479
f 483 484 478
f 479 485 480
f 484 485 479
f 485 486 480
f 485 487 486
f 488 487 485
f 484 488 485
f 488 489 487
f 482 490 481
f 491 490 482
f 491 492 490
f 481 493 483
f 490 493 481
f 483 494 484
f 494 488 484
f 493 494 483
f 495 489 488
f 494 495 488
f 495 496 489
f 492 497 490
f 490 497 493
f 492 498 497
f 493 499 494
f 499 495 494
f 497 499 493
f 500 496 495
f 499 500 495
f 500 501 496
f 498 502 497
f 497 502 499
f 502 500 499
f 498 422 502
f 503 501 500
f 502 503 500
f 422 503 502
f 503 504 501
f 422 370 503
f 370 504 503
f 370 505 504
g Pizza_Red
usemtl Red
f 506 507 508
f 506 508 509
f 510 511 512
f 510 512 513
f 514 515 516
f 514 516 517
f 518 519 520
f 520 521 518
f 521 522 518
f 521 523 522
f 523 524 522
f 523 525 524
f 525 526 524
f 527 528 529
f 527 529 530
f 531 532 533
f 533 534 531
f 534 535 531
f 534 536 535
f 536 537 535
f 536 538 537
f 538 539 537
f 540 541 542
f 540 542 543
f 544 545 546
f 546 547 544
f 546 548 547
f 548 549 547
f 548 550 549
f 550 551 549
f 550 552 551
f 553 554 555
f 553 555 556
f 557 558 559
f 557 559 560
f 561 562 563
f 561 563 564
f 565 566 567
f 565 567 568
f 569 570 571
f 569 571 572
f 573 574 575
f 573 575 576
f 577 578 579
f 577 579 580
f 581 582 583
f 583 584 581
f 583 585 584
f 585 586 584
f 585 587 586
f 587 588 586
f 587 589 588
f 590 591 592
f 590 592 593
f 594 595 596
f 594 596 597
f 598 599 600
f 598 600 601
f 602 603 604
f 602 604 605
f 606 607 608
f 606 608 609
f 610 611 612
f 610 612 613
f 614 615 616
f 614 616 617
f 618 619 620
f 620 621 618
f 621 622 618
f 621 623 622
f 623 624 622
f 623 625 624
f 625 626 624
f 627 628 629
f 627 629 630
f 631 632 633
f 631 633 634
f 635 636 637
f 637 638 635
f 637 639 638
f 639 640 638
f 639 641 640
f 641 642 640
f 641 643 642
f 644 645 646
f 644 646 647
f 648 649 650
f 648 650 651
f 652 653 654
f 652 654 655
f 656 657 658
f 656 658 659
f 660 661 662
f 660 662 663
f 664 665 666
f 664 666 667
f 668 669 670
f 668 670 671
f 672 673 674
f 672 674 675
f 676 677 678
f 678 679 676
f 678 680 679
f 680 681 679
f 680 682 681
f 682 683 681
f 682 684 683
f 685 686 687
f 685 687 688
f 689 690 691
f 691 692 689
f 692 693 689
f 692 694 693
f 694 695 693
f 694 696 695
f 696 697 695
f 698 699 700
f 698 700 701
f 702 703 704
f 702 704 705
f 706 707 708
f 706 708 709
f 710 711 712
f 710 712 713
f 714 715 716
f 714 716 717
f 718 719 720
f 718 720 721
f 722 723 724
f 722 724 725
f 726 727 728
f 728 729 726
f 728 730 729
f 730 731 729
f 730 732 731
f 732 733 731
f 732 734 733
f 735 736 737
f 735 737 738
f 739 740 741
f 739 741 742
f 743 744 745
f 745 746 743
f 746 747 743
f 746 748 747
f 748 749 747
f 748 750 749
f 750 751 749
f 752 753 754
f 752 754 755
f 756 757 758
f 756 758 759
f 760 761 762
f 760 762 763
f 764 765 766
f 764 766 767
f 768 769 770
f 768 770 771
f 772 773 774
f 772 774 775
f 776 777 778
f 776 778 779
f 780 781 782
f 782 783 780
f 782 784 783
f 784 785 783
f 784 786 785
f 786 787 785
f 786 788 787
f 789 790 791
f 789 791 792
f 793 794 795
f 793 795 796
f 797 798 799
f 799 800 797
f 800 801 797
f 800 802 801
f 802 803 801
f 802 804 803
f 804 805 803
f 806 807 808
f 806 808 809
f 810 811 812
f 810 812 813
f 814 815 816
f 814 816 817
f 818 819 820
f 818 820 821
f 822 823 824
f 822 824 825
f 826 827 828
f 826 828 829
f 830 831 832
f 830 832 833
f 834 835 836
f 834 836 837
f 838 839 840
f 838 840 841
f 842 843 844
f 844 845 842
f 844 846 845
f 846 847 845
f 846 848 847
f 848 849 847
f 848 850 849
f 851 852 853
f 851 853 854
f 855 856 857
f 857 858 855
f 858 859 855
f 858 860 859
f 860 861 859
f 860 862 861
f 862 863 861
f 864 865 866
f 864 866 867
f 868 869 870
f 870 871 868
f 870 872 871
f 872 873 871
f 872 874 873
f 874 875 873
f 874 876 875
f 877 878 879
f 877 879 880
f 881 882 883
f 881 883 884
f 885 886 887
f 885 887 888
f 889 890 891
f 889 891 892
f 893 894 895
f 893 895 896
f 897 898 899
f 897 899 900
f 901 902 903
f 901 903 904
f 905 906 907
f 907 908 905
f 908 909 905
f 908 910 909
f 910 911 909
f 910 912 911
f 912 913 911
f 914 915 916
f 914 916 917
f 918 919 920
f 918 920 921
f 922 923 924
f 922 924 925
f 926 927 928
f 926 928 929
f 930 931 932
f 930 932 933
f 934 935 936
f 934 936 937
f 938 939 940
f 938 940 941
f 942 943 944
f 944 945 942
f 944 946 945
f 946 947 945
f 946 948 947
f 948 949 947
f 948 950 949
f 951 952 953
f 951 953 954
f 955 956 957
f 955 957 958
f 959 960 961
f 961 962 959
f 962 963 959
f 962 964 963
f 964 965 963
f 964 966 965
f 966 967 965
f 968 969 970
f 968 970 971
f 972 973 974
f 972 974 975
f 976 977 978
f 976 978 979
f 980 981 982
f 980 982 983
f 984 985 986
f 984 986 987
f 988 989 990
f 988 990 991
f 992 993 994
f 992 994 995
f 996 997 998
f 998 999 996
f 998 1000 999
f 1000 1001 999
f 1000 1002 1001
f 1002 1003 1001
f 1002 1004 1003
f 1005 1006 1007
f 1005 1007 1008
f 1009 1010 1011
f 1009 1011 1012
f 1013 1014 1015
f 1015 1016 1013
f 1016 1017 1013
f 1016 1018 1017
f 1018 1019 1017
f 1018 1020 1019
f 1020 1021 1019
f 1022 1023 1024
f 1022 1024 1025
f 1026 1027 1028
f 1026 1028 1029
f 1030 1031 1032
f 1030 1032 1033
f 1034 1035 1036
f 1034 1036 1037
f 1038 1039 1040
f 1038 1040 1041
f 1042 1043 1044
f 1042 1044 1045
f 1046 1047 1048
f 1046 1048 1049
f 1050 1051 1052
f 1050 1052 1053
f 1054 1055 1056
f 1056 1057 1054
f 1057 1058 1054
f 1057 1059 1058
f 1059 1060 1058
f 1059 1061 1060
f 1061 1062 1060
f 1063 1064 1065
f 1063 1065 1066
f 1067 1068 1069
f 1069 1070 1067
f 1069 1071 1070
f 1071 1072 1070
f 1071 1073 1072
f 1073 1074 1072
f 1073 1075 1074
f 1076 1077 1078
f 1076 1078 1079
f 1080 1081 1082
f 1080 1082 1083
f 1084 1085 1086
f 1084 1086 1087
f 1088 1089 1090
f 1088 1090 1091
f 1092 1093 1094
f 1092 1094 1095
f 1096 1097 1098
f 1096 1098 1099
f 1100 1101 1102
f 1100 1102 1103
f 1104 1105 1106
f 1106 1107 1104
f 1107 1108 1104
f 1107 1109 1108
f 1109 1110 1108
f 1109 1111 1110
f 1111 1112 1110
f 1113 1114 1115
f 1113 1115 1116
f 1117 1118 1119
f 1117 1119 1120
f 1121 1122 1123
f 1123 1124 1121
f 1123 1125 1124
f 1125 1126 1124
f 1125 1127 1126
f 1127 1128 1126
f 1127 1129 1128
f 1130 1131 1132
f 1130 1132 1133
f 1134 1135 1136
f 1134 1136 1137
f 1138 1139 1140
f 1138 1140 1141
f 1142 1143 1144
f 1142 1144 1145
f 1146 1147 1148
f 1146 1148 1149
f 1150 1151 1152
f 1150 1152 1153
f 1154 1155 1156
f 1154 1156 1157
f 1158 1159 1160
f 1160 1161 1158
f 1161 1162 1158
f 1161 1163 1162
f 1163 1164 1162
f 1163 1165 1164
f 1165 1166 1164
f 1167 1168 1169
f 1167 1169 1170
f 1171 1172 1173
f 1171 1173 1174
f 1175 1176 1177
f 1177 1178 1175
f 1177 1179 1178
f 1179 1180 1178
f 1179 1181 1180
f 1181 1182 1180
f 1181 1183 1182
f 1184 1185 1186
f 1184 1186 1187
f 1188 1189 1190
f 1188 1190 1191
f 1192 1193 1194
f 1192 1194 1195
f 1196 1197 1198
f 1196 1198 1199
f 1200 1201 1202
f 1200 1202 1203
f 1204 1205 1206
f 1204 1206 1207
f 1208 1209 1210
f 1208 1210 1211
f 1212 1213 1214
f 1212 1214 1215
f 1216 1217 1218
f 1216 1218 1219
f 1220 1221 1222
f 1222 1223 1220
f 1223 1224 1220
f 1223 1225 1224
f 1225 1226 1224
f 1225 1227 1226
f 1227 1228 1226
f 1229 1230 1231
f 1229 1231 1232
f 1233 1234 1235
f 1235 1236 1233
f 1236 1237 1233
f 1236 1238 1237
f 1238 1239 1237
f 1238 1240 1239
f 1240 1241 1239
f 1242 1243 1244
f 1242 1244 1245
f 1246 1247 1248
f 1248 1249 1246
f 1248 1250 1249
f 1250 1251 1249
f 1250 1252 1251
f 1252 1253 1251
f 1252 1254 1253
f 1255 1256 1257
f 1255 1257 1258
f 1259 1260 1261
f 1259 1261 1262
f 1263 1264 1265
f 1263 1265 1266
f 1267 1268 1269
f 1267 1269 1270
f 1271 1272 1273
f 1271 1273 1274
f 1275 1276 1277
f 1275 1277 1278
f 1279 1280 1281
f 1279 1281 1282
f 1283 1284 1285
f 1285 1286 1283
f 1285 1287 1286
f 1287 1288 1286
f 1287 1289 1288
f 1289 1290 1288
f 1289 1291 1290
f 1292 1293 1294
f 1292 1294 1295
f 1296 1297 1298
f 1296 1298 1299
f 1300 1301 1302
f 1300 1302 1303
f 1304 1305 1306
f 1304 1306 1307
f 1308 1309 1310
f 1308 1310 1311
f 1312 1313 1314
f 1312 1314 1315
f 1316 1317 1318
f 1316 1318 1319
f 1320 1321 1322
f 1322 1323 1320
f 1323 1324 1320
f 1323 1325 1324
f 1325 1326 1324
f 1325 1327 1326
f 1327 1328 1326
f 1329 1330 1331
f 1329 1331 1332
f 1333 1334 1335
f 1333 1335 1336
f 1337 1338 1339
f 1339 1340 1337
f 1339 1341 1340
f 1341 1342 1340
f 1341 1343 1342
f 1343 1344 1342
f 1343 1345 1344
f 1346 1347 1348
f 1346 1348 1349
f 1350 1351 1352
f 1350 1352 1353
f 1354 1355 1356
f 1354 1356 1357
f 1358 1359 1360
f 1358 1360 1361
f 1362 1363 1364
f 1362 1364 1365
f 1366 1367 1368
f 1366 1368 1369
f 1370 1371 1372
f 1370 1372 1373
f 1374 1375 1376
f 1374 1376 1377
f 1378 1379 1380
f 1378 1380 1381
f 1382 1383 1384
f 1384 1385 1382
f 1384 1386 1385
f 1386 1387 1385
f 1386 1388 1387
f 1388 1389 1387
f 1388 1390 1389
f 1391 1392 1393
f 1391 1393 1394
f 1395 1396 1397
f 1397 1398 1395
f 1397 1399 1398
f 1399 1400 1398
f 1399 1401 1400
f 1401 1402 1400
f 1401 1403 1402
f 1404 1405 1406
f 1404 1406 1407
f 1408 1409 1410
f 1410 1411 1408
f 1411 1412 1408
f 1411 1413 1412
f 1413 1414 1412
f 1413 1415 1414
f 1415 1416 1414
f 1417 1418 1419
f 1417 1419 1420
f 1421 1422 1423
f 1421 1423 1424
f 1425 1426 1427
f 1425 1427 1428
f 1429 1430 1431
f 1429 1431 1432
f 1433 1434 1435
f 1433 1435 1436
f 1437 1438 1439
f 1437 1439 1440
f 1441 1442 1443
f 1441 1443 1444
f 1445 1446 1447
f 1447 1448 1445
f 1448 1449 1445
f 1448 1450 1449
f 1450 1451 1449
f 1450 1452 1451
f 1452 1453 1451
f 1454 1455 1456
f 1454 1456 1457
f 1458 1459 1460
f 1458 1460 1461
f 1462 1463 1464
f 1462 1464 1465
f 1466 1467 1468
f 1466 1468 1469
f 1470 1471 1472
f 1470 1472 1473
f 1474 1475 1476
f 1474 1476 1477
f 1478 1479 1480
f 1478 1480 1481
f 1482 1483 1484
f 1484 1485 1482
f 1484 1486 1485
f 1486 1487 1485
f 1486 1488 1487
f 1488 1489 1487
f 1488 1490 1489
f 1491 1492 1493
f 1491 1493 1494
f 1495 1496 1497
f 1495 1497 1498
f 1499 1500 1501
f 1501 1502 1499
f 1502 1503 1499
f 1502 1504 1503
f 1504 1505 1503
f 1504 1506 1505
f 1506 1507 1505
f 1508 1509 1510
f 1508 1510 1511
f 1512 1513 1514
f 1512 1514 1515
f 1516 1517 1518
f 1516 1518 1519
f 1520 1521 1522
f 1520 1522 1523
f 1524 1525 1526
f 1524 1526 1527
f 1528 1529 1530
f 1528 1530 1531
f 1532 1533 1534
f 1532 1534 1535
f 1536 1537 1538
f 1538 1539 1536
f 1538 1540 1539
f 1540 1541 1539
f 1540 1542 1541
f 1542 1543 1541
f 1542 1544 1543
f 1545 1546 1547
f 1545 1547 1548
f 1549 1550 1551
f 1549 1551 1552
f 1553 1554 1555
f 1555 1556 1553
f 1556 1557 1553
f 1556 1558 1557
f 1558 1559 1557
f 1558 1560 1559
f 1560 1561 1559
f 1562 1563 1564
f 1562 1564 1565
f 1566 1567 1568
f 1566 1568 1569
f 1570 1571 1572
f 1570 1572 1573
f 1574 1575 1576
f 1574 1576 1577
f 1578 1579 1580
f 1578 1580 1581
f 1582 1583 1584
f 1582 1584 1585
f 1586 1587 1588
f 1586 1588 1589
f 1590 1591 1592
f 1590 1592 1593
f 1594 1595 1596
f 1596 1597 1594
f 1596 1598 1597
f 1598 1599 1597
f 1598 1600 1599
f 1600 1601 1599
f 1600 1602 1601
f 1603 1604 1605
f 1603 1605 1606
f 1607 1608 1609
f 1609 1610 1607
f 1610 1611 1607
f 1610 1612 1611
f 1612 1613 1611
f 1612 1614 1613
f 1614 1615 1613
f 1616 1617 1618
f 1616 1618 1619
f 1620 1621 1622
f 1620 1622 1623
f 1624 1625 1626
f 1624 1626 1627
f 1628 1629 1630
f 1628 1630 1631
f 1632 1633 1634
f 1632 1634 1635
f 1636 1637 1638
f 1636 1638 1639
f 1640 1641 1642
f 1640 1642 1643
f 1644 1645 1646
f 1646 1647 1644
f 1646 1648 1647
f 1648 1649 1647
f 1648 1650 1649
f 1650 1651 1649
f 1650 1652 1651
f 1653 1654 1655
f 1653 1655 1656
f 1657 1658 1659
f 1657 1659 1660
f 1661 1662 1663
f 1663 1664 1661
f 1664 1665 1661
f 1664 1666 1665
f 1666 1667 1665
f 1666 1668 1667
f 1668 1669 1667
f 1670 1671 1672
f 1670 1672 1673
f 1674 1675 1676
f 1674 1676 1677
f 1678 1679 1680
f 1678 1680 1681
f 1682 1683 1684
f 1682 1684 1685
f 1686 1687 1688
f 1686 1688 1689
f 1690 1691 1692
f 1690 1692 1693
f 1694 1695 1696
f 1694 1696 1697
f 1698 1699 1700
f 1700 1701 1698
f 1700 1702 1701
f 1702 1703 1701
f 1702 1704 1703
f 1704 1705 1703
f 1704 1706 1705
f 1707 1708 1709
f 1707 1709 1710
f 1711 1712 1713
f 1711 1713 1714
f 1715 1716 1717
f 1717 1718 1715
f 1718 1719 1715
f 1718 1720 1719
f 1720 1721 1719
f 1720 1722 1721
f 1722 1723 1721
f 1724 1725 1726
f 1724 1726 1727
f 1728 1729 1730
f 1728 1730 1731
f 1732 1733 1734
f 1732 1734 1735
f 1736 1737 1738
f 1736 1738 1739
f 1740 1741 1742
f 1740 1742 1743
f 1744 1745 1746
f 1744 1746 1747
f 1748 1749 1750
f 1748 1750 1751
f 1752 1753 1754
f 1754 1755 1752
f 1754 1756 1755
f 1756 1757 1755
f 1756 1758 1757
f 1758 1759 1757
f 1758 1760 1759
f 1761 1762 1763
f 1761 1763 1764
f 1765 1766 1767
f 1765 1767 1768
f 1769 1770 1771
f 1771 1772 1769
f 1772 1773 1769
f 1772 1774 1773
f 1774 1775 1773
f 1774 1776 1775
f 1776 1777 1775
f 1778 1779 1780
f 1778 1780 1781
f 1782 1783 1784
f 1782 1784 1785
f 1786 1787 1788
f 1786 1788 1789
f 1790 1791 1792
f 1790 1792 1793
f 1794 1795 1796
f 1794 1796 1797
f 1798 1799 1800
f 1798 1800 1801
