mtllib Materials.mtl
# Ultimate Food Pack - Turnip
o Turnip
v 0.233839 0.068739 0.000000
v 0.175379 0.068739 0.175379
v 0.156748 -0.005563 0.156748
v 0.208997 -0.005563 0.000000
v 0.233839 0.068739 0.000000
v 0.175379 0.244118 0.000000
v 0.129910 0.198649 0.129910
v 0.175379 0.068739 0.175379
v 0.233839 0.068739 0.000000
v 0.175379 0.068739 -0.175379
v 0.129910 0.198649 -0.129910
v 0.175379 0.244118 0.000000
v 0.233839 0.068739 0.000000
v 0.208997 -0.005563 0.000000
v 0.156748 -0.005563 -0.156748
v 0.175379 0.068739 -0.175379
v 0.000000 0.068739 -0.233839
v 0.175379 0.068739 -0.175379
v 0.156748 -0.005563 -0.156748
v 0.000000 -0.005563 -0.208997
v 0.000000 0.068739 -0.233839
v 0.000000 0.244118 -0.175379
v 0.129910 0.198649 -0.129910
v 0.175379 0.068739 -0.175379
v 0.000000 0.068739 -0.233839
v -0.175379 0.068739 -0.175379
v -0.129910 0.198649 -0.129910
v 0.000000 0.244118 -0.175379
v 0.000000 0.068739 -0.233839
v 0.000000 -0.005563 -0.208997
v -0.156748 -0.005563 -0.156748
v -0.175379 0.068739 -0.175379
v -0.233839 0.068739 0.000000
v -0.175379 0.068739 -0.175379
v -0.156748 -0.005563 -0.156748
v -0.208997 -0.005563 0.000000
v -0.233839 0.068739 0.000000
v -0.175379 0.244118 0.000000
v -0.129910 0.198649 -0.129910
v -0.175379 0.068739 -0.175379
v -0.233839 0.068739 0.000000
v -0.175379 0.068739 0.175379
v -0.129910 0.198649 0.129910
v -0.175379 0.244118 0.000000
v -0.233839 0.068739 0.000000
v -0.208997 -0.005563 0.000000
v -0.156748 -0.005563 0.156748
v -0.175379 0.068739 0.175379
v 0.000000 0.068739 0.233839
v -0.175379 0.068739 0.175379
v -0.156748 -0.005563 0.156748
v 0.000000 -0.005563 0.208997
v 0.000000 0.068739 0.233839
v 0.000000 0.244118 0.175379
v -0.129910 0.198649 0.129910
v -0.175379 0.068739 0.175379
v 0.000000 0.068739 0.233839
v 0.175379 0.068739 0.175379
v 0.129910 0.198649 0.129910
v 0.000000 0.244118 0.175379
v 0.000000 0.068739 0.233839
v 0.000000 -0.005563 0.208997
v 0.156748 -0.005563 0.156748
v 0.175379 0.068739 0.175379
v 0.000000 -0.307329 -0.033407
v 0.000000 -0.126670 -0.059521
v 0.044641 -0.126670 -0.044641
v 0.025055 -0.307329 -0.025055
v 0.000000 -0.307329 -0.033407
v -0.025055 -0.307329 -0.025055
v -0.044641 -0.126670 -0.044641
v 0.000000 -0.126670 -0.059521
v 0.000000 -0.307329 -0.033407
v 0.000000 -0.487559 -0.024207
v -0.018182 -0.440833 -0.018182
v -0.025055 -0.307329 -0.025055
v 0.000000 -0.307329 -0.033407
v 0.025055 -0.307329 -0.025055
v 0.018182 -0.440833 -0.018182
v 0.000000 -0.487559 -0.024207
v 0.000000 -0.547636 0.000000
v 0.000000 -0.487559 -0.024207
v 0.018182 -0.440833 -0.018182
v 0.024207 -0.487559 0.000000
v 0.000000 -0.547636 0.000000
v -0.024207 -0.487559 0.000000
v -0.018182 -0.440833 -0.018182
v 0.000000 -0.487559 -0.024207
v 0.000000 -0.547636 0.000000
v 0.000000 -0.487559 0.024207
v -0.018182 -0.440833 0.018182
v -0.024207 -0.487559 0.000000
v 0.000000 -0.547636 0.000000
v 0.024207 -0.487559 0.000000
v 0.018182 -0.440833 0.018182
v 0.000000 -0.487559 0.024207
v 0.033407 -0.307329 0.000000
v 0.059521 -0.126670 0.000000
v 0.044641 -0.126670 0.044641
v 0.025055 -0.307329 0.025055
v 0.033407 -0.307329 0.000000
v 0.025055 -0.307329 -0.025055
v 0.044641 -0.126670 -0.044641
v 0.059521 -0.126670 0.000000
v 0.033407 -0.307329 0.000000
v 0.024207 -0.487559 0.000000
v 0.018182 -0.440833 -0.018182
v 0.025055 -0.307329 -0.025055
v 0.033407 -0.307329 0.000000
v 0.025055 -0.307329 0.025055
v 0.018182 -0.440833 0.018182
v 0.024207 -0.487559 0.000000
v -0.033407 -0.307329 0.000000
v -0.059521 -0.126670 0.000000
v -0.044641 -0.126670 -0.044641
v -0.025055 -0.307329 -0.025055
v -0.033407 -0.307329 0.000000
v -0.025055 -0.307329 0.025055
v -0.044641 -0.126670 0.044641
v -0.059521 -0.126670 0.000000
v -0.033407 -0.307329 0.000000
v -0.024207 -0.487559 0.000000
v -0.018182 -0.440833 0.018182
v -0.025055 -0.307329 0.025055
v -0.033407 -0.307329 0.000000
v -0.025055 -0.307329 -0.025055
v -0.018182 -0.440833 -0.018182
v -0.024207 -0.487559 0.000000
v 0.000000 -0.307329 0.033407
v 0.000000 -0.126670 0.059521
v -0.044641 -0.126670 0.044641
v -0.025055 -0.307329 0.025055
v 0.000000 -0.307329 0.033407
v 0.025055 -0.307329 0.025055
v 0.044641 -0.126670 0.044641
v 0.000000 -0.126670 0.059521
v 0.000000 -0.307329 0.033407
v 0.000000 -0.487559 0.024207
v 0.018182 -0.440833 0.018182
v 0.025055 -0.307329 0.025055
v 0.000000 -0.307329 0.033407
v -0.025055 -0.307329 0.025055
v -0.018182 -0.440833 0.018182
v 0.000000 -0.487559 0.024207
v 0.000000 -0.065308 0.134471
v 0.000000 -0.005563 0.208997
v -0.156748 -0.005563 0.156748
v -0.100853 -0.065308 0.100853
v -0.044641 -0.126670 0.044641
v 0.000000 -0.126670 0.059521
v 0.000000 -0.065308 0.134471
v 0.156748 -0.005563 0.156748
v 0.000000 -0.005563 0.208997
v 0.100853 -0.065308 0.100853
v 0.044641 -0.126670 0.044641
v 0.000000 -0.126670 0.059521
v -0.134471 -0.065308 0.000000
v -0.208997 -0.005563 0.000000
v -0.156748 -0.005563 -0.156748
v -0.100853 -0.065308 -0.100853
v -0.044641 -0.126670 -0.044641
v -0.059521 -0.126670 0.000000
v -0.134471 -0.065308 0.000000
v -0.156748 -0.005563 0.156748
v -0.208997 -0.005563 0.000000
v -0.100853 -0.065308 0.100853
v -0.044641 -0.126670 0.044641
v -0.059521 -0.126670 0.000000
v 0.134471 -0.065308 0.000000
v 0.208997 -0.005563 0.000000
v 0.156748 -0.005563 0.156748
v 0.100853 -0.065308 0.100853
v 0.044641 -0.126670 0.044641
v 0.059521 -0.126670 0.000000
v 0.134471 -0.065308 0.000000
v 0.156748 -0.005563 -0.156748
v 0.208997 -0.005563 0.000000
v 0.100853 -0.065308 -0.100853
v 0.044641 -0.126670 -0.044641
v 0.059521 -0.126670 0.000000
v 0.000000 -0.065308 -0.134471
v 0.000000 -0.005563 -0.208997
v 0.156748 -0.005563 -0.156748
v 0.100853 -0.065308 -0.100853
v 0.044641 -0.126670 -0.044641
v 0.000000 -0.126670 -0.059521
v 0.000000 -0.065308 -0.134471
v -0.156748 -0.005563 -0.156748
v 0.000000 -0.005563 -0.208997
v -0.100853 -0.065308 -0.100853
v -0.044641 -0.126670 -0.044641
v 0.000000 -0.126670 -0.059521
v 0.000000 0.302578 0.000000
v 0.000000 0.244118 -0.175379
v -0.129910 0.198649 -0.129910
v -0.175379 0.244118 0.000000
v 0.000000 0.302578 0.000000
v 0.175379 0.244118 0.000000
v 0.129910 0.198649 -0.129910
v 0.000000 0.244118 -0.175379
v 0.000000 0.302578 0.000000
v 0.000000 0.244118 0.175379
v 0.129910 0.198649 0.129910
v 0.175379 0.244118 0.000000
v 0.000000 0.302578 0.000000
v -0.175379 0.244118 0.000000
v -0.129910 0.198649 0.129910
v 0.000000 0.244118 0.175379
v -0.109325 0.794761 -0.013854
v -0.109589 0.794761 -0.028660
v -0.069163 0.403655 -0.040120
v -0.068796 0.403655 -0.019584
v -0.068429 0.403655 0.000953
v -0.109060 0.794761 0.000953
v -0.108795 0.794761 0.015759
v -0.055287 0.255835 -0.021494
v -0.055688 0.255835 -0.043940
v -0.054885 0.255835 0.000953
v -0.054484 0.255835 0.023399
v -0.068062 0.403655 0.021489
v -0.067695 0.403655 0.042026
v -0.108531 0.794761 0.030566
v -0.054083 0.255835 0.045846
v -0.109325 0.794761 -0.013854
v -0.169150 1.187485 -0.049978
v -0.109589 0.794761 -0.028660
v -0.159421 1.191267 -0.024513
v -0.201633 1.355287 -0.071769
v -0.154327 1.193158 0.001036
v -0.181778 1.362852 0.001284
v -0.109325 0.794761 -0.013854
v -0.109060 0.794761 0.000953
v -0.154327 1.193158 0.001036
v -0.159421 1.191267 -0.024513
v -0.055287 0.255835 -0.021494
v -0.055688 0.255835 -0.043940
v -0.055588 0.236202 -0.038328
v -0.055287 0.229658 -0.021494
v -0.054885 0.229658 0.000953
v -0.054885 0.255835 0.000953
v -0.054484 0.255835 0.023399
v -0.054484 0.229658 0.023399
v -0.054183 0.236202 0.040234
v -0.054083 0.255835 0.045846
v -0.495660 1.733686 -0.100661
v -0.383733 1.665650 -0.113359
v -0.348879 1.702947 0.004272
v -0.466699 1.781499 0.006378
v -0.495660 1.733686 -0.100661
v -0.551659 1.638061 -0.207216
v -0.451327 1.591058 -0.230404
v -0.383733 1.665650 -0.113359
v -0.495660 1.733686 -0.100661
v -0.623591 1.776420 -0.087676
v -0.626399 1.683728 -0.165619
v -0.551659 1.638061 -0.207216
v -0.495660 1.733686 -0.100661
v -0.466699 1.781499 0.006378
v -0.601935 1.834522 0.008796
v -0.623591 1.776420 -0.087676
v -0.201633 1.355287 -0.071769
v -0.240031 1.340159 -0.144492
v -0.169150 1.187485 -0.049978
v -0.159421 1.191267 -0.024513
v -0.201633 1.355287 -0.071769
v -0.246313 1.427107 -0.117976
v -0.312633 1.395033 -0.237204
v -0.240031 1.340159 -0.144492
v -0.201633 1.355287 -0.071769
v -0.181778 1.362852 0.001284
v -0.212078 1.443144 0.001826
v -0.246313 1.427107 -0.117976
v -0.303815 1.547009 -0.125485
v -0.265892 1.573335 0.002788
v -0.199009 1.355287 0.075001
v -0.158504 1.191267 0.026750
v -0.167317 1.187485 0.052547
v -0.234783 1.340159 0.149049
v -0.199009 1.355287 0.075001
v -0.181778 1.362852 0.001284
v -0.154327 1.193158 0.001036
v -0.158504 1.191267 0.026750
v -0.108795 0.794761 0.015759
v -0.167317 1.187485 0.052547
v -0.108531 0.794761 0.030566
v -0.199009 1.355287 0.075001
v -0.212078 1.443144 0.001826
v -0.181778 1.362852 0.001284
v -0.242009 1.427107 0.122775
v -0.299206 1.547009 0.132335
v -0.265892 1.573335 0.002788
v -0.199009 1.355287 0.075001
v -0.234783 1.340159 0.149049
v -0.304025 1.395033 0.244298
v -0.242009 1.427107 0.122775
v -0.491815 1.733687 0.114383
v -0.379506 1.665650 0.123073
v -0.442873 1.591058 0.242459
v -0.543970 1.638061 0.222872
v -0.491815 1.733687 0.114383
v -0.466699 1.781499 0.006378
v -0.348879 1.702947 0.004272
v -0.379506 1.665650 0.123073
v -0.491815 1.733687 0.114383
v -0.620129 1.776420 0.105980
v -0.601935 1.834522 0.008796
v -0.466699 1.781499 0.006378
v -0.491815 1.733687 0.114383
v -0.543970 1.638061 0.222872
v -0.620149 1.683728 0.183974
v -0.620129 1.776420 0.105980
v -0.108795 0.794761 0.015759
v -0.158504 1.191267 0.026750
v -0.154327 1.193158 0.001036
v -0.109060 0.794761 0.000953
v -0.299206 1.547009 0.132335
v -0.242009 1.427107 0.122775
v -0.304025 1.395033 0.244298
v -0.368140 1.494357 0.262518
v -0.299206 1.547009 0.132335
v -0.379506 1.665650 0.123073
v -0.348879 1.702947 0.004272
v -0.265892 1.573335 0.002788
v -0.299206 1.547009 0.132335
v -0.368140 1.494357 0.262518
v -0.442873 1.591058 0.242459
v -0.379506 1.665650 0.123073
v -0.303815 1.547009 -0.125485
v -0.377358 1.494357 -0.253121
v -0.312633 1.395033 -0.237204
v -0.246313 1.427107 -0.117976
v -0.303815 1.547009 -0.125485
v -0.383733 1.665650 -0.113359
v -0.451327 1.591058 -0.230404
v -0.377358 1.494357 -0.253121
v -0.303815 1.547009 -0.125485
v -0.265892 1.573335 0.002788
v -0.348879 1.702947 0.004272
v -0.383733 1.665650 -0.113359
v -0.016220 0.794761 0.108339
v -0.030959 0.794761 0.109773
v -0.045577 0.403655 0.070379
v -0.025133 0.403655 0.068390
v -0.004690 0.403655 0.066402
v -0.001480 0.794761 0.106906
v 0.013259 0.794761 0.105472
v -0.028105 0.255835 0.055074
v -0.050449 0.255835 0.057248
v -0.005760 0.255835 0.052901
v 0.016584 0.255835 0.050727
v 0.015753 0.403655 0.064414
v 0.036196 0.403655 0.062425
v 0.027999 0.794761 0.104039
v 0.038929 0.255835 0.048554
v -0.016220 0.794761 0.108339
v -0.047505 1.187485 0.170832
v -0.030959 0.794761 0.109773
v -0.022887 1.191267 0.159121
v -0.066661 1.355287 0.204934
v 0.002179 1.193158 0.152024
v 0.004595 1.362852 0.179370
v -0.016220 0.794761 0.108339
v -0.001480 0.794761 0.106906
v 0.002179 1.193158 0.152024
v -0.022887 1.191267 0.159121
v -0.028105 0.255835 0.055074
v -0.050449 0.255835 0.057248
v -0.044863 0.236202 0.056704
v -0.028105 0.229658 0.055074
v -0.005760 0.229658 0.052901
v -0.005760 0.255835 0.052901
v 0.016584 0.255835 0.050727
v 0.016584 0.229658 0.050727
v 0.033343 0.236202 0.049097
v 0.038929 0.255835 0.048554
v -0.072233 1.733687 0.500325
v -0.093734 1.665650 0.389751
v 0.020775 1.702947 0.345713
v 0.032183 1.781499 0.462998
v -0.072233 1.733687 0.500325
v -0.174031 1.638061 0.564567
v -0.205074 1.591058 0.466381
v -0.093734 1.665650 0.389751
v -0.072233 1.733687 0.500325
v -0.049182 1.776420 0.626831
v -0.126659 1.683728 0.635787
v -0.174031 1.638061 0.564567
v -0.072233 1.733687 0.500325
v 0.032183 1.781499 0.462998
v 0.045277 1.834522 0.597621
v -0.049182 1.776420 0.626831
v -0.066661 1.355287 0.204934
v -0.136123 1.340159 0.248958
v -0.047505 1.187485 0.170832
v -0.022887 1.191267 0.159121
v -0.066661 1.355287 0.204934
v -0.109194 1.427107 0.253126
v -0.222810 1.395033 0.328658
v -0.136123 1.340159 0.248958
v -0.066661 1.355287 0.204934
v 0.004595 1.362852 0.179370
v 0.007529 1.443144 0.209532
v -0.109194 1.427107 0.253126
v -0.112136 1.547009 0.311041
v 0.012740 1.573336 0.263102
v 0.079443 1.355287 0.190723
v 0.028142 1.191267 0.154157
v 0.054555 1.187485 0.160905
v 0.156086 1.340159 0.220536
v 0.079443 1.355287 0.190723
v 0.004595 1.362852 0.179370
v 0.002179 1.193158 0.152024
v 0.028142 1.191267 0.154157
v 0.013259 0.794761 0.105472
v 0.054555 1.187485 0.160905
v 0.027999 0.794761 0.104039
v 0.079443 1.355287 0.190723
v 0.007529 1.443144 0.209532
v 0.004595 1.362852 0.179370
v 0.130465 1.427107 0.229815
v 0.144513 1.547009 0.286078
v 0.012740 1.573336 0.263102
v 0.079443 1.355287 0.190723
v 0.156086 1.340159 0.220536
v 0.256507 1.395033 0.282036
v 0.130465 1.427107 0.229815
v 0.141835 1.733687 0.479503
v 0.141625 1.665650 0.366858
v 0.265644 1.591058 0.420595
v 0.254105 1.638061 0.522924
v 0.141835 1.733687 0.479503
v 0.032183 1.781499 0.462998
v 0.020775 1.702947 0.345713
v 0.141625 1.665650 0.366858
v 0.141835 1.733687 0.479503
v 0.143595 1.776420 0.608080
v 0.045277 1.834522 0.597621
v 0.032183 1.781499 0.462998
v 0.141835 1.733687 0.479503
v 0.254105 1.638061 0.522924
v 0.221347 1.683728 0.601938
v 0.143595 1.776420 0.608080
v 0.013259 0.794761 0.105472
v 0.028142 1.191267 0.154157
v 0.002179 1.193158 0.152024
v -0.001480 0.794761 0.106906
v 0.144513 1.547009 0.286078
v 0.130465 1.427107 0.229815
v 0.256507 1.395033 0.282036
v 0.279736 1.494357 0.344511
v 0.144513 1.547009 0.286078
v 0.141625 1.665650 0.366858
v 0.020775 1.702947 0.345713
v 0.012740 1.573336 0.263102
v 0.144513 1.547009 0.286078
v 0.279736 1.494357 0.344511
v 0.265644 1.591058 0.420595
v 0.141625 1.665650 0.366858
v -0.112136 1.547009 0.311041
v -0.233563 1.494358 0.394438
v -0.222810 1.395033 0.328658
v -0.109194 1.427107 0.253126
v -0.112136 1.547009 0.311041
v -0.093734 1.665650 0.389751
v -0.205074 1.591058 0.466381
v -0.233563 1.494358 0.394438
v -0.112136 1.547009 0.311041
v 0.012740 1.573336 0.263102
v 0.020775 1.702947 0.345713
v -0.093734 1.665650 0.389751
v 0.098058 0.794761 0.014510
v 0.099038 0.794761 0.029286
v 0.059214 0.403655 0.042688
v 0.057854 0.403655 0.022194
v 0.056494 0.403655 0.001699
v 0.097077 0.794761 -0.000266
v 0.096096 0.794761 -0.015043
v 0.044452 0.255835 0.024755
v 0.045939 0.255835 0.047156
v 0.042966 0.255835 0.002354
v 0.041479 0.255835 -0.020047
v 0.055134 0.403655 -0.018796
v 0.053774 0.403655 -0.039290
v 0.095116 0.794761 -0.029819
v 0.039993 0.255835 -0.042447
v 0.098058 0.794761 0.014510
v 0.159561 1.187485 0.047698
v 0.099038 0.794761 0.029286
v 0.148610 1.191267 0.022733
v 0.193059 1.355287 0.067893
v 0.142287 1.193158 -0.002539
v 0.169693 1.362852 -0.004115
v 0.098058 0.794761 0.014510
v 0.097077 0.794761 -0.000266
v 0.142287 1.193158 -0.002539
v 0.148610 1.191267 0.022733
v 0.044452 0.255835 0.024755
v 0.045939 0.255835 0.047156
v 0.045567 0.236202 0.041555
v 0.044452 0.229658 0.024755
v 0.042966 0.229658 0.002354
v 0.042966 0.255835 0.002354
v 0.041479 0.255835 -0.020047
v 0.041479 0.229658 -0.020047
v 0.040364 0.236202 -0.036847
v 0.039993 0.255835 -0.042447
v 0.488139 1.733686 0.082528
v 0.376957 1.665650 0.100626
v 0.336455 1.702947 -0.015181
v 0.454035 1.781499 -0.022984
v 0.488139 1.733686 0.082528
v 0.549227 1.638061 0.186250
v 0.450134 1.591058 0.214264
v 0.376957 1.665650 0.100626
v 0.488139 1.733686 0.082528
v 0.615293 1.776420 0.063371
v 0.621867 1.683728 0.141087
v 0.549227 1.638061 0.186250
v 0.488139 1.733686 0.082528
v 0.454035 1.781499 -0.022984
v 0.588996 1.834522 -0.031941
v 0.615293 1.776420 0.063371
v 0.193059 1.355287 0.067893
v 0.234930 1.340159 0.138673
v 0.159561 1.187485 0.047698
v 0.148610 1.191267 0.022733
v 0.193059 1.355287 0.067893
v 0.239922 1.427107 0.111884
v 0.311931 1.395033 0.227765
v 0.234930 1.340159 0.138673
v 0.193059 1.355287 0.067893
v 0.169693 1.362852 -0.004115
v 0.199932 1.443144 -0.006122
v 0.239922 1.427107 0.111884
v 0.297720 1.547009 0.116603
v 0.253636 1.573335 -0.009685
v 0.183339 1.355287 -0.078579
v 0.145215 1.191267 -0.028425
v 0.152771 1.187485 -0.054618
v 0.215489 1.340159 -0.154271
v 0.183339 1.355287 -0.078579
v 0.169693 1.362852 -0.004115
v 0.142287 1.193158 -0.002539
v 0.145215 1.191267 -0.028425
v 0.096096 0.794761 -0.015043
v 0.152771 1.187485 -0.054618
v 0.095116 0.794761 -0.029819
v 0.183339 1.355287 -0.078579
v 0.199932 1.443144 -0.006122
v 0.169693 1.362852 -0.004115
v 0.223978 1.427107 -0.128377
v 0.280646 1.547009 -0.140692
v 0.253636 1.573335 -0.009685
v 0.183339 1.355287 -0.078579
v 0.215489 1.340159 -0.154271
v 0.280043 1.395033 -0.252757
v 0.223978 1.427107 -0.128377
v 0.473897 1.733686 -0.132078
v 0.361299 1.665650 -0.135325
v 0.418818 1.591058 -0.257637
v 0.520744 1.638061 -0.242963
v 0.473897 1.733686 -0.132078
v 0.454035 1.781499 -0.022984
v 0.336455 1.702947 -0.015181
v 0.361299 1.665650 -0.135325
v 0.473897 1.733686 -0.132078
v 0.602468 1.776420 -0.129891
v 0.588996 1.834522 -0.031941
v 0.454035 1.781499 -0.022984
v 0.473897 1.733686 -0.132078
v 0.520744 1.638061 -0.242963
v 0.598715 1.683728 -0.207794
v 0.602468 1.776420 -0.129891
v 0.096096 0.794761 -0.015043
v 0.145215 1.191267 -0.028425
v 0.142287 1.193158 -0.002539
v 0.097077 0.794761 -0.000266
v 0.280646 1.547009 -0.140692
v 0.223978 1.427107 -0.128377
v 0.280043 1.395033 -0.252757
v 0.343201 1.494357 -0.274057
v 0.280646 1.547009 -0.140692
v 0.361299 1.665650 -0.135325
v 0.336455 1.702947 -0.015181
v 0.253636 1.573335 -0.009685
v 0.280646 1.547009 -0.140692
v 0.343201 1.494357 -0.274057
v 0.418818 1.591058 -0.257637
v 0.361299 1.665650 -0.135325
v 0.297720 1.547009 0.116603
v 0.377351 1.494357 0.240532
v 0.311931 1.395033 0.227765
v 0.239922 1.427107 0.111884
v 0.297720 1.547009 0.116603
v 0.376957 1.665650 0.100626
v 0.450134 1.591058 0.214264
v 0.377351 1.494357 0.240532
v 0.297720 1.547009 0.116603
v 0.253636 1.573335 -0.009685
v 0.336455 1.702947 -0.015181
v 0.376957 1.665650 0.100626
v 0.009048 0.794761 -0.080923
v 0.023855 0.794761 -0.081178
v 0.035287 0.403655 -0.040744
v 0.014751 0.403655 -0.040391
v -0.005786 0.403655 -0.040038
v -0.005759 0.794761 -0.080668
v -0.020566 0.794761 -0.080414
v 0.016652 0.255835 -0.026880
v 0.039098 0.255835 -0.027267
v -0.005795 0.255835 -0.026494
v -0.028242 0.255835 -0.026108
v -0.026323 0.403655 -0.039684
v -0.046859 0.403655 -0.039331
v -0.035372 0.794761 -0.080159
v -0.050688 0.255835 -0.025721
v 0.009048 0.794761 -0.080923
v 0.045212 1.187485 -0.140725
v 0.023855 0.794761 -0.081178
v 0.019740 1.191267 -0.131012
v 0.067025 1.355287 -0.173193
v -0.005812 1.193158 -0.125935
v -0.006042 1.362852 -0.153386
v 0.009048 0.794761 -0.080923
v -0.005759 0.794761 -0.080668
v -0.005812 1.193158 -0.125935
v 0.019740 1.191267 -0.131012
v 0.016652 0.255835 -0.026880
v 0.039098 0.255835 -0.027267
v 0.033487 0.236202 -0.027170
v 0.016652 0.229658 -0.026880
v -0.005795 0.229658 -0.026494
v -0.005795 0.255835 -0.026494
v -0.028242 0.255835 -0.026108
v -0.028242 0.229658 -0.026108
v -0.045077 0.236202 -0.025818
v -0.050688 0.255835 -0.025721
v 0.096113 1.733686 -0.467200
v 0.108736 1.665650 -0.355265
v -0.008918 1.702947 -0.320490
v -0.010945 1.781499 -0.438311
v 0.096113 1.733686 -0.467200
v 0.202705 1.638061 -0.523128
v 0.225827 1.591058 -0.422781
v 0.108736 1.665650 -0.355265
v 0.096113 1.733686 -0.467200
v 0.083214 1.776420 -0.595141
v 0.161158 1.683728 -0.597896
v 0.202705 1.638061 -0.523128
v 0.096113 1.733686 -0.467200
v -0.010945 1.781499 -0.438311
v -0.013273 1.834522 -0.573549
v 0.083214 1.776420 -0.595141
v 0.067025 1.355287 -0.173193
v 0.139773 1.340159 -0.211542
v 0.045212 1.187485 -0.140725
v 0.019740 1.191267 -0.131012
v 0.067025 1.355287 -0.173193
v 0.113262 1.427107 -0.217843
v 0.232534 1.395033 -0.284082
v 0.139773 1.340159 -0.211542
v 0.067025 1.355287 -0.173193
v -0.006042 1.362852 -0.153386
v -0.006563 1.443144 -0.183687
v 0.113262 1.427107 -0.217843
v 0.120809 1.547009 -0.275340
v -0.007489 1.573335 -0.237501
v -0.079747 1.355287 -0.170667
v -0.031523 1.191267 -0.130130
v -0.057314 1.187485 -0.138961
v -0.153771 1.340159 -0.206490
v -0.079747 1.355287 -0.170667
v -0.006042 1.362852 -0.153386
v -0.005812 1.193158 -0.125935
v -0.031523 1.191267 -0.130130
v -0.020566 0.794761 -0.080414
v -0.057314 1.187485 -0.138961
v -0.035372 0.794761 -0.080159
v -0.079747 1.355287 -0.170667
v -0.006563 1.443144 -0.183687
v -0.006042 1.362852 -0.153386
v -0.127492 1.427107 -0.213699
v -0.137014 1.547009 -0.270902
v -0.007489 1.573335 -0.237501
v -0.079747 1.355287 -0.170667
v -0.153771 1.340159 -0.206490
v -0.248974 1.395033 -0.275796
v -0.127492 1.427107 -0.213699
v -0.118934 1.733686 -0.463499
v -0.127698 1.665650 -0.351196
v -0.247043 1.591058 -0.414643
v -0.227388 1.638061 -0.515727
v -0.118934 1.733686 -0.463499
v -0.010945 1.781499 -0.438311
v -0.008918 1.702947 -0.320490
v -0.127698 1.665650 -0.351196
v -0.118934 1.733686 -0.463499
v -0.110445 1.776420 -0.591808
v -0.013273 1.834522 -0.573549
v -0.010945 1.781499 -0.438311
v -0.118934 1.733686 -0.463499
v -0.227388 1.638061 -0.515727
v -0.188438 1.683728 -0.591880
v -0.110445 1.776420 -0.591808
v -0.020566 0.794761 -0.080414
v -0.031523 1.191267 -0.130130
v -0.005812 1.193158 -0.125935
v -0.005759 0.794761 -0.080668
v -0.137014 1.547009 -0.270902
v -0.127492 1.427107 -0.213699
v -0.248974 1.395033 -0.275796
v -0.267151 1.494357 -0.339923
v -0.137014 1.547009 -0.270902
v -0.127698 1.665650 -0.351196
v -0.008918 1.702947 -0.320490
v -0.007489 1.573335 -0.237501
v -0.137014 1.547009 -0.270902
v -0.267151 1.494357 -0.339923
v -0.247043 1.591058 -0.414643
v -0.127698 1.665650 -0.351196
v 0.120809 1.547009 -0.275340
v 0.248494 1.494357 -0.348797
v 0.232534 1.395033 -0.284082
v 0.113262 1.427107 -0.217843
v 0.120809 1.547009 -0.275340
v 0.108736 1.665650 -0.355265
v 0.225827 1.591058 -0.422781
v 0.248494 1.494357 -0.348797
v 0.120809 1.547009 -0.275340
v -0.007489 1.573335 -0.237501
v -0.008918 1.702947 -0.320490
v 0.108736 1.665650 -0.355265
v -0.099605 0.795863 -0.014896
v -0.059374 0.404612 -0.040295
v -0.099907 0.795883 -0.029986
v -0.059007 0.404612 -0.019758
v -0.058640 0.404612 0.000778
v -0.099284 0.795845 0.000778
v -0.099045 0.795866 0.016453
v -0.045461 0.256284 -0.021669
v -0.045862 0.256284 -0.044116
v -0.045060 0.256284 0.000777
v -0.044659 0.256284 0.023224
v -0.058273 0.404612 0.021315
v -0.057905 0.404612 0.041851
v -0.098807 0.795887 0.031545
v -0.044257 0.256284 0.045670
v -0.099605 0.795863 -0.014896
v -0.099907 0.795883 -0.029986
v -0.160026 1.188649 -0.053465
v -0.150053 1.192541 -0.027232
v -0.192784 1.357377 -0.075527
v -0.144591 1.194558 0.000862
v -0.172300 1.365482 0.001115
v -0.099605 0.795863 -0.014896
v -0.150053 1.192541 -0.027232
v -0.144591 1.194558 0.000862
v -0.099284 0.795845 0.000778
v -0.045461 0.256284 -0.021669
v -0.045752 0.236202 -0.038504
v -0.045862 0.256284 -0.044116
v -0.045451 0.229658 -0.021669
v -0.045050 0.229658 0.000777
v -0.045060 0.256284 0.000777
v -0.044659 0.256284 0.023224
v -0.044648 0.229658 0.023224
v -0.044347 0.236202 0.040058
v -0.044257 0.256284 0.045670
v -0.492903 1.741129 -0.106473
v -0.462503 1.790397 0.006303
v -0.342060 1.710036 0.004150
v -0.378423 1.672038 -0.118630
v -0.492903 1.741129 -0.106473
v -0.378423 1.672038 -0.118630
v -0.447050 1.597144 -0.236842
v -0.549868 1.644837 -0.214119
v -0.492903 1.741129 -0.106473
v -0.549868 1.644837 -0.214119
v -0.625405 1.690417 -0.172763
v -0.621738 1.783917 -0.093769
v -0.492903 1.741129 -0.106473
v -0.621738 1.783917 -0.093769
v -0.598775 1.843838 0.008739
v -0.462503 1.790397 0.006303
v -0.192784 1.357377 -0.075527
v -0.150053 1.192541 -0.027232
v -0.160026 1.188649 -0.053465
v -0.231565 1.341771 -0.149236
v -0.192784 1.357377 -0.075527
v -0.231565 1.341771 -0.149236
v -0.304798 1.397877 -0.242430
v -0.238002 1.430350 -0.122120
v -0.192784 1.357377 -0.075527
v -0.202984 1.446893 0.001663
v -0.172300 1.365482 0.001115
v -0.238002 1.430350 -0.122120
v -0.296359 1.551474 -0.130094
v -0.257264 1.578058 0.002634
v -0.190033 1.357381 0.078440
v -0.226154 1.341777 0.153488
v -0.158075 1.188659 0.055706
v -0.149046 1.192549 0.029133
v -0.190033 1.357381 0.078440
v -0.144591 1.194558 0.000862
v -0.172300 1.365482 0.001115
v -0.149046 1.192549 0.029133
v -0.099045 0.795866 0.016453
v -0.158075 1.188659 0.055706
v -0.098807 0.795887 0.031545
v -0.190033 1.357381 0.078440
v -0.172300 1.365482 0.001115
v -0.202984 1.446893 0.001663
v -0.233555 1.430350 0.126619
v -0.291590 1.551474 0.136675
v -0.257264 1.578058 0.002634
v -0.190033 1.357381 0.078440
v -0.233555 1.430350 0.126619
v -0.296008 1.397877 0.249239
v -0.226154 1.341777 0.153488
v -0.488853 1.741129 0.120094
v -0.541933 1.644837 0.229707
v -0.438368 1.597144 0.248740
v -0.374011 1.672038 0.128150
v -0.488853 1.741129 0.120094
v -0.374011 1.672038 0.128150
v -0.342060 1.710036 0.004150
v -0.462503 1.790397 0.006303
v -0.488853 1.741129 0.120094
v -0.462503 1.790397 0.006303
v -0.598775 1.843838 0.008739
v -0.618059 1.783917 0.112003
v -0.488853 1.741129 0.120094
v -0.618059 1.783917 0.112003
v -0.618900 1.690417 0.191078
v -0.541933 1.644837 0.229707
v -0.099045 0.795866 0.016453
v -0.099284 0.795845 0.000778
v -0.144591 1.194558 0.000862
v -0.149046 1.192549 0.029133
v -0.291590 1.551474 0.136675
v -0.361275 1.498733 0.268041
v -0.296008 1.397877 0.249239
v -0.233555 1.430350 0.126619
v -0.291590 1.551474 0.136675
v -0.257264 1.578058 0.002634
v -0.342060 1.710036 0.004150
v -0.374011 1.672038 0.128150
v -0.291590 1.551474 0.136675
v -0.374011 1.672038 0.128150
v -0.438368 1.597144 0.248740
v -0.361275 1.498733 0.268041
v -0.296359 1.551474 -0.130094
v -0.238002 1.430350 -0.122120
v -0.304798 1.397877 -0.242430
v -0.370695 1.498733 -0.258886
v -0.296359 1.551474 -0.130094
v -0.370695 1.498733 -0.258886
v -0.447050 1.597144 -0.236842
v -0.378423 1.672038 -0.118630
v -0.296359 1.551474 -0.130094
v -0.378423 1.672038 -0.118630
v -0.342060 1.710036 0.004150
v -0.257264 1.578058 0.002634
v -0.018026 0.795863 0.098732
v -0.046525 0.404612 0.060634
v -0.033046 0.795883 0.100225
v -0.026081 0.404612 0.058646
v -0.005638 0.404612 0.056657
v -0.002427 0.795846 0.097174
v 0.013181 0.795866 0.095697
v -0.029056 0.256284 0.045293
v -0.051400 0.256284 0.047466
v -0.006711 0.256284 0.043120
v 0.015633 0.256284 0.040946
v 0.014805 0.404612 0.054669
v 0.035249 0.404612 0.052680
v 0.028206 0.795887 0.094268
v 0.037978 0.256284 0.038773
v -0.018026 0.795863 0.098732
v -0.033046 0.795883 0.100225
v -0.051701 1.188649 0.162011
v -0.026338 1.192541 0.149997
v -0.071106 1.357377 0.196411
v 0.001236 1.194558 0.142333
v 0.003678 1.365482 0.169935
v -0.018026 0.795863 0.098732
v -0.026338 1.192541 0.149997
v 0.001236 1.194558 0.142333
v -0.002427 0.795846 0.097174
v -0.029056 0.256284 0.045293
v -0.045816 0.236202 0.046913
v -0.051400 0.256284 0.047466
v -0.029057 0.229658 0.045283
v -0.006712 0.229658 0.043109
v -0.006711 0.256284 0.043120
v 0.015633 0.256284 0.040946
v 0.015632 0.229658 0.040936
v 0.032390 0.236202 0.039306
v 0.037978 0.256284 0.038773
v -0.078245 1.741129 0.498036
v 0.031777 1.790397 0.458822
v 0.020115 1.710037 0.338925
v -0.099408 1.672038 0.384874
v -0.078245 1.741129 0.498036
v -0.099408 1.672038 0.384874
v -0.211829 1.597144 0.462625
v -0.181054 1.644837 0.563327
v -0.078245 1.741129 0.498036
v -0.181054 1.644837 0.563327
v -0.133860 1.690417 0.635361
v -0.055403 1.783917 0.625464
v -0.078245 1.741129 0.498036
v -0.055403 1.783917 0.625464
v 0.044971 1.843838 0.594474
v 0.031777 1.790397 0.458822
v -0.071106 1.357377 0.196411
v -0.026338 1.192541 0.149997
v -0.051701 1.188649 0.162011
v -0.141521 1.341771 0.240893
v -0.071106 1.357377 0.196411
v -0.141521 1.341771 0.240893
v -0.228638 1.397877 0.321260
v -0.113982 1.430350 0.245168
v -0.071106 1.357377 0.196411
v 0.006649 1.446893 0.200480
v 0.003678 1.365482 0.169935
v -0.113982 1.430350 0.245168
v -0.117320 1.551474 0.303973
v 0.011904 1.578059 0.254513
v 0.082162 1.357381 0.181504
v 0.159829 1.341777 0.211583
v 0.056974 1.188659 0.151442
v 0.029771 1.192549 0.144541
v 0.082162 1.357381 0.181504
v 0.001236 1.194558 0.142333
v 0.003678 1.365482 0.169935
v 0.029771 1.192549 0.144541
v 0.013181 0.795866 0.095697
v 0.056974 1.188659 0.151442
v 0.028206 0.795887 0.094268
v 0.082162 1.357381 0.181504
v 0.003678 1.365482 0.169935
v 0.006649 1.446893 0.200480
v 0.133629 1.430350 0.221083
v 0.148238 1.551474 0.278143
v 0.011904 1.578059 0.254513
v 0.082162 1.357381 0.181504
v 0.133629 1.430350 0.221083
v 0.260800 1.397877 0.273654
v 0.159829 1.341777 0.211583
v 0.147293 1.741129 0.476099
v 0.260757 1.644837 0.520354
v 0.271549 1.597144 0.415609
v 0.146252 1.672038 0.360979
v 0.147293 1.741129 0.476099
v 0.146252 1.672038 0.360979
v 0.020115 1.710037 0.338925
v 0.031777 1.790397 0.458822
v 0.147293 1.741129 0.476099
v 0.031777 1.790397 0.458822
v 0.044971 1.843838 0.594474
v 0.149436 1.783917 0.605540
v 0.147293 1.741129 0.476099
v 0.149436 1.783917 0.605540
v 0.228330 1.690417 0.600132
v 0.260757 1.644837 0.520354
v 0.013181 0.795866 0.095697
v -0.002427 0.795846 0.097174
v 0.001236 1.194558 0.142333
v 0.029771 1.192549 0.144541
v 0.148238 1.551474 0.278143
v 0.284699 1.498733 0.337231
v 0.260800 1.397877 0.273654
v 0.133629 1.430350 0.221083
v 0.148238 1.551474 0.278143
v 0.011904 1.578059 0.254513
v 0.020115 1.710037 0.338925
v 0.146252 1.672038 0.360979
v 0.148238 1.551474 0.278143
v 0.146252 1.672038 0.360979
v 0.271549 1.597144 0.415609
v 0.284699 1.498733 0.337231
v -0.117320 1.551474 0.303973
v -0.113982 1.430350 0.245168
v -0.228638 1.397877 0.321260
v -0.239836 1.498734 0.388251
v -0.117320 1.551474 0.303973
v -0.239836 1.498734 0.388251
v -0.211829 1.597144 0.462625
v -0.099408 1.672038 0.384874
v -0.117320 1.551474 0.303973
v -0.099408 1.672038 0.384874
v 0.020115 1.710037 0.338925
v 0.011904 1.578059 0.254513
v 0.088399 0.795863 0.016021
v 0.049444 0.404612 0.043337
v 0.089431 0.795883 0.031079
v 0.048084 0.404612 0.022842
v 0.046724 0.404612 0.002347
v 0.087321 0.795845 0.000381
v 0.086324 0.795866 -0.015264
v 0.034647 0.256284 0.025405
v 0.036133 0.256284 0.047806
v 0.033160 0.256284 0.003005
v 0.031674 0.256284 -0.019396
v 0.045364 0.404612 -0.018147
v 0.044004 0.404612 -0.038642
v 0.085356 0.795887 -0.030327
v 0.030187 0.256284 -0.041797
v 0.088399 0.795863 0.016021
v 0.089431 0.795883 0.031079
v 0.150615 1.188649 0.051622
v 0.139385 1.192541 0.025902
v 0.184403 1.357377 0.072074
v 0.132571 1.194558 -0.001894
v 0.160235 1.365482 -0.003487
v 0.088399 0.795863 0.016021
v 0.139385 1.192541 0.025902
v 0.132571 1.194558 -0.001894
v 0.087321 0.795845 0.000381
v 0.034647 0.256284 0.025405
v 0.035751 0.236202 0.042207
v 0.036133 0.256284 0.047806
v 0.034636 0.229658 0.025406
v 0.033150 0.229658 0.003005
v 0.033160 0.256284 0.003005
v 0.031674 0.256284 -0.019396
v 0.031663 0.229658 -0.019395
v 0.030548 0.236202 -0.036196
v 0.030187 0.256284 -0.041797
v 0.485667 1.741129 0.088467
v 0.449848 1.790397 -0.022707
v 0.329649 1.710036 -0.014730
v 0.371909 1.672038 0.106147
v 0.485667 1.741129 0.088467
v 0.371909 1.672038 0.106147
v 0.446173 1.597144 0.220901
v 0.547772 1.644837 0.193231
v 0.485667 1.741129 0.088467
v 0.547772 1.644837 0.193231
v 0.621221 1.690417 0.148271
v 0.613736 1.783917 0.069547
v 0.485667 1.741129 0.088467
v 0.613736 1.783917 0.069547
v 0.585842 1.843838 -0.031731
v 0.449848 1.790397 -0.022707
v 0.184403 1.357377 0.072074
v 0.139385 1.192541 0.025902
v 0.150615 1.188649 0.051622
v 0.226703 1.341771 0.143821
v 0.184403 1.357377 0.072074
v 0.226703 1.341771 0.143821
v 0.304358 1.397877 0.233363
v 0.231821 1.430350 0.116425
v 0.184403 1.357377 0.072074
v 0.190856 1.446893 -0.005519
v 0.160235 1.365482 -0.003487
v 0.231821 1.430350 0.116425
v 0.290496 1.551474 0.121568
v 0.245026 1.578058 -0.009114
v 0.174207 1.357381 -0.081579
v 0.206656 1.341777 -0.158287
v 0.143387 1.188659 -0.057326
v 0.135653 1.192549 -0.030347
v 0.174207 1.357381 -0.081579
v 0.132571 1.194558 -0.001894
v 0.160235 1.365482 -0.003487
v 0.135653 1.192549 -0.030347
v 0.086324 0.795866 -0.015264
v 0.143387 1.188659 -0.057326
v 0.085356 0.795887 -0.030327
v 0.174207 1.357381 -0.081579
v 0.160235 1.365482 -0.003487
v 0.190856 1.446893 -0.005519
v 0.215348 1.430350 -0.131808
v 0.272828 1.551474 -0.144658
v 0.245026 1.578058 -0.009114
v 0.174207 1.357381 -0.081579
v 0.215348 1.430350 -0.131808
v 0.271797 1.397877 -0.257305
v 0.206656 1.341777 -0.158287
v 0.470662 1.741129 -0.137638
v 0.518379 1.644837 -0.249691
v 0.414015 1.597144 -0.263692
v 0.355565 1.672038 -0.140131
v 0.470662 1.741129 -0.137638
v 0.355565 1.672038 -0.140131
v 0.329649 1.710036 -0.014730
v 0.449848 1.790397 -0.022707
v 0.470662 1.741129 -0.137638
v 0.449848 1.790397 -0.022707
v 0.585842 1.843838 -0.031731
v 0.600109 1.783917 -0.135807
v 0.470662 1.741129 -0.137638
v 0.600109 1.783917 -0.135807
v 0.597125 1.690417 -0.214830
v 0.518379 1.644837 -0.249691
v 0.086324 0.795866 -0.015264
v 0.087321 0.795845 0.000381
v 0.132571 1.194558 -0.001894
v 0.135653 1.192549 -0.030347
v 0.272828 1.551474 -0.144658
v 0.336078 1.498733 -0.279241
v 0.271797 1.397877 -0.257305
v 0.215348 1.430350 -0.131808
v 0.272828 1.551474 -0.144658
v 0.245026 1.578058 -0.009114
v 0.329649 1.710036 -0.014730
v 0.355565 1.672038 -0.140131
v 0.272828 1.551474 -0.144658
v 0.355565 1.672038 -0.140131
v 0.414015 1.597144 -0.263692
v 0.336078 1.498733 -0.279241
v 0.290496 1.551474 0.121568
v 0.231821 1.430350 0.116425
v 0.304358 1.397877 0.233363
v 0.370974 1.498733 0.246613
v 0.290496 1.551474 0.121568
v 0.370974 1.498733 0.246613
v 0.446173 1.597144 0.220901
v 0.371909 1.672038 0.106147
v 0.290496 1.551474 0.121568
v 0.371909 1.672038 0.106147
v 0.329649 1.710036 -0.014730
v 0.245026 1.578058 -0.009114
v 0.010083 0.795863 -0.071203
v 0.035456 0.404612 -0.030955
v 0.025174 0.795883 -0.071495
v 0.014919 0.404612 -0.030602
v -0.005618 0.404612 -0.030248
v -0.005591 0.795845 -0.070892
v -0.021266 0.795866 -0.070664
v 0.016821 0.256284 -0.017055
v 0.039267 0.256284 -0.017441
v -0.005626 0.256284 -0.016668
v -0.028073 0.256284 -0.016282
v -0.026154 0.404612 -0.029895
v -0.046691 0.404612 -0.029541
v -0.036358 0.795887 -0.070436
v -0.050519 0.256284 -0.015896
v 0.010083 0.795863 -0.071203
v 0.025174 0.795883 -0.071495
v 0.048693 1.188649 -0.131598
v 0.022453 1.192541 -0.121642
v 0.070776 1.357377 -0.164342
v -0.005644 1.194558 -0.116199
v -0.005879 1.365482 -0.143908
v 0.010083 0.795863 -0.071203
v 0.022453 1.192541 -0.121642
v -0.005644 1.194558 -0.116199
v -0.005591 0.795845 -0.070892
v 0.016821 0.256284 -0.017055
v 0.033656 0.236202 -0.017334
v 0.039267 0.256284 -0.017441
v 0.016821 0.229658 -0.017044
v -0.005626 0.229658 -0.016658
v -0.005626 0.256284 -0.016668
v -0.028073 0.256284 -0.016282
v -0.028073 0.229658 -0.016272
v -0.044908 0.236202 -0.015982
v -0.050519 0.256284 -0.015896
v 0.101923 1.741129 -0.464440
v -0.010873 1.790397 -0.434116
v -0.008801 1.710036 -0.313671
v 0.114003 1.672038 -0.349952
v 0.101923 1.741129 -0.464440
v 0.114003 1.672038 -0.349952
v 0.232261 1.597144 -0.418499
v 0.209607 1.644837 -0.521333
v 0.101923 1.741129 -0.464440
v 0.209607 1.644837 -0.521333
v 0.168302 1.690417 -0.596898
v 0.089306 1.783917 -0.593283
v 0.101923 1.741129 -0.464440
v 0.089306 1.783917 -0.593283
v -0.013218 1.843838 -0.570388
v -0.010873 1.790397 -0.434116
v 0.070776 1.357377 -0.164342
v 0.022453 1.192541 -0.121642
v 0.048693 1.188649 -0.131598
v 0.144511 1.341771 -0.203074
v 0.070776 1.357377 -0.164342
v 0.144511 1.341771 -0.203074
v 0.237754 1.397877 -0.276244
v 0.117400 1.430350 -0.209528
v 0.070776 1.357377 -0.164342
v -0.006407 1.446893 -0.174593
v -0.005879 1.365482 -0.143908
v 0.117400 1.430350 -0.209528
v 0.125413 1.551474 -0.267881
v -0.007341 1.578058 -0.228873
v -0.083192 1.357381 -0.161693
v -0.158216 1.341777 -0.197865
v -0.060479 1.188659 -0.129721
v -0.033912 1.192549 -0.120674
v -0.083192 1.357381 -0.161693
v -0.005644 1.194558 -0.116199
v -0.005879 1.365482 -0.143908
v -0.033912 1.192549 -0.120674
v -0.021266 0.795866 -0.070664
v -0.060479 1.188659 -0.129721
v -0.036358 0.795887 -0.070436
v -0.083192 1.357381 -0.161693
v -0.005879 1.365482 -0.143908
v -0.006407 1.446893 -0.174593
v -0.131343 1.430350 -0.205247
v -0.141359 1.551474 -0.263289
v -0.007341 1.578058 -0.228873
v -0.083192 1.357381 -0.161693
v -0.131343 1.430350 -0.205247
v -0.253920 1.397877 -0.267782
v -0.158216 1.341777 -0.197865
v -0.124646 1.741129 -0.460541
v -0.234224 1.644837 -0.513695
v -0.253326 1.597144 -0.410142
v -0.132779 1.672038 -0.345704
v -0.124646 1.741129 -0.460541
v -0.132779 1.672038 -0.345704
v -0.008801 1.710036 -0.313671
v -0.010873 1.790397 -0.434116
v -0.124646 1.741129 -0.460541
v -0.010873 1.790397 -0.434116
v -0.013218 1.843838 -0.570388
v -0.116469 1.783917 -0.589742
v -0.124646 1.741129 -0.460541
v -0.116469 1.783917 -0.589742
v -0.195544 1.690417 -0.590636
v -0.234224 1.644837 -0.513695
v -0.021266 0.795866 -0.070664
v -0.005591 0.795845 -0.070892
v -0.005644 1.194558 -0.116199
v -0.033912 1.192549 -0.120674
v -0.141359 1.551474 -0.263289
v -0.272678 1.498733 -0.333062
v -0.253920 1.397877 -0.267782
v -0.131343 1.430350 -0.205247
v -0.141359 1.551474 -0.263289
v -0.007341 1.578058 -0.228873
v -0.008801 1.710036 -0.313671
v -0.132779 1.672038 -0.345704
v -0.141359 1.551474 -0.263289
v -0.132779 1.672038 -0.345704
v -0.253326 1.597144 -0.410142
v -0.272678 1.498733 -0.333062
v 0.125413 1.551474 -0.267881
v 0.117400 1.430350 -0.209528
v 0.237754 1.397877 -0.276244
v 0.254254 1.498733 -0.342130
v 0.125413 1.551474 -0.267881
v 0.254254 1.498733 -0.342130
v 0.232261 1.597144 -0.418499
v 0.114003 1.672038 -0.349952
v 0.125413 1.551474 -0.267881
v 0.114003 1.672038 -0.349952
v -0.008801 1.710036 -0.313671
v -0.007341 1.578058 -0.228873
v -0.054885 0.229658 0.000953
v -0.044648 0.229658 0.023224
v -0.054484 0.229658 0.023399
v -0.045050 0.229658 0.000777
v -0.055287 0.229658 -0.021494
v -0.045451 0.229658 -0.021669
v -0.054484 0.229658 0.023399
v -0.044648 0.229658 0.023224
v -0.044347 0.236202 0.040058
v -0.054183 0.236202 0.040234
v -0.054083 0.255835 0.045846
v -0.044257 0.256284 0.045670
v -0.057905 0.404612 0.041851
v -0.067695 0.403655 0.042026
v -0.054183 0.236202 0.040234
v -0.044347 0.236202 0.040058
v -0.044257 0.256284 0.045670
v -0.054083 0.255835 0.045846
v -0.109589 0.794761 -0.028660
v -0.099907 0.795883 -0.029986
v -0.059374 0.404612 -0.040295
v -0.069163 0.403655 -0.040120
v -0.169150 1.187485 -0.049978
v -0.160026 1.188649 -0.053465
v -0.099907 0.795883 -0.029986
v -0.109589 0.794761 -0.028660
v -0.108531 0.794761 0.030566
v -0.098807 0.795887 0.031545
v -0.158075 1.188659 0.055706
v -0.167317 1.187485 0.052547
v -0.067695 0.403655 0.042026
v -0.057905 0.404612 0.041851
v -0.098807 0.795887 0.031545
v -0.108531 0.794761 0.030566
v -0.055688 0.255835 -0.043940
v -0.045862 0.256284 -0.044116
v -0.045752 0.236202 -0.038504
v -0.055588 0.236202 -0.038328
v -0.069163 0.403655 -0.040120
v -0.059374 0.404612 -0.040295
v -0.045862 0.256284 -0.044116
v -0.055688 0.255835 -0.043940
v -0.620129 1.776420 0.105980
v -0.618059 1.783917 0.112003
v -0.598775 1.843838 0.008739
v -0.601935 1.834522 0.008796
v -0.621738 1.783917 -0.093769
v -0.623591 1.776420 -0.087676
v -0.620149 1.683728 0.183974
v -0.618900 1.690417 0.191078
v -0.618059 1.783917 0.112003
v -0.620129 1.776420 0.105980
v -0.234783 1.340159 0.149049
v -0.226154 1.341777 0.153488
v -0.296008 1.397877 0.249239
v -0.304025 1.395033 0.244298
v -0.167317 1.187485 0.052547
v -0.158075 1.188659 0.055706
v -0.226154 1.341777 0.153488
v -0.234783 1.340159 0.149049
v -0.551659 1.638061 -0.207216
v -0.549868 1.644837 -0.214119
v -0.447050 1.597144 -0.236842
v -0.451327 1.591058 -0.230404
v -0.626399 1.683728 -0.165619
v -0.625405 1.690417 -0.172763
v -0.549868 1.644837 -0.214119
v -0.551659 1.638061 -0.207216
v -0.368140 1.494357 0.262518
v -0.361275 1.498733 0.268041
v -0.438368 1.597144 0.248740
v -0.442873 1.591058 0.242459
v -0.304025 1.395033 0.244298
v -0.296008 1.397877 0.249239
v -0.361275 1.498733 0.268041
v -0.368140 1.494357 0.262518
v -0.240031 1.340159 -0.144492
v -0.231565 1.341771 -0.149236
v -0.160026 1.188649 -0.053465
v -0.169150 1.187485 -0.049978
v -0.312633 1.395033 -0.237204
v -0.304798 1.397877 -0.242430
v -0.231565 1.341771 -0.149236
v -0.240031 1.340159 -0.144492
v -0.055588 0.236202 -0.038328
v -0.045752 0.236202 -0.038504
v -0.045451 0.229658 -0.021669
v -0.055287 0.229658 -0.021494
v -0.623591 1.776420 -0.087676
v -0.621738 1.783917 -0.093769
v -0.625405 1.690417 -0.172763
v -0.626399 1.683728 -0.165619
v -0.377358 1.494357 -0.253121
v -0.370695 1.498733 -0.258886
v -0.304798 1.397877 -0.242430
v -0.312633 1.395033 -0.237204
v -0.451327 1.591058 -0.230404
v -0.447050 1.597144 -0.236842
v -0.370695 1.498733 -0.258886
v -0.377358 1.494357 -0.253121
v -0.543970 1.638061 0.222872
v -0.541933 1.644837 0.229707
v -0.618900 1.690417 0.191078
v -0.620149 1.683728 0.183974
v -0.442873 1.591058 0.242459
v -0.438368 1.597144 0.248740
v -0.541933 1.644837 0.229707
v -0.543970 1.638061 0.222872
v -0.005760 0.229658 0.052901
v 0.015632 0.229658 0.040936
v 0.016584 0.229658 0.050727
v -0.006712 0.229658 0.043109
v -0.028105 0.229658 0.055074
v -0.029057 0.229658 0.045283
v 0.016584 0.229658 0.050727
v 0.015632 0.229658 0.040936
v 0.032390 0.236202 0.039306
v 0.033343 0.236202 0.049097
v 0.038929 0.255835 0.048554
v 0.037978 0.256284 0.038773
v 0.035249 0.404612 0.052680
v 0.036196 0.403655 0.062425
v 0.033343 0.236202 0.049097
v 0.032390 0.236202 0.039306
v 0.037978 0.256284 0.038773
v 0.038929 0.255835 0.048554
v -0.030959 0.794761 0.109773
v -0.033046 0.795883 0.100225
v -0.046525 0.404612 0.060634
v -0.045577 0.403655 0.070379
v -0.047505 1.187485 0.170832
v -0.051701 1.188649 0.162011
v -0.033046 0.795883 0.100225
v -0.030959 0.794761 0.109773
v 0.027999 0.794761 0.104039
v 0.028206 0.795887 0.094268
v 0.056974 1.188659 0.151442
v 0.054555 1.187485 0.160905
v 0.036196 0.403655 0.062425
v 0.035249 0.404612 0.052680
v 0.028206 0.795887 0.094268
v 0.027999 0.794761 0.104039
v -0.050449 0.255835 0.057248
v -0.051400 0.256284 0.047466
v -0.045816 0.236202 0.046913
v -0.044863 0.236202 0.056704
v -0.045577 0.403655 0.070379
v -0.046525 0.404612 0.060634
v -0.051400 0.256284 0.047466
v -0.050449 0.255835 0.057248
v 0.143595 1.776420 0.608080
v 0.149436 1.783917 0.605540
v 0.044971 1.843838 0.594474
v 0.045277 1.834522 0.597621
v -0.055403 1.783917 0.625464
v -0.049182 1.776420 0.626831
v 0.221347 1.683728 0.601938
v 0.228330 1.690417 0.600132
v 0.149436 1.783917 0.605540
v 0.143595 1.776420 0.608080
v 0.156086 1.340159 0.220536
v 0.159829 1.341777 0.211583
v 0.260800 1.397877 0.273654
v 0.256507 1.395033 0.282036
v 0.054555 1.187485 0.160905
v 0.056974 1.188659 0.151442
v 0.159829 1.341777 0.211583
v 0.156086 1.340159 0.220536
v -0.174031 1.638061 0.564567
v -0.181054 1.644837 0.563327
v -0.211829 1.597144 0.462625
v -0.205074 1.591058 0.466381
v -0.126659 1.683728 0.635787
v -0.133860 1.690417 0.635361
v -0.181054 1.644837 0.563327
v -0.174031 1.638061 0.564567
v 0.279736 1.494357 0.344511
v 0.284699 1.498733 0.337231
v 0.271549 1.597144 0.415609
v 0.265644 1.591058 0.420595
v 0.256507 1.395033 0.282036
v 0.260800 1.397877 0.273654
v 0.284699 1.498733 0.337231
v 0.279736 1.494357 0.344511
v -0.136123 1.340159 0.248958
v -0.141521 1.341771 0.240893
v -0.051701 1.188649 0.162011
v -0.047505 1.187485 0.170832
v -0.222810 1.395033 0.328658
v -0.228638 1.397877 0.321260
v -0.141521 1.341771 0.240893
v -0.136123 1.340159 0.248958
v -0.044863 0.236202 0.056704
v -0.045816 0.236202 0.046913
v -0.029057 0.229658 0.045283
v -0.028105 0.229658 0.055074
v -0.049182 1.776420 0.626831
v -0.055403 1.783917 0.625464
v -0.133860 1.690417 0.635361
v -0.126659 1.683728 0.635787
v -0.233563 1.494358 0.394438
v -0.239836 1.498734 0.388251
v -0.228638 1.397877 0.321260
v -0.222810 1.395033 0.328658
v -0.205074 1.591058 0.466381
v -0.211829 1.597144 0.462625
v -0.239836 1.498734 0.388251
v -0.233563 1.494358 0.394438
v 0.254105 1.638061 0.522924
v 0.260757 1.644837 0.520354
v 0.228330 1.690417 0.600132
v 0.221347 1.683728 0.601938
v 0.265644 1.591058 0.420595
v 0.271549 1.597144 0.415609
v 0.260757 1.644837 0.520354
v 0.254105 1.638061 0.522924
v 0.042966 0.229658 0.002354
v 0.031663 0.229658 -0.019395
v 0.041479 0.229658 -0.020047
v 0.033150 0.229658 0.003005
v 0.044452 0.229658 0.024755
v 0.034636 0.229658 0.025406
v 0.041479 0.229658 -0.020047
v 0.031663 0.229658 -0.019395
v 0.030548 0.236202 -0.036196
v 0.040364 0.236202 -0.036847
v 0.039993 0.255835 -0.042447
v 0.030187 0.256284 -0.041797
v 0.044004 0.404612 -0.038642
v 0.053774 0.403655 -0.039290
v 0.040364 0.236202 -0.036847
v 0.030548 0.236202 -0.036196
v 0.030187 0.256284 -0.041797
v 0.039993 0.255835 -0.042447
v 0.099038 0.794761 0.029286
v 0.089431 0.795883 0.031079
v 0.049444 0.404612 0.043337
v 0.059214 0.403655 0.042688
v 0.159561 1.187485 0.047698
v 0.150615 1.188649 0.051622
v 0.089431 0.795883 0.031079
v 0.099038 0.794761 0.029286
v 0.095116 0.794761 -0.029819
v 0.085356 0.795887 -0.030327
v 0.143387 1.188659 -0.057326
v 0.152771 1.187485 -0.054618
v 0.053774 0.403655 -0.039290
v 0.044004 0.404612 -0.038642
v 0.085356 0.795887 -0.030327
v 0.095116 0.794761 -0.029819
v 0.045939 0.255835 0.047156
v 0.036133 0.256284 0.047806
v 0.035751 0.236202 0.042207
v 0.045567 0.236202 0.041555
v 0.059214 0.403655 0.042688
v 0.049444 0.404612 0.043337
v 0.036133 0.256284 0.047806
v 0.045939 0.255835 0.047156
v 0.602468 1.776420 -0.129891
v 0.600109 1.783917 -0.135807
v 0.585842 1.843838 -0.031731
v 0.588996 1.834522 -0.031941
v 0.613736 1.783917 0.069547
v 0.615293 1.776420 0.063371
v 0.598715 1.683728 -0.207794
v 0.597125 1.690417 -0.214830
v 0.600109 1.783917 -0.135807
v 0.602468 1.776420 -0.129891
v 0.215489 1.340159 -0.154271
v 0.206656 1.341777 -0.158287
v 0.271797 1.397877 -0.257305
v 0.280043 1.395033 -0.252757
v 0.152771 1.187485 -0.054618
v 0.143387 1.188659 -0.057326
v 0.206656 1.341777 -0.158287
v 0.215489 1.340159 -0.154271
v 0.549227 1.638061 0.186250
v 0.547772 1.644837 0.193231
v 0.446173 1.597144 0.220901
v 0.450134 1.591058 0.214264
v 0.621867 1.683728 0.141087
v 0.621221 1.690417 0.148271
v 0.547772 1.644837 0.193231
v 0.549227 1.638061 0.186250
v 0.343201 1.494357 -0.274057
v 0.336078 1.498733 -0.279241
v 0.414015 1.597144 -0.263692
v 0.418818 1.591058 -0.257637
v 0.280043 1.395033 -0.252757
v 0.271797 1.397877 -0.257305
v 0.336078 1.498733 -0.279241
v 0.343201 1.494357 -0.274057
v 0.234930 1.340159 0.138673
v 0.226703 1.341771 0.143821
v 0.150615 1.188649 0.051622
v 0.159561 1.187485 0.047698
v 0.311931 1.395033 0.227765
v 0.304358 1.397877 0.233363
v 0.226703 1.341771 0.143821
v 0.234930 1.340159 0.138673
v 0.045567 0.236202 0.041555
v 0.035751 0.236202 0.042207
v 0.034636 0.229658 0.025406
v 0.044452 0.229658 0.024755
v 0.615293 1.776420 0.063371
v 0.613736 1.783917 0.069547
v 0.621221 1.690417 0.148271
v 0.621867 1.683728 0.141087
v 0.377351 1.494357 0.240532
v 0.370974 1.498733 0.246613
v 0.304358 1.397877 0.233363
v 0.311931 1.395033 0.227765
v 0.450134 1.591058 0.214264
v 0.446173 1.597144 0.220901
v 0.370974 1.498733 0.246613
v 0.377351 1.494357 0.240532
v 0.520744 1.638061 -0.242963
v 0.518379 1.644837 -0.249691
v 0.597125 1.690417 -0.214830
v 0.598715 1.683728 -0.207794
v 0.418818 1.591058 -0.257637
v 0.414015 1.597144 -0.263692
v 0.518379 1.644837 -0.249691
v 0.520744 1.638061 -0.242963
v -0.005795 0.229658 -0.026494
v -0.028073 0.229658 -0.016272
v -0.028242 0.229658 -0.026108
v -0.005626 0.229658 -0.016658
v 0.016652 0.229658 -0.026880
v 0.016821 0.229658 -0.017044
v -0.028242 0.229658 -0.026108
v -0.028073 0.229658 -0.016272
v -0.044908 0.236202 -0.015982
v -0.045077 0.236202 -0.025818
v -0.050688 0.255835 -0.025721
v -0.050519 0.256284 -0.015896
v -0.046691 0.404612 -0.029541
v -0.046859 0.403655 -0.039331
v -0.045077 0.236202 -0.025818
v -0.044908 0.236202 -0.015982
v -0.050519 0.256284 -0.015896
v -0.050688 0.255835 -0.025721
v 0.023855 0.794761 -0.081178
v 0.025174 0.795883 -0.071495
v 0.035456 0.404612 -0.030955
v 0.035287 0.403655 -0.040744
v 0.045212 1.187485 -0.140725
v 0.048693 1.188649 -0.131598
v 0.025174 0.795883 -0.071495
v 0.023855 0.794761 -0.081178
v -0.035372 0.794761 -0.080159
v -0.036358 0.795887 -0.070436
v -0.060479 1.188659 -0.129721
v -0.057314 1.187485 -0.138961
v -0.046859 0.403655 -0.039331
v -0.046691 0.404612 -0.029541
v -0.036358 0.795887 -0.070436
v -0.035372 0.794761 -0.080159
v 0.039098 0.255835 -0.027267
v 0.039267 0.256284 -0.017441
v 0.033656 0.236202 -0.017334
v 0.033487 0.236202 -0.027170
v 0.035287 0.403655 -0.040744
v 0.035456 0.404612 -0.030955
v 0.039267 0.256284 -0.017441
v 0.039098 0.255835 -0.027267
v -0.110445 1.776420 -0.591808
v -0.116469 1.783917 -0.589742
v -0.013218 1.843838 -0.570388
v -0.013273 1.834522 -0.573549
v 0.089306 1.783917 -0.593283
v 0.083214 1.776420 -0.595141
v -0.188438 1.683728 -0.591880
v -0.195544 1.690417 -0.590636
v -0.116469 1.783917 -0.589742
v -0.110445 1.776420 -0.591808
v -0.153771 1.340159 -0.206490
v -0.158216 1.341777 -0.197865
v -0.253920 1.397877 -0.267782
v -0.248974 1.395033 -0.275796
v -0.057314 1.187485 -0.138961
v -0.060479 1.188659 -0.129721
v -0.158216 1.341777 -0.197865
v -0.153771 1.340159 -0.206490
v 0.202705 1.638061 -0.523128
v 0.209607 1.644837 -0.521333
v 0.232261 1.597144 -0.418499
v 0.225827 1.591058 -0.422781
v 0.161158 1.683728 -0.597896
v 0.168302 1.690417 -0.596898
v 0.209607 1.644837 -0.521333
v 0.202705 1.638061 -0.523128
v -0.267151 1.494357 -0.339923
v -0.272678 1.498733 -0.333062
v -0.253326 1.597144 -0.410142
v -0.247043 1.591058 -0.414643
v -0.248974 1.395033 -0.275796
v -0.253920 1.397877 -0.267782
v -0.272678 1.498733 -0.333062
v -0.267151 1.494357 -0.339923
v 0.139773 1.340159 -0.211542
v 0.144511 1.341771 -0.203074
v 0.048693 1.188649 -0.131598
v 0.045212 1.187485 -0.140725
v 0.232534 1.395033 -0.284082
v 0.237754 1.397877 -0.276244
v 0.144511 1.341771 -0.203074
v 0.139773 1.340159 -0.211542
v 0.033487 0.236202 -0.027170
v 0.033656 0.236202 -0.017334
v 0.016821 0.229658 -0.017044
v 0.016652 0.229658 -0.026880
v 0.083214 1.776420 -0.595141
v 0.089306 1.783917 -0.593283
v 0.168302 1.690417 -0.596898
v 0.161158 1.683728 -0.597896
v 0.248494 1.494357 -0.348797
v 0.254254 1.498733 -0.342130
v 0.237754 1.397877 -0.276244
v 0.232534 1.395033 -0.284082
v 0.225827 1.591058 -0.422781
v 0.232261 1.597144 -0.418499
v 0.254254 1.498733 -0.342130
v 0.248494 1.494357 -0.348797
v -0.227388 1.638061 -0.515727
v -0.234224 1.644837 -0.513695
v -0.195544 1.690417 -0.590636
v -0.188438 1.683728 -0.591880
v -0.247043 1.591058 -0.414643
v -0.253326 1.597144 -0.410142
v -0.234224 1.644837 -0.513695
v -0.227388 1.638061 -0.515727
vn 0.904286 -0.302338 0.301429
vn 0.904286 -0.302338 0.301429
vn 0.904286 -0.302338 0.301429
vn 0.904286 -0.302338 0.301429
vn 0.870388 0.348155 0.348155
vn 0.870388 0.348155 0.348155
vn 0.870388 0.348155 0.348155
vn 0.870388 0.348155 0.348155
vn 0.870388 0.348155 -0.348155
vn 0.870388 0.348155 -0.348155
vn 0.870388 0.348155 -0.348155
vn 0.870388 0.348155 -0.348155
vn 0.904286 -0.302338 -0.301429
vn 0.904286 -0.302338 -0.301429
vn 0.904286 -0.302338 -0.301429
vn 0.904286 -0.302338 -0.301429
vn 0.301429 -0.302338 -0.904286
vn 0.301429 -0.302338 -0.904286
vn 0.301429 -0.302338 -0.904286
vn 0.301429 -0.302338 -0.904286
vn 0.348155 0.348155 -0.870388
vn 0.348155 0.348155 -0.870388
vn 0.348155 0.348155 -0.870388
vn 0.348155 0.348155 -0.870388
vn -0.348155 0.348155 -0.870388
vn -0.348155 0.348155 -0.870388
vn -0.348155 0.348155 -0.870388
vn -0.348155 0.348155 -0.870388
vn -0.301429 -0.302338 -0.904286
vn -0.301429 -0.302338 -0.904286
vn -0.301429 -0.302338 -0.904286
vn -0.301429 -0.302338 -0.904286
vn -0.904286 -0.302338 -0.301429
vn -0.904286 -0.302338 -0.301429
vn -0.904286 -0.302338 -0.301429
vn -0.904286 -0.302338 -0.301429
vn -0.870388 0.348155 -0.348155
vn -0.870388 0.348155 -0.348155
vn -0.870388 0.348155 -0.348155
vn -0.870388 0.348155 -0.348155
vn -0.870388 0.348155 0.348155
vn -0.870388 0.348155 0.348155
vn -0.870388 0.348155 0.348155
vn -0.870388 0.348155 0.348155
vn -0.904286 -0.302338 0.301429
vn -0.904286 -0.302338 0.301429
vn -0.904286 -0.302338 0.301429
vn -0.904286 -0.302338 0.301429
vn -0.301429 -0.302338 0.904286
vn -0.301429 -0.302338 0.904286
vn -0.301429 -0.302338 0.904286
vn -0.301429 -0.302338 0.904286
vn -0.348155 0.348156 0.870388
vn -0.348155 0.348156 0.870388
vn -0.348155 0.348156 0.870388
vn -0.348155 0.348156 0.870388
vn 0.348155 0.348156 0.870388
vn 0.348155 0.348156 0.870388
vn 0.348155 0.348156 0.870388
vn 0.348155 0.348156 0.870388
vn 0.301429 -0.302338 0.904286
vn 0.301429 -0.302338 0.904286
vn 0.301429 -0.302338 0.904286
vn 0.301429 -0.302338 0.904286
vn 0.313296 -0.135862 -0.939887
vn 0.313296 -0.135862 -0.939887
vn 0.313296 -0.135862 -0.939887
vn 0.313296 -0.135862 -0.939887
vn -0.313296 -0.135862 -0.939887
vn -0.313296 -0.135862 -0.939887
vn -0.313296 -0.135862 -0.939887
vn -0.313296 -0.135862 -0.939887
vn -0.368626 -0.055613 -0.927913
vn -0.368626 -0.055613 -0.927913
vn -0.368626 -0.055613 -0.927913
vn -0.368626 -0.055613 -0.927913
vn 0.368626 -0.055613 -0.927913
vn 0.368626 -0.055613 -0.927913
vn 0.368626 -0.055613 -0.927913
vn 0.368626 -0.055613 -0.927913
vn 0.687463 -0.234070 -0.687463
vn 0.687463 -0.234070 -0.687463
vn 0.687463 -0.234070 -0.687463
vn 0.687463 -0.234070 -0.687463
vn -0.687463 -0.234070 -0.687463
vn -0.687463 -0.234070 -0.687463
vn -0.687463 -0.234070 -0.687463
vn -0.687463 -0.234070 -0.687463
vn -0.687463 -0.234070 0.687463
vn -0.687463 -0.234070 0.687463
vn -0.687463 -0.234070 0.687463
vn -0.687463 -0.234070 0.687463
vn 0.687463 -0.234070 0.687463
vn 0.687463 -0.234070 0.687463
vn 0.687463 -0.234070 0.687463
vn 0.687463 -0.234070 0.687463
vn 0.939887 -0.135861 0.313296
vn 0.939887 -0.135861 0.313296
vn 0.939887 -0.135861 0.313296
vn 0.939887 -0.135861 0.313296
vn 0.939887 -0.135862 -0.313296
vn 0.939887 -0.135862 -0.313296
vn 0.939887 -0.135862 -0.313296
vn 0.939887 -0.135862 -0.313296
vn 0.927913 -0.055613 -0.368626
vn 0.927913 -0.055613 -0.368626
vn 0.927913 -0.055613 -0.368626
vn 0.927913 -0.055613 -0.368626
vn 0.927913 -0.055613 0.368626
vn 0.927913 -0.055613 0.368626
vn 0.927913 -0.055613 0.368626
vn 0.927913 -0.055613 0.368626
vn -0.939887 -0.135861 -0.313296
vn -0.939887 -0.135861 -0.313296
vn -0.939887 -0.135861 -0.313296
vn -0.939887 -0.135861 -0.313296
vn -0.939887 -0.135861 0.313296
vn -0.939887 -0.135861 0.313296
vn -0.939887 -0.135861 0.313296
vn -0.939887 -0.135861 0.313296
vn -0.927913 -0.055613 0.368626
vn -0.927913 -0.055613 0.368626
vn -0.927913 -0.055613 0.368626
vn -0.927913 -0.055613 0.368626
vn -0.927913 -0.055613 -0.368626
vn -0.927913 -0.055613 -0.368626
vn -0.927913 -0.055613 -0.368626
vn -0.927913 -0.055613 -0.368626
vn -0.313296 -0.135861 0.939887
vn -0.313296 -0.135861 0.939887
vn -0.313296 -0.135861 0.939887
vn -0.313296 -0.135861 0.939887
vn 0.313296 -0.135861 0.939887
vn 0.313296 -0.135861 0.939887
vn 0.313296 -0.135861 0.939887
vn 0.313296 -0.135861 0.939887
vn 0.368626 -0.055613 0.927913
vn 0.368626 -0.055613 0.927913
vn 0.368626 -0.055613 0.927913
vn 0.368626 -0.055613 0.927913
vn -0.368626 -0.055613 0.927913
vn -0.368626 -0.055613 0.927913
vn -0.368626 -0.055613 0.927913
vn -0.368626 -0.055613 0.927913
vn -0.204108 -0.763807 0.612323
vn -0.204108 -0.763807 0.612323
vn -0.204108 -0.763807 0.612323
vn -0.204108 -0.763807 0.612323
vn -0.206605 -0.757062 0.619816
vn -0.206605 -0.757062 0.619816
vn 0.204108 -0.763807 0.612323
vn 0.204108 -0.763807 0.612323
vn 0.204108 -0.763807 0.612323
vn 0.204108 -0.763807 0.612323
vn 0.206605 -0.757062 0.619816
vn 0.206605 -0.757062 0.619816
vn -0.612323 -0.763807 -0.204108
vn -0.612323 -0.763807 -0.204108
vn -0.612323 -0.763807 -0.204108
vn -0.612323 -0.763807 -0.204108
vn -0.619816 -0.757062 -0.206605
vn -0.619816 -0.757062 -0.206605
vn -0.612323 -0.763807 0.204108
vn -0.612323 -0.763807 0.204108
vn -0.612323 -0.763807 0.204108
vn -0.612323 -0.763807 0.204108
vn -0.619816 -0.757062 0.206605
vn -0.619816 -0.757062 0.206605
vn 0.612323 -0.763807 0.204108
vn 0.612323 -0.763807 0.204108
vn 0.612323 -0.763807 0.204108
vn 0.612323 -0.763807 0.204108
vn 0.619816 -0.757062 0.206605
vn 0.619816 -0.757062 0.206605
vn 0.612323 -0.763807 -0.204108
vn 0.612323 -0.763807 -0.204108
vn 0.612323 -0.763807 -0.204108
vn 0.612323 -0.763807 -0.204108
vn 0.619816 -0.757062 -0.206605
vn 0.619816 -0.757062 -0.206605
vn 0.204108 -0.763807 -0.612323
vn 0.204108 -0.763807 -0.612323
vn 0.204108 -0.763807 -0.612323
vn 0.204108 -0.763807 -0.612323
vn 0.206605 -0.757062 -0.619816
vn 0.206605 -0.757062 -0.619816
vn -0.204108 -0.763807 -0.612323
vn -0.204108 -0.763807 -0.612323
vn -0.204108 -0.763807 -0.612323
vn -0.204108 -0.763807 -0.612323
vn -0.206605 -0.757062 -0.619816
vn -0.206605 -0.757062 -0.619816
vn -0.348155 0.870388 -0.348156
vn -0.348155 0.870388 -0.348156
vn -0.348155 0.870388 -0.348156
vn -0.348155 0.870388 -0.348156
vn 0.348155 0.870388 -0.348156
vn 0.348155 0.870388 -0.348156
vn 0.348155 0.870388 -0.348156
vn 0.348155 0.870388 -0.348156
vn 0.348155 0.870388 0.348155
vn 0.348155 0.870388 0.348155
vn 0.348155 0.870388 0.348155
vn 0.348155 0.870388 0.348155
vn -0.348155 0.870388 0.348155
vn -0.348155 0.870388 0.348155
vn -0.348155 0.870388 0.348155
vn -0.348155 0.870388 0.348155
vn -0.994490 -0.103315 0.017780
vn -0.994490 -0.103315 0.017779
vn -0.994490 -0.103315 0.017779
vn -0.994490 -0.103315 0.017780
vn -0.994490 -0.103315 0.017780
vn -0.994490 -0.103315 0.017780
vn -0.994490 -0.103315 0.017780
vn -0.995671 -0.091226 0.017800
vn -0.995671 -0.091226 0.017800
vn -0.995671 -0.091226 0.017801
vn -0.995671 -0.091226 0.017801
vn -0.995671 -0.091226 0.017801
vn -0.995671 -0.091226 0.017801
vn -0.994490 -0.103315 0.017780
vn -0.995671 -0.091226 0.017801
vn -0.960382 -0.123311 0.249923
vn -0.960382 -0.123311 0.249923
vn -0.960382 -0.123311 0.249923
vn -0.960382 -0.123311 0.249923
vn -0.952704 -0.162723 0.256665
vn -0.952704 -0.162723 0.256665
vn -0.952704 -0.162723 0.256665
vn -0.983855 -0.116220 0.136093
vn -0.983855 -0.116220 0.136093
vn -0.983855 -0.116220 0.136093
vn -0.983855 -0.116220 0.136093
vn -0.999840 0.000000 0.017875
vn -0.999840 0.000000 0.017875
vn -0.999840 0.000000 0.017875
vn -0.999840 0.000000 0.017875
vn -0.999840 0.000000 0.017875
vn -0.999840 0.000000 0.017875
vn -0.999840 0.000000 0.017875
vn -0.999840 0.000000 0.017875
vn -0.999840 0.000000 0.017875
vn -0.999840 0.000000 0.017875
vn -0.466922 -0.774842 0.426150
vn -0.466922 -0.774842 0.426150
vn -0.466922 -0.774842 0.426150
vn -0.466922 -0.774842 0.426150
vn -0.261804 -0.692697 0.672034
vn -0.261804 -0.692697 0.672034
vn -0.261804 -0.692697 0.672034
vn -0.261804 -0.692697 0.672034
vn -0.101002 -0.679974 0.726246
vn -0.101002 -0.679974 0.726246
vn -0.101002 -0.679974 0.726246
vn -0.101002 -0.679974 0.726246
vn -0.270982 -0.824617 0.496564
vn -0.270982 -0.824617 0.496564
vn -0.270982 -0.824617 0.496564
vn -0.270982 -0.824617 0.496564
vn -0.883589 -0.111995 0.454673
vn -0.883589 -0.111995 0.454673
vn -0.883589 -0.111995 0.454673
vn -0.883589 -0.111995 0.454673
vn -0.834085 -0.215168 0.507942
vn -0.834085 -0.215168 0.507942
vn -0.834085 -0.215168 0.507942
vn -0.834085 -0.215168 0.507942
vn -0.889640 -0.350739 0.292443
vn -0.889640 -0.350739 0.292443
vn -0.889640 -0.350739 0.292443
vn -0.889640 -0.350739 0.292443
vn -0.869368 -0.378640 0.317539
vn -0.869368 -0.378640 0.317539
vn -0.899062 -0.113203 -0.422933
vn -0.899062 -0.113203 -0.422933
vn -0.899062 -0.113203 -0.422933
vn -0.899062 -0.113203 -0.422933
vn -0.961148 -0.163388 -0.222484
vn -0.961148 -0.163388 -0.222484
vn -0.961148 -0.163388 -0.222484
vn -0.961148 -0.163388 -0.222484
vn -0.968582 -0.124149 -0.215488
vn -0.968582 -0.124149 -0.215488
vn -0.968582 -0.124149 -0.215488
vn -0.899525 -0.350739 -0.260456
vn -0.899525 -0.350739 -0.260456
vn -0.899525 -0.350739 -0.260456
vn -0.899525 -0.350739 -0.260456
vn -0.880163 -0.378640 -0.286261
vn -0.880163 -0.378640 -0.286261
vn -0.851708 -0.215168 -0.477804
vn -0.851708 -0.215168 -0.477804
vn -0.851708 -0.215168 -0.477804
vn -0.851708 -0.215168 -0.477804
vn -0.285657 -0.692697 -0.662247
vn -0.285657 -0.692697 -0.662247
vn -0.285657 -0.692697 -0.662247
vn -0.285657 -0.692697 -0.662247
vn -0.481856 -0.774842 -0.409188
vn -0.481856 -0.774842 -0.409188
vn -0.481856 -0.774842 -0.409188
vn -0.481856 -0.774842 -0.409188
vn -0.288559 -0.824617 -0.486560
vn -0.288559 -0.824617 -0.486560
vn -0.288559 -0.824617 -0.486560
vn -0.288559 -0.824617 -0.486560
vn -0.126898 -0.679975 -0.722171
vn -0.126898 -0.679975 -0.722171
vn -0.126898 -0.679975 -0.722171
vn -0.126898 -0.679975 -0.722171
vn -0.988040 -0.116647 -0.100854
vn -0.988040 -0.116647 -0.100854
vn -0.988040 -0.116647 -0.100854
vn -0.988040 -0.116647 -0.100854
vn -0.772044 -0.360929 -0.523143
vn -0.772044 -0.360929 -0.523143
vn -0.772044 -0.360929 -0.523143
vn -0.772044 -0.360929 -0.523143
vn -0.782084 -0.524934 -0.335841
vn -0.782084 -0.524934 -0.335841
vn -0.782084 -0.524934 -0.335841
vn -0.782084 -0.524934 -0.335841
vn -0.613824 -0.522494 -0.591794
vn -0.613824 -0.522494 -0.591794
vn -0.613824 -0.522494 -0.591794
vn -0.613824 -0.522494 -0.591794
vn -0.752851 -0.360929 0.550405
vn -0.752851 -0.360929 0.550405
vn -0.752851 -0.360929 0.550405
vn -0.752851 -0.360929 0.550405
vn -0.592278 -0.522494 0.613357
vn -0.592278 -0.522494 0.613357
vn -0.592278 -0.522494 0.613357
vn -0.592278 -0.522494 0.613357
vn -0.769580 -0.524934 0.363581
vn -0.769580 -0.524934 0.363581
vn -0.769580 -0.524934 0.363581
vn -0.769580 -0.524934 0.363581
vn 0.096292 -0.103315 0.989977
vn 0.096292 -0.103315 0.989977
vn 0.096292 -0.103315 0.989977
vn 0.096292 -0.103315 0.989977
vn 0.096292 -0.103315 0.989977
vn 0.096292 -0.103315 0.989977
vn 0.096292 -0.103315 0.989977
vn 0.096407 -0.091226 0.991153
vn 0.096407 -0.091226 0.991153
vn 0.096407 -0.091226 0.991153
vn 0.096406 -0.091226 0.991153
vn 0.096406 -0.091226 0.991153
vn 0.096406 -0.091226 0.991153
vn 0.096292 -0.103315 0.989977
vn 0.096406 -0.091226 0.991153
vn 0.325015 -0.123311 0.937635
vn 0.325015 -0.123311 0.937635
vn 0.325015 -0.123311 0.937635
vn 0.325015 -0.123311 0.937635
vn 0.331130 -0.162723 0.929448
vn 0.331130 -0.162723 0.929448
vn 0.331130 -0.162723 0.929448
vn 0.213395 -0.116220 0.970029
vn 0.213395 -0.116220 0.970029
vn 0.213395 -0.116220 0.970029
vn 0.213395 -0.116220 0.970029
vn 0.096810 0.000000 0.995303
vn 0.096810 0.000000 0.995303
vn 0.096810 0.000000 0.995303
vn 0.096810 0.000000 0.995303
vn 0.096810 0.000000 0.995303
vn 0.096810 0.000000 0.995303
vn 0.096810 0.000000 0.995303
vn 0.096810 0.000000 0.995303
vn 0.096810 0.000000 0.995303
vn 0.096810 0.000000 0.995303
vn 0.461707 -0.774842 0.431795
vn 0.461707 -0.774842 0.431795
vn 0.461707 -0.774842 0.431795
vn 0.461707 -0.774842 0.431795
vn 0.690617 -0.692697 0.207892
vn 0.690617 -0.692697 0.207892
vn 0.690617 -0.692697 0.207892
vn 0.690617 -0.692697 0.207892
vn 0.731956 -0.679974 0.043310
vn 0.731956 -0.679974 0.043310
vn 0.731956 -0.679974 0.043310
vn 0.731956 -0.679974 0.043310
vn 0.516420 -0.824617 0.230905
vn 0.516420 -0.824617 0.230905
vn 0.516420 -0.824617 0.230905
vn 0.516420 -0.824617 0.230905
vn 0.523059 -0.111995 0.844906
vn 0.523059 -0.111995 0.844906
vn 0.523059 -0.111995 0.844906
vn 0.523059 -0.111995 0.844906
vn 0.572252 -0.215168 0.791347
vn 0.572252 -0.215168 0.791347
vn 0.572252 -0.215168 0.791347
vn 0.572252 -0.215168 0.791347
vn 0.361814 -0.350739 0.863755
vn 0.361814 -0.350739 0.863755
vn 0.361814 -0.350739 0.863755
vn 0.361814 -0.350739 0.863755
vn 0.385230 -0.378640 0.841564
vn 0.385230 -0.378640 0.841564
vn -0.350581 -0.113203 0.929666
vn -0.350581 -0.113203 0.929666
vn -0.350581 -0.113203 0.929666
vn -0.350581 -0.113203 0.929666
vn -0.145854 -0.163388 0.975721
vn -0.145854 -0.163388 0.975721
vn -0.145854 -0.163388 0.975721
vn -0.145854 -0.163388 0.975721
vn -0.138292 -0.124149 0.982579
vn -0.138292 -0.124149 0.982579
vn -0.138292 -0.124149 0.982579
vn -0.188576 -0.350739 0.917290
vn -0.188576 -0.350739 0.917290
vn -0.188576 -0.350739 0.917290
vn -0.188576 -0.350739 0.917290
vn -0.215830 -0.378640 0.900027
vn -0.215830 -0.378640 0.900027
vn -0.409024 -0.215168 0.886793
vn -0.409024 -0.215168 0.886793
vn -0.409024 -0.215168 0.886793
vn -0.409024 -0.215168 0.886793
vn -0.637608 -0.692697 0.337086
vn -0.637608 -0.692697 0.337086
vn -0.637608 -0.692697 0.337086
vn -0.637608 -0.692697 0.337086
vn -0.369840 -0.774842 0.512677
vn -0.369840 -0.774842 0.512677
vn -0.369840 -0.774842 0.512677
vn -0.369840 -0.774842 0.512677
vn -0.462242 -0.824617 0.326097
vn -0.462242 -0.824617 0.326097
vn -0.462242 -0.824617 0.326097
vn -0.462242 -0.824617 0.326097
vn -0.709889 -0.679974 0.183555
vn -0.709889 -0.679974 0.183555
vn -0.709889 -0.679974 0.183555
vn -0.709889 -0.679974 0.183555
vn -0.022479 -0.116647 0.992919
vn -0.022479 -0.116647 0.992919
vn -0.022479 -0.116647 0.992919
vn -0.022479 -0.116647 0.992919
vn -0.460514 -0.360929 0.810961
vn -0.460514 -0.360929 0.810961
vn -0.460514 -0.360929 0.810961
vn -0.460514 -0.360929 0.810961
vn -0.273003 -0.524934 0.806173
vn -0.273003 -0.524934 0.806173
vn -0.273003 -0.524934 0.806173
vn -0.273003 -0.524934 0.806173
vn -0.541450 -0.522494 0.658659
vn -0.541450 -0.522494 0.658659
vn -0.541450 -0.522494 0.658659
vn -0.541450 -0.522494 0.658659
vn 0.608163 -0.360929 0.707013
vn 0.608163 -0.360929 0.707013
vn 0.608163 -0.360929 0.707013
vn 0.608163 -0.360929 0.707013
vn 0.658232 -0.522494 0.541970
vn 0.658232 -0.522494 0.541970
vn 0.658232 -0.522494 0.541970
vn 0.658232 -0.522494 0.541970
vn 0.423244 -0.524934 0.738450
vn 0.423244 -0.524934 0.738450
vn 0.423244 -0.524934 0.738450
vn 0.423244 -0.524934 0.738450
vn 0.992466 -0.103315 -0.065862
vn 0.992466 -0.103315 -0.065861
vn 0.992466 -0.103315 -0.065861
vn 0.992466 -0.103315 -0.065862
vn 0.992466 -0.103315 -0.065862
vn 0.992466 -0.103315 -0.065862
vn 0.992466 -0.103315 -0.065862
vn 0.993645 -0.091226 -0.065940
vn 0.993645 -0.091226 -0.065940
vn 0.993645 -0.091226 -0.065940
vn 0.993645 -0.091226 -0.065940
vn 0.993645 -0.091226 -0.065940
vn 0.993645 -0.091226 -0.065940
vn 0.992466 -0.103315 -0.065862
vn 0.993645 -0.091226 -0.065940
vn 0.947169 -0.123311 -0.296084
vn 0.947169 -0.123311 -0.296084
vn 0.947169 -0.123311 -0.296084
vn 0.947169 -0.123311 -0.296084
vn 0.939174 -0.162723 -0.302447
vn 0.939174 -0.162723 -0.302447
vn 0.939174 -0.162723 -0.302447
vn 0.976121 -0.116220 -0.183521
vn 0.976121 -0.116220 -0.183521
vn 0.976121 -0.116220 -0.183521
vn 0.976121 -0.116220 -0.183521
vn 0.997805 0.000000 -0.066216
vn 0.997805 0.000000 -0.066216
vn 0.997805 0.000000 -0.066216
vn 0.997805 0.000000 -0.066216
vn 0.997805 0.000000 -0.066216
vn 0.997805 0.000000 -0.066216
vn 0.997805 0.000000 -0.066216
vn 0.997805 0.000000 -0.066216
vn 0.997805 0.000000 -0.066216
vn 0.997805 0.000000 -0.066216
vn 0.445762 -0.774842 -0.448237
vn 0.445762 -0.774842 -0.448237
vn 0.445762 -0.774842 -0.448237
vn 0.445762 -0.774842 -0.448237
vn 0.228991 -0.692697 -0.683911
vn 0.228991 -0.692697 -0.683911
vn 0.228991 -0.692697 -0.683911
vn 0.228991 -0.692697 -0.683911
vn 0.065757 -0.679974 -0.730281
vn 0.065757 -0.679974 -0.730281
vn 0.065757 -0.679974 -0.730281
vn 0.065757 -0.679974 -0.730281
vn 0.246647 -0.824617 -0.509090
vn 0.246647 -0.824617 -0.509090
vn 0.246647 -0.824617 -0.509090
vn 0.246647 -0.824617 -0.509090
vn 0.860562 -0.111995 -0.496880
vn 0.860562 -0.111995 -0.496880
vn 0.860562 -0.111995 -0.496880
vn 0.860562 -0.111995 -0.496880
vn 0.808540 -0.215168 -0.547692
vn 0.808540 -0.215168 -0.547692
vn 0.808540 -0.215168 -0.547692
vn 0.808540 -0.215168 -0.547692
vn 0.874453 -0.350739 -0.335132
vn 0.874453 -0.350739 -0.335132
vn 0.874453 -0.350739 -0.335132
vn 0.874453 -0.350739 -0.335132
vn 0.852991 -0.378640 -0.359218
vn 0.852991 -0.378640 -0.359218
vn 0.918467 -0.113203 0.378951
vn 0.918467 -0.113203 0.378951
vn 0.918467 -0.113203 0.378951
vn 0.918467 -0.113203 0.378951
vn 0.970784 -0.163388 0.175734
vn 0.970784 -0.163388 0.175734
vn 0.970784 -0.163388 0.175734
vn 0.970784 -0.163388 0.175734
vn 0.977872 -0.124149 0.168386
vn 0.977872 -0.124149 0.168386
vn 0.977872 -0.124149 0.168386
vn 0.911070 -0.350740 0.216642
vn 0.911070 -0.350740 0.216642
vn 0.911070 -0.350740 0.216642
vn 0.911070 -0.350740 0.216642
vn 0.892979 -0.378640 0.243352
vn 0.892979 -0.378640 0.243352
vn 0.873822 -0.215168 0.436048
vn 0.873822 -0.215168 0.436048
vn 0.873822 -0.215168 0.436048
vn 0.873822 -0.215168 0.436048
vn 0.317356 -0.692697 0.647654
vn 0.317356 -0.692697 0.647654
vn 0.317356 -0.692697 0.647654
vn 0.317356 -0.692697 0.647654
vn 0.501084 -0.774842 0.385402
vn 0.501084 -0.774842 0.385402
vn 0.501084 -0.774842 0.385402
vn 0.501084 -0.774842 0.385402
vn 0.311756 -0.824617 0.472033
vn 0.311756 -0.824617 0.472033
vn 0.311756 -0.824617 0.472033
vn 0.311756 -0.824617 0.472033
vn 0.161680 -0.679974 0.715189
vn 0.161680 -0.679974 0.715189
vn 0.161680 -0.679974 0.715189
vn 0.161680 -0.679974 0.715189
vn 0.991761 -0.116647 0.052944
vn 0.991761 -0.116647 0.052944
vn 0.991761 -0.116647 0.052944
vn 0.991761 -0.116647 0.052944
vn 0.796444 -0.360929 0.485187
vn 0.796444 -0.360929 0.485187
vn 0.796444 -0.360929 0.485187
vn 0.796444 -0.360929 0.485187
vn 0.797413 -0.524934 0.297618
vn 0.797413 -0.524934 0.297618
vn 0.797413 -0.524934 0.297618
vn 0.797413 -0.524934 0.297618
vn 0.641731 -0.522494 0.561411
vn 0.641731 -0.522494 0.561411
vn 0.641731 -0.522494 0.561411
vn 0.641731 -0.522494 0.561411
vn 0.725346 -0.360930 -0.586176
vn 0.725346 -0.360930 -0.586176
vn 0.725346 -0.360930 -0.586176
vn 0.725346 -0.360930 -0.586176
vn 0.561918 -0.522494 -0.641287
vn 0.561918 -0.522494 -0.641287
vn 0.561918 -0.522494 -0.641287
vn 0.561918 -0.522494 -0.641287
vn 0.751093 -0.524934 -0.400380
vn 0.751093 -0.524934 -0.400380
vn 0.751093 -0.524934 -0.400380
vn 0.751093 -0.524934 -0.400380
vn -0.017115 -0.103315 -0.994502
vn -0.017115 -0.103315 -0.994502
vn -0.017115 -0.103315 -0.994502
vn -0.017115 -0.103315 -0.994502
vn -0.017115 -0.103315 -0.994502
vn -0.017115 -0.103315 -0.994502
vn -0.017114 -0.103315 -0.994502
vn -0.017136 -0.091226 -0.995683
vn -0.017136 -0.091226 -0.995683
vn -0.017135 -0.091226 -0.995683
vn -0.017135 -0.091226 -0.995683
vn -0.017135 -0.091226 -0.995683
vn -0.017134 -0.091226 -0.995683
vn -0.017114 -0.103315 -0.994502
vn -0.017134 -0.091226 -0.995683
vn -0.249281 -0.123311 -0.960548
vn -0.249281 -0.123311 -0.960548
vn -0.249281 -0.123311 -0.960548
vn -0.249281 -0.123311 -0.960548
vn -0.256029 -0.162723 -0.952875
vn -0.256029 -0.162723 -0.952875
vn -0.256029 -0.162723 -0.952875
vn -0.135435 -0.116220 -0.983946
vn -0.135435 -0.116220 -0.983946
vn -0.135435 -0.116220 -0.983946
vn -0.135435 -0.116220 -0.983946
vn -0.017207 0.000000 -0.999852
vn -0.017207 0.000000 -0.999852
vn -0.017207 0.000000 -0.999852
vn -0.017207 0.000000 -0.999852
vn -0.017207 0.000000 -0.999852
vn -0.017207 0.000000 -0.999852
vn -0.017206 0.000000 -0.999852
vn -0.017206 0.000000 -0.999852
vn -0.017206 0.000000 -0.999852
vn -0.017206 0.000000 -0.999852
vn -0.425839 -0.774842 -0.467206
vn -0.425839 -0.774842 -0.467206
vn -0.425839 -0.774842 -0.467206
vn -0.425839 -0.774842 -0.467206
vn -0.671859 -0.692697 -0.262253
vn -0.671859 -0.692697 -0.262253
vn -0.671859 -0.692697 -0.262253
vn -0.671859 -0.692697 -0.262253
vn -0.726179 -0.679974 -0.101487
vn -0.726179 -0.679974 -0.101487
vn -0.726179 -0.679974 -0.101487
vn -0.726179 -0.679974 -0.101487
vn -0.496382 -0.824617 -0.271314
vn -0.496382 -0.824617 -0.271314
vn -0.496382 -0.824617 -0.271314
vn -0.496382 -0.824617 -0.271314
vn -0.454084 -0.111996 -0.883892
vn -0.454084 -0.111996 -0.883892
vn -0.454084 -0.111996 -0.883892
vn -0.454084 -0.111996 -0.883892
vn -0.507388 -0.215168 -0.834422
vn -0.507388 -0.215168 -0.834422
vn -0.507388 -0.215168 -0.834422
vn -0.507388 -0.215168 -0.834422
vn -0.291849 -0.350739 -0.889835
vn -0.291849 -0.350739 -0.889835
vn -0.291849 -0.350739 -0.889835
vn -0.291849 -0.350739 -0.889835
vn -0.316959 -0.378640 -0.869580
vn -0.316959 -0.378640 -0.869580
vn 0.423533 -0.113203 -0.898780
vn 0.423533 -0.113203 -0.898780
vn 0.423533 -0.113203 -0.898780
vn 0.423533 -0.113203 -0.898780
vn 0.223126 -0.163388 -0.960999
vn 0.223126 -0.163388 -0.960999
vn 0.223126 -0.163388 -0.960999
vn 0.223126 -0.163388 -0.960999
vn 0.216136 -0.124149 -0.968438
vn 0.216136 -0.124149 -0.968438
vn 0.216136 -0.124149 -0.968438
vn 0.261057 -0.350738 -0.899351
vn 0.261057 -0.350738 -0.899351
vn 0.261057 -0.350738 -0.899351
vn 0.261057 -0.350738 -0.899351
vn 0.286849 -0.378641 -0.879971
vn 0.286849 -0.378641 -0.879971
vn 0.478374 -0.215168 -0.851388
vn 0.478374 -0.215168 -0.851388
vn 0.478374 -0.215168 -0.851388
vn 0.478374 -0.215168 -0.851388
vn 0.662437 -0.692697 -0.285216
vn 0.662437 -0.692697 -0.285216
vn 0.662437 -0.692697 -0.285216
vn 0.662437 -0.692697 -0.285216
vn 0.409510 -0.774842 -0.481582
vn 0.409510 -0.774842 -0.481582
vn 0.409510 -0.774842 -0.481582
vn 0.409510 -0.774842 -0.481582
vn 0.486754 -0.824616 -0.288234
vn 0.486754 -0.824616 -0.288234
vn 0.486754 -0.824616 -0.288234
vn 0.486754 -0.824616 -0.288234
vn 0.722256 -0.679975 -0.126415
vn 0.722256 -0.679975 -0.126415
vn 0.722256 -0.679975 -0.126415
vn 0.722256 -0.679975 -0.126415
vn 0.101512 -0.116647 -0.987972
vn 0.101512 -0.116647 -0.987972
vn 0.101512 -0.116647 -0.987972
vn 0.101512 -0.116647 -0.987972
vn 0.523659 -0.360930 -0.771694
vn 0.523659 -0.360930 -0.771694
vn 0.523659 -0.360930 -0.771694
vn 0.523659 -0.360930 -0.771694
vn 0.336363 -0.524934 -0.781859
vn 0.336363 -0.524934 -0.781859
vn 0.336363 -0.524934 -0.781859
vn 0.336363 -0.524934 -0.781859
vn 0.592204 -0.522494 -0.613429
vn 0.592204 -0.522494 -0.613429
vn 0.592204 -0.522494 -0.613429
vn 0.592204 -0.522494 -0.613429
vn -0.549902 -0.360929 -0.753219
vn -0.549902 -0.360929 -0.753219
vn -0.549902 -0.360929 -0.753219
vn -0.549902 -0.360929 -0.753219
vn -0.612962 -0.522494 -0.592688
vn -0.612962 -0.522494 -0.592688
vn -0.612962 -0.522494 -0.592688
vn -0.612962 -0.522494 -0.592688
vn -0.363067 -0.524934 -0.769822
vn -0.363067 -0.524934 -0.769822
vn -0.363067 -0.524934 -0.769822
vn -0.363067 -0.524934 -0.769822
vn 0.994465 0.103368 -0.018836
vn 0.994459 0.103464 -0.018619
vn 0.994459 0.103464 -0.018619
vn 0.994465 0.103368 -0.018836
vn 0.994465 0.103368 -0.018836
vn 0.994465 0.103368 -0.018836
vn 0.994489 0.103467 -0.016944
vn 0.995677 0.091158 -0.017801
vn 0.995677 0.091158 -0.017801
vn 0.995677 0.091158 -0.017801
vn 0.995677 0.091158 -0.017801
vn 0.995677 0.091158 -0.017801
vn 0.995677 0.091158 -0.017801
vn 0.994489 0.103467 -0.016944
vn 0.995677 0.091158 -0.017801
vn 0.960302 0.123140 -0.250314
vn 0.960302 0.123140 -0.250314
vn 0.960302 0.123140 -0.250314
vn 0.960302 0.123140 -0.250314
vn 0.953698 0.164008 -0.252114
vn 0.953698 0.164008 -0.252114
vn 0.953698 0.164008 -0.252114
vn 0.983946 0.116369 -0.135311
vn 0.983946 0.116369 -0.135311
vn 0.983946 0.116369 -0.135311
vn 0.983946 0.116369 -0.135311
vn 0.999840 0.000383 -0.017875
vn 0.999842 0.000446 -0.017801
vn 0.999842 0.000446 -0.017801
vn 0.999840 0.000383 -0.017875
vn 0.999840 0.000383 -0.017875
vn 0.999840 0.000383 -0.017875
vn 0.999839 0.000446 -0.017950
vn 0.999839 0.000446 -0.017950
vn 0.999839 0.000446 -0.017950
vn 0.999839 0.000446 -0.017950
vn 0.468591 0.776857 -0.420614
vn 0.468591 0.776857 -0.420614
vn 0.468591 0.776857 -0.420614
vn 0.468591 0.776857 -0.420614
vn 0.264224 0.692216 -0.671582
vn 0.264224 0.692216 -0.671582
vn 0.264224 0.692216 -0.671582
vn 0.264224 0.692216 -0.671582
vn 0.102420 0.680648 -0.725417
vn 0.102420 0.680648 -0.725417
vn 0.102420 0.680648 -0.725417
vn 0.102420 0.680648 -0.725417
vn 0.273029 0.828973 -0.488117
vn 0.273029 0.828973 -0.488117
vn 0.273029 0.828973 -0.488117
vn 0.273029 0.828973 -0.488117
vn 0.884248 0.112409 -0.453287
vn 0.884248 0.112409 -0.453287
vn 0.884248 0.112409 -0.453287
vn 0.884248 0.112409 -0.453287
vn 0.834184 0.215953 -0.507446
vn 0.834184 0.215953 -0.507446
vn 0.834184 0.215953 -0.507446
vn 0.834184 0.215953 -0.507446
vn 0.890303 0.351294 -0.289747
vn 0.890303 0.351294 -0.289747
vn 0.890303 0.351294 -0.289747
vn 0.890303 0.351294 -0.289747
vn 0.869826 0.379593 -0.315138
vn 0.869826 0.379593 -0.315138
vn 0.899674 0.113610 0.421520
vn 0.899674 0.113610 0.421520
vn 0.899674 0.113610 0.421520
vn 0.899674 0.113610 0.421520
vn 0.961980 0.164656 0.217906
vn 0.961980 0.164656 0.217906
vn 0.961980 0.164656 0.217906
vn 0.961980 0.164656 0.217906
vn 0.968518 0.123981 0.215876
vn 0.968518 0.123981 0.215876
vn 0.968518 0.123981 0.215876
vn 0.900090 0.351297 0.257737
vn 0.900090 0.351297 0.257737
vn 0.900090 0.351297 0.257737
vn 0.900090 0.351297 0.257737
vn 0.880535 0.379592 0.283845
vn 0.880535 0.379592 0.283845
vn 0.851790 0.215959 0.477301
vn 0.851790 0.215959 0.477301
vn 0.851790 0.215959 0.477301
vn 0.851790 0.215959 0.477301
vn 0.288062 0.692216 0.661708
vn 0.288062 0.692216 0.661708
vn 0.288062 0.692216 0.661708
vn 0.288062 0.692216 0.661708
vn 0.483327 0.776856 0.403596
vn 0.483327 0.776856 0.403596
vn 0.483327 0.776856 0.403596
vn 0.483327 0.776856 0.403596
vn 0.290302 0.828973 0.478046
vn 0.290302 0.828973 0.478046
vn 0.290302 0.828973 0.478046
vn 0.290302 0.828973 0.478046
vn 0.128285 0.680647 0.721292
vn 0.128285 0.680647 0.721292
vn 0.128285 0.680647 0.721292
vn 0.128285 0.680647 0.721292
vn 0.988101 0.116793 0.100080
vn 0.988101 0.116793 0.100080
vn 0.988101 0.116793 0.100080
vn 0.988101 0.116793 0.100080
vn 0.772218 0.360969 0.522859
vn 0.772218 0.360969 0.522859
vn 0.772218 0.360969 0.522859
vn 0.772218 0.360969 0.522859
vn 0.781996 0.527023 0.332759
vn 0.781996 0.527023 0.332759
vn 0.781996 0.527023 0.332759
vn 0.781996 0.527023 0.332759
vn 0.614141 0.522533 0.591431
vn 0.614141 0.522533 0.591431
vn 0.614141 0.522533 0.591431
vn 0.614141 0.522533 0.591431
vn 0.753035 0.360970 -0.550126
vn 0.753035 0.360970 -0.550126
vn 0.753035 0.360970 -0.550126
vn 0.753035 0.360970 -0.550126
vn 0.592609 0.522532 -0.613005
vn 0.592609 0.522532 -0.613005
vn 0.592609 0.522532 -0.613005
vn 0.592609 0.522532 -0.613005
vn 0.769603 0.527022 -0.360498
vn 0.769603 0.527022 -0.360498
vn 0.769603 0.527022 -0.360498
vn 0.769603 0.527022 -0.360498
vn -0.097355 0.103368 -0.989867
vn -0.097115 0.103464 -0.989881
vn -0.097115 0.103464 -0.989881
vn -0.097355 0.103368 -0.989867
vn -0.097355 0.103368 -0.989867
vn -0.097355 0.103368 -0.989867
vn -0.095465 0.103467 -0.990041
vn -0.096408 0.091159 -0.991159
vn -0.096408 0.091159 -0.991159
vn -0.096407 0.091159 -0.991159
vn -0.096407 0.091159 -0.991159
vn -0.096407 0.091159 -0.991159
vn -0.096407 0.091159 -0.991159
vn -0.095465 0.103467 -0.990041
vn -0.096407 0.091159 -0.991159
vn -0.325384 0.123142 -0.937529
vn -0.325384 0.123142 -0.937529
vn -0.325384 0.123142 -0.937529
vn -0.325384 0.123142 -0.937529
vn -0.326671 0.164007 -0.930800
vn -0.326671 0.164007 -0.930800
vn -0.326671 0.164007 -0.930800
vn -0.212633 0.116370 -0.970178
vn -0.212633 0.116370 -0.970178
vn -0.212633 0.116370 -0.970178
vn -0.212633 0.116370 -0.970178
vn -0.096810 0.000386 -0.995303
vn -0.096736 0.000449 -0.995310
vn -0.096736 0.000449 -0.995310
vn -0.096810 0.000386 -0.995303
vn -0.096810 0.000386 -0.995303
vn -0.096810 0.000386 -0.995303
vn -0.096884 0.000449 -0.995296
vn -0.096884 0.000449 -0.995296
vn -0.096884 0.000449 -0.995296
vn -0.096884 0.000449 -0.995296
vn -0.456321 0.776856 -0.433896
vn -0.456321 0.776856 -0.433896
vn -0.456321 0.776856 -0.433896
vn -0.456321 0.776856 -0.433896
vn -0.690358 0.692216 -0.210341
vn -0.690358 0.692216 -0.210341
vn -0.690358 0.692216 -0.210341
vn -0.690358 0.692216 -0.210341
vn -0.731241 0.680647 -0.044790
vn -0.731241 0.680647 -0.044790
vn -0.731241 0.680647 -0.044790
vn -0.731241 0.680647 -0.044790
vn -0.508163 0.828973 -0.233613
vn -0.508163 0.828973 -0.233613
vn -0.508163 0.828973 -0.233613
vn -0.508163 0.828973 -0.233613
vn -0.521726 0.112410 -0.845675
vn -0.521726 0.112410 -0.845675
vn -0.521726 0.112410 -0.845675
vn -0.521726 0.112410 -0.845675
vn -0.571763 0.215953 -0.791487
vn -0.571763 0.215953 -0.791487
vn -0.571763 0.215953 -0.791487
vn -0.571763 0.215953 -0.791487
vn -0.359178 0.351292 -0.864630
vn -0.359178 0.351292 -0.864630
vn -0.359178 0.351292 -0.864630
vn -0.359178 0.351292 -0.864630
vn -0.382874 0.379593 -0.842210
vn -0.382874 0.379593 -0.842210
vn 0.349127 0.113609 -0.930163
vn 0.349127 0.113609 -0.930163
vn 0.349127 0.113609 -0.930163
vn 0.349127 0.113609 -0.930163
vn 0.141219 0.164657 -0.976189
vn 0.141219 0.164657 -0.976189
vn 0.141219 0.164657 -0.976189
vn 0.141219 0.164657 -0.976189
vn 0.138683 0.123981 -0.982546
vn 0.138683 0.123981 -0.982546
vn 0.138683 0.123981 -0.982546
vn 0.185819 0.351296 -0.917640
vn 0.185819 0.351296 -0.917640
vn 0.185819 0.351296 -0.917640
vn 0.185819 0.351296 -0.917640
vn 0.213393 0.379593 -0.900207
vn 0.213393 0.379593 -0.900207
vn 0.408516 0.215957 -0.886835
vn 0.408516 0.215957 -0.886835
vn 0.408516 0.215957 -0.886835
vn 0.408516 0.215957 -0.886835
vn 0.636882 0.692216 -0.339438
vn 0.636882 0.692216 -0.339438
vn 0.636882 0.692216 -0.339438
vn 0.636882 0.692216 -0.339438
vn 0.364150 0.776857 -0.513701
vn 0.364150 0.776857 -0.513701
vn 0.364150 0.776857 -0.513701
vn 0.364150 0.776857 -0.513701
vn 0.453617 0.828974 -0.327162
vn 0.453617 0.828974 -0.327162
vn 0.453617 0.828974 -0.327162
vn 0.453617 0.828974 -0.327162
vn 0.708904 0.680646 -0.184869
vn 0.708904 0.680646 -0.184869
vn 0.708904 0.680646 -0.184869
vn 0.708904 0.680646 -0.184869
vn 0.021701 0.116794 -0.992919
vn 0.021701 0.116794 -0.992919
vn 0.021701 0.116794 -0.992919
vn 0.021701 0.116794 -0.992919
vn 0.460217 0.360969 -0.811112
vn 0.460217 0.360969 -0.811112
vn 0.460217 0.360969 -0.811112
vn 0.460217 0.360969 -0.811112
vn 0.269938 0.527023 -0.805841
vn 0.269938 0.527023 -0.805841
vn 0.269938 0.527023 -0.805841
vn 0.269938 0.527023 -0.805841
vn 0.541063 0.522532 -0.658947
vn 0.541063 0.522532 -0.658947
vn 0.541063 0.522532 -0.658947
vn 0.541063 0.522532 -0.658947
vn -0.607900 0.360970 -0.707219
vn -0.607900 0.360970 -0.707219
vn -0.607900 0.360970 -0.707219
vn -0.607900 0.360970 -0.707219
vn -0.657907 0.522533 -0.542327
vn -0.657907 0.522533 -0.542327
vn -0.657907 0.522533 -0.542327
vn -0.657907 0.522533 -0.542327
vn -0.420174 0.527022 -0.738716
vn -0.420174 0.527022 -0.738716
vn -0.420174 0.527022 -0.738716
vn -0.420174 0.527022 -0.738716
vn -0.992389 0.103368 0.066920
vn -0.992395 0.103465 0.066693
vn -0.992395 0.103465 0.066693
vn -0.992389 0.103368 0.066920
vn -0.992389 0.103368 0.066920
vn -0.992389 0.103368 0.066920
vn -0.992505 0.103468 0.065026
vn -0.993651 0.091156 0.065940
vn -0.993651 0.091156 0.065940
vn -0.993651 0.091156 0.065940
vn -0.993651 0.091156 0.065940
vn -0.993651 0.091156 0.065940
vn -0.993651 0.091156 0.065940
vn -0.992505 0.103468 0.065026
vn -0.993651 0.091156 0.065940
vn -0.947074 0.123141 0.296458
vn -0.947074 0.123141 0.296458
vn -0.947074 0.123141 0.296458
vn -0.947074 0.123141 0.296458
vn -0.940387 0.164008 0.297949
vn -0.940387 0.164008 0.297949
vn -0.940387 0.164008 0.297949
vn -0.976248 0.116369 0.182753
vn -0.976248 0.116369 0.182753
vn -0.976248 0.116369 0.182753
vn -0.976248 0.116369 0.182753
vn -0.997805 0.000395 0.066216
vn -0.997810 0.000460 0.066140
vn -0.997810 0.000460 0.066140
vn -0.997805 0.000395 0.066216
vn -0.997805 0.000395 0.066216
vn -0.997805 0.000395 0.066216
vn -0.997800 0.000460 0.066292
vn -0.997800 0.000460 0.066292
vn -0.997800 0.000460 0.066292
vn -0.997800 0.000460 0.066292
vn -0.447697 0.776857 0.442787
vn -0.447697 0.776857 0.442787
vn -0.447697 0.776857 0.442787
vn -0.447697 0.776857 0.442787
vn -0.231431 0.692216 0.683577
vn -0.231431 0.692216 0.683577
vn -0.231431 0.692216 0.683577
vn -0.231431 0.692216 0.683577
vn -0.067213 0.680647 0.729522
vn -0.067213 0.680647 0.729522
vn -0.067213 0.680647 0.729522
vn -0.067213 0.680647 0.729522
vn -0.249100 0.828974 0.500752
vn -0.249100 0.828974 0.500752
vn -0.249100 0.828974 0.500752
vn -0.249100 0.828974 0.500752
vn -0.861289 0.112411 0.495525
vn -0.861289 0.112411 0.495525
vn -0.861289 0.112411 0.495525
vn -0.861289 0.112411 0.495525
vn -0.808663 0.215954 0.547200
vn -0.808663 0.215954 0.547200
vn -0.808663 0.215954 0.547200
vn -0.808663 0.215954 0.547200
vn -0.875246 0.351292 0.332472
vn -0.875246 0.351292 0.332472
vn -0.875246 0.351292 0.332472
vn -0.875246 0.351292 0.332472
vn -0.853564 0.379593 0.356844
vn -0.853564 0.379593 0.356844
vn -0.919010 0.113610 -0.377510
vn -0.919010 0.113610 -0.377510
vn -0.919010 0.113610 -0.377510
vn -0.919010 0.113610 -0.377510
vn -0.971394 0.164657 -0.171119
vn -0.971394 0.164657 -0.171119
vn -0.971394 0.164657 -0.171119
vn -0.971394 0.164657 -0.171119
vn -0.977827 0.123981 -0.168772
vn -0.977827 0.123981 -0.168772
vn -0.977827 0.123981 -0.168772
vn -0.911503 0.351296 -0.213899
vn -0.911503 0.351296 -0.213899
vn -0.911503 0.351296 -0.213899
vn -0.911503 0.351296 -0.213899
vn -0.893234 0.379591 -0.240922
vn -0.893234 0.379591 -0.240922
vn -0.873879 0.215958 -0.435542
vn -0.873879 0.215958 -0.435542
vn -0.873879 0.215958 -0.435542
vn -0.873879 0.215958 -0.435542
vn -0.319731 0.692215 -0.647001
vn -0.319731 0.692215 -0.647001
vn -0.319731 0.692215 -0.647001
vn -0.319731 0.692215 -0.647001
vn -0.502284 0.776856 -0.379746
vn -0.502284 0.776856 -0.379746
vn -0.502284 0.776856 -0.379746
vn -0.502284 0.776856 -0.379746
vn -0.313085 0.828973 -0.463445
vn -0.313085 0.828973 -0.463445
vn -0.313085 0.828973 -0.463445
vn -0.313085 0.828973 -0.463445
vn -0.163025 0.680647 -0.714243
vn -0.163025 0.680647 -0.714243
vn -0.163025 0.680647 -0.714243
vn -0.163025 0.680647 -0.714243
vn -0.991785 0.116793 -0.052170
vn -0.991785 0.116793 -0.052170
vn -0.991785 0.116793 -0.052170
vn -0.991785 0.116793 -0.052170
vn -0.796604 0.360969 -0.484895
vn -0.796604 0.360969 -0.484895
vn -0.796604 0.360969 -0.484895
vn -0.796604 0.360969 -0.484895
vn -0.797175 0.527024 -0.294545
vn -0.797175 0.527024 -0.294545
vn -0.797175 0.527024 -0.294545
vn -0.797175 0.527024 -0.294545
vn -0.642028 0.522533 -0.561034
vn -0.642028 0.522533 -0.561034
vn -0.642028 0.522533 -0.561034
vn -0.642028 0.522533 -0.561034
vn -0.725544 0.360969 0.585907
vn -0.725544 0.360969 0.585907
vn -0.725544 0.360969 0.585907
vn -0.725544 0.360969 0.585907
vn -0.562263 0.522533 0.640952
vn -0.562263 0.522533 0.640952
vn -0.562263 0.522533 0.640952
vn -0.562263 0.522533 0.640952
vn -0.751265 0.527023 0.397302
vn -0.751265 0.527023 0.397302
vn -0.751265 0.527023 0.397302
vn -0.751265 0.527023 0.397302
vn 0.018179 0.103368 0.994477
vn 0.017952 0.103464 0.994471
vn 0.017952 0.103464 0.994471
vn 0.018179 0.103368 0.994477
vn 0.018179 0.103368 0.994477
vn 0.018179 0.103368 0.994477
vn 0.016284 0.103467 0.994500
vn 0.017136 0.091158 0.995689
vn 0.017136 0.091158 0.995689
vn 0.017136 0.091158 0.995689
vn 0.017135 0.091158 0.995689
vn 0.017135 0.091158 0.995689
vn 0.017134 0.091158 0.995689
vn 0.016284 0.103467 0.994500
vn 0.017134 0.091158 0.995689
vn 0.249666 0.123141 0.960470
vn 0.249666 0.123141 0.960470
vn 0.249666 0.123141 0.960470
vn 0.249666 0.123141 0.960470
vn 0.251476 0.164008 0.953866
vn 0.251476 0.164008 0.953866
vn 0.251476 0.164008 0.953866
vn 0.134657 0.116370 0.984035
vn 0.134657 0.116370 0.984035
vn 0.134657 0.116370 0.984035
vn 0.134657 0.116370 0.984035
vn 0.017207 0.000395 0.999852
vn 0.017131 0.000459 0.999853
vn 0.017131 0.000459 0.999853
vn 0.017207 0.000395 0.999852
vn 0.017207 0.000395 0.999852
vn 0.017207 0.000395 0.999852
vn 0.017283 0.000459 0.999851
vn 0.017283 0.000459 0.999851
vn 0.017283 0.000459 0.999851
vn 0.017283 0.000459 0.999851
vn 0.420302 0.776856 0.468872
vn 0.420302 0.776856 0.468872
vn 0.420302 0.776856 0.468872
vn 0.420302 0.776856 0.468872
vn 0.671405 0.692216 0.264674
vn 0.671405 0.692216 0.264674
vn 0.671405 0.692216 0.264674
vn 0.671405 0.692216 0.264674
vn 0.725349 0.680647 0.102905
vn 0.725349 0.680647 0.102905
vn 0.725349 0.680647 0.102905
vn 0.725349 0.680647 0.102905
vn 0.487936 0.828973 0.273355
vn 0.487936 0.828973 0.273355
vn 0.487936 0.828973 0.273355
vn 0.487936 0.828973 0.273355
vn 0.452694 0.112411 0.884552
vn 0.452694 0.112411 0.884552
vn 0.452694 0.112411 0.884552
vn 0.452694 0.112411 0.884552
vn 0.506887 0.215952 0.834524
vn 0.506887 0.215952 0.834524
vn 0.506887 0.215952 0.834524
vn 0.506887 0.215952 0.834524
vn 0.289153 0.351291 0.890497
vn 0.289153 0.351291 0.890497
vn 0.289153 0.351291 0.890497
vn 0.289153 0.351291 0.890497
vn 0.314557 0.379594 0.870036
vn 0.314557 0.379594 0.870036
vn -0.422123 0.113609 0.899392
vn -0.422123 0.113609 0.899392
vn -0.422123 0.113609 0.899392
vn -0.422123 0.113609 0.899392
vn -0.218544 0.164657 0.961835
vn -0.218544 0.164657 0.961835
vn -0.218544 0.164657 0.961835
vn -0.218544 0.164657 0.961835
vn -0.216518 0.123981 0.968374
vn -0.216518 0.123981 0.968374
vn -0.216518 0.123981 0.968374
vn -0.258338 0.351297 0.899918
vn -0.258338 0.351297 0.899918
vn -0.258338 0.351297 0.899918
vn -0.258338 0.351297 0.899918
vn -0.284435 0.379593 0.880344
vn -0.284435 0.379593 0.880344
vn -0.477871 0.215960 0.851470
vn -0.477871 0.215960 0.851470
vn -0.477871 0.215960 0.851470
vn -0.477871 0.215960 0.851470
vn -0.661901 0.692216 0.287618
vn -0.661901 0.692216 0.287618
vn -0.661901 0.692216 0.287618
vn -0.661901 0.692216 0.287618
vn -0.403920 0.776856 0.483056
vn -0.403920 0.776856 0.483056
vn -0.403920 0.776856 0.483056
vn -0.403920 0.776856 0.483056
vn -0.478241 0.828973 0.289982
vn -0.478241 0.828973 0.289982
vn -0.478241 0.828973 0.289982
vn -0.478241 0.828973 0.289982
vn -0.721377 0.680647 0.127805
vn -0.721377 0.680647 0.127805
vn -0.721377 0.680647 0.127805
vn -0.721377 0.680647 0.127805
vn -0.100744 0.116793 0.988033
vn -0.100744 0.116793 0.988033
vn -0.100744 0.116793 0.988033
vn -0.100744 0.116793 0.988033
vn -0.523375 0.360969 0.771868
vn -0.523375 0.360969 0.771868
vn -0.523375 0.360969 0.771868
vn -0.523375 0.360969 0.771868
vn -0.333280 0.527023 0.781775
vn -0.333280 0.527023 0.781775
vn -0.333280 0.527023 0.781775
vn -0.333280 0.527023 0.781775
vn -0.591842 0.522532 0.613746
vn -0.591842 0.522532 0.613746
vn -0.591842 0.522532 0.613746
vn -0.591842 0.522532 0.613746
vn 0.549624 0.360970 0.753402
vn 0.549624 0.360970 0.753402
vn 0.549624 0.360970 0.753402
vn 0.549624 0.360970 0.753402
vn 0.612609 0.522533 0.593017
vn 0.612609 0.522533 0.593017
vn 0.612609 0.522533 0.593017
vn 0.612609 0.522533 0.593017
vn 0.359984 0.527023 0.769843
vn 0.359984 0.527023 0.769843
vn 0.359984 0.527023 0.769843
vn 0.359984 0.527023 0.769843
vn 0.000000 -1.000000 0.000000
vn 0.000000 -1.000000 0.000000
vn 0.000000 -1.000000 0.000000
vn 0.000000 -1.000000 0.000000
vn -0.000002 -1.000000 0.000000
vn -0.000002 -1.000000 0.000000
vn 0.006470 -0.932072 0.362215
vn 0.006470 -0.932072 0.362215
vn 0.006470 -0.932072 0.362215
vn 0.006470 -0.932072 0.362215
vn 0.015900 0.027245 0.999502
vn 0.015900 0.027245 0.999502
vn 0.015900 0.027245 0.999502
vn 0.015900 0.027245 0.999502
vn 0.023400 -0.271973 0.962020
vn 0.023400 -0.271973 0.962020
vn 0.023400 -0.271973 0.962020
vn 0.023400 -0.271973 0.962020
vn -0.078896 0.019567 -0.996691
vn -0.078896 0.019567 -0.996691
vn -0.078896 0.019567 -0.996691
vn -0.078896 0.019567 -0.996691
vn -0.236436 -0.091193 -0.967358
vn -0.236436 -0.091193 -0.967358
vn -0.236436 -0.091193 -0.967358
vn -0.236436 -0.091193 -0.967358
vn -0.202187 -0.087685 0.975414
vn -0.202187 -0.087685 0.975414
vn -0.202187 -0.087685 0.975414
vn -0.202187 -0.087685 0.975414
vn -0.043649 0.023226 0.998777
vn -0.043649 0.023226 0.998777
vn -0.043649 0.023226 0.998777
vn -0.043649 0.023226 0.998777
vn -0.010979 -0.271982 -0.962240
vn -0.010979 -0.271982 -0.962240
vn -0.010979 -0.271982 -0.962240
vn -0.010979 -0.271982 -0.962240
vn -0.019574 0.024004 -0.999520
vn -0.019574 0.024004 -0.999520
vn -0.019574 0.024004 -0.999520
vn -0.019574 0.024004 -0.999520
vn -0.954554 0.298023 -0.003002
vn -0.954554 0.298023 -0.003002
vn -0.954554 0.298023 -0.003002
vn -0.954554 0.298023 -0.003002
vn -0.953833 0.298036 0.037114
vn -0.953833 0.298036 0.037114
vn -0.985431 0.112307 0.127725
vn -0.985431 0.112307 0.127725
vn -0.985431 0.112307 0.127725
vn -0.985431 0.112307 0.127725
vn -0.036856 -0.875487 0.481834
vn -0.036856 -0.875487 0.481834
vn -0.036856 -0.875487 0.481834
vn -0.036856 -0.875487 0.481834
vn -0.234687 -0.593269 0.770035
vn -0.234687 -0.593269 0.770035
vn -0.234687 -0.593269 0.770035
vn -0.234687 -0.593269 0.770035
vn -0.419700 -0.550486 -0.721677
vn -0.419700 -0.550486 -0.721677
vn -0.419700 -0.550486 -0.721677
vn -0.419700 -0.550486 -0.721677
vn -0.630463 -0.494121 -0.598632
vn -0.630463 -0.494121 -0.598632
vn -0.630463 -0.494121 -0.598632
vn -0.630463 -0.494121 -0.598632
vn -0.558005 -0.276372 0.782463
vn -0.558005 -0.276372 0.782463
vn -0.558005 -0.276372 0.782463
vn -0.558005 -0.276372 0.782463
vn -0.387169 -0.403552 0.829003
vn -0.387169 -0.403552 0.829003
vn -0.387169 -0.403552 0.829003
vn -0.387169 -0.403552 0.829003
vn -0.261739 -0.594840 -0.760038
vn -0.261739 -0.594840 -0.760038
vn -0.261739 -0.594840 -0.760038
vn -0.261739 -0.594840 -0.760038
vn -0.054255 -0.875538 -0.480094
vn -0.054255 -0.875538 -0.480094
vn -0.054255 -0.875538 -0.480094
vn -0.054255 -0.875538 -0.480094
vn -0.006467 -0.932073 -0.362214
vn -0.006467 -0.932073 -0.362214
vn -0.006467 -0.932073 -0.362214
vn -0.006467 -0.932073 -0.362214
vn -0.989365 0.112311 -0.092426
vn -0.989365 0.112311 -0.092426
vn -0.989365 0.112311 -0.092426
vn -0.989365 0.112311 -0.092426
vn -0.416557 -0.403554 -0.814631
vn -0.416557 -0.403554 -0.814631
vn -0.416557 -0.403554 -0.814631
vn -0.416557 -0.403554 -0.814631
vn -0.585618 -0.276374 -0.762016
vn -0.585618 -0.276374 -0.762016
vn -0.585618 -0.276374 -0.762016
vn -0.585618 -0.276374 -0.762016
vn -0.608662 -0.494118 0.620788
vn -0.608662 -0.494118 0.620788
vn -0.608662 -0.494118 0.620788
vn -0.608662 -0.494118 0.620788
vn -0.393637 -0.550488 0.736216
vn -0.393637 -0.550488 0.736216
vn -0.393637 -0.550488 0.736216
vn -0.393637 -0.550488 0.736216
vn 0.000000 -1.000000 0.000000
vn 0.000000 -1.000000 0.000000
vn 0.000000 -1.000000 0.000000
vn 0.000000 -1.000000 0.000000
vn 0.000000 -1.000000 0.000000
vn 0.000000 -1.000000 0.000000
vn 0.360571 -0.932072 -0.035070
vn 0.360571 -0.932072 -0.035070
vn 0.360571 -0.932072 -0.035070
vn 0.360571 -0.932072 -0.035070
vn 0.995122 0.027247 -0.094816
vn 0.995122 0.027247 -0.094816
vn 0.995122 0.027247 -0.094816
vn 0.995122 0.027247 -0.094816
vn 0.957163 -0.271982 -0.099326
vn 0.957163 -0.271982 -0.099326
vn 0.957163 -0.271982 -0.099326
vn 0.957163 -0.271982 -0.099326
vn -0.987341 0.019567 0.157400
vn -0.987341 0.019567 0.157400
vn -0.987341 0.019567 0.157400
vn -0.987341 0.019567 0.157400
vn -0.945656 -0.091193 0.312120
vn -0.945656 -0.091193 0.312120
vn -0.945656 -0.091193 0.312120
vn -0.945656 -0.091193 0.312120
vn 0.988339 -0.087685 0.124488
vn 0.988339 -0.087685 0.124488
vn 0.988339 -0.087685 0.124488
vn 0.988339 -0.087685 0.124488
vn 0.999103 0.023227 -0.035409
vn 0.999103 0.023227 -0.035409
vn 0.999103 0.023227 -0.035409
vn 0.999103 0.023227 -0.035409
vn -0.958368 -0.271973 0.086962
vn -0.958368 -0.271973 0.086962
vn -0.958368 -0.271973 0.086962
vn -0.958368 -0.271973 0.086962
vn -0.994850 0.024003 0.098480
vn -0.994850 0.024003 0.098480
vn -0.994850 0.024003 0.098480
vn -0.994850 0.024003 0.098480
vn 0.072429 0.298026 0.951806
vn 0.072429 0.298026 0.951806
vn 0.072429 0.298026 0.951806
vn 0.072429 0.298026 0.951806
vn 0.112360 0.298023 0.947923
vn 0.112360 0.298023 0.947923
vn 0.205187 0.112313 0.972257
vn 0.205187 0.112313 0.972257
vn 0.205187 0.112313 0.972257
vn 0.205187 0.112313 0.972257
vn 0.483242 -0.875486 -0.001329
vn 0.483242 -0.875486 -0.001329
vn 0.483242 -0.875486 -0.001329
vn 0.483242 -0.875486 -0.001329
vn 0.786171 -0.593266 0.173118
vn 0.786171 -0.593266 0.173118
vn 0.786171 -0.593266 0.173118
vn 0.786171 -0.593266 0.173118
vn -0.686264 -0.550484 0.475405
vn -0.686264 -0.550484 0.475405
vn -0.686264 -0.550484 0.475405
vn -0.686264 -0.550484 0.475405
vn -0.546948 -0.494118 0.675793
vn -0.546948 -0.494118 0.675793
vn -0.546948 -0.494118 0.675793
vn -0.546948 -0.494118 0.675793
vn 0.824110 -0.276366 0.494434
vn 0.824110 -0.276366 0.494434
vn 0.824110 -0.276366 0.494434
vn 0.824110 -0.276366 0.494434
vn 0.857000 -0.403552 0.320463
vn 0.857000 -0.403552 0.320463
vn 0.857000 -0.403552 0.320463
vn 0.857000 -0.403552 0.320463
vn -0.736986 -0.594840 0.320964
vn -0.736986 -0.594840 0.320964
vn -0.736986 -0.594840 0.320964
vn -0.736986 -0.594840 0.320964
vn -0.474315 -0.875532 0.092027
vn -0.474315 -0.875532 0.092027
vn -0.474315 -0.875532 0.092027
vn -0.474315 -0.875532 0.092027
vn -0.360571 -0.932072 0.035070
vn -0.360571 -0.932072 0.035070
vn -0.360571 -0.932072 0.035070
vn -0.360571 -0.932072 0.035070
vn -0.013972 0.112309 0.993575
vn -0.013972 0.112309 0.993575
vn -0.013972 0.112309 0.993575
vn -0.013972 0.112309 0.993575
vn -0.779179 -0.403552 0.479610
vn -0.779179 -0.403552 0.479610
vn -0.779179 -0.403552 0.479610
vn -0.779179 -0.403552 0.479610
vn -0.713373 -0.276370 0.643987
vn -0.713373 -0.276370 0.643987
vn -0.713373 -0.276370 0.643987
vn -0.713373 -0.276370 0.643987
vn 0.666930 -0.494119 0.557719
vn 0.666930 -0.494119 0.557719
vn 0.666930 -0.494119 0.557719
vn 0.666930 -0.494119 0.557719
vn 0.765008 -0.550494 0.334246
vn 0.765008 -0.550494 0.334246
vn 0.765008 -0.550494 0.334246
vn 0.765008 -0.550494 0.334246
vn 0.000002 -1.000000 0.000000
vn 0.000002 -1.000000 0.000000
vn 0.000002 -1.000000 0.000000
vn 0.000002 -1.000000 0.000000
vn -0.000002 -1.000000 0.000000
vn -0.000002 -1.000000 0.000000
vn -0.023981 -0.932072 -0.361478
vn -0.023981 -0.932072 -0.361478
vn -0.023981 -0.932072 -0.361478
vn -0.023981 -0.932072 -0.361478
vn -0.064231 0.027246 -0.997563
vn -0.064231 0.027246 -0.997563
vn -0.064231 0.027246 -0.997563
vn -0.064231 0.027246 -0.997563
vn -0.069901 -0.271975 -0.959762
vn -0.069901 -0.271975 -0.959762
vn -0.069901 -0.271975 -0.959762
vn -0.069901 -0.271975 -0.959762
vn 0.127023 0.019567 0.991707
vn 0.127023 0.019567 0.991707
vn 0.127023 0.019567 0.991707
vn 0.127023 0.019567 0.991707
vn 0.282957 -0.091194 0.954787
vn 0.282957 -0.091194 0.954787
vn 0.282957 -0.091194 0.954787
vn 0.282957 -0.091194 0.954787
vn 0.154779 -0.087687 -0.984050
vn 0.154779 -0.087687 -0.984050
vn 0.154779 -0.087687 -0.984050
vn 0.154779 -0.087687 -0.984050
vn -0.004715 0.023226 -0.999719
vn -0.004715 0.023226 -0.999719
vn -0.004715 0.023226 -0.999719
vn -0.004715 0.023226 -0.999719
vn 0.057505 -0.271980 0.960583
vn 0.057505 -0.271980 0.960583
vn 0.057505 -0.271980 0.960583
vn 0.057505 -0.271980 0.960583
vn 0.067902 0.024003 0.997403
vn 0.067902 0.024003 0.997403
vn 0.067902 0.024003 0.997403
vn 0.067902 0.024003 0.997403
vn 0.953585 0.298013 -0.043177
vn 0.953585 0.298013 -0.043177
vn 0.953585 0.298013 -0.043177
vn 0.953585 0.298013 -0.043177
vn 0.950925 0.298023 -0.083206
vn 0.950925 0.298023 -0.083206
vn 0.978101 0.112299 -0.175236
vn 0.978101 0.112299 -0.175236
vn 0.978101 0.112299 -0.175236
vn 0.978101 0.112299 -0.175236
vn 0.013511 -0.875485 -0.483056
vn 0.013511 -0.875485 -0.483056
vn 0.013511 -0.875485 -0.483056
vn 0.013511 -0.875485 -0.483056
vn 0.197174 -0.593268 -0.780485
vn 0.197174 -0.593268 -0.780485
vn 0.197174 -0.593268 -0.780485
vn 0.197174 -0.593268 -0.780485
vn 0.454119 -0.550481 0.700533
vn 0.454119 -0.550481 0.700533
vn 0.454119 -0.550481 0.700533
vn 0.454119 -0.550481 0.700533
vn 0.658680 -0.494123 0.567436
vn 0.658680 -0.494123 0.567436
vn 0.658680 -0.494123 0.567436
vn 0.658680 -0.494123 0.567436
vn 0.519499 -0.276367 -0.808543
vn 0.519499 -0.276367 -0.808543
vn 0.519499 -0.276367 -0.808543
vn 0.519499 -0.276367 -0.808543
vn 0.346610 -0.403548 -0.846765
vn 0.346610 -0.403548 -0.846765
vn 0.346610 -0.403548 -0.846765
vn 0.346610 -0.403548 -0.846765
vn 0.298192 -0.594839 0.746490
vn 0.298192 -0.594839 0.746490
vn 0.298192 -0.594839 0.746490
vn 0.298192 -0.594839 0.746490
vn 0.077414 -0.875535 0.476913
vn 0.077414 -0.875535 0.476913
vn 0.077414 -0.875535 0.476913
vn 0.077414 -0.875535 0.476913
vn 0.023981 -0.932072 0.361478
vn 0.023981 -0.932072 0.361478
vn 0.023981 -0.932072 0.361478
vn 0.023981 -0.932072 0.361478
vn 0.992678 0.112309 0.044456
vn 0.992678 0.112309 0.044456
vn 0.992678 0.112309 0.044456
vn 0.992678 0.112309 0.044456
vn 0.455460 -0.403551 0.793538
vn 0.455460 -0.403551 0.793538
vn 0.455460 -0.403551 0.793538
vn 0.455460 -0.403551 0.793538
vn 0.621793 -0.276375 0.732796
vn 0.621793 -0.276375 0.732796
vn 0.621793 -0.276375 0.732796
vn 0.621793 -0.276375 0.732796
vn 0.577920 -0.494123 -0.649501
vn 0.577920 -0.494123 -0.649501
vn 0.577920 -0.494123 -0.649501
vn 0.577920 -0.494123 -0.649501
vn 0.357563 -0.550482 -0.754399
vn 0.357563 -0.550482 -0.754399
vn 0.357563 -0.550482 -0.754399
vn 0.357563 -0.550482 -0.754399
vn 0.000000 -1.000000 0.000000
vn 0.000000 -1.000000 0.000000
vn 0.000000 -1.000000 0.000000
vn 0.000000 -1.000000 0.000000
vn 0.000000 -1.000000 0.000000
vn 0.000000 -1.000000 0.000000
vn -0.362219 -0.932072 0.006225
vn -0.362219 -0.932072 0.006225
vn -0.362219 -0.932072 0.006225
vn -0.362219 -0.932072 0.006225
vn -0.999513 0.027247 0.015243
vn -0.999513 0.027247 0.015243
vn -0.999513 0.027247 0.015243
vn -0.999513 0.027247 0.015243
vn -0.962036 -0.271973 0.022754
vn -0.962036 -0.271973 0.022754
vn -0.962036 -0.271973 0.022754
vn -0.962036 -0.271973 0.022754
vn 0.996742 0.019565 -0.078251
vn 0.996742 0.019565 -0.078251
vn 0.996742 0.019565 -0.078251
vn 0.996742 0.019565 -0.078251
vn 0.967513 -0.091194 -0.235801
vn 0.967513 -0.091194 -0.235801
vn 0.967513 -0.091194 -0.235801
vn 0.967513 -0.091194 -0.235801
vn -0.975276 -0.087687 -0.202849
vn -0.975276 -0.087687 -0.202849
vn -0.975276 -0.087687 -0.202849
vn -0.975276 -0.087687 -0.202849
vn -0.998748 0.023226 -0.044310
vn -0.998748 0.023226 -0.044310
vn -0.998748 0.023226 -0.044310
vn -0.998748 0.023226 -0.044310
vn 0.962247 -0.271981 -0.010332
vn 0.962247 -0.271981 -0.010332
vn 0.962247 -0.271981 -0.010332
vn 0.962247 -0.271981 -0.010332
vn 0.999533 0.024003 -0.018917
vn 0.999533 0.024003 -0.018917
vn 0.999533 0.024003 -0.018917
vn 0.999533 0.024003 -0.018917
vn 0.003634 0.298027 -0.954551
vn 0.003634 0.298027 -0.954551
vn 0.003634 0.298027 -0.954551
vn 0.003634 0.298027 -0.954551
vn -0.036482 0.298024 -0.953861
vn -0.036482 0.298024 -0.953861
vn -0.127075 0.112309 -0.985515
vn -0.127075 0.112309 -0.985515
vn -0.127075 0.112309 -0.985515
vn -0.127075 0.112309 -0.985515
vn -0.481813 -0.875485 -0.037170
vn -0.481813 -0.875485 -0.037170
vn -0.481813 -0.875485 -0.037170
vn -0.481813 -0.875485 -0.037170
vn -0.769877 -0.593268 -0.235208
vn -0.769877 -0.593268 -0.235208
vn -0.769877 -0.593268 -0.235208
vn -0.769877 -0.593268 -0.235208
vn 0.721968 -0.550475 -0.419212
vn 0.721968 -0.550475 -0.419212
vn 0.721968 -0.550475 -0.419212
vn 0.721968 -0.550475 -0.419212
vn 0.599049 -0.494119 -0.630069
vn 0.599049 -0.494119 -0.630069
vn 0.599049 -0.494119 -0.630069
vn 0.599049 -0.494119 -0.630069
vn -0.782094 -0.276370 -0.558524
vn -0.782094 -0.276370 -0.558524
vn -0.782094 -0.276370 -0.558524
vn -0.782094 -0.276370 -0.558524
vn -0.828752 -0.403546 -0.387711
vn -0.828752 -0.403546 -0.387711
vn -0.828752 -0.403546 -0.387711
vn -0.828752 -0.403546 -0.387711
vn 0.760215 -0.594839 -0.261229
vn 0.760215 -0.594839 -0.261229
vn 0.760215 -0.594839 -0.261229
vn 0.760215 -0.594839 -0.261229
vn 0.480141 -0.875531 -0.053944
vn 0.480141 -0.875531 -0.053944
vn 0.480141 -0.875531 -0.053944
vn 0.480141 -0.875531 -0.053944
vn 0.362219 -0.932072 -0.006224
vn 0.362219 -0.932072 -0.006224
vn 0.362219 -0.932072 -0.006224
vn 0.362219 -0.932072 -0.006224
vn 0.093082 0.112306 -0.989304
vn 0.093082 0.112306 -0.989304
vn 0.093082 0.112306 -0.989304
vn 0.093082 0.112306 -0.989304
vn 0.814918 -0.403549 -0.416000
vn 0.814918 -0.403549 -0.416000
vn 0.814918 -0.403549 -0.416000
vn 0.814918 -0.403549 -0.416000
vn 0.762414 -0.276368 -0.585103
vn 0.762414 -0.276368 -0.585103
vn 0.762414 -0.276368 -0.585103
vn 0.762414 -0.276368 -0.585103
vn -0.620372 -0.494124 -0.609082
vn -0.620372 -0.494124 -0.609082
vn -0.620372 -0.494124 -0.609082
vn -0.620372 -0.494124 -0.609082
vn -0.735958 -0.550482 -0.394126
vn -0.735958 -0.550482 -0.394126
vn -0.735958 -0.550482 -0.394126
vn -0.735958 -0.550482 -0.394126
g Turnip_White
usemtl White
f 1 2 3
f 1 3 4
f 5 6 7
f 5 7 8
f 9 10 11
f 9 11 12
f 13 14 15
f 13 15 16
f 17 18 19
f 17 19 20
f 21 22 23
f 21 23 24
f 25 26 27
f 25 27 28
f 29 30 31
f 29 31 32
f 33 34 35
f 33 35 36
f 37 38 39
f 37 39 40
f 41 42 43
f 41 43 44
f 45 46 47
f 45 47 48
f 49 50 51
f 49 51 52
f 53 54 55
f 53 55 56
f 57 58 59
f 57 59 60
f 61 62 63
f 61 63 64
f 65 66 67
f 65 67 68
f 69 70 71
f 69 71 72
f 73 74 75
f 73 75 76
f 77 78 79
f 77 79 80
f 81 82 83
f 81 83 84
f 85 86 87
f 85 87 88
f 89 90 91
f 89 91 92
f 93 94 95
f 93 95 96
f 97 98 99
f 97 99 100
f 101 102 103
f 101 103 104
f 105 106 107
f 105 107 108
f 109 110 111
f 109 111 112
f 113 114 115
f 113 115 116
f 117 118 119
f 117 119 120
f 121 122 123
f 121 123 124
f 125 126 127
f 125 127 128
f 129 130 131
f 129 131 132
f 133 134 135
f 133 135 136
f 137 138 139
f 137 139 140
f 141 142 143
f 141 143 144
f 145 146 147
f 145 147 148
f 145 148 149
f 145 149 150
f 151 152 153
f 151 154 152
f 151 155 154
f 151 156 155
f 157 158 159
f 157 159 160
f 157 160 161
f 157 161 162
f 163 164 165
f 163 166 164
f 163 167 166
f 163 168 167
f 169 170 171
f 169 171 172
f 169 172 173
f 169 173 174
f 175 176 177
f 175 178 176
f 175 179 178
f 175 180 179
f 181 182 183
f 181 183 184
f 181 184 185
f 181 185 186
f 187 188 189
f 187 190 188
f 187 191 190
f 187 192 191
g Turnip_PalePink2
usemtl PalePink2
f 193 194 195
f 193 195 196
f 197 198 199
f 197 199 200
f 201 202 203
f 201 203 204
f 205 206 207
f 205 207 208
g Turnip_DarkGreen
usemtl DarkGreen
f 209 210 211
f 209 211 212
f 209 212 213
f 209 213 214
f 215 214 213
f 216 212 211
f 216 213 212
f 216 211 217
f 216 218 213
f 219 213 218
f 215 213 220
f 219 220 213
f 215 220 221
f 219 221 220
f 215 221 222
f 219 223 221
f 224 225 226
f 224 227 225
f 228 227 229
f 228 229 230
f 231 232 233
f 231 233 234
f 235 236 237
f 235 237 238
f 235 238 239
f 235 239 240
f 241 240 239
f 241 239 242
f 241 242 243
f 241 243 244
f 245 246 247
f 245 247 248
f 249 250 251
f 249 251 252
f 253 254 255
f 253 255 256
f 257 258 259
f 257 259 260
f 261 262 263
f 261 263 264
f 265 266 267
f 265 267 268
f 269 270 271
f 269 271 272
f 273 272 271
f 273 271 274
f 275 276 277
f 275 277 278
f 279 280 281
f 279 281 282
f 283 284 282
f 283 285 284
f 286 287 288
f 286 289 287
f 290 287 289
f 290 291 287
f 292 293 294
f 292 294 295
f 296 297 298
f 296 298 299
f 300 301 302
f 300 302 303
f 304 305 306
f 304 306 307
f 308 309 310
f 308 310 311
f 312 313 314
f 312 314 315
f 316 317 318
f 316 318 319
f 320 321 322
f 320 322 323
f 324 325 326
f 324 326 327
f 328 329 330
f 328 330 331
f 332 333 334
f 332 334 335
f 336 337 338
f 336 338 339
f 340 341 342
f 340 342 343
f 340 343 344
f 340 344 345
f 346 345 344
f 347 343 342
f 347 344 343
f 347 342 348
f 347 349 344
f 350 344 349
f 346 344 351
f 350 351 344
f 346 351 352
f 350 352 351
f 346 352 353
f 350 354 352
f 355 356 357
f 355 358 356
f 359 358 360
f 359 360 361
f 362 363 364
f 362 364 365
f 366 367 368
f 366 368 369
f 366 369 370
f 366 370 371
f 372 371 370
f 372 370 373
f 372 373 374
f 372 374 375
f 376 377 378
f 376 378 379
f 380 381 382
f 380 382 383
f 384 385 386
f 384 386 387
f 388 389 390
f 388 390 391
f 392 393 394
f 392 394 395
f 396 397 398
f 396 398 399
f 400 401 402
f 400 402 403
f 404 403 402
f 404 402 405
f 406 407 408
f 406 408 409
f 410 411 412
f 410 412 413
f 414 415 413
f 414 416 415
f 417 418 419
f 417 420 418
f 421 418 420
f 421 422 418
f 423 424 425
f 423 425 426
f 427 428 429
f 427 429 430
f 431 432 433
f 431 433 434
f 435 436 437
f 435 437 438
f 439 440 441
f 439 441 442
f 443 444 445
f 443 445 446
f 447 448 449
f 447 449 450
f 451 452 453
f 451 453 454
f 455 456 457
f 455 457 458
f 459 460 461
f 459 461 462
f 463 464 465
f 463 465 466
f 467 468 469
f 467 469 470
f 471 472 473
f 471 473 474
f 471 474 475
f 471 475 476
f 477 476 475
f 478 474 473
f 478 475 474
f 478 473 479
f 478 480 475
f 481 475 480
f 477 475 482
f 481 482 475
f 477 482 483
f 481 483 482
f 477 483 484
f 481 485 483
f 486 487 488
f 486 489 487
f 490 489 491
f 490 491 492
f 493 494 495
f 493 495 496
f 497 498 499
f 497 499 500
f 497 500 501
f 497 501 502
f 503 502 501
f 503 501 504
f 503 504 505
f 503 505 506
f 507 508 509
f 507 509 510
f 511 512 513
f 511 513 514
f 515 516 517
f 515 517 518
f 519 520 521
f 519 521 522
f 523 524 525
f 523 525 526
f 527 528 529
f 527 529 530
f 531 532 533
f 531 533 534
f 535 534 533
f 535 533 536
f 537 538 539
f 537 539 540
f 541 542 543
f 541 543 544
f 545 546 544
f 545 547 546
f 548 549 550
f 548 551 549
f 552 549 551
f 552 553 549
f 554 555 556
f 554 556 557
f 558 559 560
f 558 560 561
f 562 563 564
f 562 564 565
f 566 567 568
f 566 568 569
f 570 571 572
f 570 572 573
f 574 575 576
f 574 576 577
f 578 579 580
f 578 580 581
f 582 583 584
f 582 584 585
f 586 587 588
f 586 588 589
f 590 591 592
f 590 592 593
f 594 595 596
f 594 596 597
f 598 599 600
f 598 600 601
f 602 603 604
f 602 604 605
f 602 605 606
f 602 606 607
f 608 607 606
f 609 605 604
f 609 606 605
f 609 604 610
f 609 611 606
f 612 606 611
f 608 606 613
f 612 613 606
f 608 613 614
f 612 614 613
f 608 614 615
f 612 616 614
f 617 618 619
f 617 620 618
f 621 620 622
f 621 622 623
f 624 625 626
f 624 626 627
f 628 629 630
f 628 630 631
f 628 631 632
f 628 632 633
f 634 633 632
f 634 632 635
f 634 635 636
f 634 636 637
f 638 639 640
f 638 640 641
f 642 643 644
f 642 644 645
f 646 647 648
f 646 648 649
f 650 651 652
f 650 652 653
f 654 655 656
f 654 656 657
f 658 659 660
f 658 660 661
f 662 663 664
f 662 664 665
f 666 665 664
f 666 664 667
f 668 669 670
f 668 670 671
f 672 673 674
f 672 674 675
f 676 677 675
f 676 678 677
f 679 680 681
f 679 682 680
f 683 680 682
f 683 684 680
f 685 686 687
f 685 687 688
f 689 690 691
f 689 691 692
f 693 694 695
f 693 695 696
f 697 698 699
f 697 699 700
f 701 702 703
f 701 703 704
f 705 706 707
f 705 707 708
f 709 710 711
f 709 711 712
f 713 714 715
f 713 715 716
f 717 718 719
f 717 719 720
f 721 722 723
f 721 723 724
f 725 726 727
f 725 727 728
f 729 730 731
f 729 731 732
f 733 734 735
f 733 736 734
f 733 737 736
f 733 738 737
f 739 737 738
f 740 734 736
f 740 736 737
f 740 741 734
f 740 737 742
f 743 742 737
f 739 744 737
f 743 737 744
f 739 745 744
f 743 744 745
f 739 746 745
f 743 745 747
f 748 749 750
f 748 750 751
f 752 753 751
f 752 754 753
f 755 756 757
f 755 757 758
f 759 760 761
f 759 762 760
f 759 763 762
f 759 764 763
f 765 763 764
f 765 766 763
f 765 767 766
f 765 768 767
f 769 770 771
f 769 771 772
f 773 774 775
f 773 775 776
f 777 778 779
f 777 779 780
f 781 782 783
f 781 783 784
f 785 786 787
f 785 787 788
f 789 790 791
f 789 791 792
f 793 794 795
f 793 796 794
f 797 794 796
f 797 798 794
f 799 800 801
f 799 801 802
f 803 804 805
f 803 806 804
f 807 806 808
f 807 808 809
f 810 811 812
f 810 812 813
f 814 813 812
f 814 812 815
f 816 817 818
f 816 818 819
f 820 821 822
f 820 822 823
f 824 825 826
f 824 826 827
f 828 829 830
f 828 830 831
f 832 833 834
f 832 834 835
f 836 837 838
f 836 838 839
f 840 841 842
f 840 842 843
f 844 845 846
f 844 846 847
f 848 849 850
f 848 850 851
f 852 853 854
f 852 854 855
f 856 857 858
f 856 858 859
f 860 861 862
f 860 862 863
f 864 865 866
f 864 867 865
f 864 868 867
f 864 869 868
f 870 868 869
f 871 865 867
f 871 867 868
f 871 872 865
f 871 868 873
f 874 873 868
f 870 875 868
f 874 868 875
f 870 876 875
f 874 875 876
f 870 877 876
f 874 876 878
f 879 880 881
f 879 881 882
f 883 884 882
f 883 885 884
f 886 887 888
f 886 888 889
f 890 891 892
f 890 893 891
f 890 894 893
f 890 895 894
f 896 894 895
f 896 897 894
f 896 898 897
f 896 899 898
f 900 901 902
f 900 902 903
f 904 905 906
f 904 906 907
f 908 909 910
f 908 910 911
f 912 913 914
f 912 914 915
f 916 917 918
f 916 918 919
f 920 921 922
f 920 922 923
f 924 925 926
f 924 927 925
f 928 925 927
f 928 929 925
f 930 931 932
f 930 932 933
f 934 935 936
f 934 937 935
f 938 937 939
f 938 939 940
f 941 942 943
f 941 943 944
f 945 944 943
f 945 943 946
f 947 948 949
f 947 949 950
f 951 952 953
f 951 953 954
f 955 956 957
f 955 957 958
f 959 960 961
f 959 961 962
f 963 964 965
f 963 965 966
f 967 968 969
f 967 969 970
f 971 972 973
f 971 973 974
f 975 976 977
f 975 977 978
f 979 980 981
f 979 981 982
f 983 984 985
f 983 985 986
f 987 988 989
f 987 989 990
f 991 992 993
f 991 993 994
f 995 996 997
f 995 998 996
f 995 999 998
f 995 1000 999
f 1001 999 1000
f 1002 996 998
f 1002 998 999
f 1002 1003 996
f 1002 999 1004
f 1005 1004 999
f 1001 1006 999
f 1005 999 1006
f 1001 1007 1006
f 1005 1006 1007
f 1001 1008 1007
f 1005 1007 1009
f 1010 1011 1012
f 1010 1012 1013
f 1014 1015 1013
f 1014 1016 1015
f 1017 1018 1019
f 1017 1019 1020
f 1021 1022 1023
f 1021 1024 1022
f 1021 1025 1024
f 1021 1026 1025
f 1027 1025 1026
f 1027 1028 1025
f 1027 1029 1028
f 1027 1030 1029
f 1031 1032 1033
f 1031 1033 1034
f 1035 1036 1037
f 1035 1037 1038
f 1039 1040 1041
f 1039 1041 1042
f 1043 1044 1045
f 1043 1045 1046
f 1047 1048 1049
f 1047 1049 1050
f 1051 1052 1053
f 1051 1053 1054
f 1055 1056 1057
f 1055 1058 1056
f 1059 1056 1058
f 1059 1060 1056
f 1061 1062 1063
f 1061 1063 1064
f 1065 1066 1067
f 1065 1068 1066
f 1069 1068 1070
f 1069 1070 1071
f 1072 1073 1074
f 1072 1074 1075
f 1076 1075 1074
f 1076 1074 1077
f 1078 1079 1080
f 1078 1080 1081
f 1082 1083 1084
f 1082 1084 1085
f 1086 1087 1088
f 1086 1088 1089
f 1090 1091 1092
f 1090 1092 1093
f 1094 1095 1096
f 1094 1096 1097
f 1098 1099 1100
f 1098 1100 1101
f 1102 1103 1104
f 1102 1104 1105
f 1106 1107 1108
f 1106 1108 1109
f 1110 1111 1112
f 1110 1112 1113
f 1114 1115 1116
f 1114 1116 1117
f 1118 1119 1120
f 1118 1120 1121
f 1122 1123 1124
f 1122 1124 1125
f 1126 1127 1128
f 1126 1129 1127
f 1126 1130 1129
f 1126 1131 1130
f 1132 1130 1131
f 1133 1127 1129
f 1133 1129 1130
f 1133 1134 1127
f 1133 1130 1135
f 1136 1135 1130
f 1132 1137 1130
f 1136 1130 1137
f 1132 1138 1137
f 1136 1137 1138
f 1132 1139 1138
f 1136 1138 1140
f 1141 1142 1143
f 1141 1143 1144
f 1145 1146 1144
f 1145 1147 1146
f 1148 1149 1150
f 1148 1150 1151
f 1152 1153 1154
f 1152 1155 1153
f 1152 1156 1155
f 1152 1157 1156
f 1158 1156 1157
f 1158 1159 1156
f 1158 1160 1159
f 1158 1161 1160
f 1162 1163 1164
f 1162 1164 1165
f 1166 1167 1168
f 1166 1168 1169
f 1170 1171 1172
f 1170 1172 1173
f 1174 1175 1176
f 1174 1176 1177
f 1178 1179 1180
f 1178 1180 1181
f 1182 1183 1184
f 1182 1184 1185
f 1186 1187 1188
f 1186 1189 1187
f 1190 1187 1189
f 1190 1191 1187
f 1192 1193 1194
f 1192 1194 1195
f 1196 1197 1198
f 1196 1199 1197
f 1200 1199 1201
f 1200 1201 1202
f 1203 1204 1205
f 1203 1205 1206
f 1207 1206 1205
f 1207 1205 1208
f 1209 1210 1211
f 1209 1211 1212
f 1213 1214 1215
f 1213 1215 1216
f 1217 1218 1219
f 1217 1219 1220
f 1221 1222 1223
f 1221 1223 1224
f 1225 1226 1227
f 1225 1227 1228
f 1229 1230 1231
f 1229 1231 1232
f 1233 1234 1235
f 1233 1235 1236
f 1237 1238 1239
f 1237 1239 1240
f 1241 1242 1243
f 1241 1243 1244
f 1245 1246 1247
f 1245 1247 1248
f 1249 1250 1251
f 1249 1251 1252
f 1253 1254 1255
f 1253 1255 1256
f 1257 1258 1259
f 1257 1260 1258
f 1261 1260 1257
f 1261 1262 1260
f 1263 1264 1265
f 1263 1265 1266
f 1267 1268 1269
f 1267 1269 1270
f 1271 1272 1273
f 1271 1273 1274
f 1275 1276 1277
f 1275 1277 1278
f 1279 1280 1281
f 1279 1281 1282
f 1283 1284 1285
f 1283 1285 1286
f 1287 1288 1289
f 1287 1289 1290
f 1291 1292 1293
f 1291 1293 1294
f 1295 1296 1297
f 1295 1297 1298
f 1299 1300 1301
f 1299 1301 1302
f 1302 1301 1303
f 1302 1303 1304
f 1305 1306 1307
f 1305 1307 1308
f 1309 1310 1311
f 1309 1311 1312
f 1313 1314 1315
f 1313 1315 1316
f 1317 1318 1319
f 1317 1319 1320
f 1321 1322 1323
f 1321 1323 1324
f 1325 1326 1327
f 1325 1327 1328
f 1329 1330 1331
f 1329 1331 1332
f 1333 1334 1335
f 1333 1335 1336
f 1337 1338 1339
f 1337 1339 1340
f 1341 1342 1343
f 1341 1343 1344
f 1345 1346 1347
f 1345 1347 1348
f 1349 1350 1351
f 1349 1351 1352
f 1353 1354 1355
f 1353 1355 1356
f 1357 1358 1359
f 1357 1359 1360
f 1361 1362 1363
f 1361 1363 1364
f 1365 1366 1367
f 1365 1368 1366
f 1369 1368 1365
f 1369 1370 1368
f 1371 1372 1373
f 1371 1373 1374
f 1375 1376 1377
f 1375 1377 1378
f 1379 1380 1381
f 1379 1381 1382
f 1383 1384 1385
f 1383 1385 1386
f 1387 1388 1389
f 1387 1389 1390
f 1391 1392 1393
f 1391 1393 1394
f 1395 1396 1397
f 1395 1397 1398
f 1399 1400 1401
f 1399 1401 1402
f 1403 1404 1405
f 1403 1405 1406
f 1407 1408 1409
f 1407 1409 1410
f 1410 1409 1411
f 1410 1411 1412
f 1413 1414 1415
f 1413 1415 1416
f 1417 1418 1419
f 1417 1419 1420
f 1421 1422 1423
f 1421 1423 1424
f 1425 1426 1427
f 1425 1427 1428
f 1429 1430 1431
f 1429 1431 1432
f 1433 1434 1435
f 1433 1435 1436
f 1437 1438 1439
f 1437 1439 1440
f 1441 1442 1443
f 1441 1443 1444
f 1445 1446 1447
f 1445 1447 1448
f 1449 1450 1451
f 1449 1451 1452
f 1453 1454 1455
f 1453 1455 1456
f 1457 1458 1459
f 1457 1459 1460
f 1461 1462 1463
f 1461 1463 1464
f 1465 1466 1467
f 1465 1467 1468
f 1469 1470 1471
f 1469 1471 1472
f 1473 1474 1475
f 1473 1476 1474
f 1477 1476 1473
f 1477 1478 1476
f 1479 1480 1481
f 1479 1481 1482
f 1483 1484 1485
f 1483 1485 1486
f 1487 1488 1489
f 1487 1489 1490
f 1491 1492 1493
f 1491 1493 1494
f 1495 1496 1497
f 1495 1497 1498
f 1499 1500 1501
f 1499 1501 1502
f 1503 1504 1505
f 1503 1505 1506
f 1507 1508 1509
f 1507 1509 1510
f 1511 1512 1513
f 1511 1513 1514
f 1515 1516 1517
f 1515 1517 1518
f 1518 1517 1519
f 1518 1519 1520
f 1521 1522 1523
f 1521 1523 1524
f 1525 1526 1527
f 1525 1527 1528
f 1529 1530 1531
f 1529 1531 1532
f 1533 1534 1535
f 1533 1535 1536
f 1537 1538 1539
f 1537 1539 1540
f 1541 1542 1543
f 1541 1543 1544
f 1545 1546 1547
f 1545 1547 1548
f 1549 1550 1551
f 1549 1551 1552
f 1553 1554 1555
f 1553 1555 1556
f 1557 1558 1559
f 1557 1559 1560
f 1561 1562 1563
f 1561 1563 1564
f 1565 1566 1567
f 1565 1567 1568
f 1569 1570 1571
f 1569 1571 1572
f 1573 1574 1575
f 1573 1575 1576
f 1577 1578 1579
f 1577 1579 1580
f 1581 1582 1583
f 1581 1584 1582
f 1585 1584 1581
f 1585 1586 1584
f 1587 1588 1589
f 1587 1589 1590
f 1591 1592 1593
f 1591 1593 1594
f 1595 1596 1597
f 1595 1597 1598
f 1599 1600 1601
f 1599 1601 1602
f 1603 1604 1605
f 1603 1605 1606
f 1607 1608 1609
f 1607 1609 1610
f 1611 1612 1613
f 1611 1613 1614
f 1615 1616 1617
f 1615 1617 1618
f 1619 1620 1621
f 1619 1621 1622
f 1623 1624 1625
f 1623 1625 1626
f 1626 1625 1627
f 1626 1627 1628
f 1629 1630 1631
f 1629 1631 1632
f 1633 1634 1635
f 1633 1635 1636
f 1637 1638 1639
f 1637 1639 1640
f 1641 1642 1643
f 1641 1643 1644
f 1645 1646 1647
f 1645 1647 1648
f 1649 1650 1651
f 1649 1651 1652
f 1653 1654 1655
f 1653 1655 1656
f 1657 1658 1659
f 1657 1659 1660
f 1661 1662 1663
f 1661 1663 1664
f 1665 1666 1667
f 1665 1667 1668
f 1669 1670 1671
f 1669 1671 1672
f 1673 1674 1675
f 1673 1675 1676
f 1677 1678 1679
f 1677 1679 1680
f 1681 1682 1683
f 1681 1683 1684
f 1685 1686 1687
f 1685 1687 1688
