mtllib Materials.mtl
# Ultimate Food Pack - Waffle
o Waffle
v 0.251325 0.106223 -0.677818
v 0.258796 0.116120 -0.697967
v 0.000000 0.116120 -0.697967
v 0.000000 0.106223 -0.677818
v -0.258796 0.116120 -0.697967
v -0.251325 0.106223 -0.677818
v -0.221505 0.091050 -0.645649
v -0.029819 0.091050 -0.645649
v 0.029819 0.091050 -0.645649
v 0.221505 0.091050 -0.645649
v 0.281144 0.091050 -0.645649
v 0.301861 0.060385 -0.620659
v 0.389407 0.060385 -0.620659
v 0.410124 0.091050 -0.645649
v 0.251325 0.106223 0.677818
v 0.258796 0.116121 0.697967
v 0.465501 0.116121 0.697967
v 0.452376 0.094085 0.677818
v -0.566947 0.000000 0.458777
v -0.566947 0.000000 0.707616
v -0.551818 0.100208 0.688648
v -0.551818 0.100208 0.446473
v -0.566947 0.000000 0.152939
v -0.551818 0.100208 0.148824
v -0.566947 0.000000 -0.152899
v -0.551818 0.100208 -0.148824
v -0.566947 0.000000 -0.458737
v -0.551818 0.100208 -0.446473
v -0.566947 0.000000 -0.731089
v -0.551818 0.100207 -0.711532
v 0.447624 0.094372 -0.677818
v 0.251325 0.106223 -0.677818
v 0.281144 0.091050 -0.645649
v 0.410124 0.091050 -0.645649
v -0.551818 0.100208 0.688648
v -0.545879 0.116121 0.680639
v -0.545879 0.116121 0.441667
v -0.551818 0.100208 0.446473
v -0.545879 0.116121 0.147222
v -0.551818 0.100208 0.148824
v -0.545879 0.116120 -0.147222
v -0.551818 0.100208 -0.148824
v -0.545879 0.116120 -0.441667
v -0.551818 0.100208 -0.446473
v -0.545879 0.116120 -0.703523
v -0.551818 0.100207 -0.711532
v -0.251325 0.106223 -0.677818
v -0.258796 0.116120 -0.697967
v -0.493231 0.116120 -0.697967
v -0.479138 0.092469 -0.677818
v 0.502649 0.106223 0.406691
v 0.517592 0.116121 0.418780
v 0.517592 0.116121 0.139593
v 0.502649 0.106223 0.135564
v 0.517592 0.116120 -0.139593
v 0.502649 0.106223 -0.135564
v 0.517592 0.116120 -0.418780
v 0.502649 0.106223 -0.406691
v -0.281144 0.091050 0.103395
v -0.301861 0.060385 0.078405
v -0.452113 0.060385 0.078405
v -0.472830 0.091050 0.103395
v 0.502649 0.106223 0.406691
v 0.281144 0.091050 0.438860
v 0.472830 0.091050 0.438860
v 0.251325 0.106223 0.406691
v 0.029819 0.091050 0.438860
v 0.221505 0.091050 0.438860
v 0.000000 0.106223 0.406691
v -0.221505 0.091050 0.438860
v -0.029819 0.091050 0.438860
v -0.251325 0.106223 0.406691
v -0.502649 0.106223 0.406691
v -0.472830 0.091050 0.438860
v -0.281144 0.091050 0.438860
v 0.472830 0.091050 0.438860
v 0.452113 0.060385 0.463849
v 0.452113 0.060385 0.544709
v 0.472830 0.091050 0.569699
v 0.502649 0.094780 0.611171
v 0.517592 0.116121 0.628283
v 0.517592 0.116121 0.418780
v 0.502649 0.106223 0.406691
v 0.251325 0.106223 0.406691
v 0.251325 0.106223 0.677818
v 0.281144 0.091050 0.645649
v 0.281144 0.091050 0.438860
v 0.251325 0.106223 0.135564
v 0.281144 0.091050 0.374522
v 0.281144 0.091050 0.167732
v 0.251325 0.106223 -0.135564
v 0.281144 0.091050 0.103395
v 0.281144 0.091050 -0.103395
v 0.251325 0.106223 -0.406691
v 0.281144 0.091050 -0.167732
v 0.281144 0.091050 -0.374522
v 0.251325 0.106223 -0.677818
v 0.281144 0.091050 -0.438860
v 0.281144 0.091050 -0.645649
v -0.281144 0.091050 0.438860
v -0.301861 0.060385 0.463849
v -0.301861 0.060385 0.620659
v -0.281144 0.091050 0.645649
v -0.251325 0.106223 0.677818
v -0.281144 0.091050 0.438860
v -0.281144 0.091050 0.645649
v -0.251325 0.106223 0.406691
v -0.281144 0.091050 0.167732
v -0.281144 0.091050 0.374522
v -0.251325 0.106223 0.135564
v -0.281144 0.091050 -0.103395
v -0.281144 0.091050 0.103395
v -0.251325 0.106223 -0.135564
v -0.281144 0.091050 -0.374522
v -0.281144 0.091050 -0.167732
v -0.251325 0.106223 -0.406691
v -0.251325 0.106223 -0.677818
v -0.281144 0.091050 -0.645649
v -0.281144 0.091050 -0.438860
v -0.281144 0.091050 0.645649
v -0.301861 0.060385 0.620659
v -0.406506 0.060385 0.620659
v -0.427223 0.091050 0.645649
v -0.462629 0.093466 0.677818
v -0.476125 0.116121 0.697967
v -0.258796 0.116121 0.697967
v -0.251325 0.106223 0.677818
v 0.029819 0.091050 -0.438860
v 0.050536 0.060385 -0.463849
v 0.050536 0.060385 -0.620659
v 0.029819 0.091050 -0.645649
v 0.000000 0.106223 0.677818
v -0.029819 0.091050 0.438860
v -0.029819 0.091050 0.645649
v 0.000000 0.106223 0.406691
v -0.029819 0.091050 0.167732
v -0.029819 0.091050 0.374522
v 0.000000 0.106223 0.135564
v -0.029819 0.091050 -0.103395
v -0.029819 0.091050 0.103395
v 0.000000 0.106223 -0.135564
v -0.029819 0.091050 -0.374522
v -0.029819 0.091050 -0.167732
v 0.000000 0.106223 -0.406691
v 0.000000 0.106223 -0.677818
v -0.029819 0.091050 -0.645649
v -0.029819 0.091050 -0.438860
v -0.251325 0.106223 0.677818
v -0.029819 0.091050 0.645649
v -0.221505 0.091050 0.645649
v 0.000000 0.106223 0.677818
v 0.000000 0.116121 0.697967
v -0.258796 0.116121 0.697967
v 0.258796 0.116121 0.697967
v 0.251325 0.106223 0.677818
v 0.221505 0.091050 0.645649
v 0.029819 0.091050 0.645649
v -0.251325 0.106223 0.406691
v -0.251325 0.106223 0.677818
v -0.221505 0.091050 0.645649
v -0.221505 0.091050 0.438860
v -0.251325 0.106223 0.135564
v -0.221505 0.091050 0.374522
v -0.221505 0.091050 0.167732
v -0.251325 0.106223 -0.135564
v -0.221505 0.091050 0.103395
v -0.221505 0.091050 -0.103395
v -0.251325 0.106223 -0.406691
v -0.221505 0.091050 -0.167732
v -0.221505 0.091050 -0.374522
v -0.251325 0.106223 -0.677818
v -0.221505 0.091050 -0.438860
v -0.221505 0.091050 -0.645649
v -0.281144 0.091050 -0.103395
v -0.301861 0.060385 -0.078405
v -0.301861 0.060385 0.078405
v -0.281144 0.091050 0.103395
v 0.251325 0.106223 0.677818
v 0.221505 0.091050 0.438860
v 0.221505 0.091050 0.645649
v 0.251325 0.106223 0.406691
v 0.221505 0.091050 0.167732
v 0.221505 0.091050 0.374522
v 0.251325 0.106223 0.135564
v 0.221505 0.091050 -0.103395
v 0.221505 0.091050 0.103395
v 0.251325 0.106223 -0.135564
v 0.221505 0.091050 -0.374522
v 0.221505 0.091050 -0.167732
v 0.251325 0.106223 -0.406691
v 0.251325 0.106223 -0.677818
v 0.221505 0.091050 -0.645649
v 0.221505 0.091050 -0.438860
v 0.000000 0.106223 0.406691
v 0.000000 0.106223 0.677818
v 0.029819 0.091050 0.645649
v 0.029819 0.091050 0.438860
v 0.000000 0.106223 0.135564
v 0.029819 0.091050 0.374522
v 0.029819 0.091050 0.167732
v 0.000000 0.106223 -0.135564
v 0.029819 0.091050 0.103395
v 0.029819 0.091050 -0.103395
v 0.000000 0.106223 -0.406691
v 0.029819 0.091050 -0.167732
v 0.029819 0.091050 -0.374522
v 0.000000 0.106223 -0.677818
v 0.029819 0.091050 -0.438860
v 0.029819 0.091050 -0.645649
v -0.472830 0.091050 0.438860
v -0.452113 0.060385 0.463849
v -0.301861 0.060385 0.463849
v -0.281144 0.091050 0.438860
v 0.000000 0.106223 -0.406691
v 0.221505 0.091050 -0.438860
v 0.029819 0.091050 -0.438860
v 0.251325 0.106223 -0.406691
v 0.502649 0.106223 -0.406691
v 0.472830 0.091050 -0.438860
v 0.281144 0.091050 -0.438860
v -0.251325 0.106223 -0.406691
v -0.029819 0.091050 -0.438860
v -0.221505 0.091050 -0.438860
v -0.502649 0.106223 -0.406691
v -0.281144 0.091050 -0.438860
v -0.472830 0.091050 -0.438860
v 0.281144 0.091050 -0.167732
v 0.301861 0.060385 -0.192722
v 0.301861 0.060385 -0.349532
v 0.281144 0.091050 -0.374522
v 0.251325 0.106223 -0.406691
v 0.029819 0.091050 -0.374522
v 0.221505 0.091050 -0.374522
v 0.000000 0.106223 -0.406691
v 0.502649 0.106223 -0.406691
v 0.281144 0.091050 -0.374522
v 0.472830 0.091050 -0.374522
v -0.221505 0.091050 -0.374522
v -0.029819 0.091050 -0.374522
v -0.251325 0.106223 -0.406691
v -0.502649 0.106223 -0.406691
v -0.472830 0.091050 -0.374522
v -0.281144 0.091050 -0.374522
v 0.000000 0.106223 -0.135564
v 0.221505 0.091050 -0.167732
v 0.029819 0.091050 -0.167732
v 0.251325 0.106223 -0.135564
v 0.502649 0.106223 -0.135564
v 0.472830 0.091050 -0.167732
v 0.281144 0.091050 -0.167732
v -0.251325 0.106223 -0.135564
v -0.029819 0.091050 -0.167732
v -0.221505 0.091050 -0.167732
v -0.502649 0.106223 -0.135564
v -0.281144 0.091050 -0.167732
v -0.472830 0.091050 -0.167732
v 0.221505 0.091050 -0.438860
v 0.200788 0.060385 -0.463849
v 0.050536 0.060385 -0.463849
v 0.029819 0.091050 -0.438860
v 0.251325 0.106223 -0.135564
v 0.029819 0.091050 -0.103395
v 0.221505 0.091050 -0.103395
v 0.000000 0.106223 -0.135564
v 0.502649 0.106223 -0.135564
v 0.281144 0.091050 -0.103395
v 0.472830 0.091050 -0.103395
v -0.221505 0.091050 -0.103395
v -0.029819 0.091050 -0.103395
v -0.251325 0.106223 -0.135564
v -0.502649 0.106223 -0.135564
v -0.472830 0.091050 -0.103395
v -0.281144 0.091050 -0.103395
v 0.000000 0.106223 0.135564
v 0.221505 0.091050 0.103395
v 0.029819 0.091050 0.103395
v 0.251325 0.106223 0.135564
v 0.502649 0.106223 0.135564
v 0.472830 0.091050 0.103395
v 0.281144 0.091050 0.103395
v -0.251325 0.106223 0.135564
v -0.029819 0.091050 0.103395
v -0.221505 0.091050 0.103395
v -0.502649 0.106223 0.135564
v -0.281144 0.091050 0.103395
v -0.472830 0.091050 0.103395
v -0.472830 0.091050 -0.103395
v -0.452113 0.060385 -0.078405
v -0.301861 0.060385 -0.078405
v -0.281144 0.091050 -0.103395
v 0.251325 0.106223 0.135564
v 0.029819 0.091050 0.167732
v 0.221505 0.091050 0.167732
v 0.000000 0.106223 0.135564
v 0.502649 0.106223 0.135564
v 0.281144 0.091050 0.167732
v 0.472830 0.091050 0.167732
v -0.221505 0.091050 0.167732
v -0.029819 0.091050 0.167732
v -0.251325 0.106223 0.135564
v -0.502649 0.106223 0.135564
v -0.472830 0.091050 0.167732
v -0.281144 0.091050 0.167732
v 0.000000 0.106223 0.406691
v 0.221505 0.091050 0.374522
v 0.029819 0.091050 0.374522
v 0.251325 0.106223 0.406691
v 0.502649 0.106223 0.406691
v 0.472830 0.091050 0.374522
v 0.281144 0.091050 0.374522
v -0.251325 0.106223 0.406691
v -0.029819 0.091050 0.374522
v -0.221505 0.091050 0.374522
v -0.502649 0.106223 0.406691
v -0.281144 0.091050 0.374522
v -0.472830 0.091050 0.374522
v 0.472830 0.091050 -0.167732
v 0.452113 0.060385 -0.192722
v 0.301861 0.060385 -0.192722
v 0.281144 0.091050 -0.167732
v 0.221505 0.091050 -0.645649
v 0.200788 0.060385 -0.620659
v 0.200788 0.060385 -0.463849
v 0.221505 0.091050 -0.438860
v 0.029819 0.091050 0.374522
v 0.050536 0.060385 0.349532
v 0.050536 0.060385 0.192722
v 0.029819 0.091050 0.167732
v 0.472830 0.091050 -0.374522
v 0.452113 0.060385 -0.349532
v 0.452113 0.060385 -0.192722
v 0.472830 0.091050 -0.167732
v 0.029819 0.091050 -0.645649
v 0.050536 0.060385 -0.620659
v 0.200788 0.060385 -0.620659
v 0.221505 0.091050 -0.645649
v -0.502649 0.092794 -0.646649
v -0.517592 0.116120 -0.665378
v -0.517592 0.116120 -0.418780
v -0.502649 0.106223 -0.406691
v -0.446037 0.091050 -0.645649
v -0.425320 0.060385 -0.620659
v -0.301861 0.060385 -0.620659
v -0.281144 0.091050 -0.645649
v 0.221505 0.091050 0.374522
v 0.200788 0.060385 0.349532
v 0.050536 0.060385 0.349532
v 0.029819 0.091050 0.374522
v -0.502649 0.106223 -0.406691
v -0.472830 0.091050 -0.167732
v -0.472830 0.091050 -0.374522
v -0.502649 0.106223 -0.135564
v -0.472830 0.091050 0.103395
v -0.472830 0.091050 -0.103395
v -0.502649 0.106223 0.135564
v -0.502649 0.106223 0.406691
v -0.472830 0.091050 0.374522
v -0.472830 0.091050 0.167732
v 0.281144 0.091050 -0.374522
v 0.301861 0.060385 -0.349532
v 0.452113 0.060385 -0.349532
v 0.472830 0.091050 -0.374522
v 0.221505 0.091050 0.167732
v 0.200788 0.060385 0.192722
v 0.200788 0.060385 0.349532
v 0.221505 0.091050 0.374522
v -0.221505 0.091050 0.103395
v -0.200788 0.060385 0.078405
v -0.200788 0.060385 -0.078405
v -0.221505 0.091050 -0.103395
v 0.502649 0.106223 -0.406691
v 0.517592 0.116120 -0.418780
v 0.517592 0.116120 -0.621696
v 0.502649 0.095132 -0.604871
v 0.447624 0.094372 -0.677818
v 0.460578 0.116120 -0.697967
v 0.258796 0.116120 -0.697967
v 0.251325 0.106223 -0.677818
v 0.029819 0.091050 0.167732
v 0.050536 0.060385 0.192722
v 0.200788 0.060385 0.192722
v 0.221505 0.091050 0.167732
v 0.502649 0.106223 -0.135564
v 0.502649 0.106223 -0.406691
v 0.472830 0.091050 -0.374522
v 0.472830 0.091050 -0.167732
v 0.502649 0.106223 0.135564
v 0.472830 0.091050 -0.103395
v 0.472830 0.091050 0.103395
v 0.502649 0.106223 0.406691
v 0.472830 0.091050 0.167732
v 0.472830 0.091050 0.374522
v -0.029819 0.091050 0.103395
v -0.050536 0.060385 0.078405
v -0.200788 0.060385 0.078405
v -0.221505 0.091050 0.103395
v 0.281144 0.091050 0.645649
v 0.301861 0.060385 0.620659
v 0.301861 0.060385 0.463849
v 0.281144 0.091050 0.438860
v 0.567055 0.000000 0.693014
v 0.551818 0.100208 0.446473
v 0.551818 0.100208 0.674437
v 0.567055 0.000000 0.458777
v 0.551818 0.100208 0.148824
v 0.567055 0.000000 0.152939
v 0.551818 0.100208 -0.148824
v 0.567055 0.000000 -0.152899
v 0.551818 0.100208 -0.446473
v 0.567055 0.000000 -0.458737
v 0.551818 0.100208 -0.667850
v 0.567055 0.000000 -0.686205
v -0.275909 0.100208 0.744121
v -0.504412 0.116121 0.736112
v -0.510351 0.100208 0.744121
v -0.272939 0.116121 0.736112
v 0.000000 0.100208 0.744121
v 0.000000 0.116121 0.736112
v 0.275909 0.100208 0.744121
v 0.272939 0.116121 0.736112
v 0.499728 0.100208 0.744121
v 0.493788 0.116121 0.736112
v -0.200788 0.060385 0.463849
v -0.200788 0.060385 0.620659
v -0.050536 0.060385 0.620659
v -0.050536 0.060385 0.463849
v 0.050536 0.060385 0.463849
v 0.050536 0.060385 0.620659
v 0.200788 0.060385 0.620659
v 0.200788 0.060385 0.463849
v 0.050536 0.060385 -0.620659
v 0.050536 0.060385 -0.463849
v 0.200788 0.060385 -0.463849
v 0.200788 0.060385 -0.620659
v 0.050536 0.060385 -0.349532
v 0.050536 0.060385 -0.192722
v 0.200788 0.060385 -0.192722
v 0.200788 0.060385 -0.349532
v 0.050536 0.060385 -0.078405
v 0.050536 0.060385 0.078405
v 0.200788 0.060385 0.078405
v 0.200788 0.060385 -0.078405
v 0.050536 0.060385 0.192722
v 0.050536 0.060385 0.349532
v 0.200788 0.060385 0.349532
v 0.200788 0.060385 0.192722
v -0.200788 0.060385 -0.620659
v -0.200788 0.060385 -0.463849
v -0.050536 0.060385 -0.463849
v -0.050536 0.060385 -0.620659
v -0.200788 0.060385 -0.349532
v -0.200788 0.060385 -0.192722
v -0.050536 0.060385 -0.192722
v -0.050536 0.060385 -0.349532
v -0.200788 0.060385 -0.078405
v -0.200788 0.060385 0.078405
v -0.050536 0.060385 0.078405
v -0.050536 0.060385 -0.078405
v -0.200788 0.060385 0.192722
v -0.200788 0.060385 0.349532
v -0.050536 0.060385 0.349532
v -0.050536 0.060385 0.192722
v -0.527457 0.100207 -0.744121
v -0.521518 0.116120 -0.736112
v -0.272939 0.116120 -0.736112
v -0.275909 0.100207 -0.744121
v 0.000000 0.116120 -0.736112
v 0.000000 0.100207 -0.744121
v 0.272939 0.116120 -0.736112
v 0.275909 0.100207 -0.744121
v 0.488865 0.116120 -0.736112
v 0.494804 0.100207 -0.744121
v -0.452113 0.060385 -0.349532
v -0.452113 0.060385 -0.192722
v -0.301861 0.060385 -0.192722
v -0.301861 0.060385 -0.349532
v -0.452113 0.060385 -0.078405
v -0.452113 0.060385 0.078405
v -0.301861 0.060385 0.078405
v -0.301861 0.060385 -0.078405
v -0.452113 0.060385 0.192722
v -0.452113 0.060385 0.349532
v -0.301861 0.060385 0.349532
v -0.301861 0.060385 0.192722
v 0.551818 0.100208 -0.667850
v 0.545879 0.116120 -0.659841
v 0.545879 0.116120 -0.441667
v 0.551818 0.100208 -0.446473
v 0.545879 0.116120 -0.147222
v 0.551818 0.100208 -0.148824
v 0.545879 0.116121 0.147222
v 0.551818 0.100208 0.148824
v 0.545879 0.116121 0.441667
v 0.551818 0.100208 0.446473
v 0.545879 0.116121 0.666428
v 0.551818 0.100208 0.674437
v 0.301861 0.060385 -0.349532
v 0.301861 0.060385 -0.192722
v 0.452113 0.060385 -0.192722
v 0.452113 0.060385 -0.349532
v 0.301861 0.060385 -0.078405
v 0.301861 0.060385 0.078405
v 0.452113 0.060385 0.078405
v 0.452113 0.060385 -0.078405
v 0.301861 0.060385 0.192722
v 0.301861 0.060385 0.349532
v 0.452113 0.060385 0.349532
v 0.452113 0.060385 0.192722
v -0.221505 0.091050 0.167732
v -0.200788 0.060385 0.192722
v -0.050536 0.060385 0.192722
v -0.029819 0.091050 0.167732
v -0.472830 0.091050 0.585187
v -0.452113 0.060385 0.560198
v -0.452113 0.060385 0.463849
v -0.472830 0.091050 0.438860
v -0.472830 0.091050 0.103395
v -0.452113 0.060385 0.078405
v -0.452113 0.060385 -0.078405
v -0.472830 0.091050 -0.103395
v -0.029819 0.091050 0.167732
v -0.050536 0.060385 0.192722
v -0.050536 0.060385 0.349532
v -0.029819 0.091050 0.374522
v -0.301861 0.060385 0.463849
v -0.452113 0.060385 0.463849
v -0.452113 0.060385 0.560198
v -0.406506 0.060385 0.620659
v -0.301861 0.060385 0.620659
v -0.029819 0.091050 0.374522
v -0.050536 0.060385 0.349532
v -0.200788 0.060385 0.349532
v -0.221505 0.091050 0.374522
v -0.221505 0.091050 -0.645649
v -0.200788 0.060385 -0.620659
v -0.050536 0.060385 -0.620659
v -0.029819 0.091050 -0.645649
v -0.221505 0.091050 0.374522
v -0.200788 0.060385 0.349532
v -0.200788 0.060385 0.192722
v -0.221505 0.091050 0.167732
v -0.029819 0.091050 -0.645649
v -0.050536 0.060385 -0.620659
v -0.050536 0.060385 -0.463849
v -0.029819 0.091050 -0.438860
v 0.281144 0.091050 -0.103395
v 0.301861 0.060385 -0.078405
v 0.452113 0.060385 -0.078405
v 0.472830 0.091050 -0.103395
v -0.029819 0.091050 -0.438860
v -0.050536 0.060385 -0.463849
v -0.200788 0.060385 -0.463849
v -0.221505 0.091050 -0.438860
v 0.029819 0.091050 -0.374522
v 0.050536 0.060385 -0.349532
v 0.200788 0.060385 -0.349532
v 0.221505 0.091050 -0.374522
v 0.472830 0.091050 -0.103395
v 0.452113 0.060385 -0.078405
v 0.452113 0.060385 0.078405
v 0.472830 0.091050 0.103395
v -0.221505 0.091050 -0.438860
v -0.200788 0.060385 -0.463849
v -0.200788 0.060385 -0.620659
v -0.221505 0.091050 -0.645649
v 0.221505 0.091050 -0.374522
v 0.200788 0.060385 -0.349532
v 0.200788 0.060385 -0.192722
v 0.221505 0.091050 -0.167732
v 0.472830 0.091050 0.103395
v 0.452113 0.060385 0.078405
v 0.301861 0.060385 0.078405
v 0.281144 0.091050 0.103395
v -0.472830 0.091050 0.167732
v -0.452113 0.060385 0.192722
v -0.301861 0.060385 0.192722
v -0.281144 0.091050 0.167732
v 0.221505 0.091050 -0.167732
v 0.200788 0.060385 -0.192722
v 0.050536 0.060385 -0.192722
v 0.029819 0.091050 -0.167732
v 0.281144 0.091050 0.103395
v 0.301861 0.060385 0.078405
v 0.301861 0.060385 -0.078405
v 0.281144 0.091050 -0.103395
v -0.221505 0.091050 0.438860
v -0.200788 0.060385 0.463849
v -0.050536 0.060385 0.463849
v -0.029819 0.091050 0.438860
v -0.281144 0.091050 0.167732
v -0.301861 0.060385 0.192722
v -0.301861 0.060385 0.349532
v -0.281144 0.091050 0.374522
v 0.029819 0.091050 -0.167732
v 0.050536 0.060385 -0.192722
v 0.050536 0.060385 -0.349532
v 0.029819 0.091050 -0.374522
v -0.029819 0.091050 0.438860
v -0.050536 0.060385 0.463849
v -0.050536 0.060385 0.620659
v -0.029819 0.091050 0.645649
v -0.281144 0.091050 0.374522
v -0.301861 0.060385 0.349532
v -0.452113 0.060385 0.349532
v -0.472830 0.091050 0.374522
v -0.472830 0.091050 -0.438860
v -0.452113 0.060385 -0.463849
v -0.452113 0.060385 -0.585140
v -0.472830 0.091050 -0.610130
v -0.029819 0.091050 0.645649
v -0.050536 0.060385 0.620659
v -0.200788 0.060385 0.620659
v -0.221505 0.091050 0.645649
v -0.472830 0.091050 0.374522
v -0.452113 0.060385 0.349532
v -0.452113 0.060385 0.192722
v -0.472830 0.091050 0.167732
v -0.281144 0.091050 -0.645649
v -0.301861 0.060385 -0.620659
v -0.301861 0.060385 -0.463849
v -0.281144 0.091050 -0.438860
v -0.221505 0.091050 0.645649
v -0.200788 0.060385 0.620659
v -0.200788 0.060385 0.463849
v -0.221505 0.091050 0.438860
v -0.281144 0.091050 -0.438860
v -0.301861 0.060385 -0.463849
v -0.452113 0.060385 -0.463849
v -0.472830 0.091050 -0.438860
v -0.221505 0.091050 -0.374522
v -0.200788 0.060385 -0.349532
v -0.050536 0.060385 -0.349532
v -0.029819 0.091050 -0.374522
v -0.425320 0.060385 -0.620659
v -0.452113 0.060385 -0.585140
v -0.452113 0.060385 -0.463849
v -0.301861 0.060385 -0.463849
v -0.301861 0.060385 -0.620659
v -0.029819 0.091050 -0.374522
v -0.050536 0.060385 -0.349532
v -0.050536 0.060385 -0.192722
v -0.029819 0.091050 -0.167732
v 0.281144 0.091050 0.167732
v 0.301861 0.060385 0.192722
v 0.452113 0.060385 0.192722
v 0.472830 0.091050 0.167732
v -0.029819 0.091050 -0.167732
v -0.050536 0.060385 -0.192722
v -0.200788 0.060385 -0.192722
v -0.221505 0.091050 -0.167732
v 0.029819 0.091050 -0.103395
v 0.050536 0.060385 -0.078405
v 0.200788 0.060385 -0.078405
v 0.221505 0.091050 -0.103395
v 0.472830 0.091050 0.167732
v 0.452113 0.060385 0.192722
v 0.452113 0.060385 0.349532
v 0.472830 0.091050 0.374522
v -0.221505 0.091050 -0.167732
v -0.200788 0.060385 -0.192722
v -0.200788 0.060385 -0.349532
v -0.221505 0.091050 -0.374522
v 0.221505 0.091050 -0.103395
v 0.200788 0.060385 -0.078405
v 0.200788 0.060385 0.078405
v 0.221505 0.091050 0.103395
v 0.472830 0.091050 0.374522
v 0.452113 0.060385 0.349532
v 0.301861 0.060385 0.349532
v 0.281144 0.091050 0.374522
v 0.472830 0.091050 -0.562520
v 0.452113 0.060385 -0.537530
v 0.452113 0.060385 -0.463849
v 0.472830 0.091050 -0.438860
v 0.221505 0.091050 0.103395
v 0.200788 0.060385 0.078405
v 0.050536 0.060385 0.078405
v 0.029819 0.091050 0.103395
v 0.281144 0.091050 0.374522
v 0.301861 0.060385 0.349532
v 0.301861 0.060385 0.192722
v 0.281144 0.091050 0.167732
v 0.029819 0.091050 0.438860
v 0.050536 0.060385 0.463849
v 0.200788 0.060385 0.463849
v 0.221505 0.091050 0.438860
v 0.389407 0.060385 -0.620659
v 0.301861 0.060385 -0.620659
v 0.301861 0.060385 -0.463849
v 0.452113 0.060385 -0.463849
v 0.452113 0.060385 -0.537530
v 0.029819 0.091050 0.103395
v 0.050536 0.060385 0.078405
v 0.050536 0.060385 -0.078405
v 0.029819 0.091050 -0.103395
v 0.221505 0.091050 0.438860
v 0.200788 0.060385 0.463849
v 0.200788 0.060385 0.620659
v 0.221505 0.091050 0.645649
v 0.472830 0.091050 -0.438860
v 0.452113 0.060385 -0.463849
v 0.301861 0.060385 -0.463849
v 0.281144 0.091050 -0.438860
v -0.472830 0.091050 -0.374522
v -0.452113 0.060385 -0.349532
v -0.301861 0.060385 -0.349532
v -0.281144 0.091050 -0.374522
v 0.221505 0.091050 0.645649
v 0.200788 0.060385 0.620659
v 0.050536 0.060385 0.620659
v 0.029819 0.091050 0.645649
v 0.281144 0.091050 -0.438860
v 0.301861 0.060385 -0.463849
v 0.301861 0.060385 -0.620659
v 0.281144 0.091050 -0.645649
v 0.281144 0.091050 0.438860
v 0.301861 0.060385 0.463849
v 0.452113 0.060385 0.463849
v 0.472830 0.091050 0.438860
v -0.281144 0.091050 -0.374522
v -0.301861 0.060385 -0.349532
v -0.301861 0.060385 -0.192722
v -0.281144 0.091050 -0.167732
v 0.029819 0.091050 0.645649
v 0.050536 0.060385 0.620659
v 0.050536 0.060385 0.463849
v 0.029819 0.091050 0.438860
v 0.415539 0.091050 0.645649
v 0.394822 0.060385 0.620659
v 0.301861 0.060385 0.620659
v 0.281144 0.091050 0.645649
v -0.281144 0.091050 -0.167732
v -0.301861 0.060385 -0.192722
v -0.452113 0.060385 -0.192722
v -0.472830 0.091050 -0.167732
v -0.221505 0.091050 -0.103395
v -0.200788 0.060385 -0.078405
v -0.050536 0.060385 -0.078405
v -0.029819 0.091050 -0.103395
v 0.452113 0.060385 0.463849
v 0.301861 0.060385 0.463849
v 0.301861 0.060385 0.620659
v 0.394822 0.060385 0.620659
v 0.452113 0.060385 0.544709
v -0.472830 0.091050 -0.167732
v -0.452113 0.060385 -0.192722
v -0.452113 0.060385 -0.349532
v -0.472830 0.091050 -0.374522
v -0.029819 0.091050 -0.103395
v -0.050536 0.060385 -0.078405
v -0.050536 0.060385 0.078405
v -0.029819 0.091050 0.103395
v 0.508472 0.000000 -0.764574
v 0.275909 0.100207 -0.744121
v 0.494804 0.100207 -0.744121
v 0.283555 0.000000 -0.764574
v 0.000000 0.100207 -0.744121
v 0.000054 0.000000 -0.764574
v -0.275909 0.100207 -0.744121
v -0.283446 0.000000 -0.764574
v -0.527457 0.100207 -0.744121
v -0.541916 0.000000 -0.764574
v -0.524339 0.000000 0.764615
v -0.275909 0.100208 0.744121
v -0.510351 0.100208 0.744121
v -0.283446 0.000000 0.764615
v 0.000000 0.100208 0.744121
v 0.000054 0.000000 0.764615
v 0.275909 0.100208 0.744121
v 0.283555 0.000000 0.764615
v 0.499728 0.100208 0.744121
v 0.513532 0.000000 0.764615
v -0.502649 0.106223 0.406691
v -0.517592 0.116121 0.418780
v -0.517592 0.116121 0.642494
v -0.502649 0.094019 0.624763
v 0.502649 0.094780 0.611171
v 0.502649 0.106223 0.406691
v 0.472830 0.091050 0.438860
v 0.472830 0.091050 0.569699
v 0.251325 0.106223 0.677818
v 0.452376 0.094085 0.677818
v 0.415539 0.091050 0.645649
v 0.281144 0.091050 0.645649
v -0.502649 0.106223 0.135564
v -0.517592 0.116121 0.418780
v -0.502649 0.106223 0.406691
v -0.517592 0.116121 0.139593
v -0.502649 0.106223 -0.135564
v -0.517592 0.116120 -0.139593
v -0.502649 0.106223 -0.406691
v -0.517592 0.116120 -0.418780
v 0.502649 0.106223 -0.406691
v 0.502649 0.095132 -0.604871
v 0.472830 0.091050 -0.562520
v 0.472830 0.091050 -0.438860
v -0.251325 0.106223 -0.677818
v -0.479138 0.092469 -0.677818
v -0.446037 0.091050 -0.645649
v -0.281144 0.091050 -0.645649
v -0.462629 0.093466 0.677818
v -0.251325 0.106223 0.677818
v -0.281144 0.091050 0.645649
v -0.427223 0.091050 0.645649
v -0.502649 0.092794 -0.646649
v -0.502649 0.106223 -0.406691
v -0.472830 0.091050 -0.438860
v -0.472830 0.091050 -0.610130
v -0.502649 0.106223 0.406691
v -0.502649 0.094019 0.624763
v -0.472830 0.091050 0.585187
v -0.472830 0.091050 0.438860
v 0.499728 0.100208 0.744121
v 0.551818 0.100208 0.674437
v 0.545879 0.116121 0.666428
v 0.493788 0.116121 0.736112
v 0.452376 0.094085 0.677818
v 0.502649 0.094780 0.611171
v 0.472830 0.091050 0.569699
v 0.415539 0.091050 0.645649
v 0.415539 0.091050 0.645649
v 0.472830 0.091050 0.569699
v 0.452113 0.060385 0.544709
v 0.394822 0.060385 0.620659
v 0.513532 0.000000 0.764615
v 0.567055 0.000000 0.693014
v 0.551818 0.100208 0.674437
v 0.499728 0.100208 0.744121
v 0.502649 0.094780 0.611171
v 0.452376 0.094085 0.677818
v 0.465501 0.116121 0.697967
v 0.517592 0.116121 0.628283
v -0.551818 0.100208 0.688648
v -0.510351 0.100208 0.744121
v -0.504412 0.116121 0.736112
v -0.545879 0.116121 0.680639
v -0.502649 0.094019 0.624763
v -0.462629 0.093466 0.677818
v -0.427223 0.091050 0.645649
v -0.472830 0.091050 0.585187
v -0.472830 0.091050 0.585187
v -0.427223 0.091050 0.645649
v -0.406506 0.060385 0.620659
v -0.452113 0.060385 0.560198
v -0.517592 0.116121 0.642494
v -0.476125 0.116121 0.697967
v -0.462629 0.093466 0.677818
v -0.502649 0.094019 0.624763
v -0.472830 0.091050 -0.610130
v -0.446037 0.091050 -0.645649
v -0.479138 0.092469 -0.677818
v -0.502649 0.092794 -0.646649
v -0.452113 0.060385 -0.585140
v -0.425320 0.060385 -0.620659
v -0.446037 0.091050 -0.645649
v -0.472830 0.091050 -0.610130
v -0.545879 0.116120 -0.703523
v -0.521518 0.116120 -0.736112
v -0.527457 0.100207 -0.744121
v -0.551818 0.100207 -0.711532
v -0.502649 0.092794 -0.646649
v -0.479138 0.092469 -0.677818
v -0.493231 0.116120 -0.697967
v -0.517592 0.116120 -0.665378
v 0.502649 0.095132 -0.604871
v 0.447624 0.094372 -0.677818
v 0.410124 0.091050 -0.645649
v 0.472830 0.091050 -0.562520
v 0.472830 0.091050 -0.562520
v 0.410124 0.091050 -0.645649
v 0.389407 0.060385 -0.620659
v 0.452113 0.060385 -0.537530
v 0.517592 0.116120 -0.621696
v 0.460578 0.116120 -0.697967
v 0.447624 0.094372 -0.677818
v 0.502649 0.095132 -0.604871
v 0.551818 0.100208 -0.667850
v 0.494804 0.100207 -0.744121
v 0.488865 0.116120 -0.736112
v 0.545879 0.116120 -0.659841
v 0.494804 0.100207 -0.744121
v 0.551818 0.100208 -0.667850
v 0.567055 0.000000 -0.686205
v 0.508472 0.000000 -0.764574
v -0.551818 0.100207 -0.711532
v -0.527457 0.100207 -0.744121
v -0.541916 0.000000 -0.764574
v -0.566947 0.000000 -0.731089
v -0.510351 0.100208 0.744121
v -0.551818 0.100208 0.688648
v -0.566947 0.000000 0.707616
v -0.524339 0.000000 0.764615
v 0.251325 -0.106223 -0.677818
v 0.000000 -0.116121 -0.697967
v 0.258796 -0.116121 -0.697967
v 0.000000 -0.106223 -0.677818
v -0.258796 -0.116121 -0.697967
v -0.251325 -0.106223 -0.677818
v -0.221505 -0.091050 -0.645649
v -0.029819 -0.091050 -0.645649
v 0.029819 -0.091050 -0.645649
v 0.221505 -0.091050 -0.645649
v 0.281144 -0.091050 -0.645649
v 0.410124 -0.091050 -0.645649
v 0.389407 -0.060385 -0.620659
v 0.301861 -0.060385 -0.620659
v 0.251325 -0.106223 0.677818
v 0.452376 -0.094085 0.677818
v 0.465501 -0.116120 0.697967
v 0.258796 -0.116120 0.697967
v -0.566947 0.000000 0.458777
v -0.551818 -0.100207 0.688648
v -0.566947 0.000000 0.707616
v -0.551818 -0.100208 0.446473
v -0.566947 0.000000 0.152939
v -0.551818 -0.100208 0.148824
v -0.566947 0.000000 -0.152899
v -0.551818 -0.100208 -0.148824
v -0.566947 0.000000 -0.458737
v -0.551818 -0.100208 -0.446473
v -0.566947 0.000000 -0.731089
v -0.551818 -0.100208 -0.711532
v 0.447624 -0.094372 -0.677818
v 0.410124 -0.091050 -0.645649
v 0.281144 -0.091050 -0.645649
v 0.251325 -0.106223 -0.677818
v -0.551818 -0.100207 0.688648
v -0.545879 -0.116120 0.441667
v -0.545879 -0.116120 0.680639
v -0.551818 -0.100208 0.446473
v -0.545879 -0.116120 0.147222
v -0.551818 -0.100208 0.148824
v -0.545879 -0.116121 -0.147222
v -0.551818 -0.100208 -0.148824
v -0.545879 -0.116121 -0.441667
v -0.551818 -0.100208 -0.446473
v -0.545879 -0.116121 -0.703523
v -0.551818 -0.100208 -0.711532
v -0.251325 -0.106223 -0.677818
v -0.479138 -0.092469 -0.677818
v -0.493231 -0.116121 -0.697967
v -0.258796 -0.116121 -0.697967
v 0.502649 -0.106223 0.406691
v 0.517592 -0.116120 0.139593
v 0.517592 -0.116120 0.418780
v 0.502649 -0.106223 0.135564
v 0.517592 -0.116121 -0.139593
v 0.502649 -0.106223 -0.135564
v 0.517592 -0.116121 -0.418780
v 0.502649 -0.106223 -0.406691
v -0.281144 -0.091050 0.103395
v -0.472830 -0.091050 0.103395
v -0.452113 -0.060385 0.078405
v -0.301861 -0.060385 0.078405
v 0.502649 -0.106223 0.406691
v 0.472830 -0.091050 0.438860
v 0.281144 -0.091050 0.438860
v 0.251325 -0.106223 0.406691
v 0.221505 -0.091050 0.438860
v 0.029819 -0.091050 0.438860
v 0.000000 -0.106223 0.406691
v -0.029819 -0.091050 0.438860
v -0.221505 -0.091050 0.438860
v -0.251325 -0.106223 0.406691
v -0.281144 -0.091050 0.438860
v -0.472830 -0.091050 0.438860
v -0.502649 -0.106223 0.406691
v 0.472830 -0.091050 0.438860
v 0.472830 -0.091050 0.569699
v 0.452113 -0.060385 0.544709
v 0.452113 -0.060385 0.463849
v 0.502649 -0.094779 0.611171
v 0.502649 -0.106223 0.406691
v 0.517592 -0.116120 0.418780
v 0.517592 -0.116120 0.628283
v 0.251325 -0.106223 0.406691
v 0.281144 -0.091050 0.438860
v 0.281144 -0.091050 0.645649
v 0.251325 -0.106223 0.677818
v 0.251325 -0.106223 0.135564
v 0.281144 -0.091050 0.374522
v 0.281144 -0.091050 0.167732
v 0.251325 -0.106223 -0.135564
v 0.281144 -0.091050 0.103395
v 0.281144 -0.091050 -0.103395
v 0.251325 -0.106223 -0.406691
v 0.281144 -0.091050 -0.167732
v 0.281144 -0.091050 -0.374522
v 0.251325 -0.106223 -0.677818
v 0.281144 -0.091050 -0.438860
v 0.281144 -0.091050 -0.645649
v -0.281144 -0.091050 0.438860
v -0.281144 -0.091050 0.645649
v -0.301861 -0.060385 0.620659
v -0.301861 -0.060385 0.463849
v -0.251325 -0.106223 0.677818
v -0.281144 -0.091050 0.645649
v -0.281144 -0.091050 0.438860
v -0.251325 -0.106223 0.406691
v -0.281144 -0.091050 0.374522
v -0.281144 -0.091050 0.167732
v -0.251325 -0.106223 0.135564
v -0.281144 -0.091050 0.103395
v -0.281144 -0.091050 -0.103395
v -0.251325 -0.106223 -0.135564
v -0.281144 -0.091050 -0.167732
v -0.281144 -0.091050 -0.374522
v -0.251325 -0.106223 -0.406691
v -0.281144 -0.091050 -0.438860
v -0.281144 -0.091050 -0.645649
v -0.251325 -0.106223 -0.677818
v -0.281144 -0.091050 0.645649
v -0.427223 -0.091050 0.645649
v -0.406506 -0.060385 0.620659
v -0.301861 -0.060385 0.620659
v -0.462629 -0.093466 0.677818
v -0.251325 -0.106223 0.677818
v -0.258796 -0.116120 0.697967
v -0.476125 -0.116120 0.697967
v 0.029819 -0.091050 -0.438860
v 0.029819 -0.091050 -0.645649
v 0.050536 -0.060385 -0.620659
v 0.050536 -0.060385 -0.463849
v 0.000000 -0.106223 0.677818
v -0.029819 -0.091050 0.645649
v -0.029819 -0.091050 0.438860
v 0.000000 -0.106223 0.406691
v -0.029819 -0.091050 0.374522
v -0.029819 -0.091050 0.167732
v 0.000000 -0.106223 0.135564
v -0.029819 -0.091050 0.103395
v -0.029819 -0.091050 -0.103395
v 0.000000 -0.106223 -0.135564
v -0.029819 -0.091050 -0.167732
v -0.029819 -0.091050 -0.374522
v 0.000000 -0.106223 -0.406691
v -0.029819 -0.091050 -0.438860
v -0.029819 -0.091050 -0.645649
v 0.000000 -0.106223 -0.677818
v -0.251325 -0.106223 0.677818
v -0.221505 -0.091050 0.645649
v -0.029819 -0.091050 0.645649
v 0.000000 -0.106223 0.677818
v 0.000000 -0.116120 0.697967
v -0.258796 -0.116120 0.697967
v 0.258796 -0.116120 0.697967
v 0.251325 -0.106223 0.677818
v 0.221505 -0.091050 0.645649
v 0.029819 -0.091050 0.645649
v -0.251325 -0.106223 0.406691
v -0.221505 -0.091050 0.438860
v -0.221505 -0.091050 0.645649
v -0.251325 -0.106223 0.677818
v -0.251325 -0.106223 0.135564
v -0.221505 -0.091050 0.374522
v -0.221505 -0.091050 0.167732
v -0.251325 -0.106223 -0.135564
v -0.221505 -0.091050 0.103395
v -0.221505 -0.091050 -0.103395
v -0.251325 -0.106223 -0.406691
v -0.221505 -0.091050 -0.167732
v -0.221505 -0.091050 -0.374522
v -0.251325 -0.106223 -0.677818
v -0.221505 -0.091050 -0.438860
v -0.221505 -0.091050 -0.645649
v -0.281144 -0.091050 -0.103395
v -0.281144 -0.091050 0.103395
v -0.301861 -0.060385 0.078405
v -0.301861 -0.060385 -0.078405
v 0.251325 -0.106223 0.677818
v 0.221505 -0.091050 0.645649
v 0.221505 -0.091050 0.438860
v 0.251325 -0.106223 0.406691
v 0.221505 -0.091050 0.374522
v 0.221505 -0.091050 0.167732
v 0.251325 -0.106223 0.135564
v 0.221505 -0.091050 0.103395
v 0.221505 -0.091050 -0.103395
v 0.251325 -0.106223 -0.135564
v 0.221505 -0.091050 -0.167732
v 0.221505 -0.091050 -0.374522
v 0.251325 -0.106223 -0.406691
v 0.221505 -0.091050 -0.438860
v 0.221505 -0.091050 -0.645649
v 0.251325 -0.106223 -0.677818
v 0.000000 -0.106223 0.406691
v 0.029819 -0.091050 0.438860
v 0.029819 -0.091050 0.645649
v 0.000000 -0.106223 0.677818
v 0.000000 -0.106223 0.135564
v 0.029819 -0.091050 0.374522
v 0.029819 -0.091050 0.167732
v 0.000000 -0.106223 -0.135564
v 0.029819 -0.091050 0.103395
v 0.029819 -0.091050 -0.103395
v 0.000000 -0.106223 -0.406691
v 0.029819 -0.091050 -0.167732
v 0.029819 -0.091050 -0.374522
v 0.000000 -0.106223 -0.677818
v 0.029819 -0.091050 -0.438860
v 0.029819 -0.091050 -0.645649
v -0.472830 -0.091050 0.438860
v -0.281144 -0.091050 0.438860
v -0.301861 -0.060385 0.463849
v -0.452113 -0.060385 0.463849
v 0.000000 -0.106223 -0.406691
v 0.029819 -0.091050 -0.438860
v 0.221505 -0.091050 -0.438860
v 0.251325 -0.106223 -0.406691
v 0.281144 -0.091050 -0.438860
v 0.472830 -0.091050 -0.438860
v 0.502649 -0.106223 -0.406691
v -0.251325 -0.106223 -0.406691
v -0.029819 -0.091050 -0.438860
v -0.221505 -0.091050 -0.438860
v -0.502649 -0.106223 -0.406691
v -0.281144 -0.091050 -0.438860
v -0.472830 -0.091050 -0.438860
v 0.281144 -0.091050 -0.167732
v 0.281144 -0.091050 -0.374522
v 0.301861 -0.060385 -0.349532
v 0.301861 -0.060385 -0.192722
v 0.251325 -0.106223 -0.406691
v 0.221505 -0.091050 -0.374522
v 0.029819 -0.091050 -0.374522
v 0.000000 -0.106223 -0.406691
v 0.502649 -0.106223 -0.406691
v 0.281144 -0.091050 -0.374522
v 0.472830 -0.091050 -0.374522
v -0.029819 -0.091050 -0.374522
v -0.221505 -0.091050 -0.374522
v -0.251325 -0.106223 -0.406691
v -0.281144 -0.091050 -0.374522
v -0.472830 -0.091050 -0.374522
v -0.502649 -0.106223 -0.406691
v 0.000000 -0.106223 -0.135564
v 0.029819 -0.091050 -0.167732
v 0.221505 -0.091050 -0.167732
v 0.251325 -0.106223 -0.135564
v 0.281144 -0.091050 -0.167732
v 0.472830 -0.091050 -0.167732
v 0.502649 -0.106223 -0.135564
v -0.251325 -0.106223 -0.135564
v -0.029819 -0.091050 -0.167732
v -0.221505 -0.091050 -0.167732
v -0.502649 -0.106223 -0.135564
v -0.281144 -0.091050 -0.167732
v -0.472830 -0.091050 -0.167732
v 0.221505 -0.091050 -0.438860
v 0.029819 -0.091050 -0.438860
v 0.050536 -0.060385 -0.463849
v 0.200788 -0.060385 -0.463849
v 0.251325 -0.106223 -0.135564
v 0.221505 -0.091050 -0.103395
v 0.029819 -0.091050 -0.103395
v 0.000000 -0.106223 -0.135564
v 0.502649 -0.106223 -0.135564
v 0.281144 -0.091050 -0.103395
v 0.472830 -0.091050 -0.103395
v -0.029819 -0.091050 -0.103395
v -0.221505 -0.091050 -0.103395
v -0.251325 -0.106223 -0.135564
v -0.281144 -0.091050 -0.103395
v -0.472830 -0.091050 -0.103395
v -0.502649 -0.106223 -0.135564
v 0.000000 -0.106223 0.135564
v 0.029819 -0.091050 0.103395
v 0.221505 -0.091050 0.103395
v 0.251325 -0.106223 0.135564
v 0.281144 -0.091050 0.103395
v 0.472830 -0.091050 0.103395
v 0.502649 -0.106223 0.135564
v -0.251325 -0.106223 0.135564
v -0.029819 -0.091050 0.103395
v -0.221505 -0.091050 0.103395
v -0.502649 -0.106223 0.135564
v -0.281144 -0.091050 0.103395
v -0.472830 -0.091050 0.103395
v -0.472830 -0.091050 -0.103395
v -0.281144 -0.091050 -0.103395
v -0.301861 -0.060385 -0.078405
v -0.452113 -0.060385 -0.078405
v 0.251325 -0.106223 0.135564
v 0.221505 -0.091050 0.167732
v 0.029819 -0.091050 0.167732
v 0.000000 -0.106223 0.135564
v 0.502649 -0.106223 0.135564
v 0.281144 -0.091050 0.167732
v 0.472830 -0.091050 0.167732
v -0.029819 -0.091050 0.167732
v -0.221505 -0.091050 0.167732
v -0.251325 -0.106223 0.135564
v -0.281144 -0.091050 0.167732
v -0.472830 -0.091050 0.167732
v -0.502649 -0.106223 0.135564
v 0.000000 -0.106223 0.406691
v 0.029819 -0.091050 0.374522
v 0.221505 -0.091050 0.374522
v 0.251325 -0.106223 0.406691
v 0.281144 -0.091050 0.374522
v 0.472830 -0.091050 0.374522
v 0.502649 -0.106223 0.406691
v -0.251325 -0.106223 0.406691
v -0.029819 -0.091050 0.374522
v -0.221505 -0.091050 0.374522
v -0.502649 -0.106223 0.406691
v -0.281144 -0.091050 0.374522
v -0.472830 -0.091050 0.374522
v 0.472830 -0.091050 -0.167732
v 0.281144 -0.091050 -0.167732
v 0.301861 -0.060385 -0.192722
v 0.452113 -0.060385 -0.192722
v 0.221505 -0.091050 -0.645649
v 0.221505 -0.091050 -0.438860
v 0.200788 -0.060385 -0.463849
v 0.200788 -0.060385 -0.620659
v 0.029819 -0.091050 0.374522
v 0.029819 -0.091050 0.167732
v 0.050536 -0.060385 0.192722
v 0.050536 -0.060385 0.349532
v 0.472830 -0.091050 -0.374522
v 0.472830 -0.091050 -0.167732
v 0.452113 -0.060385 -0.192722
v 0.452113 -0.060385 -0.349532
v 0.029819 -0.091050 -0.645649
v 0.221505 -0.091050 -0.645649
v 0.200788 -0.060385 -0.620659
v 0.050536 -0.060385 -0.620659
v -0.502649 -0.092794 -0.646649
v -0.502649 -0.106223 -0.406691
v -0.517592 -0.116121 -0.418780
v -0.517592 -0.116121 -0.665378
v -0.446037 -0.091050 -0.645649
v -0.281144 -0.091050 -0.645649
v -0.301861 -0.060385 -0.620659
v -0.425320 -0.060385 -0.620659
v 0.221505 -0.091050 0.374522
v 0.029819 -0.091050 0.374522
v 0.050536 -0.060385 0.349532
v 0.200788 -0.060385 0.349532
v -0.502649 -0.106223 -0.406691
v -0.472830 -0.091050 -0.374522
v -0.472830 -0.091050 -0.167732
v -0.502649 -0.106223 -0.135564
v -0.472830 -0.091050 -0.103395
v -0.472830 -0.091050 0.103395
v -0.502649 -0.106223 0.135564
v -0.472830 -0.091050 0.167732
v -0.472830 -0.091050 0.374522
v -0.502649 -0.106223 0.406691
v 0.281144 -0.091050 -0.374522
v 0.472830 -0.091050 -0.374522
v 0.452113 -0.060385 -0.349532
v 0.301861 -0.060385 -0.349532
v 0.221505 -0.091050 0.167732
v 0.221505 -0.091050 0.374522
v 0.200788 -0.060385 0.349532
v 0.200788 -0.060385 0.192722
v -0.221505 -0.091050 0.103395
v -0.221505 -0.091050 -0.103395
v -0.200788 -0.060385 -0.078405
v -0.200788 -0.060385 0.078405
v 0.502649 -0.106223 -0.406691
v 0.502649 -0.095132 -0.604871
v 0.517592 -0.116121 -0.621696
v 0.517592 -0.116121 -0.418780
v 0.447624 -0.094372 -0.677818
v 0.251325 -0.106223 -0.677818
v 0.258796 -0.116121 -0.697967
v 0.460578 -0.116121 -0.697967
v 0.029819 -0.091050 0.167732
v 0.221505 -0.091050 0.167732
v 0.200788 -0.060385 0.192722
v 0.050536 -0.060385 0.192722
v 0.502649 -0.106223 -0.135564
v 0.472830 -0.091050 -0.167732
v 0.472830 -0.091050 -0.374522
v 0.502649 -0.106223 -0.406691
v 0.502649 -0.106223 0.135564
v 0.472830 -0.091050 -0.103395
v 0.472830 -0.091050 0.103395
v 0.502649 -0.106223 0.406691
v 0.472830 -0.091050 0.167732
v 0.472830 -0.091050 0.374522
v -0.029819 -0.091050 0.103395
v -0.221505 -0.091050 0.103395
v -0.200788 -0.060385 0.078405
v -0.050536 -0.060385 0.078405
v 0.281144 -0.091050 0.645649
v 0.281144 -0.091050 0.438860
v 0.301861 -0.060385 0.463849
v 0.301861 -0.060385 0.620659
v 0.567055 0.000000 0.693014
v 0.551818 -0.100208 0.674437
v 0.551818 -0.100208 0.446473
v 0.567055 0.000000 0.458777
v 0.551818 -0.100208 0.148824
v 0.567055 0.000000 0.152939
v 0.551818 -0.100208 -0.148824
v 0.567055 0.000000 -0.152899
v 0.551818 -0.100208 -0.446473
v 0.567055 0.000000 -0.458737
v 0.551818 -0.100208 -0.667850
v 0.567055 0.000000 -0.686205
v -0.275909 -0.100207 0.744121
v -0.510351 -0.100207 0.744121
v -0.504412 -0.116120 0.736112
v -0.272939 -0.116120 0.736112
v 0.000000 -0.100207 0.744121
v 0.000000 -0.116120 0.736112
v 0.275909 -0.100207 0.744121
v 0.272939 -0.116120 0.736112
v 0.499728 -0.100207 0.744121
v 0.493788 -0.116120 0.736112
v -0.200788 -0.060385 0.463849
v -0.050536 -0.060385 0.463849
v -0.050536 -0.060385 0.620659
v -0.200788 -0.060385 0.620659
v 0.050536 -0.060385 0.463849
v 0.200788 -0.060385 0.463849
v 0.200788 -0.060385 0.620659
v 0.050536 -0.060385 0.620659
v 0.050536 -0.060385 -0.620659
v 0.200788 -0.060385 -0.620659
v 0.200788 -0.060385 -0.463849
v 0.050536 -0.060385 -0.463849
v 0.050536 -0.060385 -0.349532
v 0.200788 -0.060385 -0.349532
v 0.200788 -0.060385 -0.192722
v 0.050536 -0.060385 -0.192722
v 0.050536 -0.060385 -0.078405
v 0.200788 -0.060385 -0.078405
v 0.200788 -0.060385 0.078405
v 0.050536 -0.060385 0.078405
v 0.050536 -0.060385 0.192722
v 0.200788 -0.060385 0.192722
v 0.200788 -0.060385 0.349532
v 0.050536 -0.060385 0.349532
v -0.200788 -0.060385 -0.620659
v -0.050536 -0.060385 -0.620659
v -0.050536 -0.060385 -0.463849
v -0.200788 -0.060385 -0.463849
v -0.200788 -0.060385 -0.349532
v -0.050536 -0.060385 -0.349532
v -0.050536 -0.060385 -0.192722
v -0.200788 -0.060385 -0.192722
v -0.200788 -0.060385 -0.078405
v -0.050536 -0.060385 -0.078405
v -0.050536 -0.060385 0.078405
v -0.200788 -0.060385 0.078405
v -0.200788 -0.060385 0.192722
v -0.050536 -0.060385 0.192722
v -0.050536 -0.060385 0.349532
v -0.200788 -0.060385 0.349532
v -0.527457 -0.100208 -0.744121
v -0.272939 -0.116121 -0.736112
v -0.521518 -0.116121 -0.736112
v -0.275909 -0.100208 -0.744121
v 0.000000 -0.116121 -0.736112
v 0.000000 -0.100208 -0.744121
v 0.272939 -0.116121 -0.736112
v 0.275909 -0.100208 -0.744121
v 0.488865 -0.116121 -0.736112
v 0.494804 -0.100208 -0.744121
v -0.452113 -0.060385 -0.349532
v -0.301861 -0.060385 -0.349532
v -0.301861 -0.060385 -0.192722
v -0.452113 -0.060385 -0.192722
v -0.452113 -0.060385 -0.078405
v -0.301861 -0.060385 -0.078405
v -0.301861 -0.060385 0.078405
v -0.452113 -0.060385 0.078405
v -0.452113 -0.060385 0.192722
v -0.301861 -0.060385 0.192722
v -0.301861 -0.060385 0.349532
v -0.452113 -0.060385 0.349532
v 0.551818 -0.100208 -0.667850
v 0.545879 -0.116121 -0.441667
v 0.545879 -0.116121 -0.659841
v 0.551818 -0.100208 -0.446473
v 0.545879 -0.116121 -0.147222
v 0.551818 -0.100208 -0.148824
v 0.545879 -0.116120 0.147222
v 0.551818 -0.100208 0.148824
v 0.545879 -0.116120 0.441667
v 0.551818 -0.100208 0.446473
v 0.545879 -0.116120 0.666428
v 0.551818 -0.100208 0.674437
v 0.301861 -0.060385 -0.349532
v 0.452113 -0.060385 -0.349532
v 0.452113 -0.060385 -0.192722
v 0.301861 -0.060385 -0.192722
v 0.301861 -0.060385 -0.078405
v 0.452113 -0.060385 -0.078405
v 0.452113 -0.060385 0.078405
v 0.301861 -0.060385 0.078405
v 0.301861 -0.060385 0.192722
v 0.452113 -0.060385 0.192722
v 0.452113 -0.060385 0.349532
v 0.301861 -0.060385 0.349532
v -0.221505 -0.091050 0.167732
v -0.029819 -0.091050 0.167732
v -0.050536 -0.060385 0.192722
v -0.200788 -0.060385 0.192722
v -0.472830 -0.091050 0.585187
v -0.472830 -0.091050 0.438860
v -0.452113 -0.060385 0.463849
v -0.452113 -0.060385 0.560198
v -0.472830 -0.091050 0.103395
v -0.472830 -0.091050 -0.103395
v -0.452113 -0.060385 -0.078405
v -0.452113 -0.060385 0.078405
v -0.029819 -0.091050 0.167732
v -0.029819 -0.091050 0.374522
v -0.050536 -0.060385 0.349532
v -0.050536 -0.060385 0.192722
v -0.406506 -0.060385 0.620659
v -0.452113 -0.060385 0.560198
v -0.452113 -0.060385 0.463849
v -0.301861 -0.060385 0.463849
v -0.301861 -0.060385 0.620659
v -0.029819 -0.091050 0.374522
v -0.221505 -0.091050 0.374522
v -0.200788 -0.060385 0.349532
v -0.050536 -0.060385 0.349532
v -0.221505 -0.091050 -0.645649
v -0.029819 -0.091050 -0.645649
v -0.050536 -0.060385 -0.620659
v -0.200788 -0.060385 -0.620659
v -0.221505 -0.091050 0.374522
v -0.221505 -0.091050 0.167732
v -0.200788 -0.060385 0.192722
v -0.200788 -0.060385 0.349532
v -0.029819 -0.091050 -0.645649
v -0.029819 -0.091050 -0.438860
v -0.050536 -0.060385 -0.463849
v -0.050536 -0.060385 -0.620659
v 0.281144 -0.091050 -0.103395
v 0.472830 -0.091050 -0.103395
v 0.452113 -0.060385 -0.078405
v 0.301861 -0.060385 -0.078405
v -0.029819 -0.091050 -0.438860
v -0.221505 -0.091050 -0.438860
v -0.200788 -0.060385 -0.463849
v -0.050536 -0.060385 -0.463849
v 0.029819 -0.091050 -0.374522
v 0.221505 -0.091050 -0.374522
v 0.200788 -0.060385 -0.349532
v 0.050536 -0.060385 -0.349532
v 0.472830 -0.091050 -0.103395
v 0.472830 -0.091050 0.103395
v 0.452113 -0.060385 0.078405
v 0.452113 -0.060385 -0.078405
v -0.221505 -0.091050 -0.438860
v -0.221505 -0.091050 -0.645649
v -0.200788 -0.060385 -0.620659
v -0.200788 -0.060385 -0.463849
v 0.221505 -0.091050 -0.374522
v 0.221505 -0.091050 -0.167732
v 0.200788 -0.060385 -0.192722
v 0.200788 -0.060385 -0.349532
v 0.472830 -0.091050 0.103395
v 0.281144 -0.091050 0.103395
v 0.301861 -0.060385 0.078405
v 0.452113 -0.060385 0.078405
v -0.472830 -0.091050 0.167732
v -0.281144 -0.091050 0.167732
v -0.301861 -0.060385 0.192722
v -0.452113 -0.060385 0.192722
v 0.221505 -0.091050 -0.167732
v 0.029819 -0.091050 -0.167732
v 0.050536 -0.060385 -0.192722
v 0.200788 -0.060385 -0.192722
v 0.281144 -0.091050 0.103395
v 0.281144 -0.091050 -0.103395
v 0.301861 -0.060385 -0.078405
v 0.301861 -0.060385 0.078405
v -0.221505 -0.091050 0.438860
v -0.029819 -0.091050 0.438860
v -0.050536 -0.060385 0.463849
v -0.200788 -0.060385 0.463849
v -0.281144 -0.091050 0.167732
v -0.281144 -0.091050 0.374522
v -0.301861 -0.060385 0.349532
v -0.301861 -0.060385 0.192722
v 0.029819 -0.091050 -0.167732
v 0.029819 -0.091050 -0.374522
v 0.050536 -0.060385 -0.349532
v 0.050536 -0.060385 -0.192722
v -0.029819 -0.091050 0.438860
v -0.029819 -0.091050 0.645649
v -0.050536 -0.060385 0.620659
v -0.050536 -0.060385 0.463849
v -0.281144 -0.091050 0.374522
v -0.472830 -0.091050 0.374522
v -0.452113 -0.060385 0.349532
v -0.301861 -0.060385 0.349532
v -0.472830 -0.091050 -0.438860
v -0.472830 -0.091050 -0.610130
v -0.452113 -0.060385 -0.585140
v -0.452113 -0.060385 -0.463849
v -0.029819 -0.091050 0.645649
v -0.221505 -0.091050 0.645649
v -0.200788 -0.060385 0.620659
v -0.050536 -0.060385 0.620659
v -0.472830 -0.091050 0.374522
v -0.472830 -0.091050 0.167732
v -0.452113 -0.060385 0.192722
v -0.452113 -0.060385 0.349532
v -0.281144 -0.091050 -0.645649
v -0.281144 -0.091050 -0.438860
v -0.301861 -0.060385 -0.463849
v -0.301861 -0.060385 -0.620659
v -0.221505 -0.091050 0.645649
v -0.221505 -0.091050 0.438860
v -0.200788 -0.060385 0.463849
v -0.200788 -0.060385 0.620659
v -0.281144 -0.091050 -0.438860
v -0.472830 -0.091050 -0.438860
v -0.452113 -0.060385 -0.463849
v -0.301861 -0.060385 -0.463849
v -0.221505 -0.091050 -0.374522
v -0.029819 -0.091050 -0.374522
v -0.050536 -0.060385 -0.349532
v -0.200788 -0.060385 -0.349532
v -0.301861 -0.060385 -0.463849
v -0.452113 -0.060385 -0.463849
v -0.452113 -0.060385 -0.585140
v -0.425320 -0.060385 -0.620659
v -0.301861 -0.060385 -0.620659
v -0.029819 -0.091050 -0.374522
v -0.029819 -0.091050 -0.167732
v -0.050536 -0.060385 -0.192722
v -0.050536 -0.060385 -0.349532
v 0.281144 -0.091050 0.167732
v 0.472830 -0.091050 0.167732
v 0.452113 -0.060385 0.192722
v 0.301861 -0.060385 0.192722
v -0.029819 -0.091050 -0.167732
v -0.221505 -0.091050 -0.167732
v -0.200788 -0.060385 -0.192722
v -0.050536 -0.060385 -0.192722
v 0.029819 -0.091050 -0.103395
v 0.221505 -0.091050 -0.103395
v 0.200788 -0.060385 -0.078405
v 0.050536 -0.060385 -0.078405
v 0.472830 -0.091050 0.167732
v 0.472830 -0.091050 0.374522
v 0.452113 -0.060385 0.349532
v 0.452113 -0.060385 0.192722
v -0.221505 -0.091050 -0.167732
v -0.221505 -0.091050 -0.374522
v -0.200788 -0.060385 -0.349532
v -0.200788 -0.060385 -0.192722
v 0.221505 -0.091050 -0.103395
v 0.221505 -0.091050 0.103395
v 0.200788 -0.060385 0.078405
v 0.200788 -0.060385 -0.078405
v 0.472830 -0.091050 0.374522
v 0.281144 -0.091050 0.374522
v 0.301861 -0.060385 0.349532
v 0.452113 -0.060385 0.349532
v 0.472830 -0.091050 -0.562519
v 0.472830 -0.091050 -0.438860
v 0.452113 -0.060385 -0.463849
v 0.452113 -0.060385 -0.537530
v 0.221505 -0.091050 0.103395
v 0.029819 -0.091050 0.103395
v 0.050536 -0.060385 0.078405
v 0.200788 -0.060385 0.078405
v 0.281144 -0.091050 0.374522
v 0.281144 -0.091050 0.167732
v 0.301861 -0.060385 0.192722
v 0.301861 -0.060385 0.349532
v 0.029819 -0.091050 0.438860
v 0.221505 -0.091050 0.438860
v 0.200788 -0.060385 0.463849
v 0.050536 -0.060385 0.463849
v 0.452113 -0.060385 -0.463849
v 0.301861 -0.060385 -0.463849
v 0.301861 -0.060385 -0.620659
v 0.389407 -0.060385 -0.620659
v 0.452113 -0.060385 -0.537530
v 0.029819 -0.091050 0.103395
v 0.029819 -0.091050 -0.103395
v 0.050536 -0.060385 -0.078405
v 0.050536 -0.060385 0.078405
v 0.221505 -0.091050 0.438860
v 0.221505 -0.091050 0.645649
v 0.200788 -0.060385 0.620659
v 0.200788 -0.060385 0.463849
v 0.472830 -0.091050 -0.438860
v 0.281144 -0.091050 -0.438860
v 0.301861 -0.060385 -0.463849
v 0.452113 -0.060385 -0.463849
v -0.472830 -0.091050 -0.374522
v -0.281144 -0.091050 -0.374522
v -0.301861 -0.060385 -0.349532
v -0.452113 -0.060385 -0.349532
v 0.221505 -0.091050 0.645649
v 0.029819 -0.091050 0.645649
v 0.050536 -0.060385 0.620659
v 0.200788 -0.060385 0.620659
v 0.281144 -0.091050 -0.438860
v 0.281144 -0.091050 -0.645649
v 0.301861 -0.060385 -0.620659
v 0.301861 -0.060385 -0.463849
v 0.281144 -0.091050 0.438860
v 0.472830 -0.091050 0.438860
v 0.452113 -0.060385 0.463849
v 0.301861 -0.060385 0.463849
v -0.281144 -0.091050 -0.374522
v -0.281144 -0.091050 -0.167732
v -0.301861 -0.060385 -0.192722
v -0.301861 -0.060385 -0.349532
v 0.029819 -0.091050 0.645649
v 0.029819 -0.091050 0.438860
v 0.050536 -0.060385 0.463849
v 0.050536 -0.060385 0.620659
v 0.415539 -0.091050 0.645649
v 0.281144 -0.091050 0.645649
v 0.301861 -0.060385 0.620659
v 0.394822 -0.060385 0.620659
v -0.281144 -0.091050 -0.167732
v -0.472830 -0.091050 -0.167732
v -0.452113 -0.060385 -0.192722
v -0.301861 -0.060385 -0.192722
v -0.221505 -0.091050 -0.103395
v -0.029819 -0.091050 -0.103395
v -0.050536 -0.060385 -0.078405
v -0.200788 -0.060385 -0.078405
v 0.394822 -0.060385 0.620659
v 0.301861 -0.060385 0.620659
v 0.301861 -0.060385 0.463849
v 0.452113 -0.060385 0.463849
v 0.452113 -0.060385 0.544709
v -0.472830 -0.091050 -0.167732
v -0.472830 -0.091050 -0.374522
v -0.452113 -0.060385 -0.349532
v -0.452113 -0.060385 -0.192722
v -0.029819 -0.091050 -0.103395
v -0.029819 -0.091050 0.103395
v -0.050536 -0.060385 0.078405
v -0.050536 -0.060385 -0.078405
v 0.508472 0.000000 -0.764574
v 0.494804 -0.100208 -0.744121
v 0.275909 -0.100208 -0.744121
v 0.283555 0.000000 -0.764574
v 0.000000 -0.100208 -0.744121
v 0.000054 0.000000 -0.764574
v -0.275909 -0.100208 -0.744121
v -0.283446 0.000000 -0.764574
v -0.527457 -0.100208 -0.744121
v -0.541916 0.000000 -0.764574
v -0.524339 0.000000 0.764615
v -0.510351 -0.100207 0.744121
v -0.275909 -0.100207 0.744121
v -0.283446 0.000000 0.764615
v 0.000000 -0.100207 0.744121
v 0.000054 0.000000 0.764615
v 0.275909 -0.100207 0.744121
v 0.283555 0.000000 0.764615
v 0.499728 -0.100207 0.744121
v 0.513532 0.000000 0.764615
v -0.502649 -0.106223 0.406691
v -0.502649 -0.094019 0.624763
v -0.517592 -0.116120 0.642494
v -0.517592 -0.116120 0.418780
v 0.502649 -0.094779 0.611171
v 0.472830 -0.091050 0.569699
v 0.472830 -0.091050 0.438860
v 0.502649 -0.106223 0.406691
v 0.251325 -0.106223 0.677818
v 0.281144 -0.091050 0.645649
v 0.415539 -0.091050 0.645649
v 0.452376 -0.094085 0.677818
v -0.502649 -0.106223 0.135564
v -0.502649 -0.106223 0.406691
v -0.517592 -0.116120 0.418780
v -0.517592 -0.116120 0.139593
v -0.502649 -0.106223 -0.135564
v -0.517592 -0.116121 -0.139593
v -0.502649 -0.106223 -0.406691
v -0.517592 -0.116121 -0.418780
v 0.502649 -0.106223 -0.406691
v 0.472830 -0.091050 -0.438860
v 0.472830 -0.091050 -0.562519
v 0.502649 -0.095132 -0.604871
v -0.251325 -0.106223 -0.677818
v -0.281144 -0.091050 -0.645649
v -0.446037 -0.091050 -0.645649
v -0.479138 -0.092469 -0.677818
v -0.462629 -0.093466 0.677818
v -0.427223 -0.091050 0.645649
v -0.281144 -0.091050 0.645649
v -0.251325 -0.106223 0.677818
v -0.502649 -0.092794 -0.646649
v -0.472830 -0.091050 -0.610130
v -0.472830 -0.091050 -0.438860
v -0.502649 -0.106223 -0.406691
v -0.502649 -0.106223 0.406691
v -0.472830 -0.091050 0.438860
v -0.472830 -0.091050 0.585187
v -0.502649 -0.094019 0.624763
v 0.499728 -0.100207 0.744121
v 0.493788 -0.116120 0.736112
v 0.545879 -0.116120 0.666428
v 0.551818 -0.100208 0.674437
v 0.452376 -0.094085 0.677818
v 0.415539 -0.091050 0.645649
v 0.472830 -0.091050 0.569699
v 0.502649 -0.094779 0.611171
v 0.415539 -0.091050 0.645649
v 0.394822 -0.060385 0.620659
v 0.452113 -0.060385 0.544709
v 0.472830 -0.091050 0.569699
v 0.513532 0.000000 0.764615
v 0.499728 -0.100207 0.744121
v 0.551818 -0.100208 0.674437
v 0.567055 0.000000 0.693014
v 0.502649 -0.094779 0.611171
v 0.517592 -0.116120 0.628283
v 0.465501 -0.116120 0.697967
v 0.452376 -0.094085 0.677818
v -0.551818 -0.100207 0.688648
v -0.545879 -0.116120 0.680639
v -0.504412 -0.116120 0.736112
v -0.510351 -0.100207 0.744121
v -0.502649 -0.094019 0.624763
v -0.472830 -0.091050 0.585187
v -0.427223 -0.091050 0.645649
v -0.462629 -0.093466 0.677818
v -0.472830 -0.091050 0.585187
v -0.452113 -0.060385 0.560198
v -0.406506 -0.060385 0.620659
v -0.427223 -0.091050 0.645649
v -0.517592 -0.116120 0.642494
v -0.502649 -0.094019 0.624763
v -0.462629 -0.093466 0.677818
v -0.476125 -0.116120 0.697967
v -0.472830 -0.091050 -0.610130
v -0.502649 -0.092794 -0.646649
v -0.479138 -0.092469 -0.677818
v -0.446037 -0.091050 -0.645649
v -0.452113 -0.060385 -0.585140
v -0.472830 -0.091050 -0.610130
v -0.446037 -0.091050 -0.645649
v -0.425320 -0.060385 -0.620659
v -0.545879 -0.116121 -0.703523
v -0.551818 -0.100208 -0.711532
v -0.527457 -0.100208 -0.744121
v -0.521518 -0.116121 -0.736112
v -0.502649 -0.092794 -0.646649
v -0.517592 -0.116121 -0.665378
v -0.493231 -0.116121 -0.697967
v -0.479138 -0.092469 -0.677818
v 0.502649 -0.095132 -0.604871
v 0.472830 -0.091050 -0.562519
v 0.410124 -0.091050 -0.645649
v 0.447624 -0.094372 -0.677818
v 0.472830 -0.091050 -0.562519
v 0.452113 -0.060385 -0.537530
v 0.389407 -0.060385 -0.620659
v 0.410124 -0.091050 -0.645649
v 0.517592 -0.116121 -0.621696
v 0.502649 -0.095132 -0.604871
v 0.447624 -0.094372 -0.677818
v 0.460578 -0.116121 -0.697967
v 0.551818 -0.100208 -0.667850
v 0.545879 -0.116121 -0.659841
v 0.488865 -0.116121 -0.736112
v 0.494804 -0.100208 -0.744121
v 0.494804 -0.100208 -0.744121
v 0.508472 0.000000 -0.764574
v 0.567055 0.000000 -0.686205
v 0.551818 -0.100208 -0.667850
v -0.551818 -0.100208 -0.711532
v -0.566947 0.000000 -0.731089
v -0.541916 0.000000 -0.764574
v -0.527457 -0.100208 -0.744121
v -0.510351 -0.100207 0.744121
v -0.524339 0.000000 0.764615
v -0.566947 0.000000 0.707616
v -0.551818 -0.100207 0.688648
v -0.258796 -0.116121 -0.697967
v -0.493231 -0.116121 -0.697967
v -0.521518 -0.116121 -0.736112
v -0.517592 -0.116121 -0.665378
v -0.272939 -0.116121 -0.736112
v -0.545879 -0.116121 -0.703523
v 0.000000 -0.116121 -0.697967
v -0.545879 -0.116121 -0.441667
v 0.000000 -0.116121 -0.736112
v -0.517592 -0.116121 -0.418780
v 0.258796 -0.116121 -0.697967
v -0.545879 -0.116121 -0.147222
v 0.272939 -0.116121 -0.736112
v -0.517592 -0.116121 -0.139593
v -0.545879 -0.116120 0.147222
v -0.517592 -0.116120 0.139593
v -0.545879 -0.116120 0.441667
v -0.517592 -0.116120 0.418780
v 0.460578 -0.116121 -0.697967
v 0.488865 -0.116121 -0.736112
v -0.545879 -0.116120 0.680639
v -0.517592 -0.116120 0.642494
v 0.545879 -0.116121 -0.659841
v 0.517592 -0.116121 -0.621696
v 0.517592 -0.116121 -0.418780
v 0.545879 -0.116121 -0.441667
v 0.517592 -0.116121 -0.139593
v 0.545879 -0.116121 -0.147222
v 0.517592 -0.116120 0.139593
v 0.545879 -0.116120 0.147222
v 0.517592 -0.116120 0.418780
v 0.545879 -0.116120 0.441667
v -0.476125 -0.116120 0.697967
v -0.504412 -0.116120 0.736112
v -0.272939 -0.116120 0.736112
v -0.258796 -0.116120 0.697967
v 0.000000 -0.116120 0.736112
v 0.000000 -0.116120 0.697967
v 0.272939 -0.116120 0.736112
v 0.258796 -0.116120 0.697967
v 0.517592 -0.116120 0.628283
v 0.545879 -0.116120 0.666428
v 0.493788 -0.116120 0.736112
v 0.465501 -0.116120 0.697967
v -0.258796 0.116120 -0.697967
v -0.521518 0.116120 -0.736112
v -0.493231 0.116120 -0.697967
v -0.517592 0.116120 -0.665378
v -0.272939 0.116120 -0.736112
v -0.545879 0.116120 -0.703523
v 0.000000 0.116120 -0.697967
v -0.545879 0.116120 -0.441667
v 0.000000 0.116120 -0.736112
v -0.517592 0.116120 -0.418780
v 0.258796 0.116120 -0.697967
v -0.545879 0.116120 -0.147222
v 0.272939 0.116120 -0.736112
v -0.517592 0.116120 -0.139593
v -0.545879 0.116121 0.147222
v -0.517592 0.116121 0.139593
v -0.545879 0.116121 0.441667
v -0.517592 0.116121 0.418780
v 0.460578 0.116120 -0.697967
v 0.488865 0.116120 -0.736112
v -0.545879 0.116121 0.680639
v -0.517592 0.116121 0.642494
v 0.545879 0.116120 -0.659841
v 0.517592 0.116120 -0.621696
v 0.517592 0.116120 -0.418780
v 0.545879 0.116120 -0.441667
v 0.517592 0.116120 -0.139593
v 0.545879 0.116120 -0.147222
v 0.517592 0.116121 0.139593
v 0.545879 0.116121 0.147222
v 0.517592 0.116121 0.418780
v 0.545879 0.116121 0.441667
v -0.476125 0.116121 0.697967
v -0.504412 0.116121 0.736112
v -0.272939 0.116121 0.736112
v -0.258796 0.116121 0.697967
v 0.000000 0.116121 0.736112
v 0.000000 0.116121 0.697967
v 0.272939 0.116121 0.736112
v 0.258796 0.116121 0.697967
v 0.517592 0.116121 0.628283
v 0.545879 0.116121 0.666428
v 0.493788 0.116121 0.736112
v 0.465501 0.116121 0.697967
vn 0.000000 0.897557 0.440898
vn 0.000000 0.897557 0.440898
vn 0.000000 0.897557 0.440898
vn 0.000000 0.897557 0.440898
vn 0.000000 0.897557 0.440898
vn 0.000000 0.904444 0.426592
vn 0.000000 0.904444 0.426592
vn 0.000000 0.904444 0.426592
vn 0.000000 0.904444 0.426592
vn 0.000000 0.904444 0.426592
vn 0.000000 0.631726 0.775192
vn 0.000000 0.631726 0.775192
vn 0.000000 0.631726 0.775192
vn 0.000000 0.631726 0.775192
vn 0.023152 0.777758 -0.628137
vn 0.023152 0.777758 -0.628137
vn 0.023152 0.777758 -0.628137
vn 0.023152 0.777758 -0.628137
vn -0.988795 0.149282 0.000000
vn -0.988795 0.149282 0.000000
vn -0.988795 0.149282 0.000000
vn -0.988795 0.149282 0.000000
vn -0.988795 0.149282 0.000000
vn -0.988795 0.149282 0.000000
vn -0.988795 0.149282 0.000000
vn -0.988795 0.149282 0.000000
vn -0.988795 0.149282 0.000000
vn -0.988795 0.149282 0.000000
vn -0.988795 0.149282 0.000000
vn -0.988795 0.149282 0.000000
vn 0.034953 0.959375 0.279959
vn 0.034953 0.959375 0.279959
vn 0.034953 0.959375 0.279959
vn 0.034953 0.959375 0.279959
vn -0.936869 0.349682 0.000000
vn -0.936869 0.349682 0.000000
vn -0.936869 0.349682 0.000000
vn -0.936869 0.349682 0.000000
vn -0.936869 0.349682 0.000000
vn -0.936869 0.349682 0.000000
vn -0.936869 0.349682 0.000000
vn -0.936869 0.349682 0.000000
vn -0.936869 0.349682 0.000000
vn -0.936869 0.349682 0.000000
vn -0.936869 0.349682 0.000000
vn -0.936869 0.349682 0.000000
vn -0.022682 0.762335 0.646785
vn -0.022682 0.762335 0.646785
vn -0.022682 0.762335 0.646785
vn -0.022682 0.762335 0.646785
vn -0.552239 0.833686 0.000000
vn -0.552239 0.833686 0.000000
vn -0.552239 0.833686 0.000000
vn -0.552239 0.833686 0.000000
vn -0.552239 0.833686 0.000000
vn -0.552239 0.833686 0.000000
vn -0.552239 0.833686 0.000000
vn -0.552239 0.833686 0.000000
vn 0.000000 0.631726 -0.775192
vn 0.000000 0.631726 -0.775192
vn 0.000000 0.631726 -0.775192
vn 0.000000 0.631726 -0.775192
vn 0.000000 0.904444 0.426592
vn 0.000000 0.904444 0.426592
vn 0.000000 0.904444 0.426592
vn 0.000000 0.904444 0.426592
vn 0.000000 0.904444 0.426592
vn 0.000000 0.904444 0.426592
vn 0.000000 0.904444 0.426592
vn 0.000000 0.904444 0.426592
vn 0.000000 0.904444 0.426592
vn 0.000000 0.904444 0.426592
vn 0.000000 0.904444 0.426592
vn 0.000000 0.904444 0.426592
vn 0.000000 0.904444 0.426592
vn -0.828621 0.559810 0.000000
vn -0.828621 0.559810 0.000000
vn -0.828621 0.559810 0.000000
vn -0.828621 0.559810 0.000000
vn -0.731212 0.681890 0.018848
vn -0.731212 0.681890 0.018848
vn -0.731212 0.681890 0.018848
vn -0.731212 0.681890 0.018848
vn 0.453496 0.891258 0.000000
vn 0.453496 0.891258 0.000000
vn 0.453496 0.891258 0.000000
vn 0.453496 0.891258 0.000000
vn 0.453496 0.891259 0.000000
vn 0.453496 0.891259 0.000000
vn 0.453496 0.891259 0.000000
vn 0.453496 0.891258 0.000000
vn 0.453496 0.891259 0.000000
vn 0.453496 0.891259 0.000000
vn 0.453496 0.891258 0.000000
vn 0.453496 0.891258 0.000000
vn 0.453496 0.891258 0.000000
vn 0.453496 0.891258 0.000000
vn 0.453496 0.891258 0.000000
vn 0.453496 0.891258 0.000000
vn -0.828621 0.559809 0.000000
vn -0.828621 0.559809 0.000000
vn -0.828621 0.559809 0.000000
vn -0.828621 0.559809 0.000000
vn -0.453496 0.891258 0.000000
vn -0.453496 0.891258 0.000000
vn -0.453496 0.891258 0.000000
vn -0.453496 0.891258 0.000000
vn -0.453496 0.891258 0.000000
vn -0.453496 0.891258 0.000000
vn -0.453496 0.891259 0.000000
vn -0.453496 0.891259 0.000000
vn -0.453496 0.891259 0.000000
vn -0.453496 0.891258 0.000000
vn -0.453496 0.891258 0.000000
vn -0.453496 0.891258 0.000000
vn -0.453496 0.891258 0.000000
vn -0.453496 0.891258 0.000000
vn -0.453496 0.891258 0.000000
vn -0.453496 0.891258 0.000000
vn 0.000000 0.631726 -0.775191
vn 0.000000 0.631726 -0.775191
vn 0.000000 0.631726 -0.775191
vn 0.000000 0.631726 -0.775191
vn -0.022971 0.771830 -0.635414
vn -0.022971 0.771830 -0.635414
vn -0.022971 0.771830 -0.635414
vn -0.022971 0.771830 -0.635414
vn 0.828622 0.559809 0.000000
vn 0.828622 0.559809 0.000000
vn 0.828622 0.559809 0.000000
vn 0.828622 0.559809 0.000000
vn -0.453496 0.891258 0.000000
vn -0.453496 0.891258 0.000000
vn -0.453496 0.891258 0.000000
vn -0.453496 0.891258 0.000000
vn -0.453496 0.891259 0.000000
vn -0.453496 0.891259 0.000000
vn -0.453496 0.891259 0.000000
vn -0.453496 0.891259 0.000000
vn -0.453496 0.891259 0.000000
vn -0.453496 0.891258 0.000000
vn -0.453496 0.891258 0.000000
vn -0.453496 0.891258 0.000000
vn -0.453496 0.891258 0.000000
vn -0.453496 0.891258 0.000000
vn -0.453496 0.891258 0.000000
vn -0.453496 0.891258 0.000000
vn 0.000000 0.904444 -0.426593
vn 0.000000 0.904444 -0.426593
vn 0.000000 0.904444 -0.426593
vn 0.000000 0.904444 -0.426593
vn 0.000000 0.897557 -0.440898
vn 0.000000 0.897557 -0.440898
vn 0.000000 0.897557 -0.440898
vn 0.000000 0.904444 -0.426593
vn 0.000000 0.904444 -0.426593
vn 0.000000 0.904444 -0.426593
vn 0.453496 0.891258 0.000000
vn 0.453496 0.891258 0.000000
vn 0.453496 0.891258 0.000000
vn 0.453496 0.891258 0.000000
vn 0.453496 0.891259 0.000000
vn 0.453496 0.891259 0.000000
vn 0.453496 0.891259 0.000000
vn 0.453496 0.891258 0.000000
vn 0.453496 0.891259 0.000000
vn 0.453496 0.891259 0.000000
vn 0.453496 0.891258 0.000000
vn 0.453496 0.891258 0.000000
vn 0.453496 0.891258 0.000000
vn 0.453496 0.891258 0.000000
vn 0.453496 0.891258 0.000000
vn 0.453496 0.891258 0.000000
vn -0.828621 0.559809 0.000000
vn -0.828621 0.559809 0.000000
vn -0.828621 0.559809 0.000000
vn -0.828621 0.559809 0.000000
vn -0.453496 0.891258 0.000000
vn -0.453496 0.891258 0.000000
vn -0.453496 0.891258 0.000000
vn -0.453496 0.891258 0.000000
vn -0.453496 0.891258 0.000000
vn -0.453496 0.891258 0.000000
vn -0.453496 0.891259 0.000000
vn -0.453496 0.891259 0.000000
vn -0.453496 0.891259 0.000000
vn -0.453496 0.891258 0.000000
vn -0.453496 0.891258 0.000000
vn -0.453496 0.891258 0.000000
vn -0.453496 0.891258 0.000000
vn -0.453496 0.891258 0.000000
vn -0.453496 0.891258 0.000000
vn -0.453496 0.891258 0.000000
vn 0.453496 0.891258 0.000000
vn 0.453496 0.891258 0.000000
vn 0.453496 0.891258 0.000000
vn 0.453496 0.891258 0.000000
vn 0.453496 0.891259 0.000000
vn 0.453496 0.891259 0.000000
vn 0.453496 0.891259 0.000000
vn 0.453496 0.891259 0.000000
vn 0.453496 0.891259 0.000000
vn 0.453496 0.891259 0.000000
vn 0.453496 0.891258 0.000000
vn 0.453496 0.891259 0.000000
vn 0.453496 0.891259 0.000000
vn 0.453496 0.891258 0.000000
vn 0.453496 0.891258 0.000000
vn 0.453496 0.891258 0.000000
vn 0.000000 0.631724 0.775193
vn 0.000000 0.631724 0.775193
vn 0.000000 0.631724 0.775193
vn 0.000000 0.631724 0.775193
vn 0.000000 0.904444 -0.426593
vn 0.000000 0.904444 -0.426593
vn 0.000000 0.904444 -0.426593
vn 0.000000 0.904444 -0.426593
vn 0.000000 0.904444 -0.426593
vn 0.000000 0.904444 -0.426593
vn 0.000000 0.904444 -0.426593
vn 0.000000 0.904444 -0.426593
vn 0.000000 0.904444 -0.426593
vn 0.000000 0.904444 -0.426593
vn 0.000000 0.904444 -0.426593
vn 0.000000 0.904444 -0.426593
vn 0.000000 0.904444 -0.426593
vn 0.828621 0.559810 0.000000
vn 0.828621 0.559810 0.000000
vn 0.828621 0.559810 0.000000
vn 0.828621 0.559810 0.000000
vn 0.000000 0.904444 0.426593
vn 0.000000 0.904444 0.426593
vn 0.000000 0.904444 0.426593
vn 0.000000 0.904444 0.426593
vn 0.000000 0.904444 0.426593
vn 0.000000 0.904444 0.426593
vn 0.000000 0.904444 0.426593
vn 0.000000 0.904444 0.426593
vn 0.000000 0.904444 0.426593
vn 0.000000 0.904444 0.426593
vn 0.000000 0.904444 0.426593
vn 0.000000 0.904444 0.426593
vn 0.000000 0.904444 0.426593
vn 0.000000 0.904444 -0.426593
vn 0.000000 0.904444 -0.426593
vn 0.000000 0.904444 -0.426593
vn 0.000000 0.904444 -0.426593
vn 0.000000 0.904444 -0.426593
vn 0.000000 0.904444 -0.426593
vn 0.000000 0.904444 -0.426593
vn 0.000000 0.904444 -0.426593
vn 0.000000 0.904444 -0.426593
vn 0.000000 0.904444 -0.426593
vn 0.000000 0.904444 -0.426593
vn 0.000000 0.904444 -0.426593
vn 0.000000 0.904444 -0.426593
vn 0.000000 0.631725 -0.775193
vn 0.000000 0.631725 -0.775193
vn 0.000000 0.631725 -0.775193
vn 0.000000 0.631725 -0.775193
vn 0.000000 0.904444 0.426593
vn 0.000000 0.904444 0.426593
vn 0.000000 0.904444 0.426593
vn 0.000000 0.904444 0.426593
vn 0.000000 0.904444 0.426593
vn 0.000000 0.904444 0.426593
vn 0.000000 0.904444 0.426593
vn 0.000000 0.904444 0.426593
vn 0.000000 0.904444 0.426593
vn 0.000000 0.904444 0.426593
vn 0.000000 0.904444 0.426593
vn 0.000000 0.904444 0.426593
vn 0.000000 0.904444 0.426593
vn 0.000000 0.904444 -0.426593
vn 0.000000 0.904444 -0.426593
vn 0.000000 0.904444 -0.426593
vn 0.000000 0.904444 -0.426593
vn 0.000000 0.904444 -0.426593
vn 0.000000 0.904444 -0.426593
vn 0.000000 0.904444 -0.426593
vn 0.000000 0.904444 -0.426593
vn 0.000000 0.904444 -0.426593
vn 0.000000 0.904444 -0.426593
vn 0.000000 0.904444 -0.426593
vn 0.000000 0.904444 -0.426593
vn 0.000000 0.904444 -0.426593
vn 0.000000 0.631725 0.775192
vn 0.000000 0.631725 0.775192
vn 0.000000 0.631725 0.775192
vn 0.000000 0.631725 0.775192
vn 0.000000 0.904444 0.426593
vn 0.000000 0.904444 0.426593
vn 0.000000 0.904444 0.426593
vn 0.000000 0.904444 0.426593
vn 0.000000 0.904444 0.426593
vn 0.000000 0.904444 0.426593
vn 0.000000 0.904444 0.426593
vn 0.000000 0.904444 0.426593
vn 0.000000 0.904444 0.426593
vn 0.000000 0.904444 0.426593
vn 0.000000 0.904444 0.426593
vn 0.000000 0.904444 0.426593
vn 0.000000 0.904444 0.426593
vn 0.000000 0.904444 -0.426593
vn 0.000000 0.904444 -0.426593
vn 0.000000 0.904444 -0.426593
vn 0.000000 0.904444 -0.426593
vn 0.000000 0.904444 -0.426593
vn 0.000000 0.904444 -0.426593
vn 0.000000 0.904444 -0.426593
vn 0.000000 0.904444 -0.426593
vn 0.000000 0.904444 -0.426593
vn 0.000000 0.904444 -0.426593
vn 0.000000 0.904444 -0.426593
vn 0.000000 0.904444 -0.426593
vn 0.000000 0.904444 -0.426593
vn 0.000000 0.631725 -0.775193
vn 0.000000 0.631725 -0.775193
vn 0.000000 0.631725 -0.775193
vn 0.000000 0.631725 -0.775193
vn -0.828622 0.559809 0.000000
vn -0.828622 0.559809 0.000000
vn -0.828622 0.559809 0.000000
vn -0.828622 0.559809 0.000000
vn 0.828622 0.559809 0.000000
vn 0.828622 0.559809 0.000000
vn 0.828622 0.559809 0.000000
vn 0.828622 0.559809 0.000000
vn -0.828621 0.559810 0.000000
vn -0.828621 0.559810 0.000000
vn -0.828621 0.559810 0.000000
vn -0.828621 0.559810 0.000000
vn 0.000000 0.631725 0.775193
vn 0.000000 0.631725 0.775193
vn 0.000000 0.631725 0.775193
vn 0.000000 0.631725 0.775193
vn 0.751698 0.659257 -0.018195
vn 0.751698 0.659257 -0.018195
vn 0.751698 0.659257 -0.018195
vn 0.751698 0.659257 -0.018195
vn 0.000000 0.631726 0.775192
vn 0.000000 0.631726 0.775192
vn 0.000000 0.631726 0.775192
vn 0.000000 0.631726 0.775192
vn 0.000000 0.631725 -0.775192
vn 0.000000 0.631725 -0.775192
vn 0.000000 0.631725 -0.775192
vn 0.000000 0.631725 -0.775192
vn 0.453496 0.891258 0.000000
vn 0.453496 0.891258 0.000000
vn 0.453496 0.891258 0.000000
vn 0.453496 0.891258 0.000000
vn 0.453496 0.891259 0.000000
vn 0.453496 0.891259 0.000000
vn 0.453496 0.891259 0.000000
vn 0.453496 0.891259 0.000000
vn 0.453496 0.891259 0.000000
vn 0.453496 0.891259 0.000000
vn 0.000000 0.631725 0.775193
vn 0.000000 0.631725 0.775193
vn 0.000000 0.631725 0.775193
vn 0.000000 0.631725 0.775193
vn -0.828622 0.559809 0.000000
vn -0.828622 0.559809 0.000000
vn -0.828622 0.559809 0.000000
vn -0.828622 0.559809 0.000000
vn 0.828622 0.559809 0.000000
vn 0.828622 0.559809 0.000000
vn 0.828622 0.559809 0.000000
vn 0.828622 0.559809 0.000000
vn -0.727352 0.686002 -0.018969
vn -0.727352 0.686002 -0.018969
vn -0.727352 0.686002 -0.018969
vn -0.727352 0.686002 -0.018969
vn 0.023236 0.780513 0.624708
vn 0.023236 0.780513 0.624708
vn 0.023236 0.780513 0.624708
vn 0.023236 0.780513 0.624708
vn 0.000000 0.631725 0.775192
vn 0.000000 0.631725 0.775192
vn 0.000000 0.631725 0.775192
vn 0.000000 0.631725 0.775192
vn -0.453496 0.891258 0.000000
vn -0.453496 0.891258 0.000000
vn -0.453496 0.891258 0.000000
vn -0.453496 0.891258 0.000000
vn -0.453496 0.891259 0.000000
vn -0.453496 0.891259 0.000000
vn -0.453496 0.891259 0.000000
vn -0.453496 0.891258 0.000000
vn -0.453496 0.891258 0.000000
vn -0.453496 0.891258 0.000000
vn 0.000000 0.631725 -0.775192
vn 0.000000 0.631725 -0.775192
vn 0.000000 0.631725 -0.775192
vn 0.000000 0.631725 -0.775192
vn 0.828621 0.559809 0.000000
vn 0.828621 0.559809 0.000000
vn 0.828621 0.559809 0.000000
vn 0.828621 0.559809 0.000000
vn 0.988637 0.150325 0.000000
vn 0.988637 0.150325 0.000000
vn 0.988637 0.150325 0.000000
vn 0.988637 0.150325 0.000000
vn 0.988637 0.150325 0.000000
vn 0.988637 0.150325 0.000000
vn 0.988637 0.150325 0.000000
vn 0.988637 0.150325 0.000000
vn 0.988637 0.150325 0.000000
vn 0.988637 0.150325 0.000000
vn 0.988637 0.150325 0.000000
vn 0.988637 0.150325 0.000000
vn 0.000000 0.449578 0.893241
vn 0.000000 0.449578 0.893241
vn 0.000000 0.449578 0.893241
vn 0.000000 0.449578 0.893241
vn 0.000000 0.449578 0.893241
vn 0.000000 0.449578 0.893241
vn 0.000000 0.449581 0.893240
vn 0.000000 0.449581 0.893240
vn 0.000000 0.449581 0.893240
vn 0.000000 0.449581 0.893240
vn 0.000000 1.000000 0.000000
vn 0.000000 1.000000 0.000000
vn 0.000000 1.000000 0.000000
vn 0.000000 1.000000 0.000000
vn 0.000000 1.000000 0.000000
vn 0.000000 1.000000 0.000000
vn 0.000000 1.000000 0.000000
vn 0.000000 1.000000 0.000000
vn 0.000000 1.000000 0.000000
vn 0.000000 1.000000 0.000000
vn 0.000000 1.000000 0.000000
vn 0.000000 1.000000 0.000000
vn 0.000000 1.000000 0.000000
vn 0.000000 1.000000 0.000000
vn 0.000000 1.000000 0.000000
vn 0.000000 1.000000 0.000000
vn 0.000000 1.000000 0.000000
vn 0.000000 1.000000 0.000000
vn 0.000000 1.000000 0.000000
vn 0.000000 1.000000 0.000000
vn 0.000000 1.000000 0.000000
vn 0.000000 1.000000 0.000000
vn 0.000000 1.000000 0.000000
vn 0.000000 1.000000 0.000000
vn 0.000000 1.000000 0.000000
vn 0.000000 1.000000 0.000000
vn 0.000000 1.000000 0.000000
vn 0.000000 1.000000 0.000000
vn 0.000000 1.000000 0.000000
vn 0.000000 1.000000 0.000000
vn 0.000000 1.000000 0.000000
vn 0.000000 1.000000 0.000000
vn 0.000000 1.000000 0.000000
vn 0.000000 1.000000 0.000000
vn 0.000000 1.000000 0.000000
vn 0.000000 1.000000 0.000000
vn 0.000000 1.000000 0.000000
vn 0.000000 1.000000 0.000000
vn 0.000000 1.000000 0.000000
vn 0.000000 1.000000 0.000000
vn 0.000000 0.449579 -0.893240
vn 0.000000 0.449579 -0.893240
vn 0.000000 0.449579 -0.893240
vn 0.000000 0.449579 -0.893240
vn 0.000000 0.449578 -0.893241
vn 0.000000 0.449578 -0.893241
vn 0.000000 0.449579 -0.893241
vn 0.000000 0.449579 -0.893241
vn 0.000000 0.449579 -0.893241
vn 0.000000 0.449579 -0.893241
vn 0.000000 1.000000 0.000000
vn 0.000000 1.000000 0.000000
vn 0.000000 1.000000 0.000000
vn 0.000000 1.000000 0.000000
vn 0.000000 1.000000 0.000000
vn 0.000000 1.000000 0.000000
vn 0.000000 1.000000 0.000000
vn 0.000000 1.000000 0.000000
vn 0.000000 1.000000 0.000000
vn 0.000000 1.000000 0.000000
vn 0.000000 1.000000 0.000000
vn 0.000000 1.000000 0.000000
vn 0.936869 0.349682 0.000000
vn 0.936869 0.349682 0.000000
vn 0.936869 0.349682 0.000000
vn 0.936869 0.349682 0.000000
vn 0.936869 0.349682 0.000000
vn 0.936869 0.349682 0.000000
vn 0.936869 0.349682 0.000000
vn 0.936869 0.349682 0.000000
vn 0.936869 0.349682 0.000000
vn 0.936869 0.349682 0.000000
vn 0.936869 0.349682 0.000000
vn 0.936869 0.349682 0.000000
vn 0.000000 1.000000 0.000000
vn 0.000000 1.000000 0.000000
vn 0.000000 1.000000 0.000000
vn 0.000000 1.000000 0.000000
vn 0.000000 1.000000 0.000000
vn 0.000000 1.000000 0.000000
vn 0.000000 1.000000 0.000000
vn 0.000000 1.000000 0.000000
vn 0.000000 1.000000 0.000000
vn 0.000000 1.000000 0.000000
vn 0.000000 1.000000 0.000000
vn 0.000000 1.000000 0.000000
vn 0.000000 0.631725 0.775192
vn 0.000000 0.631725 0.775192
vn 0.000000 0.631725 0.775192
vn 0.000000 0.631725 0.775192
vn 0.828621 0.559809 0.000000
vn 0.828621 0.559809 0.000000
vn 0.828621 0.559809 0.000000
vn 0.828621 0.559809 0.000000
vn 0.828621 0.559810 0.000000
vn 0.828621 0.559810 0.000000
vn 0.828621 0.559810 0.000000
vn 0.828621 0.559810 0.000000
vn -0.828622 0.559809 0.000000
vn -0.828622 0.559809 0.000000
vn -0.828622 0.559809 0.000000
vn -0.828622 0.559809 0.000000
vn 0.000000 1.000000 0.000000
vn 0.000000 1.000000 0.000000
vn 0.000000 1.000000 0.000000
vn 0.000000 1.000000 0.000000
vn 0.000000 1.000000 0.000000
vn 0.000000 0.631725 -0.775192
vn 0.000000 0.631725 -0.775192
vn 0.000000 0.631725 -0.775192
vn 0.000000 0.631725 -0.775192
vn 0.000000 0.631725 0.775193
vn 0.000000 0.631725 0.775193
vn 0.000000 0.631725 0.775193
vn 0.000000 0.631725 0.775193
vn 0.828622 0.559809 0.000000
vn 0.828622 0.559809 0.000000
vn 0.828622 0.559809 0.000000
vn 0.828622 0.559809 0.000000
vn -0.828622 0.559809 0.000000
vn -0.828622 0.559809 0.000000
vn -0.828622 0.559809 0.000000
vn -0.828622 0.559809 0.000000
vn 0.000000 0.631725 0.775192
vn 0.000000 0.631725 0.775192
vn 0.000000 0.631725 0.775192
vn 0.000000 0.631725 0.775192
vn 0.000000 0.631725 -0.775193
vn 0.000000 0.631725 -0.775193
vn 0.000000 0.631725 -0.775193
vn 0.000000 0.631725 -0.775193
vn 0.000000 0.631725 0.775193
vn 0.000000 0.631725 0.775193
vn 0.000000 0.631725 0.775193
vn 0.000000 0.631725 0.775193
vn -0.828621 0.559809 0.000000
vn -0.828621 0.559809 0.000000
vn -0.828621 0.559809 0.000000
vn -0.828621 0.559809 0.000000
vn 0.828622 0.559809 0.000000
vn 0.828622 0.559809 0.000000
vn 0.828622 0.559809 0.000000
vn 0.828622 0.559809 0.000000
vn -0.828622 0.559809 0.000000
vn -0.828622 0.559809 0.000000
vn -0.828622 0.559809 0.000000
vn -0.828622 0.559809 0.000000
vn 0.000000 0.631726 -0.775192
vn 0.000000 0.631726 -0.775192
vn 0.000000 0.631726 -0.775192
vn 0.000000 0.631726 -0.775192
vn 0.000000 0.631725 0.775193
vn 0.000000 0.631725 0.775193
vn 0.000000 0.631725 0.775193
vn 0.000000 0.631725 0.775193
vn 0.000000 0.631725 -0.775192
vn 0.000000 0.631725 -0.775192
vn 0.000000 0.631725 -0.775192
vn 0.000000 0.631725 -0.775192
vn 0.828621 0.559810 0.000000
vn 0.828621 0.559810 0.000000
vn 0.828621 0.559810 0.000000
vn 0.828621 0.559810 0.000000
vn 0.000000 0.631725 0.775193
vn 0.000000 0.631725 0.775193
vn 0.000000 0.631725 0.775193
vn 0.000000 0.631725 0.775193
vn -0.828621 0.559810 0.000000
vn -0.828621 0.559810 0.000000
vn -0.828621 0.559810 0.000000
vn -0.828621 0.559810 0.000000
vn 0.828622 0.559809 0.000000
vn 0.828622 0.559809 0.000000
vn 0.828622 0.559809 0.000000
vn 0.828622 0.559809 0.000000
vn -0.828622 0.559809 0.000000
vn -0.828622 0.559809 0.000000
vn -0.828622 0.559809 0.000000
vn -0.828622 0.559809 0.000000
vn 0.000000 0.631726 -0.775192
vn 0.000000 0.631726 -0.775192
vn 0.000000 0.631726 -0.775192
vn 0.000000 0.631726 -0.775192
vn 0.828621 0.559810 0.000000
vn 0.828621 0.559810 0.000000
vn 0.828621 0.559810 0.000000
vn 0.828621 0.559810 0.000000
vn 0.000000 0.631726 -0.775192
vn 0.000000 0.631726 -0.775192
vn 0.000000 0.631726 -0.775192
vn 0.000000 0.631726 -0.775192
vn 0.828621 0.559809 0.000000
vn 0.828621 0.559809 0.000000
vn 0.828621 0.559809 0.000000
vn 0.828621 0.559809 0.000000
vn -0.828621 0.559809 0.000000
vn -0.828621 0.559809 0.000000
vn -0.828621 0.559809 0.000000
vn -0.828621 0.559809 0.000000
vn 0.828622 0.559809 0.000000
vn 0.828622 0.559809 0.000000
vn 0.828622 0.559809 0.000000
vn 0.828622 0.559809 0.000000
vn 0.000000 0.631725 -0.775193
vn 0.000000 0.631725 -0.775193
vn 0.000000 0.631725 -0.775193
vn 0.000000 0.631725 -0.775193
vn 0.000000 0.631725 0.775193
vn 0.000000 0.631725 0.775193
vn 0.000000 0.631725 0.775193
vn 0.000000 0.631725 0.775193
vn 0.000000 1.000000 0.000000
vn 0.000000 1.000000 0.000000
vn 0.000000 1.000000 0.000000
vn 0.000000 1.000000 0.000000
vn 0.000000 1.000000 0.000000
vn -0.828622 0.559809 0.000000
vn -0.828622 0.559809 0.000000
vn -0.828622 0.559809 0.000000
vn -0.828622 0.559809 0.000000
vn 0.000000 0.631725 0.775193
vn 0.000000 0.631725 0.775193
vn 0.000000 0.631725 0.775193
vn 0.000000 0.631725 0.775193
vn 0.000000 0.631725 -0.775192
vn 0.000000 0.631725 -0.775192
vn 0.000000 0.631725 -0.775192
vn 0.000000 0.631725 -0.775192
vn 0.000000 0.631725 0.775193
vn 0.000000 0.631725 0.775193
vn 0.000000 0.631725 0.775193
vn 0.000000 0.631725 0.775193
vn -0.828621 0.559810 0.000000
vn -0.828621 0.559810 0.000000
vn -0.828621 0.559810 0.000000
vn -0.828621 0.559810 0.000000
vn 0.828622 0.559809 0.000000
vn 0.828622 0.559809 0.000000
vn 0.828622 0.559809 0.000000
vn 0.828622 0.559809 0.000000
vn -0.828622 0.559809 0.000000
vn -0.828622 0.559809 0.000000
vn -0.828622 0.559809 0.000000
vn -0.828622 0.559809 0.000000
vn 0.000000 0.631726 -0.775192
vn 0.000000 0.631726 -0.775192
vn 0.000000 0.631726 -0.775192
vn 0.000000 0.631726 -0.775192
vn -0.828621 0.559809 0.000000
vn -0.828621 0.559809 0.000000
vn -0.828621 0.559809 0.000000
vn -0.828621 0.559809 0.000000
vn 0.000000 0.631725 -0.775192
vn 0.000000 0.631725 -0.775192
vn 0.000000 0.631725 -0.775192
vn 0.000000 0.631725 -0.775192
vn 0.828621 0.559809 0.000000
vn 0.828621 0.559809 0.000000
vn 0.828621 0.559809 0.000000
vn 0.828621 0.559809 0.000000
vn 0.000000 0.631725 0.775193
vn 0.000000 0.631725 0.775193
vn 0.000000 0.631725 0.775193
vn 0.000000 0.631725 0.775193
vn 0.000000 1.000000 0.000000
vn 0.000000 1.000000 0.000000
vn 0.000000 1.000000 0.000000
vn 0.000000 1.000000 0.000000
vn 0.000000 1.000000 0.000000
vn 0.828622 0.559809 0.000000
vn 0.828622 0.559809 0.000000
vn 0.828622 0.559809 0.000000
vn 0.828622 0.559809 0.000000
vn -0.828622 0.559809 0.000000
vn -0.828622 0.559809 0.000000
vn -0.828622 0.559809 0.000000
vn -0.828622 0.559809 0.000000
vn 0.000000 0.631725 -0.775193
vn 0.000000 0.631725 -0.775193
vn 0.000000 0.631725 -0.775193
vn 0.000000 0.631725 -0.775193
vn 0.000000 0.631725 0.775193
vn 0.000000 0.631725 0.775193
vn 0.000000 0.631725 0.775193
vn 0.000000 0.631725 0.775193
vn 0.000000 0.631726 -0.775192
vn 0.000000 0.631726 -0.775192
vn 0.000000 0.631726 -0.775192
vn 0.000000 0.631726 -0.775192
vn 0.828622 0.559809 0.000000
vn 0.828622 0.559809 0.000000
vn 0.828622 0.559809 0.000000
vn 0.828622 0.559809 0.000000
vn 0.000000 0.631724 0.775193
vn 0.000000 0.631724 0.775193
vn 0.000000 0.631724 0.775193
vn 0.000000 0.631724 0.775193
vn -0.828621 0.559810 0.000000
vn -0.828621 0.559810 0.000000
vn -0.828621 0.559810 0.000000
vn -0.828621 0.559810 0.000000
vn 0.828622 0.559809 0.000000
vn 0.828622 0.559809 0.000000
vn 0.828622 0.559809 0.000000
vn 0.828622 0.559809 0.000000
vn 0.000000 0.631727 -0.775191
vn 0.000000 0.631727 -0.775191
vn 0.000000 0.631727 -0.775191
vn 0.000000 0.631727 -0.775191
vn 0.000000 0.631725 -0.775193
vn 0.000000 0.631725 -0.775193
vn 0.000000 0.631725 -0.775193
vn 0.000000 0.631725 -0.775193
vn 0.000000 0.631725 0.775193
vn 0.000000 0.631725 0.775193
vn 0.000000 0.631725 0.775193
vn 0.000000 0.631725 0.775193
vn 0.000000 1.000000 0.000000
vn 0.000000 1.000000 0.000000
vn 0.000000 1.000000 0.000000
vn 0.000000 1.000000 0.000000
vn 0.000000 1.000000 0.000000
vn 0.828621 0.559810 0.000000
vn 0.828621 0.559810 0.000000
vn 0.828621 0.559810 0.000000
vn 0.828621 0.559810 0.000000
vn -0.828622 0.559809 0.000000
vn -0.828622 0.559809 0.000000
vn -0.828622 0.559809 0.000000
vn -0.828622 0.559809 0.000000
vn 0.000000 0.199987 -0.979799
vn 0.000000 0.199987 -0.979799
vn 0.000000 0.199987 -0.979799
vn 0.000000 0.199987 -0.979799
vn 0.000000 0.199986 -0.979799
vn 0.000000 0.199986 -0.979799
vn 0.000000 0.199986 -0.979799
vn 0.000000 0.199986 -0.979799
vn 0.000000 0.199987 -0.979799
vn 0.000000 0.199987 -0.979799
vn 0.000000 0.200370 0.979720
vn 0.000000 0.200370 0.979720
vn 0.000000 0.200370 0.979720
vn 0.000000 0.200370 0.979720
vn 0.000000 0.200370 0.979720
vn 0.000000 0.200370 0.979720
vn 0.000000 0.200370 0.979720
vn 0.000000 0.200370 0.979720
vn 0.000000 0.200370 0.979720
vn 0.000000 0.200370 0.979720
vn 0.739306 0.673113 0.018594
vn 0.739306 0.673113 0.018594
vn 0.739306 0.673113 0.018594
vn 0.739306 0.673113 0.018594
vn -0.306578 0.951292 0.032464
vn -0.306578 0.951292 0.032464
vn -0.306578 0.951292 0.032464
vn -0.306578 0.951292 0.032464
vn 0.034759 0.960628 -0.275655
vn 0.034759 0.960628 -0.275655
vn 0.034759 0.960628 -0.275655
vn 0.034759 0.960628 -0.275655
vn 0.552239 0.833686 0.000000
vn 0.552239 0.833686 0.000000
vn 0.552239 0.833686 0.000000
vn 0.552239 0.833686 0.000000
vn 0.552239 0.833686 0.000000
vn 0.552239 0.833686 0.000000
vn 0.552239 0.833686 0.000000
vn 0.552239 0.833686 0.000000
vn -0.312137 0.949474 -0.032719
vn -0.312137 0.949474 -0.032719
vn -0.312137 0.949474 -0.032719
vn -0.312137 0.949474 -0.032719
vn -0.033879 0.967342 0.251199
vn -0.033879 0.967342 0.251199
vn -0.033879 0.967342 0.251199
vn -0.033879 0.967342 0.251199
vn -0.034384 0.963269 -0.266330
vn -0.034384 0.963269 -0.266330
vn -0.034384 0.963269 -0.266330
vn -0.034384 0.963269 -0.266330
vn 0.274877 0.960967 -0.031380
vn 0.274877 0.960967 -0.031380
vn 0.274877 0.960967 -0.031380
vn 0.274877 0.960967 -0.031380
vn 0.294516 0.955111 0.031987
vn 0.294516 0.955111 0.031987
vn 0.294516 0.955111 0.031987
vn 0.294516 0.955111 0.031987
vn 0.686720 0.514684 0.513338
vn 0.686720 0.514684 0.513338
vn 0.686720 0.514684 0.513338
vn 0.686720 0.514684 0.513338
vn -0.058148 0.997546 -0.039003
vn -0.058148 0.997546 -0.039003
vn -0.058148 0.997546 -0.039003
vn -0.058148 0.997546 -0.039003
vn -0.556079 0.717515 -0.419463
vn -0.556079 0.717515 -0.419463
vn -0.556079 0.717515 -0.419463
vn -0.556079 0.717515 -0.419463
vn 0.780095 0.226720 0.583138
vn 0.780095 0.226720 0.583138
vn 0.780095 0.226720 0.583138
vn 0.780095 0.226720 0.583138
vn -0.558243 0.718143 -0.415495
vn -0.558243 0.718143 -0.415495
vn -0.558243 0.718143 -0.415495
vn -0.558243 0.718143 -0.415495
vn -0.686721 0.514685 0.513337
vn -0.686721 0.514685 0.513337
vn -0.686721 0.514685 0.513337
vn -0.686721 0.514685 0.513337
vn 0.047973 0.998357 -0.031324
vn 0.047973 0.998357 -0.031324
vn 0.047973 0.998357 -0.031324
vn 0.047973 0.998357 -0.031324
vn 0.556078 0.717515 -0.419464
vn 0.556078 0.717515 -0.419464
vn 0.556078 0.717515 -0.419464
vn 0.556078 0.717515 -0.419464
vn 0.562945 0.712380 -0.419055
vn 0.562945 0.712380 -0.419055
vn 0.562945 0.712380 -0.419055
vn 0.562945 0.712380 -0.419055
vn 0.030471 0.999372 0.018117
vn 0.030471 0.999372 0.018117
vn 0.030471 0.999372 0.018117
vn 0.030471 0.999372 0.018117
vn 0.556078 0.717515 0.419464
vn 0.556078 0.717515 0.419464
vn 0.556078 0.717515 0.419464
vn 0.556078 0.717515 0.419464
vn -0.686721 0.514686 -0.513335
vn -0.686721 0.514686 -0.513335
vn -0.686721 0.514686 -0.513335
vn -0.686721 0.514686 -0.513335
vn 0.570012 0.703537 0.424408
vn 0.570012 0.703537 0.424408
vn 0.570012 0.703537 0.424408
vn 0.570012 0.703537 0.424408
vn -0.062696 0.997130 0.042435
vn -0.062696 0.997130 0.042435
vn -0.062696 0.997130 0.042435
vn -0.062696 0.997130 0.042435
vn -0.556079 0.717514 0.419464
vn -0.556079 0.717514 0.419464
vn -0.556079 0.717514 0.419464
vn -0.556079 0.717514 0.419464
vn -0.555974 0.720888 0.413778
vn -0.555974 0.720888 0.413778
vn -0.555974 0.720888 0.413778
vn -0.555974 0.720888 0.413778
vn 0.686720 0.514685 -0.513337
vn 0.686720 0.514685 -0.513337
vn 0.686720 0.514685 -0.513337
vn 0.686720 0.514685 -0.513337
vn 0.780323 0.225494 -0.583308
vn 0.780323 0.225494 -0.583308
vn 0.780323 0.225494 -0.583308
vn 0.780323 0.225494 -0.583308
vn -0.779228 0.231322 -0.582489
vn -0.779228 0.231322 -0.582489
vn -0.779228 0.231322 -0.582489
vn -0.779228 0.231322 -0.582489
vn -0.779841 0.228079 0.582947
vn -0.779841 0.228079 0.582947
vn -0.779841 0.228079 0.582947
vn -0.779841 0.228079 0.582947
vn 0.000000 -0.897557 0.440898
vn 0.000000 -0.897557 0.440898
vn 0.000000 -0.897557 0.440898
vn 0.000000 -0.897557 0.440898
vn 0.000000 -0.897557 0.440898
vn 0.000000 -0.904444 0.426593
vn 0.000000 -0.904444 0.426593
vn 0.000000 -0.904444 0.426593
vn 0.000000 -0.904444 0.426593
vn 0.000000 -0.904444 0.426593
vn 0.000000 -0.631726 0.775192
vn 0.000000 -0.631726 0.775192
vn 0.000000 -0.631726 0.775192
vn 0.000000 -0.631726 0.775192
vn 0.023152 -0.777758 -0.628138
vn 0.023152 -0.777758 -0.628138
vn 0.023152 -0.777758 -0.628138
vn 0.023152 -0.777758 -0.628138
vn -0.988795 -0.149282 0.000000
vn -0.988795 -0.149282 0.000000
vn -0.988795 -0.149282 0.000000
vn -0.988795 -0.149282 0.000000
vn -0.988795 -0.149282 0.000000
vn -0.988795 -0.149282 0.000000
vn -0.988795 -0.149282 0.000000
vn -0.988795 -0.149282 0.000000
vn -0.988795 -0.149282 0.000000
vn -0.988795 -0.149282 0.000000
vn -0.988795 -0.149282 0.000000
vn -0.988795 -0.149282 0.000000
vn 0.034953 -0.959375 0.279959
vn 0.034953 -0.959375 0.279959
vn 0.034953 -0.959375 0.279959
vn 0.034953 -0.959375 0.279959
vn -0.936869 -0.349682 0.000000
vn -0.936869 -0.349682 0.000000
vn -0.936869 -0.349682 0.000000
vn -0.936869 -0.349682 0.000000
vn -0.936869 -0.349682 0.000000
vn -0.936869 -0.349682 0.000000
vn -0.936869 -0.349682 0.000000
vn -0.936869 -0.349682 0.000000
vn -0.936869 -0.349682 0.000000
vn -0.936869 -0.349682 0.000000
vn -0.936869 -0.349682 0.000000
vn -0.936869 -0.349682 0.000000
vn -0.022682 -0.762335 0.646785
vn -0.022682 -0.762335 0.646785
vn -0.022682 -0.762335 0.646785
vn -0.022682 -0.762335 0.646785
vn -0.552239 -0.833686 0.000000
vn -0.552239 -0.833686 0.000000
vn -0.552239 -0.833686 0.000000
vn -0.552239 -0.833686 0.000000
vn -0.552239 -0.833686 0.000000
vn -0.552239 -0.833686 0.000000
vn -0.552238 -0.833686 0.000000
vn -0.552238 -0.833686 0.000000
vn 0.000000 -0.631726 -0.775192
vn 0.000000 -0.631726 -0.775192
vn 0.000000 -0.631726 -0.775192
vn 0.000000 -0.631726 -0.775192
vn 0.000000 -0.904444 0.426592
vn 0.000000 -0.904444 0.426592
vn 0.000000 -0.904444 0.426592
vn 0.000000 -0.904444 0.426592
vn 0.000000 -0.904444 0.426593
vn 0.000000 -0.904444 0.426593
vn 0.000000 -0.904444 0.426593
vn 0.000000 -0.904444 0.426593
vn 0.000000 -0.904444 0.426593
vn 0.000000 -0.904444 0.426592
vn 0.000000 -0.904444 0.426592
vn 0.000000 -0.904444 0.426592
vn 0.000000 -0.904444 0.426592
vn -0.828621 -0.559810 0.000000
vn -0.828621 -0.559810 0.000000
vn -0.828621 -0.559810 0.000000
vn -0.828621 -0.559810 0.000000
vn -0.731212 -0.681890 0.018849
vn -0.731212 -0.681890 0.018849
vn -0.731212 -0.681890 0.018849
vn -0.731212 -0.681890 0.018849
vn 0.453496 -0.891258 0.000000
vn 0.453496 -0.891258 0.000000
vn 0.453496 -0.891258 0.000000
vn 0.453496 -0.891258 0.000000
vn 0.453496 -0.891259 0.000000
vn 0.453496 -0.891259 0.000000
vn 0.453496 -0.891259 0.000000
vn 0.453496 -0.891258 0.000000
vn 0.453496 -0.891259 0.000000
vn 0.453496 -0.891259 0.000000
vn 0.453496 -0.891258 0.000000
vn 0.453496 -0.891258 0.000000
vn 0.453496 -0.891258 0.000000
vn 0.453496 -0.891258 0.000000
vn 0.453496 -0.891258 0.000000
vn 0.453496 -0.891258 0.000000
vn -0.828621 -0.559809 0.000000
vn -0.828621 -0.559809 0.000000
vn -0.828621 -0.559809 0.000000
vn -0.828621 -0.559809 0.000000
vn -0.453496 -0.891258 0.000000
vn -0.453496 -0.891258 0.000000
vn -0.453496 -0.891258 0.000000
vn -0.453496 -0.891258 0.000000
vn -0.453496 -0.891258 0.000000
vn -0.453496 -0.891258 0.000000
vn -0.453496 -0.891259 0.000000
vn -0.453496 -0.891259 0.000000
vn -0.453496 -0.891259 0.000000
vn -0.453496 -0.891258 0.000000
vn -0.453496 -0.891258 0.000000
vn -0.453496 -0.891258 0.000000
vn -0.453496 -0.891258 0.000000
vn -0.453496 -0.891258 0.000000
vn -0.453496 -0.891258 0.000000
vn -0.453496 -0.891258 0.000000
vn 0.000000 -0.631726 -0.775192
vn 0.000000 -0.631726 -0.775192
vn 0.000000 -0.631726 -0.775192
vn 0.000000 -0.631726 -0.775192
vn -0.022971 -0.771830 -0.635414
vn -0.022971 -0.771830 -0.635414
vn -0.022971 -0.771830 -0.635414
vn -0.022971 -0.771830 -0.635414
vn 0.828622 -0.559809 0.000000
vn 0.828622 -0.559809 0.000000
vn 0.828622 -0.559809 0.000000
vn 0.828622 -0.559809 0.000000
vn -0.453496 -0.891258 0.000000
vn -0.453496 -0.891258 0.000000
vn -0.453496 -0.891258 0.000000
vn -0.453496 -0.891258 0.000000
vn -0.453496 -0.891258 0.000000
vn -0.453496 -0.891258 0.000000
vn -0.453496 -0.891259 0.000000
vn -0.453496 -0.891259 0.000000
vn -0.453496 -0.891259 0.000000
vn -0.453496 -0.891258 0.000000
vn -0.453496 -0.891258 0.000000
vn -0.453496 -0.891258 0.000000
vn -0.453496 -0.891258 0.000000
vn -0.453496 -0.891258 0.000000
vn -0.453496 -0.891258 0.000000
vn -0.453496 -0.891258 0.000000
vn 0.000000 -0.904444 -0.426592
vn 0.000000 -0.904444 -0.426592
vn 0.000000 -0.904444 -0.426592
vn 0.000000 -0.904444 -0.426592
vn 0.000000 -0.897557 -0.440898
vn 0.000000 -0.897557 -0.440898
vn 0.000000 -0.897557 -0.440898
vn 0.000000 -0.904444 -0.426592
vn 0.000000 -0.904444 -0.426592
vn 0.000000 -0.904444 -0.426592
vn 0.453496 -0.891258 0.000000
vn 0.453496 -0.891258 0.000000
vn 0.453496 -0.891258 0.000000
vn 0.453496 -0.891258 0.000000
vn 0.453496 -0.891259 0.000000
vn 0.453496 -0.891259 0.000000
vn 0.453496 -0.891259 0.000000
vn 0.453496 -0.891258 0.000000
vn 0.453496 -0.891259 0.000000
vn 0.453496 -0.891259 0.000000
vn 0.453496 -0.891258 0.000000
vn 0.453496 -0.891258 0.000000
vn 0.453496 -0.891258 0.000000
vn 0.453496 -0.891258 0.000000
vn 0.453496 -0.891258 0.000000
vn 0.453496 -0.891258 0.000000
vn -0.828621 -0.559810 0.000000
vn -0.828621 -0.559810 0.000000
vn -0.828621 -0.559810 0.000000
vn -0.828621 -0.559810 0.000000
vn -0.453496 -0.891258 0.000000
vn -0.453496 -0.891258 0.000000
vn -0.453496 -0.891258 0.000000
vn -0.453496 -0.891258 0.000000
vn -0.453496 -0.891258 0.000000
vn -0.453496 -0.891258 0.000000
vn -0.453496 -0.891259 0.000000
vn -0.453496 -0.891259 0.000000
vn -0.453496 -0.891259 0.000000
vn -0.453496 -0.891258 0.000000
vn -0.453496 -0.891258 0.000000
vn -0.453496 -0.891258 0.000000
vn -0.453496 -0.891258 0.000000
vn -0.453496 -0.891258 0.000000
vn -0.453496 -0.891258 0.000000
vn -0.453496 -0.891258 0.000000
vn 0.453496 -0.891258 0.000000
vn 0.453496 -0.891258 0.000000
vn 0.453496 -0.891258 0.000000
vn 0.453496 -0.891258 0.000000
vn 0.453496 -0.891259 0.000000
vn 0.453496 -0.891259 0.000000
vn 0.453496 -0.891259 0.000000
vn 0.453496 -0.891258 0.000000
vn 0.453496 -0.891259 0.000000
vn 0.453496 -0.891259 0.000000
vn 0.453496 -0.891258 0.000000
vn 0.453496 -0.891258 0.000000
vn 0.453496 -0.891258 0.000000
vn 0.453496 -0.891258 0.000000
vn 0.453496 -0.891258 0.000000
vn 0.453496 -0.891258 0.000000
vn 0.000000 -0.631725 0.775193
vn 0.000000 -0.631725 0.775193
vn 0.000000 -0.631725 0.775193
vn 0.000000 -0.631725 0.775193
vn 0.000000 -0.904444 -0.426593
vn 0.000000 -0.904444 -0.426593
vn 0.000000 -0.904444 -0.426593
vn 0.000000 -0.904444 -0.426593
vn 0.000000 -0.904444 -0.426593
vn 0.000000 -0.904444 -0.426593
vn 0.000000 -0.904444 -0.426593
vn 0.000000 -0.904444 -0.426593
vn 0.000000 -0.904444 -0.426593
vn 0.000000 -0.904444 -0.426593
vn 0.000000 -0.904444 -0.426593
vn 0.000000 -0.904444 -0.426593
vn 0.000000 -0.904444 -0.426593
vn 0.828621 -0.559810 0.000000
vn 0.828621 -0.559810 0.000000
vn 0.828621 -0.559810 0.000000
vn 0.828621 -0.559810 0.000000
vn 0.000000 -0.904444 0.426593
vn 0.000000 -0.904444 0.426593
vn 0.000000 -0.904444 0.426593
vn 0.000000 -0.904444 0.426593
vn 0.000000 -0.904444 0.426593
vn 0.000000 -0.904444 0.426593
vn 0.000000 -0.904444 0.426593
vn 0.000000 -0.904444 0.426593
vn 0.000000 -0.904444 0.426593
vn 0.000000 -0.904444 0.426593
vn 0.000000 -0.904444 0.426593
vn 0.000000 -0.904444 0.426593
vn 0.000000 -0.904444 0.426593
vn 0.000000 -0.904444 -0.426593
vn 0.000000 -0.904444 -0.426593
vn 0.000000 -0.904444 -0.426593
vn 0.000000 -0.904444 -0.426593
vn 0.000000 -0.904444 -0.426593
vn 0.000000 -0.904444 -0.426593
vn 0.000000 -0.904444 -0.426593
vn 0.000000 -0.904444 -0.426593
vn 0.000000 -0.904444 -0.426593
vn 0.000000 -0.904444 -0.426593
vn 0.000000 -0.904444 -0.426593
vn 0.000000 -0.904444 -0.426593
vn 0.000000 -0.904444 -0.426593
vn 0.000000 -0.631725 -0.775192
vn 0.000000 -0.631725 -0.775192
vn 0.000000 -0.631725 -0.775192
vn 0.000000 -0.631725 -0.775192
vn 0.000000 -0.904444 0.426593
vn 0.000000 -0.904444 0.426593
vn 0.000000 -0.904444 0.426593
vn 0.000000 -0.904444 0.426593
vn 0.000000 -0.904444 0.426593
vn 0.000000 -0.904444 0.426593
vn 0.000000 -0.904444 0.426593
vn 0.000000 -0.904444 0.426593
vn 0.000000 -0.904444 0.426593
vn 0.000000 -0.904444 0.426593
vn 0.000000 -0.904444 0.426593
vn 0.000000 -0.904444 0.426593
vn 0.000000 -0.904444 0.426593
vn 0.000000 -0.904444 -0.426593
vn 0.000000 -0.904444 -0.426593
vn 0.000000 -0.904444 -0.426593
vn 0.000000 -0.904444 -0.426593
vn 0.000000 -0.904444 -0.426593
vn 0.000000 -0.904444 -0.426593
vn 0.000000 -0.904444 -0.426593
vn 0.000000 -0.904444 -0.426593
vn 0.000000 -0.904444 -0.426593
vn 0.000000 -0.904444 -0.426593
vn 0.000000 -0.904444 -0.426593
vn 0.000000 -0.904444 -0.426593
vn 0.000000 -0.904444 -0.426593
vn 0.000000 -0.631725 0.775193
vn 0.000000 -0.631725 0.775193
vn 0.000000 -0.631725 0.775193
vn 0.000000 -0.631725 0.775193
vn 0.000000 -0.904444 0.426593
vn 0.000000 -0.904444 0.426593
vn 0.000000 -0.904444 0.426593
vn 0.000000 -0.904444 0.426593
vn 0.000000 -0.904444 0.426593
vn 0.000000 -0.904444 0.426593
vn 0.000000 -0.904444 0.426593
vn 0.000000 -0.904444 0.426593
vn 0.000000 -0.904444 0.426593
vn 0.000000 -0.904444 0.426593
vn 0.000000 -0.904444 0.426593
vn 0.000000 -0.904444 0.426593
vn 0.000000 -0.904444 0.426593
vn 0.000000 -0.904444 -0.426593
vn 0.000000 -0.904444 -0.426593
vn 0.000000 -0.904444 -0.426593
vn 0.000000 -0.904444 -0.426593
vn 0.000000 -0.904444 -0.426593
vn 0.000000 -0.904444 -0.426593
vn 0.000000 -0.904444 -0.426593
vn 0.000000 -0.904444 -0.426593
vn 0.000000 -0.904444 -0.426593
vn 0.000000 -0.904444 -0.426593
vn 0.000000 -0.904444 -0.426593
vn 0.000000 -0.904444 -0.426593
vn 0.000000 -0.904444 -0.426593
vn 0.000000 -0.631725 -0.775192
vn 0.000000 -0.631725 -0.775192
vn 0.000000 -0.631725 -0.775192
vn 0.000000 -0.631725 -0.775192
vn -0.828622 -0.559809 0.000000
vn -0.828622 -0.559809 0.000000
vn -0.828622 -0.559809 0.000000
vn -0.828622 -0.559809 0.000000
vn 0.828622 -0.559809 0.000000
vn 0.828622 -0.559809 0.000000
vn 0.828622 -0.559809 0.000000
vn 0.828622 -0.559809 0.000000
vn -0.828621 -0.559810 0.000000
vn -0.828621 -0.559810 0.000000
vn -0.828621 -0.559810 0.000000
vn -0.828621 -0.559810 0.000000
vn 0.000000 -0.631725 0.775193
vn 0.000000 -0.631725 0.775193
vn 0.000000 -0.631725 0.775193
vn 0.000000 -0.631725 0.775193
vn 0.751698 -0.659257 -0.018195
vn 0.751698 -0.659257 -0.018195
vn 0.751698 -0.659257 -0.018195
vn 0.751698 -0.659257 -0.018195
vn 0.000000 -0.631725 0.775192
vn 0.000000 -0.631725 0.775192
vn 0.000000 -0.631725 0.775192
vn 0.000000 -0.631725 0.775192
vn 0.000000 -0.631726 -0.775192
vn 0.000000 -0.631726 -0.775192
vn 0.000000 -0.631726 -0.775192
vn 0.000000 -0.631726 -0.775192
vn 0.453496 -0.891258 0.000000
vn 0.453496 -0.891258 0.000000
vn 0.453496 -0.891258 0.000000
vn 0.453496 -0.891258 0.000000
vn 0.453496 -0.891259 0.000000
vn 0.453496 -0.891259 0.000000
vn 0.453496 -0.891259 0.000000
vn 0.453496 -0.891259 0.000000
vn 0.453496 -0.891259 0.000000
vn 0.453496 -0.891259 0.000000
vn 0.000000 -0.631725 0.775193
vn 0.000000 -0.631725 0.775193
vn 0.000000 -0.631725 0.775193
vn 0.000000 -0.631725 0.775193
vn -0.828622 -0.559809 0.000000
vn -0.828622 -0.559809 0.000000
vn -0.828622 -0.559809 0.000000
vn -0.828622 -0.559809 0.000000
vn 0.828622 -0.559809 0.000000
vn 0.828622 -0.559809 0.000000
vn 0.828622 -0.559809 0.000000
vn 0.828622 -0.559809 0.000000
vn -0.727352 -0.686002 -0.018968
vn -0.727352 -0.686002 -0.018968
vn -0.727352 -0.686002 -0.018968
vn -0.727352 -0.686002 -0.018968
vn 0.023236 -0.780512 0.624709
vn 0.023236 -0.780512 0.624709
vn 0.023236 -0.780512 0.624709
vn 0.023236 -0.780512 0.624709
vn 0.000000 -0.631725 0.775193
vn 0.000000 -0.631725 0.775193
vn 0.000000 -0.631725 0.775193
vn 0.000000 -0.631725 0.775193
vn -0.453496 -0.891258 0.000000
vn -0.453496 -0.891258 0.000000
vn -0.453496 -0.891258 0.000000
vn -0.453496 -0.891258 0.000000
vn -0.453496 -0.891259 0.000000
vn -0.453496 -0.891259 0.000000
vn -0.453496 -0.891259 0.000000
vn -0.453496 -0.891258 0.000000
vn -0.453496 -0.891258 0.000000
vn -0.453496 -0.891258 0.000000
vn 0.000000 -0.631725 -0.775192
vn 0.000000 -0.631725 -0.775192
vn 0.000000 -0.631725 -0.775192
vn 0.000000 -0.631725 -0.775192
vn 0.828621 -0.559809 0.000000
vn 0.828621 -0.559809 0.000000
vn 0.828621 -0.559809 0.000000
vn 0.828621 -0.559809 0.000000
vn 0.988637 -0.150325 0.000000
vn 0.988637 -0.150325 0.000000
vn 0.988637 -0.150325 0.000000
vn 0.988637 -0.150325 0.000000
vn 0.988637 -0.150325 0.000000
vn 0.988637 -0.150325 0.000000
vn 0.988637 -0.150325 0.000000
vn 0.988637 -0.150325 0.000000
vn 0.988637 -0.150325 0.000000
vn 0.988637 -0.150325 0.000000
vn 0.988637 -0.150325 0.000000
vn 0.988637 -0.150325 0.000000
vn 0.000000 -0.449579 0.893241
vn 0.000000 -0.449579 0.893241
vn 0.000000 -0.449579 0.893241
vn 0.000000 -0.449579 0.893241
vn 0.000000 -0.449579 0.893241
vn 0.000000 -0.449579 0.893241
vn 0.000000 -0.449580 0.893240
vn 0.000000 -0.449580 0.893240
vn 0.000000 -0.449580 0.893240
vn 0.000000 -0.449580 0.893240
vn 0.000000 -1.000000 0.000000
vn 0.000000 -1.000000 0.000000
vn 0.000000 -1.000000 0.000000
vn 0.000000 -1.000000 0.000000
vn 0.000000 -1.000000 0.000000
vn 0.000000 -1.000000 0.000000
vn 0.000000 -1.000000 0.000000
vn 0.000000 -1.000000 0.000000
vn 0.000000 -1.000000 0.000000
vn 0.000000 -1.000000 0.000000
vn 0.000000 -1.000000 0.000000
vn 0.000000 -1.000000 0.000000
vn 0.000000 -1.000000 0.000000
vn 0.000000 -1.000000 0.000000
vn 0.000000 -1.000000 0.000000
vn 0.000000 -1.000000 0.000000
vn 0.000000 -1.000000 0.000000
vn 0.000000 -1.000000 0.000000
vn 0.000000 -1.000000 0.000000
vn 0.000000 -1.000000 0.000000
vn 0.000000 -1.000000 0.000000
vn 0.000000 -1.000000 0.000000
vn 0.000000 -1.000000 0.000000
vn 0.000000 -1.000000 0.000000
vn 0.000000 -1.000000 0.000000
vn 0.000000 -1.000000 0.000000
vn 0.000000 -1.000000 0.000000
vn 0.000000 -1.000000 0.000000
vn 0.000000 -1.000000 0.000000
vn 0.000000 -1.000000 0.000000
vn 0.000000 -1.000000 0.000000
vn 0.000000 -1.000000 0.000000
vn 0.000000 -1.000000 0.000000
vn 0.000000 -1.000000 0.000000
vn 0.000000 -1.000000 0.000000
vn 0.000000 -1.000000 0.000000
vn 0.000000 -1.000000 0.000000
vn 0.000000 -1.000000 0.000000
vn 0.000000 -1.000000 0.000000
vn 0.000000 -1.000000 0.000000
vn 0.000000 -0.449579 -0.893241
vn 0.000000 -0.449579 -0.893241
vn 0.000000 -0.449579 -0.893241
vn 0.000000 -0.449579 -0.893241
vn 0.000000 -0.449578 -0.893241
vn 0.000000 -0.449578 -0.893241
vn 0.000000 -0.449579 -0.893241
vn 0.000000 -0.449579 -0.893241
vn 0.000000 -0.449579 -0.893241
vn 0.000000 -0.449579 -0.893241
vn 0.000000 -1.000000 0.000000
vn 0.000000 -1.000000 0.000000
vn 0.000000 -1.000000 0.000000
vn 0.000000 -1.000000 0.000000
vn 0.000000 -1.000000 0.000000
vn 0.000000 -1.000000 0.000000
vn 0.000000 -1.000000 0.000000
vn 0.000000 -1.000000 0.000000
vn 0.000000 -1.000000 0.000000
vn 0.000000 -1.000000 0.000000
vn 0.000000 -1.000000 0.000000
vn 0.000000 -1.000000 0.000000
vn 0.936869 -0.349682 0.000000
vn 0.936869 -0.349682 0.000000
vn 0.936869 -0.349682 0.000000
vn 0.936869 -0.349682 0.000000
vn 0.936869 -0.349682 0.000000
vn 0.936869 -0.349682 0.000000
vn 0.936869 -0.349682 0.000000
vn 0.936869 -0.349682 0.000000
vn 0.936869 -0.349682 0.000000
vn 0.936869 -0.349682 0.000000
vn 0.936869 -0.349682 0.000000
vn 0.936869 -0.349682 0.000000
vn 0.000000 -1.000000 0.000000
vn 0.000000 -1.000000 0.000000
vn 0.000000 -1.000000 0.000000
vn 0.000000 -1.000000 0.000000
vn 0.000000 -1.000000 0.000000
vn 0.000000 -1.000000 0.000000
vn 0.000000 -1.000000 0.000000
vn 0.000000 -1.000000 0.000000
vn 0.000000 -1.000000 0.000000
vn 0.000000 -1.000000 0.000000
vn 0.000000 -1.000000 0.000000
vn 0.000000 -1.000000 0.000000
vn 0.000000 -0.631725 0.775193
vn 0.000000 -0.631725 0.775193
vn 0.000000 -0.631725 0.775193
vn 0.000000 -0.631725 0.775193
vn 0.828621 -0.559809 0.000000
vn 0.828621 -0.559809 0.000000
vn 0.828621 -0.559809 0.000000
vn 0.828621 -0.559809 0.000000
vn 0.828621 -0.559810 0.000000
vn 0.828621 -0.559810 0.000000
vn 0.828621 -0.559810 0.000000
vn 0.828621 -0.559810 0.000000
vn -0.828622 -0.559809 0.000000
vn -0.828622 -0.559809 0.000000
vn -0.828622 -0.559809 0.000000
vn -0.828622 -0.559809 0.000000
vn 0.000000 -1.000000 0.000000
vn 0.000000 -1.000000 0.000000
vn 0.000000 -1.000000 0.000000
vn 0.000000 -1.000000 0.000000
vn 0.000000 -1.000000 0.000000
vn 0.000000 -0.631726 -0.775192
vn 0.000000 -0.631726 -0.775192
vn 0.000000 -0.631726 -0.775192
vn 0.000000 -0.631726 -0.775192
vn 0.000000 -0.631725 0.775193
vn 0.000000 -0.631725 0.775193
vn 0.000000 -0.631725 0.775193
vn 0.000000 -0.631725 0.775193
vn 0.828622 -0.559809 0.000000
vn 0.828622 -0.559809 0.000000
vn 0.828622 -0.559809 0.000000
vn 0.828622 -0.559809 0.000000
vn -0.828622 -0.559809 0.000000
vn -0.828622 -0.559809 0.000000
vn -0.828622 -0.559809 0.000000
vn -0.828622 -0.559809 0.000000
vn 0.000000 -0.631725 0.775193
vn 0.000000 -0.631725 0.775193
vn 0.000000 -0.631725 0.775193
vn 0.000000 -0.631725 0.775193
vn 0.000000 -0.631725 -0.775192
vn 0.000000 -0.631725 -0.775192
vn 0.000000 -0.631725 -0.775192
vn 0.000000 -0.631725 -0.775192
vn 0.000000 -0.631725 0.775193
vn 0.000000 -0.631725 0.775193
vn 0.000000 -0.631725 0.775193
vn 0.000000 -0.631725 0.775193
vn -0.828621 -0.559810 0.000000
vn -0.828621 -0.559810 0.000000
vn -0.828621 -0.559810 0.000000
vn -0.828621 -0.559810 0.000000
vn 0.828622 -0.559809 0.000000
vn 0.828622 -0.559809 0.000000
vn 0.828622 -0.559809 0.000000
vn 0.828622 -0.559809 0.000000
vn -0.828622 -0.559809 0.000000
vn -0.828622 -0.559809 0.000000
vn -0.828622 -0.559809 0.000000
vn -0.828622 -0.559809 0.000000
vn 0.000000 -0.631726 -0.775192
vn 0.000000 -0.631726 -0.775192
vn 0.000000 -0.631726 -0.775192
vn 0.000000 -0.631726 -0.775192
vn 0.000000 -0.631725 0.775193
vn 0.000000 -0.631725 0.775193
vn 0.000000 -0.631725 0.775193
vn 0.000000 -0.631725 0.775193
vn 0.000000 -0.631725 -0.775192
vn 0.000000 -0.631725 -0.775192
vn 0.000000 -0.631725 -0.775192
vn 0.000000 -0.631725 -0.775192
vn 0.828621 -0.559810 0.000000
vn 0.828621 -0.559810 0.000000
vn 0.828621 -0.559810 0.000000
vn 0.828621 -0.559810 0.000000
vn 0.000000 -0.631725 0.775193
vn 0.000000 -0.631725 0.775193
vn 0.000000 -0.631725 0.775193
vn 0.000000 -0.631725 0.775193
vn -0.828621 -0.559809 0.000000
vn -0.828621 -0.559809 0.000000
vn -0.828621 -0.559809 0.000000
vn -0.828621 -0.559809 0.000000
vn 0.828622 -0.559809 0.000000
vn 0.828622 -0.559809 0.000000
vn 0.828622 -0.559809 0.000000
vn 0.828622 -0.559809 0.000000
vn -0.828622 -0.559809 0.000000
vn -0.828622 -0.559809 0.000000
vn -0.828622 -0.559809 0.000000
vn -0.828622 -0.559809 0.000000
vn 0.000000 -0.631726 -0.775192
vn 0.000000 -0.631726 -0.775192
vn 0.000000 -0.631726 -0.775192
vn 0.000000 -0.631726 -0.775192
vn 0.828621 -0.559810 0.000000
vn 0.828621 -0.559810 0.000000
vn 0.828621 -0.559810 0.000000
vn 0.828621 -0.559810 0.000000
vn 0.000000 -0.631726 -0.775192
vn 0.000000 -0.631726 -0.775192
vn 0.000000 -0.631726 -0.775192
vn 0.000000 -0.631726 -0.775192
vn 0.828621 -0.559809 0.000000
vn 0.828621 -0.559809 0.000000
vn 0.828621 -0.559809 0.000000
vn 0.828621 -0.559809 0.000000
vn -0.828622 -0.559809 0.000000
vn -0.828622 -0.559809 0.000000
vn -0.828622 -0.559809 0.000000
vn -0.828622 -0.559809 0.000000
vn 0.828622 -0.559809 0.000000
vn 0.828622 -0.559809 0.000000
vn 0.828622 -0.559809 0.000000
vn 0.828622 -0.559809 0.000000
vn 0.000000 -0.631725 -0.775192
vn 0.000000 -0.631725 -0.775192
vn 0.000000 -0.631725 -0.775192
vn 0.000000 -0.631725 -0.775192
vn 0.000000 -0.631725 0.775193
vn 0.000000 -0.631725 0.775193
vn 0.000000 -0.631725 0.775193
vn 0.000000 -0.631725 0.775193
vn 0.000000 -1.000000 0.000000
vn 0.000000 -1.000000 0.000000
vn 0.000000 -1.000000 0.000000
vn 0.000000 -1.000000 0.000000
vn 0.000000 -1.000000 0.000000
vn -0.828622 -0.559809 0.000000
vn -0.828622 -0.559809 0.000000
vn -0.828622 -0.559809 0.000000
vn -0.828622 -0.559809 0.000000
vn 0.000000 -0.631725 0.775193
vn 0.000000 -0.631725 0.775193
vn 0.000000 -0.631725 0.775193
vn 0.000000 -0.631725 0.775193
vn 0.000000 -0.631725 -0.775192
vn 0.000000 -0.631725 -0.775192
vn 0.000000 -0.631725 -0.775192
vn 0.000000 -0.631725 -0.775192
vn 0.000000 -0.631725 0.775193
vn 0.000000 -0.631725 0.775193
vn 0.000000 -0.631725 0.775193
vn 0.000000 -0.631725 0.775193
vn -0.828621 -0.559809 0.000000
vn -0.828621 -0.559809 0.000000
vn -0.828621 -0.559809 0.000000
vn -0.828621 -0.559809 0.000000
vn 0.828622 -0.559809 0.000000
vn 0.828622 -0.559809 0.000000
vn 0.828622 -0.559809 0.000000
vn 0.828622 -0.559809 0.000000
vn -0.828622 -0.559809 0.000000
vn -0.828622 -0.559809 0.000000
vn -0.828622 -0.559809 0.000000
vn -0.828622 -0.559809 0.000000
vn 0.000000 -0.631726 -0.775192
vn 0.000000 -0.631726 -0.775192
vn 0.000000 -0.631726 -0.775192
vn 0.000000 -0.631726 -0.775192
vn -0.828621 -0.559809 0.000000
vn -0.828621 -0.559809 0.000000
vn -0.828621 -0.559809 0.000000
vn -0.828621 -0.559809 0.000000
vn 0.000000 -0.631725 -0.775192
vn 0.000000 -0.631725 -0.775192
vn 0.000000 -0.631725 -0.775192
vn 0.000000 -0.631725 -0.775192
vn 0.828621 -0.559809 0.000000
vn 0.828621 -0.559809 0.000000
vn 0.828621 -0.559809 0.000000
vn 0.828621 -0.559809 0.000000
vn 0.000000 -0.631725 0.775192
vn 0.000000 -0.631725 0.775192
vn 0.000000 -0.631725 0.775192
vn 0.000000 -0.631725 0.775192
vn 0.000000 -1.000000 0.000000
vn 0.000000 -1.000000 0.000000
vn 0.000000 -1.000000 0.000000
vn 0.000000 -1.000000 0.000000
vn 0.000000 -1.000000 0.000000
vn 0.828622 -0.559809 0.000000
vn 0.828622 -0.559809 0.000000
vn 0.828622 -0.559809 0.000000
vn 0.828622 -0.559809 0.000000
vn -0.828622 -0.559809 0.000000
vn -0.828622 -0.559809 0.000000
vn -0.828622 -0.559809 0.000000
vn -0.828622 -0.559809 0.000000
vn 0.000000 -0.631725 -0.775192
vn 0.000000 -0.631725 -0.775192
vn 0.000000 -0.631725 -0.775192
vn 0.000000 -0.631725 -0.775192
vn 0.000000 -0.631725 0.775193
vn 0.000000 -0.631725 0.775193
vn 0.000000 -0.631725 0.775193
vn 0.000000 -0.631725 0.775193
vn 0.000000 -0.631726 -0.775192
vn 0.000000 -0.631726 -0.775192
vn 0.000000 -0.631726 -0.775192
vn 0.000000 -0.631726 -0.775192
vn 0.828622 -0.559809 0.000000
vn 0.828622 -0.559809 0.000000
vn 0.828622 -0.559809 0.000000
vn 0.828622 -0.559809 0.000000
vn 0.000000 -0.631725 0.775193
vn 0.000000 -0.631725 0.775193
vn 0.000000 -0.631725 0.775193
vn 0.000000 -0.631725 0.775193
vn -0.828621 -0.559810 0.000000
vn -0.828621 -0.559810 0.000000
vn -0.828621 -0.559810 0.000000
vn -0.828621 -0.559810 0.000000
vn 0.828622 -0.559809 0.000000
vn 0.828622 -0.559809 0.000000
vn 0.828622 -0.559809 0.000000
vn 0.828622 -0.559809 0.000000
vn 0.000000 -0.631727 -0.775191
vn 0.000000 -0.631727 -0.775191
vn 0.000000 -0.631727 -0.775191
vn 0.000000 -0.631727 -0.775191
vn 0.000000 -0.631725 -0.775192
vn 0.000000 -0.631725 -0.775192
vn 0.000000 -0.631725 -0.775192
vn 0.000000 -0.631725 -0.775192
vn 0.000000 -0.631725 0.775193
vn 0.000000 -0.631725 0.775193
vn 0.000000 -0.631725 0.775193
vn 0.000000 -0.631725 0.775193
vn 0.000000 -1.000000 0.000000
vn 0.000000 -1.000000 0.000000
vn 0.000000 -1.000000 0.000000
vn 0.000000 -1.000000 0.000000
vn 0.000000 -1.000000 0.000000
vn 0.828621 -0.559810 0.000000
vn 0.828621 -0.559810 0.000000
vn 0.828621 -0.559810 0.000000
vn 0.828621 -0.559810 0.000000
vn -0.828622 -0.559809 0.000000
vn -0.828622 -0.559809 0.000000
vn -0.828622 -0.559809 0.000000
vn -0.828622 -0.559809 0.000000
vn 0.000000 -0.199987 -0.979799
vn 0.000000 -0.199987 -0.979799
vn 0.000000 -0.199987 -0.979799
vn 0.000000 -0.199987 -0.979799
vn 0.000000 -0.199987 -0.979799
vn 0.000000 -0.199987 -0.979799
vn 0.000000 -0.199987 -0.979799
vn 0.000000 -0.199987 -0.979799
vn 0.000000 -0.199987 -0.979799
vn 0.000000 -0.199987 -0.979799
vn 0.000000 -0.200370 0.979720
vn 0.000000 -0.200370 0.979720
vn 0.000000 -0.200370 0.979720
vn 0.000000 -0.200370 0.979720
vn 0.000000 -0.200370 0.979720
vn 0.000000 -0.200370 0.979720
vn 0.000000 -0.200370 0.979720
vn 0.000000 -0.200370 0.979720
vn 0.000000 -0.200370 0.979720
vn 0.000000 -0.200370 0.979720
vn 0.739306 -0.673113 0.018594
vn 0.739306 -0.673113 0.018594
vn 0.739306 -0.673113 0.018594
vn 0.739306 -0.673113 0.018594
vn -0.306578 -0.951292 0.032464
vn -0.306578 -0.951292 0.032464
vn -0.306578 -0.951292 0.032464
vn -0.306578 -0.951292 0.032464
vn 0.034759 -0.960628 -0.275655
vn 0.034759 -0.960628 -0.275655
vn 0.034759 -0.960628 -0.275655
vn 0.034759 -0.960628 -0.275655
vn 0.552238 -0.833686 0.000000
vn 0.552238 -0.833686 0.000000
vn 0.552238 -0.833686 0.000000
vn 0.552238 -0.833686 0.000000
vn 0.552239 -0.833686 0.000000
vn 0.552239 -0.833686 0.000000
vn 0.552239 -0.833686 0.000000
vn 0.552239 -0.833686 0.000000
vn -0.312137 -0.949474 -0.032719
vn -0.312137 -0.949474 -0.032719
vn -0.312137 -0.949474 -0.032719
vn -0.312137 -0.949474 -0.032719
vn -0.033879 -0.967342 0.251199
vn -0.033879 -0.967342 0.251199
vn -0.033879 -0.967342 0.251199
vn -0.033879 -0.967342 0.251199
vn -0.034384 -0.963269 -0.266330
vn -0.034384 -0.963269 -0.266330
vn -0.034384 -0.963269 -0.266330
vn -0.034384 -0.963269 -0.266330
vn 0.274878 -0.960967 -0.031380
vn 0.274878 -0.960967 -0.031380
vn 0.274878 -0.960967 -0.031380
vn 0.274878 -0.960967 -0.031380
vn 0.294516 -0.955111 0.031987
vn 0.294516 -0.955111 0.031987
vn 0.294516 -0.955111 0.031987
vn 0.294516 -0.955111 0.031987
vn 0.686720 -0.514685 0.513338
vn 0.686720 -0.514685 0.513338
vn 0.686720 -0.514685 0.513338
vn 0.686720 -0.514685 0.513338
vn -0.058148 -0.997546 -0.039003
vn -0.058148 -0.997546 -0.039003
vn -0.058148 -0.997546 -0.039003
vn -0.058148 -0.997546 -0.039003
vn -0.556079 -0.717515 -0.419463
vn -0.556079 -0.717515 -0.419463
vn -0.556079 -0.717515 -0.419463
vn -0.556079 -0.717515 -0.419463
vn 0.780095 -0.226720 0.583138
vn 0.780095 -0.226720 0.583138
vn 0.780095 -0.226720 0.583138
vn 0.780095 -0.226720 0.583138
vn -0.558242 -0.718143 -0.415495
vn -0.558242 -0.718143 -0.415495
vn -0.558242 -0.718143 -0.415495
vn -0.558242 -0.718143 -0.415495
vn -0.686721 -0.514684 0.513337
vn -0.686721 -0.514684 0.513337
vn -0.686721 -0.514684 0.513337
vn -0.686721 -0.514684 0.513337
vn 0.047973 -0.998357 -0.031324
vn 0.047973 -0.998357 -0.031324
vn 0.047973 -0.998357 -0.031324
vn 0.047973 -0.998357 -0.031324
vn 0.556078 -0.717515 -0.419463
vn 0.556078 -0.717515 -0.419463
vn 0.556078 -0.717515 -0.419463
vn 0.556078 -0.717515 -0.419463
vn 0.562945 -0.712380 -0.419055
vn 0.562945 -0.712380 -0.419055
vn 0.562945 -0.712380 -0.419055
vn 0.562945 -0.712380 -0.419055
vn 0.030471 -0.999372 0.018117
vn 0.030471 -0.999372 0.018117
vn 0.030471 -0.999372 0.018117
vn 0.030471 -0.999372 0.018117
vn 0.556078 -0.717515 0.419464
vn 0.556078 -0.717515 0.419464
vn 0.556078 -0.717515 0.419464
vn 0.556078 -0.717515 0.419464
vn -0.686721 -0.514686 -0.513335
vn -0.686721 -0.514686 -0.513335
vn -0.686721 -0.514686 -0.513335
vn -0.686721 -0.514686 -0.513335
vn 0.570012 -0.703537 0.424408
vn 0.570012 -0.703537 0.424408
vn 0.570012 -0.703537 0.424408
vn 0.570012 -0.703537 0.424408
vn -0.062696 -0.997130 0.042436
vn -0.062696 -0.997130 0.042436
vn -0.062696 -0.997130 0.042436
vn -0.062696 -0.997130 0.042436
vn -0.556079 -0.717514 0.419464
vn -0.556079 -0.717514 0.419464
vn -0.556079 -0.717514 0.419464
vn -0.556079 -0.717514 0.419464
vn -0.555974 -0.720888 0.413779
vn -0.555974 -0.720888 0.413779
vn -0.555974 -0.720888 0.413779
vn -0.555974 -0.720888 0.413779
vn 0.686720 -0.514685 -0.513337
vn 0.686720 -0.514685 -0.513337
vn 0.686720 -0.514685 -0.513337
vn 0.686720 -0.514685 -0.513337
vn 0.780323 -0.225494 -0.583308
vn 0.780323 -0.225494 -0.583308
vn 0.780323 -0.225494 -0.583308
vn 0.780323 -0.225494 -0.583308
vn -0.779228 -0.231322 -0.582489
vn -0.779228 -0.231322 -0.582489
vn -0.779228 -0.231322 -0.582489
vn -0.779228 -0.231322 -0.582489
vn -0.779841 -0.228079 0.582947
vn -0.779841 -0.228079 0.582947
vn -0.779841 -0.228079 0.582947
vn -0.779841 -0.228079 0.582947
vn 0.000000 -1.000000 0.000000
vn 0.000000 -1.000000 0.000000
vn 0.000000 -1.000000 0.000000
vn 0.000000 -1.000000 0.000000
vn 0.000000 -1.000000 0.000000
vn 0.000000 -1.000000 0.000000
vn 0.000000 -1.000000 0.000000
vn 0.000000 -1.000000 0.000000
vn 0.000000 -1.000000 0.000000
vn 0.000000 -1.000000 0.000000
vn 0.000000 -1.000000 0.000000
vn 0.000000 -1.000000 0.000000
vn 0.000000 -1.000000 0.000000
vn 0.000000 -1.000000 0.000000
vn 0.000000 -1.000000 0.000000
vn 0.000000 -1.000000 0.000000
vn 0.000000 -1.000000 0.000000
vn 0.000000 -1.000000 0.000000
vn 0.000000 -1.000000 0.000000
vn 0.000000 -1.000000 0.000000
vn 0.000000 -1.000000 0.000000
vn 0.000000 -1.000000 0.000000
vn 0.000000 -1.000000 0.000000
vn 0.000000 -1.000000 0.000000
vn 0.000000 -1.000000 0.000000
vn 0.000000 -1.000000 0.000000
vn 0.000000 -1.000000 0.000000
vn 0.000000 -1.000000 0.000000
vn 0.000000 -1.000000 0.000000
vn 0.000000 -1.000000 0.000000
vn 0.000000 -1.000000 0.000000
vn 0.000000 -1.000000 0.000000
vn 0.000000 -1.000000 0.000000
vn 0.000000 -1.000000 0.000000
vn 0.000000 -1.000000 0.000000
vn 0.000000 -1.000000 0.000000
vn 0.000000 -1.000000 0.000000
vn 0.000000 -1.000000 0.000000
vn 0.000000 -1.000000 0.000000
vn 0.000000 -1.000000 0.000000
vn 0.000000 -1.000000 0.000000
vn 0.000000 -1.000000 0.000000
vn 0.000000 -1.000000 0.000000
vn 0.000000 -1.000000 0.000000
vn 0.000000 1.000000 0.000000
vn 0.000000 1.000000 0.000000
vn 0.000000 1.000000 0.000000
vn 0.000000 1.000000 0.000000
vn 0.000000 1.000000 0.000000
vn 0.000000 1.000000 0.000000
vn 0.000000 1.000000 0.000000
vn 0.000000 1.000000 0.000000
vn 0.000000 1.000000 0.000000
vn 0.000000 1.000000 0.000000
vn 0.000000 1.000000 0.000000
vn 0.000000 1.000000 0.000000
vn 0.000000 1.000000 0.000000
vn 0.000000 1.000000 0.000000
vn 0.000000 1.000000 0.000000
vn 0.000000 1.000000 0.000000
vn 0.000000 1.000000 0.000000
vn 0.000000 1.000000 0.000000
vn 0.000000 1.000000 0.000000
vn 0.000000 1.000000 0.000000
vn 0.000000 1.000000 0.000000
vn 0.000000 1.000000 0.000000
vn 0.000000 1.000000 0.000000
vn 0.000000 1.000000 0.000000
vn 0.000000 1.000000 0.000000
vn 0.000000 1.000000 0.000000
vn 0.000000 1.000000 0.000000
vn 0.000000 1.000000 0.000000
vn 0.000000 1.000000 0.000000
vn 0.000000 1.000000 0.000000
vn 0.000000 1.000000 0.000000
vn 0.000000 1.000000 0.000000
vn 0.000000 1.000000 0.000000
vn 0.000000 1.000000 0.000000
vn 0.000000 1.000000 0.000000
vn 0.000000 1.000000 0.000000
vn 0.000000 1.000000 0.000000
vn 0.000000 1.000000 0.000000
vn 0.000000 1.000000 0.000000
vn 0.000000 1.000000 0.000000
vn 0.000000 1.000000 0.000000
vn 0.000000 1.000000 0.000000
vn 0.000000 1.000000 0.000000
vn 0.000000 1.000000 0.000000
g Waffle_LightYellow
usemtl LightYellow
f 1 2 3
f 1 3 4
f 4 3 5
f 4 5 6
f 4 6 7
f 4 7 8
f 1 4 9
f 1 9 10
f 11 12 13
f 11 13 14
f 15 16 17
f 15 17 18
f 19 20 21
f 19 21 22
f 23 19 22
f 23 22 24
f 25 23 24
f 25 24 26
f 27 25 26
f 27 26 28
f 29 27 28
f 29 28 30
f 31 32 33
f 31 33 34
f 35 36 37
f 35 37 38
f 38 37 39
f 38 39 40
f 40 39 41
f 40 41 42
f 42 41 43
f 42 43 44
f 44 43 45
f 44 45 46
f 47 48 49
f 47 49 50
f 51 52 53
f 51 53 54
f 54 53 55
f 54 55 56
f 56 55 57
f 56 57 58
f 59 60 61
f 59 61 62
f 63 64 65
f 63 66 64
f 66 67 68
f 66 69 67
f 69 70 71
f 69 72 70
f 72 73 74
f 72 74 75
f 76 77 78
f 76 78 79
f 80 81 82
f 80 82 83
f 84 85 86
f 84 86 87
f 88 84 89
f 88 89 90
f 91 88 92
f 91 92 93
f 94 91 95
f 94 95 96
f 97 94 98
f 97 98 99
f 100 101 102
f 100 102 103
f 104 105 106
f 104 107 105
f 107 108 109
f 107 110 108
f 110 111 112
f 110 113 111
f 113 114 115
f 113 116 114
f 116 117 118
f 116 118 119
f 120 121 122
f 120 122 123
f 124 125 126
f 124 126 127
f 128 129 130
f 128 130 131
f 132 133 134
f 132 135 133
f 135 136 137
f 135 138 136
f 138 139 140
f 138 141 139
f 141 142 143
f 141 144 142
f 144 145 146
f 144 146 147
f 148 149 150
f 148 151 149
f 148 152 151
f 148 153 152
f 151 152 154
f 151 154 155
f 151 155 156
f 151 156 157
f 158 159 160
f 158 160 161
f 162 158 163
f 162 163 164
f 165 162 166
f 165 166 167
f 168 165 169
f 168 169 170
f 171 168 172
f 171 172 173
f 174 175 176
f 174 176 177
f 178 179 180
f 178 181 179
f 181 182 183
f 181 184 182
f 184 185 186
f 184 187 185
f 187 188 189
f 187 190 188
f 190 191 192
f 190 192 193
f 194 195 196
f 194 196 197
f 198 194 199
f 198 199 200
f 201 198 202
f 201 202 203
f 204 201 205
f 204 205 206
f 207 204 208
f 207 208 209
f 210 211 212
f 210 212 213
f 214 215 216
f 214 217 215
f 217 218 219
f 217 219 220
f 221 214 222
f 221 222 223
f 224 221 225
f 224 225 226
f 227 228 229
f 227 229 230
f 231 232 233
f 231 234 232
f 235 231 236
f 235 236 237
f 234 238 239
f 234 240 238
f 240 241 242
f 240 242 243
f 244 245 246
f 244 247 245
f 247 248 249
f 247 249 250
f 251 244 252
f 251 252 253
f 254 251 255
f 254 255 256
f 257 258 259
f 257 259 260
f 261 262 263
f 261 264 262
f 265 261 266
f 265 266 267
f 264 268 269
f 264 270 268
f 270 271 272
f 270 272 273
f 274 275 276
f 274 277 275
f 277 278 279
f 277 279 280
f 281 274 282
f 281 282 283
f 284 281 285
f 284 285 286
f 287 288 289
f 287 289 290
f 291 292 293
f 291 294 292
f 295 291 296
f 295 296 297
f 294 298 299
f 294 300 298
f 300 301 302
f 300 302 303
f 304 305 306
f 304 307 305
f 307 308 309
f 307 309 310
f 311 304 312
f 311 312 313
f 314 311 315
f 314 315 316
f 317 318 319
f 317 319 320
f 321 322 323
f 321 323 324
f 325 326 327
f 325 327 328
f 329 330 331
f 329 331 332
f 333 334 335
f 333 335 336
f 337 338 339
f 337 339 340
f 341 342 343
f 341 343 344
f 345 346 347
f 345 347 348
f 349 350 351
f 349 352 350
f 352 353 354
f 352 355 353
f 355 356 357
f 355 357 358
f 359 360 361
f 359 361 362
f 363 364 365
f 363 365 366
f 367 368 369
f 367 369 370
f 371 372 373
f 371 373 374
f 375 376 377
f 375 377 378
f 379 380 381
f 379 381 382
f 383 384 385
f 383 385 386
f 387 383 388
f 387 388 389
f 390 387 391
f 390 391 392
f 393 394 395
f 393 395 396
f 397 398 399
f 397 399 400
f 401 402 403
f 401 404 402
f 404 405 402
f 404 406 405
f 406 407 405
f 406 408 407
f 408 409 407
f 408 410 409
f 410 411 409
f 410 412 411
f 413 414 415
f 413 416 414
f 417 416 413
f 417 418 416
f 419 418 417
f 419 420 418
f 421 420 419
f 421 422 420
f 423 424 425
f 423 425 426
f 427 428 429
f 427 429 430
f 431 432 433
f 431 433 434
f 435 436 437
f 435 437 438
f 439 440 441
f 439 441 442
f 443 444 445
f 443 445 446
f 447 448 449
f 447 449 450
f 451 452 453
f 451 453 454
f 455 456 457
f 455 457 458
f 459 460 461
f 459 461 462
f 463 464 465
f 463 465 466
f 466 465 467
f 466 467 468
f 468 467 469
f 468 469 470
f 470 469 471
f 470 471 472
f 473 474 475
f 473 475 476
f 477 478 479
f 477 479 480
f 481 482 483
f 481 483 484
f 485 486 487
f 485 487 488
f 488 487 489
f 488 489 490
f 490 489 491
f 490 491 492
f 492 491 493
f 492 493 494
f 494 493 495
f 494 495 496
f 497 498 499
f 497 499 500
f 501 502 503
f 501 503 504
f 505 506 507
f 505 507 508
f 509 510 511
f 509 511 512
f 513 514 515
f 513 515 516
f 517 518 519
f 517 519 520
f 521 522 523
f 521 523 524
f 525 526 527
f 527 528 525
f 528 529 525
f 530 531 532
f 530 532 533
f 534 535 536
f 534 536 537
f 538 539 540
f 538 540 541
f 542 543 544
f 542 544 545
f 546 547 548
f 546 548 549
f 550 551 552
f 550 552 553
f 554 555 556
f 554 556 557
f 558 559 560
f 558 560 561
f 562 563 564
f 562 564 565
f 566 567 568
f 566 568 569
f 570 571 572
f 570 572 573
f 574 575 576
f 574 576 577
f 578 579 580
f 578 580 581
f 582 583 584
f 582 584 585
f 586 587 588
f 586 588 589
f 590 591 592
f 590 592 593
f 594 595 596
f 594 596 597
f 598 599 600
f 598 600 601
f 602 603 604
f 602 604 605
f 606 607 608
f 606 608 609
f 610 611 612
f 610 612 613
f 614 615 616
f 614 616 617
f 618 619 620
f 618 620 621
f 622 623 624
f 622 624 625
f 626 627 628
f 626 628 629
f 630 631 632
f 630 632 633
f 634 635 636
f 636 637 634
f 637 638 634
f 639 640 641
f 639 641 642
f 643 644 645
f 643 645 646
f 647 648 649
f 647 649 650
f 651 652 653
f 651 653 654
f 655 656 657
f 655 657 658
f 659 660 661
f 659 661 662
f 663 664 665
f 663 665 666
f 667 668 669
f 667 669 670
f 671 672 673
f 671 673 674
f 675 676 677
f 675 677 678
f 679 680 681
f 679 681 682
f 683 684 685
f 683 685 686
f 687 688 689
f 689 690 687
f 690 691 687
f 692 693 694
f 692 694 695
f 696 697 698
f 696 698 699
f 700 701 702
f 700 702 703
f 704 705 706
f 704 706 707
f 708 709 710
f 708 710 711
f 712 713 714
f 712 714 715
f 716 717 718
f 716 718 719
f 720 721 722
f 720 722 723
f 724 725 726
f 724 726 727
f 728 729 730
f 728 730 731
f 732 733 734
f 732 734 735
f 736 737 738
f 736 738 739
f 740 741 742
f 742 743 740
f 743 744 740
f 745 746 747
f 745 747 748
f 749 750 751
f 749 751 752
f 753 754 755
f 753 756 754
f 756 757 754
f 756 758 757
f 758 759 757
f 758 760 759
f 760 761 759
f 760 762 761
f 763 764 765
f 763 766 764
f 766 767 764
f 766 768 767
f 768 769 767
f 768 770 769
f 770 771 769
f 770 772 771
f 773 774 775
f 773 775 776
f 777 778 779
f 777 779 780
f 781 782 783
f 781 783 784
f 785 786 787
f 785 788 786
f 789 788 785
f 789 790 788
f 791 790 789
f 791 792 790
f 793 794 795
f 793 795 796
f 797 798 799
f 797 799 800
f 801 802 803
f 801 803 804
f 805 806 807
f 805 807 808
f 809 810 811
f 809 811 812
f 813 814 815
f 813 815 816
f 817 818 819
f 817 819 820
f 821 822 823
f 821 823 824
f 825 826 827
f 825 827 828
f 829 830 831
f 829 831 832
f 833 834 835
f 833 835 836
f 837 838 839
f 837 839 840
f 841 842 843
f 841 843 844
f 845 846 847
f 845 847 848
f 849 850 851
f 849 851 852
f 853 854 855
f 853 855 856
f 857 858 859
f 857 859 860
f 861 862 863
f 861 863 864
f 865 866 867
f 865 867 868
f 869 870 871
f 869 871 872
f 873 874 875
f 873 875 876
f 877 878 879
f 877 879 880
f 881 882 883
f 881 883 884
f 885 886 887
f 885 887 888
f 889 890 891
f 889 891 892
f 893 894 895
f 893 896 894
f 896 897 894
f 896 898 897
f 896 899 898
f 896 900 899
f 893 901 896
f 893 902 901
f 903 904 905
f 903 905 906
f 907 908 909
f 907 909 910
f 911 912 913
f 911 914 912
f 915 914 911
f 915 916 914
f 917 916 915
f 917 918 916
f 919 918 917
f 919 920 918
f 921 920 919
f 921 922 920
f 923 924 925
f 923 925 926
f 927 928 929
f 927 930 928
f 930 931 928
f 930 932 931
f 932 933 931
f 932 934 933
f 934 935 933
f 934 936 935
f 936 937 935
f 936 938 937
f 939 940 941
f 939 941 942
f 943 944 945
f 943 946 944
f 946 947 944
f 946 948 947
f 948 949 947
f 948 950 949
f 951 952 953
f 951 953 954
f 955 956 957
f 955 957 958
f 958 959 960
f 958 960 961
f 961 962 963
f 961 963 964
f 964 965 966
f 964 966 967
f 968 969 970
f 968 970 971
f 972 973 974
f 972 974 975
f 976 977 978
f 976 978 979
f 980 981 976
f 980 982 981
f 983 984 980
f 983 985 984
f 986 987 983
f 986 988 987
f 989 990 986
f 989 991 990
f 992 993 994
f 992 994 995
f 996 997 998
f 996 998 999
f 999 1000 1001
f 999 1001 1002
f 1002 1003 1004
f 1002 1004 1005
f 1005 1006 1007
f 1005 1007 1008
f 1008 1009 1010
f 1008 1010 1011
f 1012 1013 1014
f 1012 1014 1015
f 1016 1017 1018
f 1016 1018 1019
f 1020 1021 1022
f 1020 1022 1023
f 1024 1025 1026
f 1024 1026 1027
f 1027 1028 1029
f 1027 1029 1030
f 1030 1031 1032
f 1030 1032 1033
f 1033 1034 1035
f 1033 1035 1036
f 1036 1037 1038
f 1036 1038 1039
f 1040 1041 1042
f 1040 1042 1043
f 1040 1043 1044
f 1040 1044 1045
f 1043 1046 1044
f 1043 1047 1046
f 1043 1048 1047
f 1043 1049 1048
f 1050 1051 1052
f 1050 1052 1053
f 1054 1055 1050
f 1054 1056 1055
f 1057 1058 1054
f 1057 1059 1058
f 1060 1061 1057
f 1060 1062 1061
f 1063 1064 1060
f 1063 1065 1064
f 1066 1067 1068
f 1066 1068 1069
f 1070 1071 1072
f 1070 1072 1073
f 1073 1074 1075
f 1073 1075 1076
f 1076 1077 1078
f 1076 1078 1079
f 1079 1080 1081
f 1079 1081 1082
f 1082 1083 1084
f 1082 1084 1085
f 1086 1087 1088
f 1086 1088 1089
f 1090 1091 1086
f 1090 1092 1091
f 1093 1094 1090
f 1093 1095 1094
f 1096 1097 1093
f 1096 1098 1097
f 1099 1100 1096
f 1099 1101 1100
f 1102 1103 1104
f 1102 1104 1105
f 1106 1107 1108
f 1106 1108 1109
f 1109 1110 1111
f 1109 1111 1112
f 1113 1114 1106
f 1113 1115 1114
f 1116 1117 1113
f 1116 1118 1117
f 1119 1120 1121
f 1119 1121 1122
f 1123 1124 1125
f 1123 1125 1126
f 1127 1128 1123
f 1127 1129 1128
f 1126 1130 1131
f 1126 1131 1132
f 1132 1133 1134
f 1132 1134 1135
f 1136 1137 1138
f 1136 1138 1139
f 1139 1140 1141
f 1139 1141 1142
f 1143 1144 1136
f 1143 1145 1144
f 1146 1147 1143
f 1146 1148 1147
f 1149 1150 1151
f 1149 1151 1152
f 1153 1154 1155
f 1153 1155 1156
f 1157 1158 1153
f 1157 1159 1158
f 1156 1160 1161
f 1156 1161 1162
f 1162 1163 1164
f 1162 1164 1165
f 1166 1167 1168
f 1166 1168 1169
f 1169 1170 1171
f 1169 1171 1172
f 1173 1174 1166
f 1173 1175 1174
f 1176 1177 1173
f 1176 1178 1177
f 1179 1180 1181
f 1179 1181 1182
f 1183 1184 1185
f 1183 1185 1186
f 1187 1188 1183
f 1187 1189 1188
f 1186 1190 1191
f 1186 1191 1192
f 1192 1193 1194
f 1192 1194 1195
f 1196 1197 1198
f 1196 1198 1199
f 1199 1200 1201
f 1199 1201 1202
f 1203 1204 1196
f 1203 1205 1204
f 1206 1207 1203
f 1206 1208 1207
f 1209 1210 1211
f 1209 1211 1212
f 1213 1214 1215
f 1213 1215 1216
f 1217 1218 1219
f 1217 1219 1220
f 1221 1222 1223
f 1221 1223 1224
f 1225 1226 1227
f 1225 1227 1228
f 1229 1230 1231
f 1229 1231 1232
f 1233 1234 1235
f 1233 1235 1236
f 1237 1238 1239
f 1237 1239 1240
f 1241 1242 1243
f 1241 1243 1244
f 1244 1245 1246
f 1244 1246 1247
f 1247 1248 1249
f 1247 1249 1250
f 1251 1252 1253
f 1251 1253 1254
f 1255 1256 1257
f 1255 1257 1258
f 1259 1260 1261
f 1259 1261 1262
f 1263 1264 1265
f 1263 1265 1266
f 1267 1268 1269
f 1267 1269 1270
f 1271 1272 1273
f 1271 1273 1274
f 1275 1276 1277
f 1275 1277 1278
f 1279 1280 1275
f 1279 1281 1280
f 1282 1283 1279
f 1282 1284 1283
f 1285 1286 1287
f 1285 1287 1288
f 1289 1290 1291
f 1289 1291 1292
f 1293 1294 1295
f 1293 1295 1296
f 1296 1295 1297
f 1296 1297 1298
f 1298 1297 1299
f 1298 1299 1300
f 1300 1299 1301
f 1300 1301 1302
f 1302 1301 1303
f 1302 1303 1304
f 1305 1306 1307
f 1305 1307 1308
f 1309 1305 1308
f 1309 1308 1310
f 1311 1309 1310
f 1311 1310 1312
f 1313 1311 1312
f 1313 1312 1314
f 1315 1316 1317
f 1315 1317 1318
f 1319 1320 1321
f 1319 1321 1322
f 1323 1324 1325
f 1323 1325 1326
f 1327 1328 1329
f 1327 1329 1330
f 1331 1332 1333
f 1331 1333 1334
f 1335 1336 1337
f 1335 1337 1338
f 1339 1340 1341
f 1339 1341 1342
f 1343 1344 1345
f 1343 1345 1346
f 1347 1348 1349
f 1347 1349 1350
f 1351 1352 1353
f 1351 1353 1354
f 1355 1356 1357
f 1355 1358 1356
f 1358 1359 1356
f 1358 1360 1359
f 1360 1361 1359
f 1360 1362 1361
f 1362 1363 1361
f 1362 1364 1363
f 1365 1366 1367
f 1365 1367 1368
f 1369 1370 1371
f 1369 1371 1372
f 1373 1374 1375
f 1373 1375 1376
f 1377 1378 1379
f 1377 1380 1378
f 1380 1381 1378
f 1380 1382 1381
f 1382 1383 1381
f 1382 1384 1383
f 1384 1385 1383
f 1384 1386 1385
f 1386 1387 1385
f 1386 1388 1387
f 1389 1390 1391
f 1389 1391 1392
f 1393 1394 1395
f 1393 1395 1396
f 1397 1398 1399
f 1397 1399 1400
f 1401 1402 1403
f 1401 1403 1404
f 1405 1406 1407
f 1405 1407 1408
f 1409 1410 1411
f 1409 1411 1412
f 1413 1414 1415
f 1413 1415 1416
f 1417 1418 1419
f 1419 1420 1417
f 1420 1421 1417
f 1422 1423 1424
f 1422 1424 1425
f 1426 1427 1428
f 1426 1428 1429
f 1430 1431 1432
f 1430 1432 1433
f 1434 1435 1436
f 1434 1436 1437
f 1438 1439 1440
f 1438 1440 1441
f 1442 1443 1444
f 1442 1444 1445
f 1446 1447 1448
f 1446 1448 1449
f 1450 1451 1452
f 1450 1452 1453
f 1454 1455 1456
f 1454 1456 1457
f 1458 1459 1460
f 1458 1460 1461
f 1462 1463 1464
f 1462 1464 1465
f 1466 1467 1468
f 1466 1468 1469
f 1470 1471 1472
f 1470 1472 1473
f 1474 1475 1476
f 1474 1476 1477
f 1478 1479 1480
f 1478 1480 1481
f 1482 1483 1484
f 1482 1484 1485
f 1486 1487 1488
f 1486 1488 1489
f 1490 1491 1492
f 1490 1492 1493
f 1494 1495 1496
f 1494 1496 1497
f 1498 1499 1500
f 1498 1500 1501
f 1502 1503 1504
f 1502 1504 1505
f 1506 1507 1508
f 1506 1508 1509
f 1510 1511 1512
f 1510 1512 1513
f 1514 1515 1516
f 1514 1516 1517
f 1518 1519 1520
f 1518 1520 1521
f 1522 1523 1524
f 1522 1524 1525
f 1526 1527 1528
f 1528 1529 1526
f 1529 1530 1526
f 1531 1532 1533
f 1531 1533 1534
f 1535 1536 1537
f 1535 1537 1538
f 1539 1540 1541
f 1539 1541 1542
f 1543 1544 1545
f 1543 1545 1546
f 1547 1548 1549
f 1547 1549 1550
f 1551 1552 1553
f 1551 1553 1554
f 1555 1556 1557
f 1555 1557 1558
f 1559 1560 1561
f 1559 1561 1562
f 1563 1564 1565
f 1563 1565 1566
f 1567 1568 1569
f 1567 1569 1570
f 1571 1572 1573
f 1571 1573 1574
f 1575 1576 1577
f 1575 1577 1578
f 1579 1580 1581
f 1581 1582 1579
f 1582 1583 1579
f 1584 1585 1586
f 1584 1586 1587
f 1588 1589 1590
f 1588 1590 1591
f 1592 1593 1594
f 1592 1594 1595
f 1596 1597 1598
f 1596 1598 1599
f 1600 1601 1602
f 1600 1602 1603
f 1604 1605 1606
f 1604 1606 1607
f 1608 1609 1610
f 1608 1610 1611
f 1612 1613 1614
f 1612 1614 1615
f 1616 1617 1618
f 1616 1618 1619
f 1620 1621 1622
f 1620 1622 1623
f 1624 1625 1626
f 1624 1626 1627
f 1628 1629 1630
f 1628 1630 1631
f 1632 1633 1634
f 1634 1635 1632
f 1635 1636 1632
f 1637 1638 1639
f 1637 1639 1640
f 1641 1642 1643
f 1641 1643 1644
f 1645 1646 1647
f 1645 1647 1648
f 1648 1647 1649
f 1648 1649 1650
f 1650 1649 1651
f 1650 1651 1652
f 1652 1651 1653
f 1652 1653 1654
f 1655 1656 1657
f 1655 1657 1658
f 1658 1657 1659
f 1658 1659 1660
f 1660 1659 1661
f 1660 1661 1662
f 1662 1661 1663
f 1662 1663 1664
f 1665 1666 1667
f 1665 1667 1668
f 1669 1670 1671
f 1669 1671 1672
f 1673 1674 1675
f 1673 1675 1676
f 1677 1678 1679
f 1677 1679 1680
f 1681 1677 1680
f 1681 1680 1682
f 1683 1681 1682
f 1683 1682 1684
f 1685 1686 1687
f 1685 1687 1688
f 1689 1690 1691
f 1689 1691 1692
f 1693 1694 1695
f 1693 1695 1696
f 1697 1698 1699
f 1697 1699 1700
f 1701 1702 1703
f 1701 1703 1704
f 1705 1706 1707
f 1705 1707 1708
f 1709 1710 1711
f 1709 1711 1712
f 1713 1714 1715
f 1713 1715 1716
f 1717 1718 1719
f 1717 1719 1720
f 1721 1722 1723
f 1721 1723 1724
f 1725 1726 1727
f 1725 1727 1728
f 1729 1730 1731
f 1729 1731 1732
f 1733 1734 1735
f 1733 1735 1736
f 1737 1738 1739
f 1737 1739 1740
f 1741 1742 1743
f 1741 1743 1744
f 1745 1746 1747
f 1745 1747 1748
f 1749 1750 1751
f 1749 1751 1752
f 1753 1754 1755
f 1753 1755 1756
f 1757 1758 1759
f 1757 1759 1760
f 1761 1762 1763
f 1761 1763 1764
f 1765 1766 1767
f 1765 1767 1768
f 1769 1770 1771
f 1769 1771 1772
f 1773 1774 1775
f 1773 1775 1776
f 1777 1778 1779
f 1777 1779 1780
f 1781 1782 1783
f 1781 1783 1784
f 1785 1786 1787
f 1788 1787 1786
f 1785 1787 1789
f 1788 1790 1787
f 1791 1785 1789
f 1788 1792 1790
f 1791 1789 1793
f 1788 1794 1792
f 1795 1791 1793
f 1794 1796 1792
f 1795 1793 1797
f 1794 1798 1796
f 1798 1799 1796
f 1798 1800 1799
f 1800 1801 1799
f 1800 1802 1801
f 1803 1795 1797
f 1803 1797 1804
f 1802 1805 1801
f 1802 1806 1805
f 1807 1803 1804
f 1807 1808 1803
f 1809 1808 1807
f 1809 1807 1810
f 1811 1809 1810
f 1811 1810 1812
f 1813 1811 1812
f 1813 1812 1814
f 1815 1813 1814
f 1815 1814 1816
f 1805 1806 1817
f 1805 1817 1818
f 1817 1819 1818
f 1817 1820 1819
f 1820 1821 1819
f 1820 1822 1821
f 1822 1823 1821
f 1822 1824 1823
f 1825 1815 1816
f 1825 1816 1826
f 1824 1827 1823
f 1825 1826 1827
f 1824 1828 1827
f 1825 1827 1828
f 1829 1830 1831
f 1832 1831 1830
f 1829 1833 1830
f 1832 1830 1834
f 1835 1833 1829
f 1832 1834 1836
f 1835 1837 1833
f 1832 1836 1838
f 1839 1837 1835
f 1838 1836 1840
f 1839 1841 1837
f 1838 1840 1842
f 1842 1840 1843
f 1842 1843 1844
f 1844 1843 1845
f 1844 1845 1846
f 1847 1841 1839
f 1847 1848 1841
f 1846 1845 1849
f 1846 1849 1850
f 1851 1848 1847
f 1851 1847 1852
f 1853 1851 1852
f 1853 1854 1851
f 1855 1854 1853
f 1855 1856 1854
f 1857 1856 1855
f 1857 1858 1856
f 1859 1858 1857
f 1859 1860 1858
f 1849 1861 1850
f 1849 1862 1861
f 1861 1862 1863
f 1861 1863 1864
f 1864 1863 1865
f 1864 1865 1866
f 1866 1865 1867
f 1866 1867 1868
f 1869 1860 1859
f 1869 1870 1860
f 1868 1867 1871
f 1869 1871 1870
f 1868 1871 1872
f 1869 1872 1871
